transaction_id,customer_id,timestamp,amount,currency,origin_country,destination_country,channel,device_type,is_anomaly,tipo,hour,day_of_week,day_of_month,month,customer_avg_amount,customer_std_amount,customer_min_amount,customer_max_amount,customer_transaction_count,customer_unique_countries,customer_unique_channels,amount_deviation,currency_encoded,origin_country_encoded,destination_country_encoded,channel_encoded,device_type_encoded,anomaly_score,predicted_anomaly,pred_isolation_forest,score_isolation_forest,pred_lof,score_lof,pred_random_forest,score_random_forest,pred_logistic_regression,score_logistic_regression,pred_decision_tree,score_decision_tree
TXN00006047,CUST000083,2025-06-28 05:09:57.003505,92.61,EUR,ES,ES,web,mobile,0,Normal,5,5,28,6,158.37742857142857,131.01619648393864,23.45,495.8,70,3,4,-0.5019793722794545,1,2,4,3,2,0.0,0,0,0.4691779375985218,0,1.0551119713121457,0,0.0,0,0.0031899576287552456,0,0.0
TXN00004693,CUST000187,2025-10-30 22:56:57.003505,8879.02,EUR,GB,GB,cajero,pos,0,Normal,22,3,30,10,4876.589272727273,3027.9590817394396,1272.52,14739.26,55,6,4,1.321824574872283,1,4,6,1,3,0.0,0,0,0.4947043010391104,0,1.0272892156039577,0,0.0,0,0.02005602802436869,0,0.0
TXN00005510,CUST000157,2025-03-06 18:21:57.003505,2820.51,EUR,IT,DE,web,mobile,0,Normal,18,3,6,3,4468.6006,3061.342828385575,1001.7,14281.22,50,6,4,-0.538355451137362,1,5,3,3,2,0.0,0,0,0.44302829583223063,0,1.014942594798881,0,0.0,0,0.0072774560502575705,0,0.0
TXN00001344,CUST000010,2025-02-18 03:31:57.003505,719.35,EUR,FR,ES,sucursal,desktop,0,Normal,3,1,18,2,2649.5095,9608.349775436482,124.77,72985.19,60,8,4,-0.20088355908248923,1,3,4,2,1,0.0,0,0,0.4468624356593327,0,0.9950047944501236,0,0.0,0,0.22988330870308935,0,0.0
TXN00005373,CUST000186,2025-02-20 02:40:57.003505,3567.21,EUR,IT,US,sucursal,desktop,0,Normal,2,3,20,2,4858.559038461539,3428.725794161738,1031.11,14581.66,52,6,4,-0.37662651247403817,1,5,14,2,1,0.0,0,0,0.4748472347781901,0,0.9985303498363362,0,0.0,0,0.02777425604501934,0,0.0
TXN00005692,CUST000046,2025-06-03 18:34:57.003505,3766.9,EUR,GB,GB,app,tablet,0,Normal,18,1,3,6,14390.02703125,20397.40065692597,666.14,92261.44,64,10,4,-0.5208078818181224,1,4,6,0,4,0.0,0,0,0.5243975881513603,0,1.0103399128984512,0,0.005588235294117647,0,0.0720578707023318,0,0.0
TXN00006350,CUST000148,2025-10-16 20:59:57.003505,3500.55,EUR,ES,FR,sucursal,atm,0,Normal,20,3,16,10,4870.1898,2933.4540342801783,1010.54,12132.54,50,6,4,-0.4669034467653364,1,2,5,2,0,0.0,0,0,0.430035050096754,0,0.9926511923952812,0,0.0,0,0.008857874286427285,0,0.0
TXN00008179,CUST000030,2025-03-22 02:47:57.003505,567.41,EUR,GB,FR,web,tablet,0,Normal,2,5,22,3,5147.489833333334,15805.705911525396,117.06,96740.03,60,7,4,-0.28977382336993895,1,4,5,3,4,0.0,0,0,0.47082234136519524,0,1.0142033290140426,0,0.00987012987012987,0,0.2756296104504597,0,0.0
TXN00003169,CUST000101,2025-07-23 19:03:57.003505,73.79,EUR,FR,ES,web,atm,0,Normal,19,2,23,7,125.60097560975608,111.09659308018581,10.12,468.78,41,3,4,-0.46635971191304604,1,3,4,3,0,0.0,0,0,0.4605434883083155,0,1.0325100068553295,0,0.0,0,0.008320901754755586,0,0.0
TXN00008646,CUST000172,2025-07-12 21:58:57.003505,542.05,EUR,FR,FR,sucursal,pos,0,Normal,21,5,12,7,1225.615576923077,816.7534839489807,107.05,2891.9,52,5,4,-0.8369301013337906,1,3,5,2,3,0.0,0,0,0.43978042509629706,0,0.9750915284961325,0,0.0,0,0.018030637054616272,0,0.0
TXN00007034,CUST000121,2025-04-11 21:19:57.003505,357.85,EUR,ES,DE,sucursal,desktop,0,Normal,21,4,11,4,981.1530612244898,662.239680117164,101.46,2575.07,49,5,4,-0.9412046408530063,1,2,3,2,1,0.0,0,0,0.43768460283451127,0,0.9593888023318554,0,0.0,0,0.015820643208091855,0,0.0
TXN00006444,CUST000155,2025-10-27 06:26:57.003505,505.31,EUR,IT,FR,web,pos,0,Normal,6,0,27,10,955.0666666666667,767.1100594112946,122.32,2967.61,45,5,4,-0.5863000498592401,1,5,5,3,3,0.0,0,0,0.45924081749779344,0,1.0269473085922078,0,0.0,0,0.012353483952504988,0,0.0
TXN00007567,CUST000022,2025-08-30 18:18:57.107482,15182.08,EUR,IT,SY,cajero,tablet,1,Fraude,18,5,30,8,10301.100588235295,13087.105408488525,1670.97,67315.05,51,12,4,0.37296096111718147,1,5,13,1,4,1.0,1,1,0.5764000581835536,0,1.1267041059717129,1,0.5843975372963931,1,0.8758105353588,1,1.0
TXN00000169,CUST000072,2025-03-08 04:26:57.003505,2877.49,GBP,GB,GB,sucursal,desktop,0,Normal,4,5,8,3,5567.7047999999995,3639.3995975049706,1298.32,14110.12,50,6,4,-0.7391919263565104,2,4,6,2,1,0.0,0,0,0.45338086719800164,0,1.0737942166892178,0,0.0,0,0.009789773923774463,0,0.0
TXN00001337,CUST000177,2025-05-29 00:10:57.003505,619.71,EUR,FR,DE,cajero,pos,0,Normal,0,3,29,5,882.1804000000001,714.9039851529658,108.09,2740.13,50,5,4,-0.3671407700667654,1,3,3,1,3,0.0,0,0,0.4445334881529644,0,0.9949322024304538,0,0.0,0,0.008714942085914324,0,0.0
TXN00000544,CUST000025,2025-08-19 21:24:57.003505,2357.1,EUR,ES,ES,cajero,atm,0,Normal,21,1,19,8,4343.914923076923,14920.775001268592,113.57,85819.96,65,10,4,-0.1331576223604231,1,2,4,1,0,0.0,0,0,0.46391683500507747,0,0.9996278135770982,0,0.2486172771358416,1,0.7827484696332224,0,0.0
TXN00003536,CUST000141,2025-12-31 04:44:57.003505,2971.69,EUR,GB,IT,cajero,tablet,0,Normal,4,2,31,12,881.8225000000001,797.0668304624176,106.03,2971.69,48,5,4,2.6219476429167394,1,4,8,1,4,0.0,0,0,0.5219474239204195,0,1.0677353331726305,0,0.0,0,0.0111340010075985,0,0.0
TXN00004655,CUST000079,2025-09-16 01:05:57.003505,4565.98,EUR,FR,US,web,mobile,0,Normal,1,1,16,9,8145.75744680851,6052.306858239896,540.85,22648.11,47,6,4,-0.5914732233616607,1,3,14,3,2,0.0,0,0,0.4886409211409819,0,0.991987791914289,0,0.0,0,0.013434523563703648,0,0.0
TXN00008117,CUST000090,2025-12-24 04:09:57.003505,6872.33,USD,GB,ES,web,pos,0,Normal,4,2,24,12,7876.1302173913045,6513.608792365749,504.72,24011.29,46,6,4,-0.15410815252117946,3,4,4,3,3,0.0,0,0,0.5067343906470034,0,1.0123772479294908,0,0.0,0,0.01216552905024183,0,0.0
TXN00009727,CUST000018,2025-08-15 20:00:57.107482,17120.41,EUR,FR,FR,web,pos,1,Fraude,20,4,15,8,1260.8659574468084,4033.3930453795238,15.89,17120.41,47,4,4,3.9320601439498,1,3,5,3,3,1.0,1,0,0.500536943648061,1,1.2044035643572193,0,0.4648031709723285,1,0.6072563974864332,1,1.0
TXN00004479,CUST000059,2025-04-25 21:15:57.003505,20.58,EUR,FR,FR,sucursal,atm,0,Normal,21,4,25,4,141.4556862745098,127.69645729236034,11.48,485.42,51,3,4,-0.9465860517271792,1,3,5,2,0,0.0,0,0,0.4621509689091973,0,0.9861639294996417,0,0.0,0,0.0102572229603894,0,0.0
TXN00006836,CUST000111,2025-01-22 06:58:57.003505,367.23,EUR,ES,IT,web,pos,0,Normal,6,2,22,1,149.84564102564102,120.71725075770787,10.45,438.85,39,3,4,1.8007729285510252,1,2,8,3,3,0.0,0,0,0.5290664986555121,0,1.1320886058063582,0,0.0,0,0.0042961680424420945,0,0.0
TXN00005046,CUST000037,2025-11-27 22:29:57.003505,153.49,EUR,ES,ES,cajero,pos,0,Normal,22,3,27,11,3344.5771604938273,14448.411660449672,10.52,94457.02,81,9,4,-0.22086075862636736,1,2,4,1,3,0.0,0,0,0.4997940116321434,0,1.0441295783937132,0,0.02788235294117647,1,0.5550742197310662,0,0.0
TXN00002105,CUST000069,2025-06-09 07:39:57.003505,238.57,EUR,FR,ES,sucursal,mobile,0,Normal,7,0,9,6,169.07313725490195,120.3676959236189,15.12,478.18,51,3,4,0.5773713755543425,1,3,4,2,2,0.0,0,0,0.44728802046913935,0,0.9918938068009583,0,0.0,0,0.006914736810994185,0,0.0
TXN00006195,CUST000017,2025-10-12 04:50:57.003505,1606.85,EUR,FR,US,sucursal,tablet,0,Normal,4,6,12,10,15977.346615384617,23735.85855892997,1012.73,95316.24,65,9,4,-0.605434034715912,1,3,14,2,4,0.0,0,0,0.5495814171326717,0,1.0655528876959062,0,0.0706234974415633,0,0.052317081440854424,0,0.0
TXN00006981,CUST000099,2025-05-26 02:37:57.003505,279.78,EUR,IT,FR,cajero,mobile,0,Normal,2,0,26,5,135.7517777777778,119.34773310276017,10.87,491.1,45,3,4,1.20679477750463,1,5,5,1,2,0.0,0,0,0.4902738636737817,0,1.0720558598081822,0,0.0,0,0.00468670504932506,0,0.0
TXN00001712,CUST000158,2025-12-26 05:45:57.003505,1864.28,GBP,GB,IT,web,mobile,0,Normal,5,4,26,12,800.725,537.8160320696686,170.04,2304.86,44,5,4,1.9775442430185548,2,4,8,3,2,0.0,0,0,0.5254299480099556,0,1.1068971622951644,0,0.0,0,0.011525315855784386,0,0.0
TXN00005307,CUST000058,2025-09-14 08:19:57.003505,4125.23,EUR,FR,GB,sucursal,atm,0,Normal,8,6,14,9,5591.0198,3793.973079900562,1030.04,14421.18,50,6,4,-0.38634691621271894,1,3,6,2,0,0.0,0,0,0.4434988813377225,0,0.9885268724352205,0,0.0,0,0.009431538841140228,0,0.0
TXN00009415,CUST000164,2025-12-21 05:02:57.003505,4272.73,GBP,US,ES,app,atm,0,Normal,5,6,21,12,5759.409827586207,3931.2540620704726,1054.44,14842.44,58,6,4,-0.3781693586155683,2,6,4,0,0,0.0,0,0,0.5327670304578345,0,1.1167456853963063,0,0.0,0,0.009687951406068911,0,0.0
TXN00001893,CUST000119,2025-12-20 06:18:57.003505,1035.0,GBP,US,US,web,desktop,0,Normal,6,5,20,12,5182.4826530612245,3810.198553881289,1035.0,14102.78,49,6,4,-1.088521396804331,2,6,14,3,1,0.0,0,0,0.5357321142263881,0,1.1159964627128616,0,0.0,0,0.021937389201768166,0,0.0
TXN00004043,CUST000095,2025-02-15 00:08:57.003505,354.31,EUR,IT,IT,app,tablet,0,Normal,0,5,15,2,175.85649999999998,142.59839717673157,10.78,490.31,60,3,4,1.251441126139656,1,5,8,0,4,0.0,0,0,0.5271004934472032,0,1.1483842933284982,0,0.008636363636363636,0,0.007443844786688452,0,0.0
TXN00008741,CUST000139,2025-02-10 01:43:57.003505,4293.67,EUR,US,DE,sucursal,pos,0,Normal,1,0,10,2,5999.512857142858,5088.7018853137615,532.86,19230.71,49,6,4,-0.3352216135377827,1,6,3,2,3,0.0,0,0,0.48660720899861987,0,1.0666773860324281,0,0.0,0,0.008374204430050635,0,0.0
TXN00000536,CUST000159,2025-04-22 01:47:57.003505,4476.7,GBP,GB,ES,cajero,mobile,0,Normal,1,1,22,4,5364.320277777778,2907.7495496055617,1837.52,14914.47,36,6,4,-0.3052602235267904,2,4,4,1,2,0.0,0,0,0.480585320299122,0,1.10828924133531,0,0.0,0,0.009797516934634576,0,0.0
TXN00009446,CUST000043,2025-04-08 18:53:57.003505,1630.7,EUR,CH,CH,web,atm,0,Normal,18,1,8,4,14802.66984375,19505.427795265667,654.06,90854.63,64,10,4,-0.6752976649028833,1,0,1,3,0,0.0,0,0,0.5592711357854525,0,1.0514099238269534,0,0.026838403197748453,0,0.00402295799754567,0,0.0
TXN00001220,CUST000004,2025-08-27 01:53:57.107482,54510.55,EUR,DE,GB,web,pos,1,Fraude,1,2,27,8,14062.081549295775,19520.768114931096,601.38,95541.67,71,12,4,2.0720736095263494,1,1,6,3,3,1.0,1,1,0.6059703922825042,0,1.0583169766094256,1,0.8975201692532095,1,0.9999983787923956,1,1.0
TXN00008596,CUST000184,2025-06-10 22:51:57.003505,65.08,EUR,FR,FR,app,atm,0,Normal,22,1,10,6,141.98777777777778,127.80667248159469,12.93,486.33,54,3,4,-0.6017508764035956,1,3,5,0,0,0.0,0,0,0.47180480603812686,0,0.9894426578145954,0,0.0,0,0.02113939361756271,0,0.0
TXN00009658,CUST000124,2025-10-23 04:47:57.003505,547.16,EUR,DE,GB,web,mobile,0,Normal,4,3,23,10,909.7118867924529,685.5308862425715,105.13,2668.3,53,5,4,-0.5288629491965777,1,1,6,3,2,0.0,0,0,0.42824077920115405,0,0.9758288896537886,0,0.0,0,0.012489628474217272,0,0.0
TXN00006880,CUST000083,2025-06-29 02:12:57.003505,80.94,EUR,ES,IT,cajero,pos,0,Normal,2,6,29,6,158.37742857142857,131.01619648393864,23.45,495.8,70,3,4,-0.5910523283269741,1,2,8,1,3,0.0,0,0,0.49937495047084846,0,1.0632812510156173,0,0.0,0,0.008410325028488635,0,0.0
TXN00006454,CUST000044,2025-12-13 04:37:57.107482,3074.36,EUR,ES,CN,app,atm,1,Fraude,4,5,13,12,1931.648222222222,3870.370479347076,127.53,24725.19,45,7,4,0.2952460968737301,1,2,2,0,0,0.0,0,0,0.4846814414617531,0,1.107747304484319,0,0.44154971722276426,0,0.09803810167634604,0,0.0
TXN00008684,CUST000083,2025-12-04 02:48:57.003505,59.29,EUR,ES,IT,web,tablet,0,Normal,2,3,4,12,158.37742857142857,131.01619648393864,23.45,495.8,70,3,4,-0.7562990719798273,1,2,8,3,4,0.0,0,0,0.5056392103115729,0,1.1338417937452339,0,0.0,0,0.016069833395711997,0,0.0
TXN00006277,CUST000040,2025-12-06 22:25:57.003505,154.98,EUR,IT,FR,cajero,atm,0,Normal,22,5,6,12,3874.694230769231,15635.620503928736,12.24,90189.11,78,9,4,-0.23790000720449084,1,5,5,1,0,0.0,0,0,0.5225392716579093,0,1.038033922928142,0,0.016285714285714285,1,0.776032730667763,0,0.0
TXN00005239,CUST000145,2025-02-22 06:11:57.003505,468.62,EUR,DE,DE,cajero,mobile,0,Normal,6,5,22,2,825.7344444444445,658.4965368085764,114.16,2750.31,45,5,4,-0.5423178770732686,1,1,3,1,2,0.0,0,0,0.442826641961646,0,0.9890099241725114,0,0.0,0,0.011913788592832134,0,0.0
TXN00006540,CUST000004,2025-01-23 17:34:57.003505,4554.58,EUR,DE,CH,cajero,pos,0,Normal,17,3,23,1,14062.081549295775,19520.768114931096,601.38,95541.67,71,12,4,-0.4870454632129259,1,1,1,1,3,0.0,0,0,0.5427516928635259,0,1.0338732172560627,0,0.036373668951296574,0,0.023239672214334883,0,0.0
TXN00001508,CUST000177,2025-07-13 21:50:57.003505,715.67,EUR,FR,DE,app,desktop,0,Normal,21,6,13,7,882.1804000000001,714.9039851529658,108.09,2740.13,50,5,4,-0.2329129550613142,1,3,3,0,1,0.0,0,0,0.4488734510996335,0,0.9881745959424407,0,0.0,0,0.01897952068330327,0,0.0
TXN00004851,CUST000074,2025-05-24 05:40:57.003505,6984.09,EUR,IT,IT,sucursal,pos,0,Normal,5,5,24,5,5339.021777777778,3544.830265405901,1289.22,14680.96,45,6,4,0.4640753149205518,1,5,8,2,3,0.0,0,0,0.4515683487203092,0,1.0445669775160662,0,0.0,0,0.01828797686743777,0,0.0
TXN00002860,CUST000186,2025-03-11 02:48:57.003505,7562.57,EUR,IT,GB,app,atm,0,Normal,2,1,11,3,4858.559038461539,3428.725794161738,1031.11,14581.66,52,6,4,0.7886343566330327,1,5,6,0,0,0.0,0,0,0.48540856554500844,0,1.099724391591673,0,0.0,0,0.03774689522530877,0,0.0
TXN00000691,CUST000033,2025-09-13 18:10:57.003505,11129.14,EUR,IT,DE,sucursal,atm,0,Normal,18,5,13,9,13515.900317460317,21277.432782527,1113.58,86099.77,63,10,4,-0.11217332192952095,1,5,3,2,0,0.0,0,0,0.5178146830317825,0,0.9904717376914707,0,0.16445176193547084,0,0.46470285148241225,0,0.0
TXN00007367,CUST000079,2025-01-29 22:30:57.003505,22648.11,EUR,FR,ES,app,atm,0,Normal,22,2,29,1,8145.75744680851,6052.306858239896,540.85,22648.11,47,6,4,2.3961694095287207,1,3,4,0,0,0.0,0,0,0.5472361649592995,1,1.2100290928801,0,0.0,0,0.316454850282115,0,0.0
TXN00005751,CUST000100,2025-04-07 04:13:57.003505,2883.51,USD,GB,FR,app,pos,0,Normal,4,0,7,4,5226.1033333333335,3597.2253919944915,1045.25,14117.6,48,6,4,-0.6512222831228415,3,4,5,0,3,0.0,0,0,0.49588125464599814,0,1.0194366048777515,0,0.0,0,0.02423779919559832,0,0.0
TXN00002490,CUST000155,2026-01-12 08:33:57.003505,1294.66,EUR,IT,IT,cajero,pos,0,Normal,8,0,12,1,955.0666666666667,767.1100594112946,122.32,2967.61,45,5,4,0.4426917998588841,1,5,8,1,3,0.0,0,0,0.4821778224199168,0,1.0448528143466995,0,0.0,0,0.029215274263734214,0,0.0
TXN00004338,CUST000000,2025-11-29 02:20:57.003505,748.26,EUR,DE,GB,sucursal,desktop,0,Normal,2,5,29,11,4670.333709677419,14778.584927606773,159.16,93045.57,62,10,4,-0.26538898877154987,1,1,6,2,1,0.0,0,0,0.48808961757969554,0,1.0224412744760705,0,0.009715909090909091,1,0.5419820093947666,0,0.0
TXN00001294,CUST000064,2025-12-25 00:24:57.003505,431.42,EUR,ES,FR,web,pos,0,Normal,0,3,25,12,729.9651020408163,552.4964489294722,103.76,2307.86,49,5,4,-0.540356597909229,1,2,5,3,3,0.0,0,0,0.4457085907258258,0,0.9923623125479131,0,0.0,0,0.01161848413127708,0,0.0
TXN00002186,CUST000026,2025-11-21 09:58:57.107482,34684.17,EUR,FR,PK,cajero,mobile,1,Fraude,9,4,21,11,7883.520307692308,20808.794176314088,16.14,93951.45,65,7,4,1.2879482330372594,1,3,11,1,2,1.0,1,0,0.5455049092945671,0,1.0565227715782555,1,0.9881208452453145,1,0.9999945972005786,1,1.0
TXN00009373,CUST000058,2025-07-25 23:11:57.003505,5188.13,EUR,FR,ES,app,pos,0,Normal,23,4,25,7,5591.0198,3793.973079900562,1030.04,14421.18,50,6,4,-0.10619205550724872,1,3,4,0,3,0.0,0,0,0.4409334045783225,0,0.9953684115656044,0,0.0,0,0.009707585742303213,0,0.0
TXN00008299,CUST000167,2025-08-11 07:25:57.003505,2241.54,EUR,US,US,app,tablet,0,Normal,7,0,11,8,5069.928793103448,3997.779061335983,1022.26,14648.94,58,6,4,-0.7074900210845477,1,6,14,0,4,0.0,0,0,0.5174786065605503,0,1.148572326321656,0,0.0,0,0.045916331113496606,0,0.0
TXN00008357,CUST000035,2025-08-12 18:24:57.107482,45300.01,EUR,DE,FR,sucursal,pos,1,Fraude,18,1,12,8,6047.965897435898,17026.815534224974,102.61,89843.04,39,8,4,2.3053074147282393,1,1,5,2,3,1.0,1,0,0.5497526065425198,1,1.233636731583859,1,0.9638597347046644,1,0.9999997559078114,1,1.0
TXN00006559,CUST000157,2025-04-10 02:51:57.003505,1171.67,EUR,IT,FR,cajero,pos,0,Normal,2,3,10,4,4468.6006,3061.342828385575,1001.7,14281.22,50,6,4,-1.0769556968115552,1,5,5,1,3,0.0,0,0,0.44421493211646534,0,0.9854039878908019,0,0.0,0,0.008671023093756057,0,0.0
TXN00002067,CUST000184,2025-03-16 01:51:57.003505,139.79,EUR,FR,ES,cajero,tablet,0,Normal,1,6,16,3,141.98777777777778,127.80667248159469,12.93,486.33,54,3,4,-0.017196111266398677,1,3,4,1,4,0.0,0,0,0.47003632233092557,0,1.0118614911219495,0,0.0,0,0.0067192931799509355,0,0.0
TXN00006201,CUST000124,2025-09-02 07:33:57.003505,739.4,EUR,DE,DE,web,tablet,0,Normal,7,1,2,9,909.7118867924529,685.5308862425715,105.13,2668.3,53,5,4,-0.24843794781808126,1,1,3,3,4,0.0,0,0,0.47170609061985735,0,1.0254029969867071,0,0.0,0,0.014133582684315766,0,0.0
TXN00009655,CUST000124,2025-11-22 01:24:57.003505,930.32,EUR,DE,GB,app,mobile,0,Normal,1,5,22,11,909.7118867924529,685.5308862425715,105.13,2668.3,53,5,4,0.03006153856967655,1,1,6,0,2,0.0,0,0,0.4546615061428605,0,1.0027874130421786,0,0.0,0,0.018781796999837456,0,0.0
TXN00006212,CUST000110,2025-02-26 03:35:57.003505,53.41,EUR,ES,IT,sucursal,atm,0,Normal,3,2,26,2,182.09387755102043,131.0415090377906,13.74,460.63,49,3,4,-0.982008506418384,1,2,8,2,0,0.0,0,0,0.47325413455827436,0,1.0056080524788338,0,0.0,0,0.01465248898694715,0,0.0
TXN00003492,CUST000012,2025-09-27 22:45:57.003505,1824.48,EUR,IT,IT,app,pos,0,Normal,22,5,27,9,11848.529666666667,20090.907636760738,1017.21,83759.47,60,12,4,-0.49893463488063267,1,5,8,0,3,0.0,0,0,0.5375208492637372,0,1.0398864240289476,0,0.007916666666666666,0,0.2428801180260615,0,0.0
TXN00006600,CUST000085,2025-09-21 04:08:57.003505,231.52,EUR,FR,GB,cajero,pos,0,Normal,4,6,21,9,924.8436363636364,611.0956308904902,141.58,2746.59,44,5,4,-1.1345583247236852,1,3,6,1,3,0.0,0,0,0.4476327853225403,0,1.0107149426673594,0,0.0,0,0.02536585765329789,0,0.0
TXN00008495,CUST000130,2026-01-05 03:43:57.003505,10791.75,EUR,IT,ES,sucursal,atm,0,Normal,3,0,5,1,5477.731875,3585.6029816829373,1158.54,14850.38,64,6,4,1.48204309028764,1,5,4,2,0,0.0,0,0,0.51857718295551,1,1.1757970629087189,0,0.0,0,0.025485141870088025,0,0.0
TXN00009506,CUST000012,2025-02-07 00:27:57.003505,1224.02,EUR,IT,US,app,tablet,0,Normal,0,4,7,2,11848.529666666667,20090.907636760738,1017.21,83759.47,60,12,4,-0.5288217863635969,1,5,14,0,4,0.0,0,1,0.5841270499797585,0,1.0427725796519203,0,0.08835695031971008,0,0.48596029630762266,0,0.0
TXN00009866,CUST000129,2026-01-02 18:34:57.003505,6534.17,EUR,US,IT,web,tablet,0,Normal,18,4,2,1,5171.594634146341,3069.580435637823,1448.31,14426.04,41,6,4,0.4438962894049835,1,6,8,3,4,0.0,0,0,0.531166278606646,1,1.1658734496090057,0,0.0,0,0.025896627843875784,0,0.0
TXN00006971,CUST000180,2025-09-02 04:01:57.003505,630.74,GBP,GB,FR,app,atm,0,Normal,4,1,2,9,934.9624,733.4398987565374,127.9,2829.87,50,5,4,-0.4147884511068807,2,4,5,0,0,0.0,0,0,0.49406599462614714,0,1.0598982671836583,0,0.0,0,0.0522764713826729,0,0.0
TXN00005616,CUST000024,2025-06-09 05:16:57.003505,596.94,EUR,FR,GB,app,desktop,0,Normal,5,0,9,6,13902.334629629631,16284.919332654581,520.55,73708.1,54,9,4,-0.8170377977944641,1,3,6,0,1,0.0,0,0,0.49858140685484115,0,1.0203276814864135,0,0.005588235294117647,0,0.0049402831740197025,0,0.0
TXN00006344,CUST000141,2025-09-04 00:37:57.003505,1466.37,CHF,GB,GB,app,pos,0,Normal,0,3,4,9,881.8225000000001,797.0668304624176,106.03,2971.69,48,5,4,0.7333732592127837,0,4,6,0,3,0.0,0,0,0.49956066337156135,0,1.099434003849374,0,0.007916666666666666,0,0.02398688040809792,0,0.0
TXN00001349,CUST000073,2025-09-03 08:41:57.003505,2625.25,EUR,DE,FR,sucursal,mobile,0,Normal,8,2,3,9,870.7014285714286,670.8365566182797,100.07,2635.22,42,5,4,2.6154635603907366,1,1,5,2,2,0.0,0,0,0.49624187763872923,0,1.0785730068478219,0,0.0,0,0.01274538470182289,0,0.0
TXN00008575,CUST000047,2025-01-31 05:38:57.003505,695.28,EUR,ES,ES,cajero,atm,0,Normal,5,4,31,1,14563.28859375,20712.60540698934,564.29,99973.8,64,9,4,-0.6695443823016481,1,2,4,1,0,0.0,0,0,0.5319772336754812,0,1.017098687019942,0,0.0,0,0.0041494632410926735,0,0.0
TXN00004269,CUST000004,2025-04-16 04:29:57.003505,2198.77,EUR,DE,FR,cajero,tablet,0,Normal,4,2,16,4,14062.081549295775,19520.768114931096,601.38,95541.67,71,12,4,-0.6077277020474418,1,1,5,1,4,0.0,0,0,0.5243405887407601,0,1.0167035399367421,0,0.0,0,0.02436894009566307,0,0.0
TXN00007162,CUST000060,2025-08-23 20:57:57.003505,920.64,EUR,IT,DE,sucursal,pos,0,Normal,20,5,23,8,793.8452000000001,702.8669137539191,101.28,2914.93,50,5,4,0.18039659761818785,1,5,3,2,3,0.0,0,0,0.4584960159831042,0,0.9978213376584785,0,0.0,0,0.009002693641049376,0,0.0
TXN00005746,CUST000020,2025-05-31 12:47:57.107482,1346.38,EUR,IT,ES,web,tablet,1,Fraude,12,5,31,5,3059.5745588235295,12108.493253395596,10.07,69036.33,68,7,4,-0.1414870143485119,1,5,4,3,4,1.0,1,0,0.49838317680833233,0,1.0438715453240917,1,0.6741897060138439,0,0.21989391214132478,1,1.0
TXN00000030,CUST000080,2025-02-28 05:16:57.003505,217.71,EUR,ES,IT,cajero,desktop,0,Normal,5,4,28,2,146.3564,118.60946270815987,13.78,474.86,50,3,4,0.6015843742078327,1,2,8,1,1,0.0,0,0,0.4727348175429064,0,1.0038825021139188,0,0.0,0,0.007392145177615769,0,0.0
TXN00008715,CUST000027,2025-03-09 07:48:57.003505,76.71,EUR,FR,FR,app,atm,0,Normal,7,6,9,3,4851.360625,18687.684437621316,10.99,94066.9,64,5,4,-0.2554971773352702,1,3,5,0,0,0.0,0,0,0.49530505321110935,0,1.0442154168454623,0,0.0,1,0.6721063123368848,0,0.0
TXN00004106,CUST000175,2025-03-25 00:56:57.003505,1130.18,CHF,CH,DE,app,atm,0,Normal,0,1,25,3,7860.104426229508,5731.840249814343,861.98,23359.66,61,6,4,-1.1741297963203638,0,0,3,0,0,0.0,0,0,0.5343241555420863,1,1.2231403074165712,0,0.0,0,0.0006748785901449797,0,0.0
TXN00001360,CUST000045,2025-04-08 22:42:57.003505,687.16,CHF,GB,IT,app,tablet,0,Normal,22,1,8,4,6149.803333333333,15824.94547276264,125.29,85657.33,60,9,4,-0.34519192134912935,0,4,8,0,4,0.0,0,0,0.5173110037900301,0,1.0870356233859169,0,0.009268292682926829,1,0.5804285913699214,0,0.0
TXN00007698,CUST000056,2026-01-02 18:48:57.003505,1582.26,EUR,GB,FR,web,desktop,0,Normal,18,4,2,1,850.786111111111,607.7213774215593,107.86,2433.3,54,5,4,1.2036336302480477,1,4,5,3,1,0.0,0,0,0.4840688762777804,0,1.0347699039410376,0,0.0,0,0.010610569024227127,0,0.0
TXN00000723,CUST000008,2025-01-31 21:37:57.003505,3038.56,EUR,IT,US,sucursal,atm,0,Normal,21,4,31,1,12268.12043478261,18777.04859567871,1067.78,84173.34,46,9,4,-0.4915341400573005,1,5,14,2,0,0.0,0,1,0.5717789158737319,1,1.2444362302489729,0,0.04305900424686003,0,0.1287373952742615,0,0.0
TXN00009983,CUST000113,2025-05-01 03:24:57.003505,4105.42,USD,CH,GB,sucursal,mobile,0,Normal,3,3,1,5,5951.366734693877,5946.201402798187,518.29,22408.12,49,6,4,-0.31044134050265487,3,0,6,2,2,0.0,0,0,0.5048688540455979,0,1.0198527123905374,0,0.0,0,0.044120468681457366,0,0.0
TXN00004718,CUST000141,2025-12-18 02:20:57.003505,517.11,EUR,GB,IT,app,tablet,0,Normal,2,3,18,12,881.8225000000001,797.0668304624176,106.03,2971.69,48,5,4,-0.4575682811074251,1,4,8,0,4,0.0,0,0,0.4757102542677982,0,1.0206706237861174,0,0.0,0,0.04045015188409278,0,0.0
TXN00003880,CUST000019,2025-04-01 13:36:57.107482,43569.57,EUR,DE,GB,app,atm,1,Fraude,13,1,1,4,14691.315714285713,15933.619614941443,687.1,70887.77,56,11,4,1.8124101730671325,1,1,6,0,0,1.0,1,1,0.5809479407410414,0,1.0262467335204248,1,0.949368373844993,1,0.9998582199208919,1,1.0
TXN00001953,CUST000179,2025-06-17 04:11:57.003505,7012.28,EUR,DE,US,sucursal,mobile,0,Normal,4,1,17,6,5704.412033898305,3719.034007330203,1121.58,14726.16,59,6,4,0.3516687298831425,1,1,14,2,2,0.0,0,0,0.47017862406257865,0,0.9820741112382981,0,0.0,0,0.0399831937593844,0,0.0
TXN00006469,CUST000060,2025-02-26 02:09:57.003505,378.15,EUR,IT,FR,app,atm,0,Normal,2,2,26,2,793.8452000000001,702.8669137539191,101.28,2914.93,50,5,4,-0.5914280374763966,1,5,5,0,0,0.0,0,0,0.47881185317482317,0,1.0271256798195716,0,0.0,0,0.017444079627535594,0,0.0
TXN00004112,CUST000082,2025-04-26 22:44:57.003505,3886.91,EUR,ES,CH,cajero,tablet,0,Normal,22,5,26,4,7972.279090909091,6295.064813947002,670.79,24431.66,55,6,4,-0.6489796707428318,1,2,1,1,4,0.0,0,0,0.4711661543048426,0,1.038843602829576,0,0.0,0,0.0015377160633975235,0,0.0
TXN00001252,CUST000075,2025-02-16 03:40:57.003505,1452.04,EUR,FR,DE,sucursal,mobile,0,Normal,3,6,16,2,8798.873684210526,6988.470284473828,1140.6,24612.74,57,6,4,-1.0512792333798127,1,3,3,2,2,0.0,0,0,0.4743190243981426,0,1.053001480359618,0,0.0,0,0.0007048848697646001,0,0.0
TXN00002564,CUST000030,2026-01-16 02:02:57.003505,1850.12,CHF,GB,IT,web,tablet,0,Normal,2,4,16,1,5147.489833333334,15805.705911525396,117.06,96740.03,60,7,4,-0.20861895391336485,0,4,8,3,4,0.0,0,0,0.5053160032051497,0,1.1393023047669673,0,0.08567951415266183,0,0.44599150137860355,0,0.0
TXN00000935,CUST000018,2025-09-23 07:29:57.003505,135.53,EUR,FR,IT,cajero,tablet,0,Normal,7,1,23,9,1260.8659574468084,4033.3930453795238,15.89,17120.41,47,4,4,-0.27900478443501525,1,3,8,1,4,0.0,0,0,0.44568648212508766,0,1.0093122146044038,0,0.037044137216551004,0,0.053591438023765536,0,0.0
TXN00004074,CUST000007,2025-03-23 02:03:57.003505,3075.42,EUR,DE,ES,app,pos,0,Normal,2,6,23,3,13983.354109589041,17914.50554094098,1084.09,95095.19,73,10,4,-0.6088883717193124,1,1,4,0,3,0.0,0,0,0.5470333673498687,0,1.0623295171544966,0,0.007916666666666666,0,0.007033033332763634,0,0.0
TXN00008739,CUST000116,2025-07-24 08:56:57.003505,2999.71,EUR,FR,ES,app,pos,0,Normal,8,3,24,7,5575.545263157895,3962.8441770423206,1145.06,14589.34,57,6,4,-0.649996605324608,1,3,4,0,3,0.0,0,0,0.4202086465399147,0,0.9858905363291026,0,0.0,0,0.005315540681391173,0,0.0
TXN00001657,CUST000098,2025-03-01 04:05:57.003505,231.71,EUR,IT,DE,sucursal,atm,0,Normal,4,5,1,3,859.0164814814815,759.6341295827942,114.41,2894.43,54,5,4,-0.825800811504098,1,5,3,2,0,0.0,0,0,0.46923028265510486,0,1.0395038533272793,0,0.0,0,0.017671180472100548,0,0.0
TXN00005915,CUST000062,2025-09-17 23:17:57.003505,1434.19,EUR,IT,IT,sucursal,atm,0,Normal,23,2,17,9,897.1857692307692,674.5982232769489,119.34,2822.56,52,5,4,0.7960356423185152,1,5,8,2,0,0.0,0,0,0.47052761957660666,0,1.0483954225819454,0,0.0,0,0.020214864132487725,0,0.0
TXN00004772,CUST000142,2026-01-01 19:20:57.003505,1808.84,EUR,DE,GB,cajero,atm,0,Normal,19,3,1,1,6533.238913043478,5298.543436216841,666.85,19029.58,46,6,4,-0.8916410649499282,1,1,6,1,0,0.0,0,0,0.4763257331079738,0,1.0487106052081043,0,0.0,0,0.009362329478131216,0,0.0
TXN00005094,CUST000168,2025-04-28 01:03:57.003505,694.12,EUR,IT,FR,sucursal,tablet,0,Normal,1,0,28,4,805.7724074074074,573.1593417914204,118.62,2763.92,54,5,4,-0.19480168789299324,1,5,5,2,4,0.0,0,0,0.46888559360718646,0,1.0384793949611084,0,0.0,0,0.009080894403502186,0,0.0
TXN00007763,CUST000162,2025-05-08 17:58:57.003505,5007.03,USD,CH,FR,app,mobile,0,Normal,17,3,8,5,8187.689791666667,6409.234849582279,610.75,24295.17,48,6,4,-0.4962620134566771,3,0,5,0,2,0.0,0,0,0.5035428472605126,0,1.0126943571318947,0,0.0,0,0.01648504379565706,0,0.0
TXN00009593,CUST000156,2025-12-06 01:35:57.003505,111.4,EUR,FR,FR,app,pos,0,Normal,1,5,6,12,105.78857142857143,88.03691067704752,12.77,375.54,56,3,4,0.06373949817791662,1,3,5,0,3,0.0,0,0,0.47690694860927796,0,1.0086159616476897,0,0.0,0,0.01486130361981051,0,0.0
TXN00009226,CUST000064,2025-06-14 08:43:57.003505,1655.89,EUR,ES,IT,sucursal,mobile,0,Normal,8,5,14,6,729.9651020408163,552.4964489294722,103.76,2307.86,49,5,4,1.6758929366467077,1,2,8,2,2,0.0,0,0,0.4484529715750653,0,0.9986423669598412,0,0.0,0,0.013539624472949176,0,0.0
TXN00002269,CUST000117,2025-02-11 05:52:57.003505,2371.49,EUR,ES,GB,web,atm,0,Normal,5,1,11,2,4614.202641509434,3046.091732833902,1227.93,13885.08,53,6,4,-0.7362590616030757,1,2,6,3,0,0.0,0,0,0.447798263534388,0,1.004039501853653,0,0.0,0,0.0073777183442560535,0,0.0
TXN00002166,CUST000028,2025-01-22 23:22:57.003505,384.05,EUR,ES,IT,web,tablet,0,Normal,23,2,22,1,4253.581489361702,17241.301652205857,19.11,90310.44,47,6,4,-0.22443383725858068,1,2,8,3,4,0.0,0,0,0.4757651107646621,1,1.19216175618299,0,0.12199406183876843,1,0.7056029382277543,0,0.0
TXN00006917,CUST000185,2025-12-08 05:28:57.003505,781.51,USD,GB,ES,sucursal,desktop,0,Normal,5,0,8,12,845.7542857142857,659.7552020194057,107.93,2962.75,49,5,4,-0.0973759440172177,3,4,4,2,1,0.0,0,0,0.5127556331112268,0,1.0023777848002422,0,0.0,0,0.03567269589189889,0,0.0
TXN00003981,CUST000095,2025-11-17 01:09:57.003505,85.09,EUR,IT,IT,sucursal,atm,0,Normal,1,0,17,11,175.85649999999998,142.59839717673157,10.78,490.31,60,3,4,-0.6365183701959056,1,5,8,2,0,0.0,0,0,0.5025596944409313,0,1.1016409911888065,0,0.0,0,0.016484477655871292,0,0.0
TXN00003079,CUST000043,2025-09-24 23:43:57.003505,1605.3,GBP,CH,US,sucursal,tablet,0,Normal,23,2,24,9,14802.66984375,19505.427795265667,654.06,90854.63,64,10,4,-0.6765998665395409,2,0,14,2,4,0.0,0,1,0.5725601094451241,0,1.08009209413367,0,0.008085106382978723,0,0.03193929156323305,0,0.0
TXN00006055,CUST000120,2025-03-01 06:35:57.003505,149.78,EUR,IT,FR,sucursal,tablet,0,Normal,6,5,1,3,170.5298113207547,129.18067867988032,11.93,494.78,53,3,4,-0.16062627454952502,1,5,5,2,4,0.0,0,0,0.47937591244314604,0,1.0576006105992621,0,0.0,0,0.011832578600750768,0,0.0
TXN00004712,CUST000013,2025-07-17 05:07:57.003505,1175.08,EUR,GB,FR,app,atm,0,Normal,5,3,17,7,2119.490634920635,8304.770612994731,104.65,66232.6,63,9,4,-0.11371905123173028,1,4,5,0,0,0.0,0,0,0.4744374012061125,0,1.0079588594749187,0,0.05011575624615192,0,0.41212870439846944,0,0.0
TXN00001696,CUST000114,2025-06-21 19:03:57.003505,3072.35,EUR,ES,FR,app,tablet,0,Normal,19,5,21,6,5335.650000000001,3328.235785762344,1233.85,12763.92,56,6,4,-0.6800299452947424,1,2,5,0,4,0.0,0,0,0.43952999240524254,0,1.005374009495469,0,0.0,0,0.00655311755562602,0,0.0
TXN00000877,CUST000055,2025-03-28 17:16:57.003505,4003.05,GBP,CH,FR,app,mobile,0,Normal,17,4,28,3,7358.3737037037035,4642.129487846006,544.87,19628.1,54,6,4,-0.7227983863366569,2,0,5,0,2,0.0,0,0,0.4950706424928611,0,1.1428334261735893,0,0.0,0,0.0037260701154203804,0,0.0
TXN00000829,CUST000015,2025-10-13 13:26:57.107482,65320.06,EUR,FR,YE,sucursal,mobile,1,Fraude,13,0,13,10,16429.753191489363,24433.972081401258,1004.49,91371.5,47,12,4,2.0009152275214483,1,3,15,2,2,1.0,1,1,0.6190574859827668,0,1.0418214535887127,1,0.98906979792539,1,0.9999999985368668,1,1.0
TXN00003908,CUST000180,2025-06-27 02:34:57.003505,371.23,USD,GB,ES,app,tablet,0,Normal,2,4,27,6,934.9624,733.4398987565374,127.9,2829.87,50,5,4,-0.7686143066216179,3,4,4,0,4,0.0,0,0,0.507683118744061,0,1.0235502758290094,0,0.0,0,0.02626020922472043,0,0.0
TXN00003182,CUST000037,2025-09-07 21:12:57.003505,179.95,EUR,ES,ES,app,pos,0,Normal,21,6,7,9,3344.5771604938273,14448.411660449672,10.52,94457.02,81,9,4,-0.21902941545730478,1,2,4,0,3,0.0,0,0,0.5218322531997104,0,1.082378360653643,0,0.017255102040816324,1,0.7183104851057712,0,0.0
TXN00006738,CUST000016,2025-06-15 06:39:57.003505,526.63,EUR,IT,ES,web,tablet,0,Normal,6,6,15,6,4814.0977192982455,14760.960342710358,109.06,82531.17,57,9,4,-0.29045994430336197,1,5,4,3,4,0.0,0,0,0.47502124429246273,0,1.0611599005905044,0,0.0,0,0.4029068728845894,0,0.0
TXN00009903,CUST000058,2025-03-19 04:08:57.003505,1482.4,EUR,FR,ES,sucursal,mobile,0,Normal,4,2,19,3,5591.0198,3793.973079900562,1030.04,14421.18,50,6,4,-1.082933303001916,1,3,4,2,2,0.0,0,0,0.42574185590311514,0,0.9765521695685898,0,0.0,0,0.0030162207514277672,0,0.0
TXN00003152,CUST000021,2025-08-22 21:34:57.003505,305.1,EUR,FR,FR,app,atm,0,Normal,21,4,22,8,2655.973768115942,10838.616564582062,16.24,71242.61,69,5,4,-0.21689795500111358,1,3,5,0,0,0.0,0,0,0.47492610203410773,0,1.0228346357630376,0,0.1389176021060643,0,0.21844433597825041,0,0.0
TXN00009936,CUST000095,2025-02-26 23:49:57.003505,365.54,EUR,IT,ES,cajero,atm,0,Normal,23,2,26,2,175.85649999999998,142.59839717673157,10.78,490.31,60,3,4,1.3301937639223185,1,5,4,1,0,0.0,0,0,0.5344449776083016,0,1.1005663966032173,0,0.0,0,0.0028797964262148802,0,0.0
TXN00006018,CUST000169,2025-09-28 03:24:57.003505,203.55,EUR,DE,IT,app,pos,0,Normal,3,6,28,9,1003.1623076923078,777.0232421375961,108.39,2916.08,52,5,4,-1.0290712855171458,1,1,8,0,3,0.0,0,0,0.4782410413840356,0,1.0425482737546319,0,0.0,0,0.026550033621104467,0,0.0
TXN00005158,CUST000164,2025-03-09 01:02:57.003505,1183.24,CHF,US,US,app,tablet,0,Normal,1,6,9,3,5759.409827586207,3931.2540620704726,1054.44,14842.44,58,6,4,-1.1640483556059027,0,6,14,0,4,0.0,0,1,0.5759010434396611,1,1.2006041528150264,0,0.007916666666666666,0,0.013919572293041676,0,0.0
TXN00003865,CUST000030,2025-12-22 22:01:57.003505,1032.76,EUR,GB,ES,app,pos,0,Normal,22,0,22,12,5147.489833333334,15805.705911525396,117.06,96740.03,60,7,4,-0.2603319241864783,1,4,4,0,3,0.0,0,0,0.48874415055945564,0,1.043319762871573,0,0.02778503774156578,1,0.5111139252207263,0,0.0
TXN00000381,CUST000150,2025-09-20 23:30:57.003505,8966.67,EUR,ES,US,web,atm,0,Normal,23,5,20,9,4437.8133333333335,2736.3486113014974,1220.08,12025.36,48,6,4,1.6550729853304476,1,2,14,3,0,0.0,0,0,0.5275367542722551,0,1.0093565599846923,0,0.027416666666666662,0,0.07374040084515592,0,0.0
TXN00002239,CUST000150,2025-03-23 03:15:57.003505,7076.96,EUR,ES,DE,web,atm,0,Normal,3,6,23,3,4437.8133333333335,2736.3486113014974,1220.08,12025.36,48,6,4,0.9644774992492364,1,2,3,3,0,0.0,0,0,0.4852688079190152,0,1.064619817789176,0,0.007916666666666666,0,0.007148107863861437,0,0.0
TXN00002261,CUST000167,2025-11-16 03:13:57.003505,3411.31,EUR,US,FR,sucursal,pos,0,Normal,3,6,16,11,5069.928793103448,3997.779061335983,1022.26,14648.94,58,6,4,-0.4148850567380488,1,6,5,2,3,0.0,0,0,0.4737589576878754,0,1.0365888739320748,0,0.0,0,0.008255216706285953,0,0.0
TXN00009080,CUST000019,2025-12-02 03:22:57.003505,888.47,EUR,DE,US,web,tablet,0,Normal,3,1,2,12,14691.315714285713,15933.619614941443,687.1,70887.77,56,11,4,-0.8662718231628983,1,1,14,3,4,0.0,0,0,0.5598273817844226,0,1.1525350196015345,0,0.11099493612960201,0,0.01141818769442133,0,0.0
TXN00004719,CUST000110,2025-05-01 03:02:57.003505,318.94,EUR,ES,ES,web,atm,0,Normal,3,3,1,5,182.09387755102043,131.0415090377906,13.74,460.63,49,3,4,1.0442959823151838,1,2,4,3,0,0.0,0,0,0.48122113872699696,0,1.0541987079094164,0,0.0,0,0.0055577710303926185,0,0.0
TXN00006819,CUST000054,2025-04-09 21:31:57.003505,746.86,GBP,GB,ES,sucursal,mobile,0,Normal,21,2,9,4,796.5148076923076,585.8445766532963,106.32,2706.89,52,5,4,-0.08475764662909177,2,4,4,2,2,0.0,0,0,0.45785904569074654,0,1.063971215501184,0,0.0,0,0.021135775083599786,0,0.0
TXN00006464,CUST000143,2025-10-23 03:29:57.003505,2763.28,EUR,ES,DE,cajero,atm,0,Normal,3,3,23,10,5239.2824390243895,3581.701917241844,1357.73,14883.52,41,6,4,-0.6912921553895777,1,2,3,1,0,0.0,0,0,0.44957698600518975,0,1.0037324665834555,0,0.0,0,0.005958651225636942,0,0.0
TXN00005069,CUST000032,2025-10-08 07:30:57.003505,10.88,EUR,FR,ES,web,desktop,0,Normal,7,2,8,10,5279.0388,17558.788655810717,10.88,75146.84,50,4,4,-0.3000297402609594,1,3,4,3,1,0.0,0,0,0.46251496385854063,0,1.054202783771577,0,0.03352339544513457,0,0.35369695226744785,0,0.0
TXN00008369,CUST000040,2025-09-25 01:20:57.003505,24.83,EUR,IT,ES,app,pos,0,Normal,1,3,25,9,3874.694230769231,15635.620503928736,12.24,90189.11,78,9,4,-0.24622394931852293,1,5,4,0,3,0.0,0,0,0.5176637966656984,0,1.0396597761486128,0,0.016822916666666667,1,0.6129420678103065,0,0.0
TXN00000622,CUST000130,2026-01-14 19:12:57.003505,1879.31,EUR,IT,ES,cajero,mobile,0,Normal,19,2,14,1,5477.731875,3585.6029816829373,1158.54,14850.38,64,6,4,-1.0035751008628042,1,5,4,1,2,0.0,0,0,0.4634311638937378,0,1.0468283057568044,0,0.0,0,0.003706084958842114,0,0.0
TXN00007727,CUST000155,2025-02-21 18:48:57.003505,964.9,EUR,IT,DE,sucursal,atm,0,Normal,18,4,21,2,955.0666666666667,767.1100594112946,122.32,2967.61,45,5,4,0.01281867340921198,1,5,3,2,0,0.0,0,0,0.4616068450169554,0,1.036067956024063,0,0.0,0,0.009783564962411508,0,0.0
TXN00003706,CUST000104,2025-07-31 05:55:57.003505,1611.66,EUR,ES,GB,sucursal,desktop,0,Normal,5,3,31,7,878.7486666666667,742.4299771714012,115.19,2937.85,45,5,4,0.9871790672279799,1,2,6,2,1,0.0,0,0,0.45998450275986924,0,1.0176190411828092,0,0.0,0,0.009260669426897284,0,0.0
TXN00008968,CUST000049,2025-07-19 22:00:57.003505,436.15,EUR,ES,FR,web,mobile,0,Normal,22,5,19,7,15183.687118644068,29088.486775127054,121.09,99885.0,59,10,4,-0.5069888039259363,1,2,5,3,2,0.0,0,0,0.5039992782623055,0,0.9986518138196796,0,0.00883720930232558,0,0.15984510054354487,0,0.0
TXN00006929,CUST000166,2025-06-09 20:22:57.003505,2954.99,GBP,GB,IT,sucursal,tablet,0,Normal,20,0,9,6,5381.796428571428,3789.6021120618175,1121.03,14682.41,56,6,4,-0.6403855487115201,2,4,8,2,4,0.0,0,0,0.474337598173542,0,1.0908734451050281,0,0.0,0,0.017359752446008448,0,0.0
TXN00009516,CUST000109,2025-05-15 19:46:57.003505,3588.76,GBP,CH,US,web,tablet,0,Normal,19,3,15,5,7309.252040816326,6747.518800021043,807.42,24185.66,49,6,4,-0.5513866875411058,2,0,14,3,4,0.0,0,0,0.5328194053201236,0,1.1084392500277327,0,0.0061290322580645155,0,0.030629323842248802,0,0.0
TXN00002560,CUST000140,2025-04-18 18:31:57.003505,491.42,EUR,DE,GB,cajero,mobile,0,Normal,18,4,18,4,680.5558695652173,567.6112813520499,132.76,2321.13,46,5,4,-0.3332137246840514,1,1,6,1,2,0.0,0,0,0.43365924237152714,0,0.9855800622316829,0,0.0,0,0.02328334218439615,0,0.0
TXN00000939,CUST000077,2025-06-30 20:09:57.003505,19940.24,USD,CH,CH,cajero,atm,0,Normal,20,0,30,6,6464.85641509434,5759.730942651314,662.88,21657.81,53,6,4,2.3395856016085186,3,0,1,1,0,0.0,0,1,0.5873144650026707,1,1.15790868539769,0,0.0,0,0.3517070428939581,0,0.0
TXN00001921,CUST000188,2025-09-02 21:26:57.003505,9076.9,EUR,IT,DE,web,atm,0,Normal,21,1,2,9,4936.442647058823,3552.9495258458055,1054.79,14763.77,34,6,4,1.1653577743382528,1,5,3,3,0,0.0,0,0,0.5273323751189302,1,1.1895142601166324,0,0.0,0,0.046062055877088906,0,0.0
TXN00006793,CUST000057,2025-03-19 02:20:57.003505,357.51,EUR,ES,FR,app,tablet,0,Normal,2,2,19,3,180.91574074074074,140.8073723895602,11.53,490.57,54,3,4,1.2541549139666885,1,2,5,0,4,0.0,0,0,0.487878281171013,0,1.0069089270388498,0,0.0,0,0.005066056796658241,0,0.0
TXN00005519,CUST000051,2025-07-23 07:10:57.003505,2996.29,EUR,DE,GB,cajero,atm,0,Normal,7,2,23,7,819.4428260869565,649.2779453436051,154.15,2996.29,46,5,4,3.3527200271808275,1,1,6,1,0,0.0,0,0,0.4999106476290432,0,1.0915057461919897,0,0.0,0,0.006910762912766871,0,0.0
TXN00004165,CUST000017,2025-01-28 11:54:57.107482,15792.28,EUR,FR,ES,app,desktop,1,Fraude,11,1,28,1,15977.346615384617,23735.85855892997,1012.73,95316.24,65,9,4,-0.007796921055850864,1,3,4,0,1,1.0,1,0,0.5428897035732911,0,1.0101739361940232,0,0.4190754602905962,1,0.5573292940117505,1,1.0
TXN00008218,CUST000024,2025-09-17 01:00:57.003505,18561.54,EUR,FR,DE,sucursal,pos,0,Normal,1,2,17,9,13902.334629629631,16284.919332654581,520.55,73708.1,54,9,4,0.28610552345455026,1,3,3,2,3,0.0,0,0,0.5008367017083348,0,1.0264843785348554,0,0.21663150523611402,0,0.37446731812626777,0,0.0
TXN00002588,CUST000059,2026-01-15 20:18:57.003505,35.29,EUR,FR,IT,web,atm,0,Normal,20,3,15,1,141.4556862745098,127.69645729236034,11.48,485.42,51,3,4,-0.8313910009269329,1,3,8,3,0,0.0,0,0,0.4815275307595448,0,1.0207701520054675,0,0.0,0,0.016472824847355096,0,0.0
TXN00007946,CUST000079,2025-11-29 18:31:57.003505,11201.52,EUR,FR,FR,cajero,desktop,0,Normal,18,5,29,11,8145.75744680851,6052.306858239896,540.85,22648.11,47,6,4,0.5048922046188616,1,3,5,1,1,0.0,0,0,0.4872542609582958,0,1.0378494966646004,0,0.0,0,0.02136369710228929,0,0.0
TXN00008190,CUST000091,2025-02-15 23:52:57.003505,5185.09,USD,GB,ES,web,tablet,0,Normal,23,5,15,2,7200.981951219513,5225.722639258717,656.16,24278.3,41,6,4,-0.38576328863862336,3,4,4,3,4,0.0,0,0,0.5263740458075914,0,1.0938153145864946,0,0.0,0,0.008931238499315323,0,0.0
TXN00000400,CUST000124,2025-01-24 02:50:57.003505,951.47,EUR,DE,FR,sucursal,tablet,0,Normal,2,4,24,1,909.7118867924529,685.5308862425715,105.13,2668.3,53,5,4,0.06091354012583133,1,1,5,2,4,0.0,0,0,0.4478612041301601,0,0.9964431788252419,0,0.0,0,0.008323148422537395,0,0.0
TXN00004221,CUST000165,2025-09-08 19:13:57.003505,298.98,EUR,FR,DE,app,desktop,0,Normal,19,0,8,9,796.1411538461538,546.07482260668,145.49,2657.6,52,5,4,-0.9104267993212646,1,3,3,0,1,0.0,0,0,0.4635870875107879,0,1.0007313765660124,0,0.0,0,0.030042474347845093,0,0.0
TXN00007955,CUST000134,2025-04-18 19:30:57.003505,55.27,EUR,FR,FR,cajero,tablet,0,Normal,19,4,18,4,159.77609756097561,110.03255829249015,11.1,483.71,41,3,4,-0.9497743052870012,1,3,5,1,4,0.0,0,0,0.4641361960721438,0,1.0179607891672524,0,0.0,0,0.017927580951596158,0,0.0
TXN00002536,CUST000114,2025-06-18 03:00:57.003505,3301.41,EUR,ES,GB,app,pos,0,Normal,3,2,18,6,5335.650000000001,3328.235785762344,1233.85,12763.92,56,6,4,-0.6112066963797892,1,2,6,0,3,0.0,0,0,0.42888001287177285,0,0.990986752074982,0,0.0,0,0.008547094004945154,0,0.0
TXN00000914,CUST000127,2025-03-27 04:38:57.003505,6699.66,EUR,FR,GB,app,mobile,0,Normal,4,3,27,3,5175.683538461539,3408.1231986798057,1026.86,14073.5,65,6,4,0.4471600268680543,1,3,6,0,2,0.0,0,0,0.45769489225358534,0,1.0454296415694313,0,0.009313725490196078,0,0.011386140183744809,0,0.0
TXN00008906,CUST000180,2025-09-09 04:57:57.003505,2312.66,GBP,GB,FR,app,pos,0,Normal,4,1,9,9,934.9624,733.4398987565374,127.9,2829.87,50,5,4,1.8784055795946217,2,4,5,0,3,0.0,0,0,0.5092156545668284,0,1.1226185802483024,0,0.0,0,0.02275512349617313,0,0.0
TXN00001637,CUST000047,2025-01-22 01:12:57.003505,17814.87,EUR,ES,GB,cajero,tablet,0,Normal,1,2,22,1,14563.28859375,20712.60540698934,564.29,99973.8,64,9,4,0.156985629871353,1,2,6,1,4,0.0,0,0,0.5229554406999763,0,1.0127816023213543,0,0.15533297641778984,1,0.7003981501631056,0,0.0
TXN00001907,CUST000106,2025-11-17 06:04:57.003505,355.48,EUR,FR,IT,sucursal,tablet,0,Normal,6,0,17,11,187.99303571428572,139.00723410762927,11.88,497.63,56,3,4,1.2048794737628872,1,3,8,2,4,0.0,0,0,0.4728036405757116,0,1.0606769298883045,0,0.0,0,0.0072751260319207966,0,0.0
TXN00003928,CUST000105,2025-11-08 20:07:57.003505,7807.44,USD,US,GB,sucursal,desktop,0,Normal,20,5,8,11,4980.748490566038,3710.328094247605,1074.39,14077.93,53,6,4,0.7618440840998795,3,6,6,2,1,0.0,0,0,0.5329759886217517,0,1.0115561587942123,0,0.0,0,0.06830966392121662,0,0.0
TXN00007595,CUST000131,2025-07-01 20:50:57.003505,562.05,EUR,DE,GB,cajero,atm,0,Normal,20,1,1,7,890.2438181818181,592.6132155358536,134.89,2885.62,55,5,4,-0.5538077940621869,1,1,6,1,0,0.0,0,0,0.46303338789095844,0,1.0107147556584974,0,0.0,0,0.03729280731755103,0,0.0
TXN00005544,CUST000179,2025-05-29 04:34:57.003505,4983.4,EUR,DE,FR,app,atm,0,Normal,4,3,29,5,5704.412033898305,3719.034007330203,1121.58,14726.16,59,6,4,-0.19387078265036625,1,1,5,0,0,0.0,0,0,0.47784262649782444,0,1.00027737262125,0,0.006785714285714285,0,0.0063179870535245404,0,0.0
TXN00001753,CUST000154,2025-11-06 23:36:57.003505,4337.17,EUR,ES,FR,web,atm,0,Normal,23,3,6,11,5306.762553191489,3600.2821194151297,1232.6,14459.85,47,6,4,-0.2693101598048351,1,2,5,3,0,0.0,0,0,0.45310246852478475,0,1.017033361390211,0,0.0,0,0.012827035974981011,0,0.0
TXN00005707,CUST000132,2025-10-21 23:19:57.003505,5752.49,EUR,ES,DE,web,desktop,0,Normal,23,1,21,10,4842.353035714286,3440.9431400374256,1071.04,14203.76,56,6,4,0.2645021806467026,1,2,3,3,1,0.0,0,0,0.44972765400388515,0,1.0050033363685587,0,0.0,0,0.008298486945777363,0,0.0
TXN00003550,CUST000013,2025-06-03 22:11:57.003505,346.83,GBP,GB,FR,sucursal,tablet,0,Normal,22,1,3,6,2119.490634920635,8304.770612994731,104.65,66232.6,63,9,4,-0.21345088471600254,2,4,5,2,4,0.0,0,0,0.5028290051651529,0,1.1340670759900024,0,0.05235528878681005,0,0.45977248309626056,0,0.0
TXN00000322,CUST000147,2025-06-05 08:23:57.003505,11148.67,EUR,US,FR,web,mobile,0,Normal,8,3,5,6,5159.978620689655,3565.2608325444103,1101.13,13831.0,58,6,4,1.6797344314796394,1,6,5,3,2,0.0,0,0,0.489579241575583,0,1.0770861374079637,0,0.0,0,0.038262276205426486,0,0.0
TXN00009059,CUST000181,2025-01-18 18:59:57.003505,775.86,EUR,IT,GB,app,tablet,0,Normal,18,5,18,1,859.3886956521739,767.5902422592371,109.88,2932.89,46,5,4,-0.10881938167622568,1,5,6,0,4,0.0,0,0,0.47589103323887155,0,1.0264566369892987,0,0.0,0,0.024152219207160323,0,0.0
TXN00006661,CUST000049,2025-08-29 06:43:57.003505,563.08,EUR,ES,ES,cajero,mobile,0,Normal,6,4,29,8,15183.687118644068,29088.486775127054,121.09,99885.0,59,10,4,-0.5026252218332379,1,2,4,1,2,0.0,0,0,0.513810742082328,0,0.9993676859407448,0,0.03489055930519345,0,0.1474867890242314,0,0.0
TXN00004679,CUST000021,2025-10-29 21:02:57.107482,796.11,EUR,FR,KP,app,mobile,1,Fraude,21,2,29,10,2655.973768115942,10838.616564582062,16.24,71242.61,69,5,4,-0.17159604796998948,1,3,9,0,2,1.0,1,0,0.48692235642590437,0,1.071276993354233,1,0.6389452501718877,0,0.34296568670531524,1,1.0
TXN00004432,CUST000178,2025-12-23 04:51:57.003505,150.59,EUR,ES,FR,cajero,mobile,0,Normal,4,1,23,12,161.7709523809524,128.74485480241623,12.77,487.7,42,3,4,-0.08684581850875436,1,2,5,1,2,0.0,0,0,0.45904033008807926,0,1.0012395164068972,0,0.0,0,0.01162361182936968,0,0.0
TXN00005701,CUST000154,2025-04-30 19:25:57.003505,2556.45,EUR,ES,DE,app,tablet,0,Normal,19,2,30,4,5306.762553191489,3600.2821194151297,1232.6,14459.85,47,6,4,-0.7639158435934919,1,2,3,0,4,0.0,0,0,0.47751740360669914,0,1.0243653655266072,0,0.0,0,0.004493622386674824,0,0.0
TXN00001692,CUST000026,2025-08-22 03:06:57.003505,85.18,EUR,FR,ES,sucursal,atm,0,Normal,3,4,22,8,7883.520307692308,20808.794176314088,16.14,93951.45,65,7,4,-0.3747617589583408,1,3,4,2,0,0.0,0,0,0.47681579422878545,0,0.9990259425239355,0,0.01820470896010464,0,0.28548428643421087,0,0.0
TXN00004709,CUST000183,2025-05-10 23:09:57.003505,73.24,EUR,IT,FR,web,tablet,0,Normal,23,5,10,5,130.27577777777776,87.83114664174686,10.48,389.78,45,3,4,-0.6493798533798072,1,5,5,3,4,0.0,0,0,0.4886851330187566,0,1.024942164003483,0,0.0,0,0.012970873806993985,0,0.0
TXN00009032,CUST000037,2025-08-30 04:16:57.107482,49404.62,EUR,ES,IT,app,pos,1,Fraude,4,5,30,8,3344.5771604938273,14448.411660449672,10.52,94457.02,81,9,4,3.1878966296621125,1,2,8,0,3,1.0,1,1,0.6045848256372252,0,1.1027958826764013,1,0.9149895577486656,1,0.9999999467356879,1,1.0
TXN00009322,CUST000025,2025-06-16 06:58:57.003505,440.38,EUR,ES,FR,sucursal,atm,0,Normal,6,0,16,6,4343.914923076923,14920.775001268592,113.57,85819.96,65,10,4,-0.2616174375984772,1,2,5,2,0,0.0,0,0,0.4594757496033848,0,0.9785191778986434,0,0.0,1,0.6446474180433642,0,0.0
TXN00002858,CUST000059,2025-04-09 21:27:57.003505,58.12,EUR,FR,IT,cajero,tablet,0,Normal,21,2,9,4,141.4556862745098,127.69645729236034,11.48,485.42,51,3,4,-0.6526076555992899,1,3,8,1,4,0.0,0,0,0.46200958311598017,0,1.0128977321675223,0,0.0,0,0.027929526852445718,0,0.0
TXN00000142,CUST000168,2025-04-28 18:36:57.003505,481.4,EUR,IT,FR,web,atm,0,Normal,18,0,28,4,805.7724074074074,573.1593417914204,118.62,2763.92,54,5,4,-0.5659375730100424,1,5,5,3,0,0.0,0,0,0.4793119764182774,0,1.0690970005647131,0,0.0,0,0.009764076271909807,0,0.0
TXN00003195,CUST000167,2025-01-26 07:44:57.003505,3279.84,CHF,US,ES,sucursal,tablet,0,Normal,7,6,26,1,5069.928793103448,3997.779061335983,1022.26,14648.94,58,6,4,-0.4477708160434115,0,6,4,2,4,0.0,0,0,0.524470282971333,0,1.0912805069806302,0,0.0,0,0.003037887609442885,0,0.0
TXN00001542,CUST000113,2025-04-01 04:26:57.003505,5723.43,USD,CH,DE,sucursal,pos,0,Normal,4,1,1,4,5951.366734693877,5946.201402798187,518.29,22408.12,49,6,4,-0.038333167549333344,3,0,3,2,3,0.0,0,0,0.5178679597155815,0,1.0367816054263104,0,0.0,0,0.04362921739943445,0,0.0
TXN00001339,CUST000058,2025-04-10 18:22:57.003505,11540.88,EUR,FR,FR,app,tablet,0,Normal,18,3,10,4,5591.0198,3793.973079900562,1030.04,14421.18,50,6,4,1.568239961941876,1,3,5,0,4,0.0,0,0,0.4750719622526939,0,1.0213924595754682,0,0.0,0,0.06423595468373439,0,0.0
TXN00003127,CUST000099,2025-09-21 05:11:57.003505,69.57,EUR,IT,ES,cajero,tablet,0,Normal,5,6,21,9,135.7517777777778,119.34773310276017,10.87,491.1,45,3,4,-0.5545289843608954,1,5,4,1,4,0.0,0,0,0.47463596201274505,0,1.0249734519106188,0,0.0,0,0.010637249713058149,0,0.0
TXN00003895,CUST000050,2025-03-29 09:28:57.003505,7571.12,EUR,FR,GB,app,pos,0,Normal,9,5,29,3,5331.105348837209,3804.6606136073424,1083.57,14257.64,43,6,4,0.5887554444574211,1,3,6,0,3,0.0,0,0,0.47136301150281684,0,1.0481808588203299,0,0.009693877551020408,0,0.02231583232860182,0,0.0
TXN00007219,CUST000045,2025-10-24 23:11:57.107482,2796.95,GBP,GB,YE,sucursal,atm,1,Fraude,23,4,24,10,6149.803333333333,15824.94547276264,125.29,85657.33,60,9,4,-0.2118713987920072,2,4,15,2,0,1.0,1,0,0.5315570747075482,0,1.1506930104985824,0,0.49271883135256067,1,0.8752379710999736,1,1.0
TXN00000551,CUST000003,2025-02-12 22:08:57.003505,42.98,EUR,ES,IT,app,tablet,0,Normal,22,2,12,2,8320.49358490566,25653.022108616926,14.93,99303.62,53,6,4,-0.3226720637254878,1,2,8,0,4,0.0,0,0,0.5084279948221027,0,1.0731134318805593,0,0.07594695122074763,1,0.8942005101702319,0,0.0
TXN00006551,CUST000067,2025-10-27 05:43:57.003505,7536.28,EUR,DE,CH,sucursal,mobile,0,Normal,5,0,27,10,8442.174444444445,6077.338718064163,531.49,24134.52,54,6,4,-0.1490610423938888,1,1,1,2,2,0.0,0,0,0.47993492745479394,0,1.0586522956433575,0,0.0,0,0.0025966806338801104,0,0.0
TXN00001078,CUST000108,2025-09-15 07:45:57.003505,148.0,EUR,ES,FR,app,tablet,0,Normal,7,0,15,9,161.04898305084745,113.9917943612899,19.95,497.52,59,3,4,-0.11447300228485317,1,2,5,0,4,0.0,0,0,0.47221794355524643,0,1.0177050822373837,0,0.0,0,0.012106854648400141,0,0.0
TXN00000293,CUST000145,2025-01-23 01:05:57.003505,2413.72,EUR,DE,DE,app,atm,0,Normal,1,3,23,1,825.7344444444445,658.4965368085764,114.16,2750.31,45,5,4,2.4115321256513265,1,1,3,0,0,0.0,0,0,0.5103717276043845,0,1.0832816794799671,0,0.008837209302325582,0,0.005945840997051899,0,0.0
TXN00005812,CUST000137,2025-01-19 20:41:57.003505,2309.59,EUR,FR,IT,app,pos,0,Normal,20,6,19,1,911.4923636363636,700.4321115012415,100.69,2786.35,55,5,4,1.996050168760871,1,3,8,0,3,0.0,0,0,0.5030337037488298,0,1.1104806325877417,0,0.0,0,0.01397262766600404,0,0.0
TXN00001810,CUST000184,2025-06-04 01:35:57.003505,17.21,EUR,FR,FR,sucursal,pos,0,Normal,1,2,4,6,141.98777777777778,127.80667248159469,12.93,486.33,54,3,4,-0.9763009581479084,1,3,5,2,3,0.0,0,0,0.44992499295455246,0,0.9899993741425307,0,0.0,0,0.01738932568215701,0,0.0
TXN00004081,CUST000112,2025-11-23 20:26:57.003505,7698.75,CHF,US,FR,web,mobile,0,Normal,20,6,23,11,7212.2430952380955,6561.998481108902,680.3,24787.28,42,6,4,0.0741400514017721,0,6,5,3,2,0.0,0,0,0.5342938496985465,0,1.1297148213781858,0,0.0,0,0.013391506226001881,0,0.0
TXN00005224,CUST000117,2026-01-05 19:22:57.003505,3809.45,EUR,ES,US,web,desktop,0,Normal,19,0,5,1,4614.202641509434,3046.091732833902,1227.93,13885.08,53,6,4,-0.26419186020263047,1,2,14,3,1,0.0,0,0,0.512611895126205,0,1.0411868516670286,0,0.01,0,0.04229444970784345,0,0.0
TXN00006871,CUST000101,2025-04-11 02:36:57.003505,131.14,EUR,FR,IT,cajero,tablet,0,Normal,2,4,11,4,125.60097560975608,111.09659308018581,10.12,468.78,41,3,4,0.04985773358853852,1,3,8,1,4,0.0,0,0,0.4629695573509876,0,1.0562316349892247,0,0.0,0,0.019818757322736462,0,0.0
TXN00001611,CUST000095,2025-11-11 07:49:57.003505,26.19,EUR,IT,ES,cajero,tablet,0,Normal,7,1,11,11,175.85649999999998,142.59839717673157,10.78,490.31,60,3,4,-1.0495664882189522,1,5,4,1,4,0.0,0,0,0.4849254615627515,0,1.0889977266775337,0,0.0,0,0.015426881684396107,0,0.0
TXN00003158,CUST000015,2025-08-25 06:44:57.003505,13887.67,EUR,FR,IT,cajero,mobile,0,Normal,6,0,25,8,16429.753191489363,24433.972081401258,1004.49,91371.5,47,12,4,-0.10403888417799724,1,3,8,1,2,0.0,0,0,0.5456365736342361,0,1.0453611752597798,0,0.35115966443796837,1,0.8137985112262696,0,0.0
TXN00003117,CUST000036,2025-03-10 18:35:57.003505,9397.46,EUR,FR,US,cajero,desktop,0,Normal,18,0,10,3,9097.943035714286,14723.247345472018,1593.82,84621.7,56,7,4,0.02034313200324539,1,3,14,1,1,0.0,0,0,0.5031528456265947,0,1.0474324490855937,1,0.5824406284282356,1,0.7192207961288829,0,0.0
TXN00006299,CUST000089,2026-01-02 22:41:57.003505,147.78,EUR,ES,IT,cajero,pos,0,Normal,22,4,2,1,167.74181818181816,126.83528642226571,11.15,491.57,55,3,4,-0.15738378953926585,1,2,8,1,3,0.0,0,0,0.46577239964235445,0,1.0746356727951722,0,0.009500000000000001,0,0.022653536930954808,0,0.0
TXN00008454,CUST000154,2025-07-28 18:06:57.003505,4991.17,EUR,ES,US,cajero,tablet,0,Normal,18,0,28,7,5306.762553191489,3600.2821194151297,1232.6,14459.85,47,6,4,-0.08765772865463659,1,2,14,1,4,0.0,0,0,0.4863314708317349,0,1.025473543707054,0,0.009047619047619047,0,0.039429689094097865,0,0.0
TXN00005596,CUST000153,2026-01-12 03:20:57.003505,751.7,EUR,ES,IT,sucursal,atm,0,Normal,3,0,12,1,824.5297916666667,674.6234349951362,103.35,2648.6,48,5,4,-0.10795621346779263,1,2,8,2,0,0.0,0,0,0.45643537258349964,0,1.0030660658969333,0,0.0,0,0.026149942011386887,0,0.0
TXN00002965,CUST000133,2025-09-15 04:54:57.003505,156.36,EUR,IT,FR,cajero,desktop,0,Normal,4,0,15,9,145.8703846153846,109.73602561372553,11.7,462.02,52,3,4,0.09558953160878697,1,5,5,1,1,0.0,0,0,0.47095685370213847,0,1.0047700334339964,0,0.0,0,0.010771289552524427,0,0.0
TXN00006073,CUST000086,2025-01-24 00:04:57.003505,5166.93,EUR,ES,US,sucursal,mobile,0,Normal,0,4,24,1,5910.098163265306,4295.407110007479,1124.83,14315.23,49,6,4,-0.17301460468341887,1,2,14,2,2,0.0,0,0,0.4738887960671057,0,0.9683473686092864,0,0.0,0,0.024930649691078156,0,0.0
TXN00009742,CUST000038,2025-11-22 18:04:57.003505,723.08,EUR,ES,IT,app,mobile,0,Normal,18,5,22,11,7141.748709677419,18776.16760796677,143.24,94991.86,62,10,4,-0.34185190734088416,1,2,8,0,2,0.0,0,0,0.48275295296809706,0,1.0111459078416107,0,0.046909015642172876,1,0.7405805986684828,0,0.0
TXN00000683,CUST000059,2025-12-18 21:28:57.003505,123.2,EUR,FR,FR,app,mobile,0,Normal,21,3,18,12,141.4556862745098,127.69645729236034,11.48,485.42,51,3,4,-0.14296157088956604,1,3,5,0,2,0.0,0,0,0.45207393842698523,0,0.9839101713085,0,0.009500000000000001,0,0.015052226674742077,0,0.0
TXN00001442,CUST000178,2025-05-02 07:51:57.003505,289.9,EUR,ES,IT,web,pos,0,Normal,7,4,2,5,161.7709523809524,128.74485480241623,12.77,487.7,42,3,4,0.9952168327073687,1,2,8,3,3,0.0,0,0,0.4877714247540112,0,1.0746117639270842,0,0.0,0,0.011679914016109579,0,0.0
TXN00008693,CUST000054,2025-02-27 05:33:57.003505,1560.89,EUR,GB,DE,sucursal,mobile,0,Normal,5,3,27,2,796.5148076923076,585.8445766532963,106.32,2706.89,52,5,4,1.3047405770478104,1,4,3,2,2,0.0,0,0,0.4657538734105034,0,1.0116640141204467,0,0.0,0,0.004199146262770036,0,0.0
TXN00004670,CUST000095,2025-10-06 23:32:57.003505,341.64,EUR,IT,ES,app,pos,0,Normal,23,0,6,10,175.85649999999998,142.59839717673157,10.78,490.31,60,3,4,1.1625901982049869,1,5,4,0,3,0.0,0,0,0.5278429618311903,0,1.1540294245329394,0,0.0,0,0.008462282454003578,0,0.0
TXN00003743,CUST000078,2025-05-20 03:54:57.003505,4727.78,EUR,DE,CH,cajero,pos,0,Normal,3,1,20,5,8590.456956521739,6556.444835127875,848.73,24850.13,46,6,4,-0.5891419897620873,1,1,1,1,3,0.0,0,0,0.4616927456229754,0,1.0433680359067707,0,0.0,0,0.0020171241345625147,0,0.0
TXN00006434,CUST000125,2025-10-27 22:27:57.003505,11028.54,CHF,US,ES,sucursal,pos,0,Normal,22,0,27,10,8174.718545454546,5978.903488843214,693.97,24865.54,55,6,4,0.47731518988280086,0,6,4,2,3,0.0,0,0,0.5367799349625754,0,1.0914735351749516,0,0.0,0,0.010031795107349906,0,0.0
TXN00008605,CUST000164,2025-04-05 02:54:57.003505,2078.94,GBP,US,US,web,mobile,0,Normal,2,5,5,4,5759.409827586207,3931.2540620704726,1054.44,14842.44,58,6,4,-0.9362075735984378,2,6,14,3,2,0.0,0,0,0.5386983605630279,0,1.0728966178692507,0,0.0,0,0.021133276805355004,0,0.0
TXN00002155,CUST000100,2025-01-28 08:25:57.003505,3297.8,CHF,GB,US,sucursal,mobile,0,Normal,8,1,28,1,5226.1033333333335,3597.2253919944915,1045.25,14117.6,48,6,4,-0.5360529637894409,0,4,14,2,2,0.0,0,0,0.510032660246632,0,1.0955522034848793,0,0.0,0,0.014640616353940226,0,0.0
TXN00003094,CUST000038,2025-03-21 04:56:57.003505,1065.25,EUR,ES,FR,cajero,atm,0,Normal,4,4,21,3,7141.748709677419,18776.16760796677,143.24,94991.86,62,10,4,-0.32362827368325786,1,2,5,1,0,0.0,0,0,0.48288254915720025,0,0.969542030403552,0,0.056693507516772434,1,0.5772889105960535,0,0.0
TXN00003605,CUST000017,2025-08-05 05:51:57.003505,11066.02,EUR,FR,GB,app,atm,0,Normal,5,1,5,8,15977.346615384617,23735.85855892997,1012.73,95316.24,65,9,4,-0.20691590333604964,1,3,6,0,0,0.0,0,0,0.5249019405352902,0,1.0121006112817759,0,0.24564446637157475,0,0.4449377459605661,0,0.0
TXN00002864,CUST000187,2025-07-21 21:46:57.003505,3119.46,EUR,GB,US,sucursal,tablet,0,Normal,21,0,21,7,4876.589272727273,3027.9590817394396,1272.52,14739.26,55,6,4,-0.5803015247939124,1,4,14,2,4,0.0,0,0,0.4886000551635954,0,0.9945320827730629,0,0.0,0,0.025499076605470357,0,0.0
TXN00009222,CUST000046,2025-04-25 21:01:57.003505,7779.59,EUR,GB,CH,app,pos,0,Normal,21,4,25,4,14390.02703125,20397.40065692597,666.14,92261.44,64,10,4,-0.3240823251016219,1,4,1,0,3,0.0,0,0,0.5273454792880123,0,1.0283146832355996,0,0.03862630579297246,0,0.06004249912481036,0,0.0
TXN00005678,CUST000188,2025-06-29 08:29:57.003505,9144.72,EUR,IT,IT,web,desktop,0,Normal,8,6,29,6,4936.442647058823,3552.9495258458055,1054.79,14763.77,34,6,4,1.1844461400714437,1,5,8,3,1,0.0,0,0,0.522375854379229,1,1.2262412987823443,0,0.0,0,0.03431606544540474,0,0.0
TXN00008277,CUST000185,2025-09-08 21:05:57.003505,855.43,GBP,GB,DE,web,mobile,0,Normal,21,0,8,9,845.7542857142857,659.7552020194057,107.93,2962.75,49,5,4,0.01466561270215494,2,4,3,3,2,0.0,0,0,0.4876282607157083,0,1.0942467479506306,0,0.0,0,0.01871359821486471,0,0.0
TXN00006218,CUST000175,2025-04-07 00:12:57.003505,4278.9,USD,CH,GB,sucursal,tablet,0,Normal,0,0,7,4,7860.104426229508,5731.840249814343,861.98,23359.66,61,6,4,-0.6247913880224966,3,0,6,2,4,0.0,0,0,0.5391026541656583,0,1.0736632985097714,0,0.0,0,0.007445586107858154,0,0.0
TXN00002421,CUST000043,2025-04-26 21:26:57.107482,37368.43,EUR,CH,KP,app,tablet,1,Fraude,21,5,26,4,14802.66984375,19505.427795265667,654.06,90854.63,64,10,4,1.156896449129418,1,0,9,0,4,1.0,1,1,0.5896625193618911,0,1.084464093687899,1,0.9111115650550805,1,0.9995101120182482,1,1.0
TXN00005263,CUST000168,2025-02-01 00:19:57.003505,616.78,EUR,IT,IT,app,mobile,0,Normal,0,5,1,2,805.7724074074074,573.1593417914204,118.62,2763.92,54,5,4,-0.3297379861016835,1,5,8,0,2,0.0,0,0,0.491252267331232,0,1.0624528813190692,0,0.0,0,0.04381112781902004,0,0.0
TXN00000711,CUST000080,2025-03-22 07:04:57.003505,326.87,EUR,ES,FR,web,tablet,0,Normal,7,5,22,3,146.3564,118.60946270815987,13.78,474.86,50,3,4,1.52191565796264,1,2,5,3,4,0.0,0,0,0.484210225908738,0,1.0519355797781857,0,0.0,0,0.002385431801663493,0,0.0
TXN00007279,CUST000022,2025-12-27 00:50:57.003505,2465.18,EUR,IT,US,app,desktop,0,Normal,0,5,27,12,10301.100588235295,13087.105408488525,1670.97,67315.05,51,12,4,-0.5987512397167695,1,5,14,0,1,0.0,0,1,0.5737372252851193,1,1.160971207913839,0,0.11796114539118023,0,0.15614074988980692,0,0.0
TXN00005435,CUST000156,2025-09-08 22:07:57.003505,114.42,EUR,FR,IT,cajero,mobile,0,Normal,22,0,8,9,105.78857142857143,88.03691067704752,12.77,375.54,56,3,4,0.09804329124006413,1,3,8,1,2,0.0,0,0,0.47025710785197344,0,1.008186827276336,0,0.0,0,0.02146401570564766,0,0.0
TXN00007771,CUST000087,2025-12-19 00:06:57.003505,276.32,EUR,ES,DE,web,mobile,0,Normal,0,4,19,12,1085.5852631578948,805.6519024148467,125.39,2969.7,57,5,4,-1.0044850135992138,1,2,3,3,2,0.0,0,0,0.46549810296583416,0,1.0010981246769233,0,0.0,0,0.008775510558267585,0,0.0
TXN00002169,CUST000084,2025-03-15 00:23:57.003505,116.02,EUR,ES,ES,web,mobile,0,Normal,0,5,15,3,147.96942857142858,102.41184253992486,13.22,384.01,70,3,4,-0.3119700560704507,1,2,4,3,2,0.0,0,0,0.47845216989395234,0,1.0621600300261307,0,0.0,0,0.0039396956326162216,0,0.0
TXN00003638,CUST000038,2025-03-16 21:27:57.003505,797.27,EUR,ES,IT,web,pos,0,Normal,21,6,16,3,7141.748709677419,18776.16760796677,143.24,94991.86,62,10,4,-0.3379006217779789,1,2,8,3,3,0.0,0,0,0.48791850773077183,0,1.0105641300057033,0,0.11271775696929051,1,0.6212512425199161,0,0.0
TXN00007874,CUST000116,2025-12-15 00:49:57.003505,4711.85,EUR,FR,FR,sucursal,mobile,0,Normal,0,0,15,12,5575.545263157895,3962.8441770423206,1145.06,14589.34,57,6,4,-0.21794832810826473,1,3,5,2,2,0.0,0,0,0.4384714208434042,0,0.9909830521253123,0,0.0,0,0.009356618407256172,0,0.0
TXN00004174,CUST000083,2026-01-03 02:06:57.003505,163.43,EUR,ES,ES,web,mobile,0,Normal,2,5,3,1,158.37742857142857,131.01619648393864,23.45,495.8,70,3,4,0.038564479244566977,1,2,4,3,2,0.0,0,0,0.4882230102120093,0,1.1445935891985046,0,0.009268292682926829,0,0.004705083979601576,0,0.0
TXN00002995,CUST000089,2025-11-11 07:11:57.003505,141.79,EUR,ES,ES,app,atm,0,Normal,7,1,11,11,167.74181818181816,126.83528642226571,11.15,491.57,55,3,4,-0.20461039438826054,1,2,4,0,0,0.0,0,0,0.4570480839460622,0,0.9991723154414993,0,0.0,0,0.014220462639443267,0,0.0
TXN00004407,CUST000037,2025-10-10 03:25:57.003505,106.34,EUR,ES,FR,sucursal,desktop,0,Normal,3,4,10,10,3344.5771604938273,14448.411660449672,10.52,94457.02,81,9,4,-0.2241240931094097,1,2,5,2,1,0.0,0,0,0.49399536799297866,0,1.0614454530565143,0,0.00826086956521739,1,0.6358907041390887,0,0.0
TXN00009379,CUST000115,2025-09-20 05:08:57.003505,12894.15,EUR,DE,CH,sucursal,mobile,0,Normal,5,5,20,9,6975.763859649122,5678.052922748995,582.15,24541.97,57,6,4,1.042326695405861,1,1,1,2,2,0.0,0,0,0.49191486592090816,0,1.0466764777077833,0,0.0,0,0.025678678987734276,0,0.0
TXN00001365,CUST000123,2025-06-11 22:46:57.003505,359.69,EUR,FR,FR,sucursal,tablet,0,Normal,22,2,11,6,860.7267272727273,600.9941789822697,130.73,2418.83,55,5,4,-0.8336798324528014,1,3,5,2,4,0.0,0,0,0.4427911022068223,0,0.9774423181924051,0,0.0,0,0.02043041795111934,0,0.0
TXN00002141,CUST000115,2025-03-22 05:09:57.003505,7655.63,EUR,DE,GB,app,desktop,0,Normal,5,5,22,3,6975.763859649122,5678.052922748995,582.15,24541.97,57,6,4,0.11973578786264442,1,1,6,0,1,0.0,0,0,0.4678081050311073,0,1.007194681267165,0,0.0,0,0.01702390790002463,0,0.0
TXN00006856,CUST000048,2026-01-04 14:52:57.107482,42961.02,EUR,FR,DE,web,pos,1,Fraude,14,6,4,1,14978.963214285715,24570.676906037716,1239.7,91202.35,56,8,4,1.138839474857913,1,3,3,3,3,1.0,1,1,0.5755521318140916,0,1.103041628644751,1,0.9468893585887446,1,0.9999704014750407,1,1.0
TXN00009273,CUST000011,2025-07-11 22:05:57.003505,575.9,EUR,ES,FR,app,tablet,0,Normal,22,4,11,7,5832.329,15831.358716522058,120.51,81442.3,60,11,4,-0.33202639734151274,1,2,5,0,4,0.0,0,0,0.47402061618486846,0,0.9968552715281188,0,0.0,1,0.702483801395619,0,0.0
TXN00008098,CUST000148,2025-10-25 05:12:57.003505,6765.13,EUR,ES,FR,web,pos,0,Normal,5,5,25,10,4870.1898,2933.4540342801783,1010.54,12132.54,50,6,4,0.6459757600459595,1,2,5,3,3,0.0,0,0,0.4539596861760892,0,1.0186745353715398,0,0.0,0,0.00842600656261158,0,0.0
TXN00004149,CUST000106,2025-01-28 03:35:57.003505,66.23,EUR,FR,ES,sucursal,pos,0,Normal,3,1,28,1,187.99303571428572,139.00723410762927,11.88,497.63,56,3,4,-0.8759474686336156,1,3,4,2,3,0.0,0,0,0.4690589038362918,0,1.044341922692103,0,0.0,0,0.00591242170031772,0,0.0
TXN00007486,CUST000114,2025-06-30 05:30:57.003505,8121.49,EUR,ES,FR,sucursal,tablet,0,Normal,5,0,30,6,5335.650000000001,3328.235785762344,1233.85,12763.92,56,6,4,0.8370320429460981,1,2,5,2,4,0.0,0,0,0.4760449115128269,0,1.043870020749215,0,0.0,0,0.009429743495496508,0,0.0
TXN00009759,CUST000128,2025-12-16 09:33:57.003505,2339.97,EUR,FR,IT,app,desktop,0,Normal,9,1,16,12,5858.723846153846,3432.153469589081,1187.74,13901.43,52,6,4,-1.0252320813468467,1,3,8,0,1,0.0,0,0,0.4572035174718135,0,1.0364691944755227,0,0.0,0,0.010202176170237715,0,0.0
TXN00002992,CUST000052,2025-11-06 03:26:57.003505,450.42,EUR,ES,FR,app,atm,0,Normal,3,3,6,11,177.9474,132.6302616653853,34.91,487.78,50,3,4,2.054377293117672,1,2,5,0,0,0.0,0,0,0.49707479675924804,0,1.0530678513245486,0,0.0,0,0.006796051829556079,0,0.0
TXN00001801,CUST000061,2025-10-31 01:03:57.003505,5237.31,EUR,IT,US,sucursal,tablet,0,Normal,1,4,31,10,4214.0417391304345,2941.5094806452344,1120.02,13214.78,46,6,4,0.347871821340258,1,5,14,2,4,0.0,0,0,0.5113663446676007,0,1.0861507726556805,0,0.028313725490196076,0,0.04134869982160822,0,0.0
TXN00002304,CUST000099,2025-10-17 23:49:57.003505,17.67,EUR,IT,FR,sucursal,desktop,0,Normal,23,4,17,10,135.7517777777778,119.34773310276017,10.87,491.1,45,3,4,-0.9893927074988087,1,5,5,2,1,0.0,0,0,0.4666071534740761,0,1.014330637583345,0,0.0,0,0.017515417788349714,0,0.0
TXN00004113,CUST000006,2025-11-23 05:23:57.003505,137.36,EUR,FR,ES,web,pos,0,Normal,5,6,23,11,5953.340833333334,18691.661854483864,13.39,88596.57,60,9,4,-0.311153758199783,1,3,4,3,3,0.0,0,0,0.4772620061815949,0,1.014195585431779,0,0.00987012987012987,1,0.5312875904367718,0,0.0
TXN00007520,CUST000040,2025-03-08 05:12:57.003505,59.2,EUR,IT,FR,cajero,mobile,0,Normal,5,5,8,3,3874.694230769231,15635.620503928736,12.24,90189.11,78,9,4,-0.2440257634525277,1,5,5,1,2,0.0,0,0,0.4929552199357646,0,1.0207980746448926,0,0.0,1,0.6958388376472111,0,0.0
TXN00005612,CUST000186,2025-08-26 05:10:57.003505,1656.8,EUR,IT,FR,web,mobile,0,Normal,5,1,26,8,4858.559038461539,3428.725794161738,1031.11,14581.66,52,6,4,-0.9338043429951526,1,5,5,3,2,0.0,0,0,0.44340044647366844,0,1.0158807495471383,0,0.0,0,0.003848451973745756,0,0.0
TXN00009749,CUST000004,2025-09-05 21:01:57.003505,608.6,EUR,DE,FR,app,mobile,0,Normal,21,4,5,9,14062.081549295775,19520.768114931096,601.38,95541.67,71,12,4,-0.6891881236126284,1,1,5,0,2,0.0,0,0,0.526671372318145,0,1.010745829165665,0,0.0,0,0.029538350705499723,0,0.0
TXN00004617,CUST000112,2025-11-02 01:53:57.003505,680.3,USD,US,DE,cajero,mobile,0,Normal,1,6,2,11,7212.2430952380955,6561.998481108902,680.3,24787.28,42,6,4,-0.9954197814960257,3,6,3,1,2,0.0,0,1,0.5617610379405414,0,1.0887947477166917,0,0.01,0,0.008618602190224162,0,0.0
TXN00004749,CUST000045,2025-09-13 06:47:57.003505,600.34,USD,GB,IT,sucursal,atm,0,Normal,6,5,13,9,6149.803333333333,15824.94547276264,125.29,85657.33,60,9,4,-0.35067819617667584,3,4,8,2,0,0.0,0,0,0.5087212691214719,0,1.06231692833306,0,0.033629550827423166,1,0.6531573168402982,0,0.0
TXN00004187,CUST000059,2025-06-04 05:44:57.003505,142.95,EUR,FR,ES,cajero,mobile,0,Normal,5,2,4,6,141.4556862745098,127.69645729236034,11.48,485.42,51,3,4,0.01170207651389186,1,3,4,1,2,0.0,0,0,0.43225246937992096,0,0.982730942961225,0,0.0,0,0.01238353384017075,0,0.0
TXN00005819,CUST000137,2025-06-29 05:29:57.003505,826.98,EUR,FR,IT,web,desktop,0,Normal,5,6,29,6,911.4923636363636,700.4321115012415,100.69,2786.35,55,5,4,-0.1206574657671964,1,3,8,3,1,0.0,0,0,0.4645104095184289,0,1.021613533171198,0,0.0,0,0.01074290577654687,0,0.0
TXN00000570,CUST000074,2025-01-20 09:04:57.003505,6481.57,EUR,IT,US,app,pos,0,Normal,9,0,20,1,5339.021777777778,3544.830265405901,1289.22,14680.96,45,6,4,0.3223139435052979,1,5,14,0,3,0.0,0,0,0.5131080593604722,0,1.0804563553300868,0,0.0,0,0.06918894823345278,0,0.0
TXN00006279,CUST000062,2025-10-03 22:35:57.003505,2169.25,EUR,IT,FR,web,tablet,0,Normal,22,4,3,10,897.1857692307692,674.5982232769489,119.34,2822.56,52,5,4,1.885661991080188,1,5,5,3,4,0.0,0,0,0.5031098085054286,0,1.1045849568715433,0,0.0,0,0.011133631406757218,0,0.0
TXN00006873,CUST000181,2025-07-12 01:34:57.003505,109.88,EUR,IT,GB,cajero,mobile,0,Normal,1,5,12,7,859.3886956521739,767.5902422592371,109.88,2932.89,46,5,4,-0.9764437500790945,1,5,6,1,2,0.0,0,0,0.45037443356437085,0,0.991424332954993,0,0.0,0,0.031068510787188745,0,0.0
TXN00009406,CUST000053,2025-01-31 19:42:57.003505,1873.44,EUR,FR,US,web,pos,0,Normal,19,4,31,1,5120.007843137255,3842.5661514010735,1060.21,14819.86,51,6,4,-0.8448957582964702,1,3,14,3,3,0.0,0,0,0.5094966333531794,0,1.0260438836143337,0,0.0061290322580645155,0,0.01188314127633167,0,0.0
TXN00001970,CUST000079,2025-11-22 05:32:57.003505,20297.72,EUR,FR,FR,sucursal,pos,0,Normal,5,5,22,11,8145.75744680851,6052.306858239896,540.85,22648.11,47,6,4,2.0078232706656984,1,3,5,2,3,0.0,0,0,0.48728818965639553,0,1.0174632452210701,0,0.009743589743589744,0,0.19658163752646493,0,0.0
TXN00007153,CUST000010,2025-06-21 03:06:57.003505,1129.33,EUR,FR,ES,sucursal,mobile,0,Normal,3,5,21,6,2649.5095,9608.349775436482,124.77,72985.19,60,8,4,-0.15821442134924027,1,3,4,2,2,0.0,0,0,0.43684847565277013,0,0.9898276035176625,0,0.008444444444444442,0,0.23462618503363844,0,0.0
TXN00002077,CUST000028,2025-10-28 05:06:57.003505,145.85,EUR,ES,FR,app,desktop,0,Normal,5,1,28,10,4253.581489361702,17241.301652205857,19.11,90310.44,47,6,4,-0.23824949948589916,1,2,5,0,1,0.0,0,0,0.4702369829550125,0,1.0765753375026665,0,0.0,1,0.7012653000222029,0,0.0
TXN00000167,CUST000047,2025-11-10 21:04:57.003505,1998.29,EUR,ES,GB,app,tablet,0,Normal,21,0,10,11,14563.28859375,20712.60540698934,564.29,99973.8,64,9,4,-0.6066353481973534,1,2,6,0,4,0.0,0,0,0.5175597592735824,0,1.027160224585899,0,0.0,0,0.028714326949772735,0,0.0
TXN00003183,CUST000046,2025-07-09 17:42:57.003505,4852.23,CHF,GB,DE,web,tablet,0,Normal,17,2,9,7,14390.02703125,20397.40065692597,666.14,92261.44,64,10,4,-0.46759865098516007,0,4,3,3,4,0.0,0,0,0.5350631763437804,0,1.0630717230013949,0,0.0,0,0.023263167197519023,0,0.0
TXN00002118,CUST000148,2025-11-16 07:29:57.003505,5015.4,EUR,ES,GB,web,atm,0,Normal,7,6,16,11,4870.1898,2933.4540342801783,1010.54,12132.54,50,6,4,0.049501440368105276,1,2,6,3,0,0.0,0,0,0.45650143766288687,0,1.0277713000498794,0,0.0,0,0.00992007889529671,0,0.0
TXN00002294,CUST000186,2025-04-30 05:36:57.003505,3272.8,EUR,IT,FR,cajero,atm,0,Normal,5,2,30,4,4858.559038461539,3428.725794161738,1031.11,14581.66,52,6,4,-0.462492229824618,1,5,5,1,0,0.0,0,0,0.4573177964081276,0,1.0115870334245005,0,0.0,0,0.006384408369596668,0,0.0
TXN00003101,CUST000039,2025-11-20 19:02:57.003505,3438.31,EUR,DE,ES,sucursal,tablet,0,Normal,19,3,20,11,14481.797272727272,22909.14968209796,681.03,99400.06,44,9,4,-0.48205574739751245,1,1,4,2,4,0.0,0,0,0.5178788143169285,0,1.0595678141852694,0,0.0,0,0.06416409804600508,0,0.0
TXN00007107,CUST000075,2026-01-14 22:35:57.003505,4907.43,EUR,FR,CH,cajero,pos,0,Normal,22,2,14,1,8798.873684210526,6988.470284473828,1140.6,24612.74,57,6,4,-0.5568376948384893,1,3,1,1,3,0.0,0,0,0.48238431893741146,0,1.0517581322780951,0,0.0,0,0.0021169879746465313,0,0.0
TXN00001938,CUST000064,2025-05-14 05:37:57.003505,509.35,EUR,ES,ES,web,atm,0,Normal,5,2,14,5,729.9651020408163,552.4964489294722,103.76,2307.86,49,5,4,-0.39930591783708014,1,2,4,3,0,0.0,0,0,0.432141489593766,0,0.9806854439841244,0,0.0,0,0.012447803073906586,0,0.0
TXN00002748,CUST000109,2025-11-16 03:22:57.003505,7031.25,EUR,CH,DE,sucursal,desktop,0,Normal,3,6,16,11,7309.252040816326,6747.518800021043,807.42,24185.66,49,6,4,-0.04120063226415297,1,0,3,2,1,0.0,0,0,0.4904611999519995,0,1.0201834521204538,0,0.0,0,0.012841879440110773,0,0.0
TXN00001408,CUST000136,2025-02-18 22:36:57.003505,328.34,EUR,FR,FR,app,pos,0,Normal,22,1,18,2,156.8698245614035,118.19619667695422,10.52,475.76,57,3,4,1.450724970927128,1,3,5,0,3,0.0,0,0,0.4986020445821181,0,1.0234518787674585,0,0.0,0,0.00505941453842755,0,0.0
TXN00007876,CUST000112,2025-06-04 23:34:57.003505,2787.33,CHF,US,US,cajero,desktop,0,Normal,23,2,4,6,7212.2430952380955,6561.998481108902,680.3,24787.28,42,6,4,-0.6743240046919383,0,6,14,1,1,0.0,0,0,0.5531787370268905,0,1.0737715689283027,0,0.0,0,0.03587408864802652,0,0.0
TXN00006939,CUST000065,2025-10-24 00:26:57.003505,319.71,EUR,DE,ES,web,mobile,0,Normal,0,4,24,10,923.64,646.6474119934588,157.06,2903.34,38,5,4,-0.9339401780087367,1,1,4,3,2,0.0,0,0,0.4590754762943994,0,1.0399273702849177,0,0.0,0,0.012962522713993898,0,0.0
TXN00009623,CUST000037,2025-07-10 07:48:57.003505,135.66,EUR,ES,IT,web,tablet,0,Normal,7,3,10,7,3344.5771604938273,14448.411660449672,10.52,94457.02,81,9,4,-0.22209480430680523,1,2,8,3,4,0.0,0,0,0.4961943491203888,0,1.059311804594943,0,0.0,1,0.6884328333322838,0,0.0
TXN00001667,CUST000057,2025-01-29 02:24:57.003505,215.0,EUR,ES,IT,cajero,atm,0,Normal,2,2,29,1,180.91574074074074,140.8073723895602,11.53,490.57,54,3,4,0.24206302865235002,1,2,8,1,0,0.0,0,0,0.48858521215754364,0,1.0308083132137913,0,0.0,0,0.007901766462713069,0,0.0
TXN00003924,CUST000184,2025-08-27 03:22:57.003505,382.05,EUR,FR,IT,cajero,desktop,0,Normal,3,2,27,8,141.98777777777778,127.80667248159469,12.93,486.33,54,3,4,1.878323061563709,1,3,8,1,1,0.0,0,0,0.4870340549356504,0,1.0594119377326954,0,0.0,0,0.004472883973765186,0,0.0
TXN00002579,CUST000100,2026-01-08 06:40:57.003505,2964.31,CHF,GB,GB,cajero,tablet,0,Normal,6,3,8,1,5226.1033333333335,3597.2253919944915,1045.25,14117.6,48,6,4,-0.6287605268599852,0,4,6,1,4,0.0,0,0,0.47306706077212585,0,1.119640777360587,0,0.0,0,0.008280415487539359,0,0.0
TXN00003818,CUST000187,2025-12-09 21:38:57.003505,3797.31,GBP,GB,IT,cajero,desktop,0,Normal,21,1,9,12,4876.589272727273,3027.9590817394396,1272.52,14739.26,55,6,4,-0.35643786565003155,2,4,8,1,1,0.0,0,0,0.47882052568909167,0,1.1122791415952025,0,0.0,0,0.030364842734619334,0,0.0
TXN00003291,CUST000054,2025-06-08 19:39:57.003505,1906.59,EUR,GB,FR,sucursal,tablet,0,Normal,19,6,8,6,796.5148076923076,585.8445766532963,106.32,2706.89,52,5,4,1.8948288243176956,1,4,5,2,4,0.0,0,0,0.47475934399624337,0,1.0275906372527686,0,0.0,0,0.009374252998719627,0,0.0
TXN00003811,CUST000034,2025-07-17 02:54:57.003505,107.39,EUR,FR,IT,web,mobile,0,Normal,2,3,17,7,4461.999242424243,17455.08561943105,12.03,89753.64,66,6,4,-0.24947510067365145,1,3,8,3,2,0.0,0,0,0.4484810736041487,0,0.9843411091376499,0,0.0095,1,0.6152921649751862,0,0.0
TXN00000286,CUST000095,2025-02-23 23:08:57.003505,56.6,EUR,IT,IT,web,pos,0,Normal,23,6,23,2,175.85649999999998,142.59839717673157,10.78,490.31,60,3,4,-0.836310235772758,1,5,8,3,3,0.0,0,0,0.5180748052113116,0,1.1418402686948013,0,0.0,0,0.010108663071845369,0,0.0
TXN00009878,CUST000067,2025-09-25 21:56:57.003505,2937.95,EUR,DE,US,cajero,pos,0,Normal,21,3,25,9,8442.174444444445,6077.338718064163,531.49,24134.52,54,6,4,-0.9056965061332025,1,1,14,1,3,0.0,0,0,0.48453607566984563,0,0.9916307159968822,0,0.0,0,0.00724540098342467,0,0.0
TXN00008323,CUST000006,2025-06-30 05:55:57.003505,234.15,EUR,FR,ES,cajero,pos,0,Normal,5,0,30,6,5953.340833333334,18691.661854483864,13.39,88596.57,60,9,4,-0.30597551344293156,1,3,4,1,3,0.0,0,0,0.47784049450555904,0,1.0030028212480748,0,0.014265780730897008,1,0.5845672373165983,0,0.0
TXN00003220,CUST000054,2025-09-19 01:51:57.003505,508.66,EUR,GB,FR,app,desktop,0,Normal,1,4,19,9,796.5148076923076,585.8445766532963,106.32,2706.89,52,5,4,-0.4913501271025854,1,4,5,0,1,0.0,0,0,0.44650183976946156,0,0.9786379019718542,0,0.0,0,0.02132768811814263,0,0.0
TXN00001115,CUST000153,2025-08-17 23:18:57.003505,589.19,EUR,ES,GB,web,desktop,0,Normal,23,6,17,8,824.5297916666667,674.6234349951362,103.35,2648.6,48,5,4,-0.34884615492125204,1,2,6,3,1,0.0,0,0,0.44161406071321013,0,0.9924970850697388,0,0.0,0,0.016851959988879364,0,0.0
TXN00006275,CUST000157,2025-02-18 18:20:57.003505,4618.45,EUR,IT,DE,sucursal,desktop,0,Normal,18,1,18,2,4468.6006,3061.342828385575,1001.7,14281.22,50,6,4,0.04894891175258391,1,5,3,2,1,0.0,0,0,0.4628644235655639,0,1.0177410092058126,0,0.0,0,0.008756068128577751,0,0.0
TXN00000244,CUST000045,2025-05-03 05:28:57.003505,2444.32,GBP,GB,GB,cajero,desktop,0,Normal,5,5,3,5,6149.803333333333,15824.94547276264,125.29,85657.33,60,9,4,-0.23415457193687844,2,4,6,1,1,0.0,0,0,0.4835865606113394,0,1.091430943441121,0,0.13077075001802704,1,0.7358067983896529,0,0.0
TXN00000374,CUST000178,2025-05-26 06:37:57.003505,117.5,EUR,ES,IT,cajero,atm,0,Normal,6,0,26,5,161.7709523809524,128.74485480241623,12.77,487.7,42,3,4,-0.34386579646253745,1,2,8,1,0,0.0,0,0,0.47287098058375526,0,1.048134143412374,0,0.0,0,0.017259784532401706,0,0.0
TXN00008169,CUST000084,2025-07-08 21:46:57.003505,206.36,EUR,ES,ES,cajero,desktop,0,Normal,21,1,8,7,147.96942857142858,102.41184253992486,13.22,384.01,70,3,4,0.5701544802853598,1,2,4,1,1,0.0,0,0,0.4730358945772959,0,1.0831801105358188,0,0.0,0,0.006339413111580055,0,0.0
TXN00007310,CUST000105,2025-08-09 09:17:57.003505,1188.6,EUR,US,US,app,mobile,0,Normal,9,5,9,8,4980.748490566038,3710.328094247605,1074.39,14077.93,53,6,4,-1.0220520647279774,1,6,14,0,2,0.0,0,0,0.509673296142209,0,1.0851611418436349,0,0.0,0,0.03890938945347925,0,0.0
TXN00000630,CUST000076,2025-02-08 21:19:57.003505,95.31,EUR,ES,FR,sucursal,tablet,0,Normal,21,5,8,2,157.1376595744681,106.39921381723207,16.86,457.19,47,3,4,-0.581091314260852,1,2,5,2,4,0.0,0,0,0.4624717993005954,0,1.0034824394800512,0,0.0,0,0.014047496771681192,0,0.0
TXN00000864,CUST000051,2025-07-06 03:14:57.003505,553.25,EUR,DE,ES,app,atm,0,Normal,3,6,6,7,819.4428260869565,649.2779453436051,154.15,2996.29,46,5,4,-0.409982854932954,1,1,4,0,0,0.0,0,0,0.47345072523559595,0,1.0136609886414576,0,0.0,0,0.02817692944759352,0,0.0
TXN00002297,CUST000068,2025-02-21 18:13:57.003505,626.32,EUR,ES,GB,app,atm,0,Normal,18,4,21,2,759.856590909091,491.71454812415806,146.29,2320.43,44,5,4,-0.27157339791337537,1,2,6,0,0,0.0,0,0,0.4704623947458255,0,1.0068837218038933,0,0.0,0,0.02428293136318256,0,0.0
TXN00004353,CUST000178,2025-07-03 23:47:57.003505,36.23,EUR,ES,ES,sucursal,pos,0,Normal,23,3,3,7,161.7709523809524,128.74485480241623,12.77,487.7,42,3,4,-0.9751143189256367,1,2,4,2,3,0.0,0,0,0.46499273783365297,0,0.9942710749274133,0,0.0,0,0.022380549411282282,0,0.0
TXN00004088,CUST000127,2025-10-22 08:59:57.003505,4958.82,EUR,FR,GB,sucursal,desktop,0,Normal,8,2,22,10,5175.683538461539,3408.1231986798057,1026.86,14073.5,65,6,4,-0.06363136710606984,1,3,6,2,1,0.0,0,0,0.4310566732124356,0,1.0413475872819742,0,0.0,0,0.007799806579020453,0,0.0
TXN00004781,CUST000062,2025-02-28 18:36:57.003505,212.31,EUR,IT,DE,web,tablet,0,Normal,18,4,28,2,897.1857692307692,674.5982232769489,119.34,2822.56,52,5,4,-1.0152350607872354,1,5,3,3,4,0.0,0,0,0.485371389013946,0,1.093057297788635,0,0.0,0,0.00711352696192518,0,0.0
TXN00003090,CUST000007,2025-10-10 03:12:57.003505,6780.68,EUR,DE,DE,app,desktop,0,Normal,3,4,10,10,13983.354109589041,17914.50554094098,1084.09,95095.19,73,10,4,-0.4020582143741744,1,1,3,0,1,0.0,0,0,0.5232912499948346,0,1.0107796755525051,0,0.0,0,0.03733629913328725,0,0.0
TXN00003786,CUST000123,2025-12-20 06:25:57.003505,1672.08,EUR,FR,FR,web,desktop,0,Normal,6,5,20,12,860.7267272727273,600.9941789822697,130.73,2418.83,55,5,4,1.350018518900148,1,3,5,3,1,0.0,0,0,0.4674829217954715,0,1.0255109343377078,0,0.0,0,0.006455788581344195,0,0.0
TXN00006709,CUST000114,2025-11-13 22:21:57.003505,4100.88,EUR,ES,DE,cajero,desktop,0,Normal,22,3,13,11,5335.650000000001,3328.235785762344,1233.85,12763.92,56,6,4,-0.37099835441682016,1,2,3,1,1,0.0,0,0,0.42677195663669654,0,0.9840083079735317,0,0.0,0,0.00760155264710871,0,0.0
TXN00004433,CUST000175,2025-01-30 18:36:57.003505,5139.56,USD,CH,CH,web,atm,0,Normal,18,3,30,1,7860.104426229508,5731.840249814343,861.98,23359.66,61,6,4,-0.47463716837589637,3,0,1,3,0,0.0,0,1,0.5624937498742911,0,1.1356640599974175,0,0.0,0,0.0017826679409976751,0,0.0
TXN00003202,CUST000040,2025-12-01 14:23:57.107482,1459.64,EUR,IT,ES,web,tablet,1,Fraude,14,0,1,12,3874.694230769231,15635.620503928736,12.24,90189.11,78,9,4,-0.15445848343581542,1,5,4,3,4,1.0,1,0,0.5325287198969659,0,1.1262363025922908,1,0.6028255471920712,1,0.785288149009305,1,1.0
TXN00001332,CUST000178,2025-11-12 04:00:57.003505,487.7,EUR,ES,ES,app,desktop,0,Normal,4,2,12,11,161.7709523809524,128.74485480241623,12.77,487.7,42,3,4,2.5315888979614725,1,2,4,0,1,0.0,0,0,0.5134117571007141,0,1.0748513528470536,0,0.0,0,0.00463416255490744,0,0.0
TXN00000951,CUST000034,2025-10-13 20:37:57.003505,109.54,EUR,FR,ES,app,atm,0,Normal,20,0,13,10,4461.999242424243,17455.08561943105,12.03,89753.64,66,6,4,-0.24935192740216186,1,3,4,0,0,0.0,0,0,0.4809063910506922,0,1.032033287058208,0,0.028405940594059403,1,0.6922364011236815,0,0.0
TXN00003167,CUST000119,2025-10-12 23:58:57.003505,4047.3,USD,US,US,app,atm,0,Normal,23,6,12,10,5182.4826530612245,3810.198553881289,1035.0,14102.78,49,6,4,-0.29793267639738324,3,6,14,0,0,0.0,0,1,0.5637392772034189,0,1.122302822686085,0,0.0,0,0.12559319655593748,0,0.0
TXN00003464,CUST000014,2025-09-10 19:58:57.003505,833.52,EUR,IT,IT,web,mobile,0,Normal,19,2,10,9,6809.598301886793,18922.663397876047,109.06,89409.3,53,9,4,-0.3158159174485847,1,5,8,3,2,0.0,0,0,0.48374221890431657,0,1.0133315804187821,0,0.08075989687769025,1,0.7562548074886601,0,0.0
TXN00000470,CUST000033,2025-07-07 07:45:57.003505,6490.28,EUR,IT,DE,web,desktop,0,Normal,7,0,7,7,13515.900317460317,21277.432782527,1113.58,86099.77,63,10,4,-0.330191164927545,1,5,3,3,1,0.0,0,0,0.5247530976026461,0,1.026608819306469,0,0.02772504822229173,0,0.1504785368372888,0,0.0
TXN00005139,CUST000031,2025-12-01 19:30:57.003505,826.18,EUR,ES,CH,cajero,mobile,0,Normal,19,0,1,12,11309.0796,15599.351809179214,650.1,79046.03,50,9,4,-0.6720086659728693,1,2,1,1,2,0.0,0,0,0.5066915613055871,0,1.0881159516492676,0,0.08472742680496398,0,0.018116738901522475,0,0.0
TXN00000456,CUST000103,2025-04-19 19:33:57.003505,1775.68,EUR,ES,IT,cajero,tablet,0,Normal,19,5,19,4,5214.038510638298,3364.444087380351,1126.94,12261.04,47,6,4,-1.0219692823884998,1,2,8,1,4,0.0,0,0,0.44813682148275263,0,1.008963916070009,0,0.0,0,0.008929669835199121,0,0.0
TXN00004157,CUST000025,2025-11-04 04:29:57.003505,453.01,EUR,ES,DE,cajero,mobile,0,Normal,4,1,4,11,4343.914923076923,14920.775001268592,113.57,85819.96,65,10,4,-0.2607709668221215,1,2,3,1,2,0.0,0,0,0.46398202680700196,0,0.994428992190881,0,0.01,1,0.713213674677242,0,0.0
TXN00001839,CUST000179,2025-04-18 01:16:57.003505,2580.37,EUR,DE,FR,app,atm,0,Normal,1,4,18,4,5704.412033898305,3719.034007330203,1121.58,14726.16,59,6,4,-0.8400143765560666,1,1,5,0,0,0.0,0,0,0.47048731531621,0,1.0087513810369164,0,0.0,0,0.004959473641810038,0,0.0
TXN00008022,CUST000114,2025-12-06 21:55:57.003505,2582.35,EUR,ES,FR,cajero,tablet,0,Normal,21,5,6,12,5335.650000000001,3328.235785762344,1233.85,12763.92,56,6,4,-0.8272550914063598,1,2,5,1,4,0.0,0,0,0.45062902521379394,0,1.0289634859557861,0,0.0,0,0.00898584192257694,0,0.0
TXN00002713,CUST000127,2025-01-27 04:15:57.003505,3526.26,EUR,FR,DE,cajero,atm,0,Normal,4,0,27,1,5175.683538461539,3408.1231986798057,1026.86,14073.5,65,6,4,-0.48396828454338225,1,3,3,1,0,0.0,0,0,0.46744319126640727,0,1.0838165849935741,0,0.0,0,0.0032030136131354615,0,0.0
TXN00007404,CUST000106,2025-02-06 23:37:57.003505,95.59,EUR,FR,ES,sucursal,mobile,0,Normal,23,3,6,2,187.99303571428572,139.00723410762927,11.88,497.63,56,3,4,-0.664735440876446,1,3,4,2,2,0.0,0,0,0.45648965748491205,0,0.9974235635919546,0,0.0,0,0.011834015028398884,0,0.0
TXN00008365,CUST000170,2025-01-19 19:22:57.003505,11313.38,EUR,US,CH,cajero,atm,0,Normal,19,6,19,1,8912.418965517241,6940.298442880395,530.84,24700.95,58,6,4,0.34594492641736524,1,6,1,1,0,0.0,0,0,0.536895997659169,1,1.2298067871220384,0,0.0,0,0.00934263243521417,0,0.0
TXN00006576,CUST000007,2025-10-22 18:57:57.003505,2952.99,EUR,DE,GB,web,mobile,0,Normal,18,2,22,10,13983.354109589041,17914.50554094098,1084.09,95095.19,73,10,4,-0.6157224983835047,1,1,6,3,2,0.0,0,0,0.5008258348465111,0,1.0070358737259475,0,0.0,0,0.00751006767263388,0,0.0
TXN00002142,CUST000184,2025-05-14 07:25:57.003505,137.85,EUR,FR,IT,app,mobile,0,Normal,7,2,14,5,141.98777777777778,127.80667248159469,12.93,486.33,54,3,4,-0.03237528733876062,1,3,8,0,2,0.0,0,0,0.4516526435731924,0,1.0034407681600723,0,0.008636363636363636,0,0.019361654674105323,0,0.0
TXN00001318,CUST000019,2025-02-02 04:20:57.003505,15355.05,EUR,DE,US,sucursal,desktop,0,Normal,4,6,2,2,14691.315714285713,15933.619614941443,687.1,70887.77,56,11,4,0.041656215079355005,1,1,14,2,1,0.0,0,0,0.555181325298817,0,1.0707509935233595,0,0.42466812797059056,1,0.5508906764994036,0,0.0
TXN00000696,CUST000097,2025-08-29 01:48:57.003505,5899.83,USD,GB,FR,sucursal,desktop,0,Normal,1,4,29,8,6028.589047619047,4895.208384788782,512.34,20827.36,42,6,4,-0.026303077922657164,3,4,5,2,1,0.0,0,0,0.49168755661113045,0,0.9981335097049222,0,0.0,0,0.019282571493408368,0,0.0
TXN00001911,CUST000142,2025-10-06 05:08:57.003505,1371.05,EUR,DE,ES,app,desktop,0,Normal,5,0,6,10,6533.238913043478,5298.543436216841,666.85,19029.58,46,6,4,-0.9742656588949309,1,1,4,0,1,0.0,0,0,0.48619993780221626,0,1.05077244489039,0,0.0,0,0.0074557076990310845,0,0.0
TXN00006278,CUST000183,2025-11-04 02:21:57.003505,197.37,EUR,IT,IT,web,desktop,0,Normal,2,1,4,11,130.27577777777776,87.83114664174686,10.48,389.78,45,3,4,0.7639000972171268,1,5,8,3,1,0.0,0,0,0.501324994883798,0,1.1409604977460577,0,0.0,0,0.013728078259257355,0,0.0
TXN00000978,CUST000042,2025-09-09 22:06:57.003505,14987.04,EUR,ES,IT,web,pos,0,Normal,22,1,9,9,10704.279047619048,15707.05132958625,1001.04,76105.74,63,9,4,0.2726648600199808,1,2,8,3,3,0.0,0,0,0.4981975585790403,0,1.049559100128787,0,0.4646430351075404,1,0.7789843941540059,0,0.0
TXN00006352,CUST000145,2025-08-16 07:30:57.003505,314.72,EUR,DE,ES,sucursal,desktop,0,Normal,7,5,16,8,825.7344444444445,658.4965368085764,114.16,2750.31,45,5,4,-0.7760320899257263,1,1,4,2,1,0.0,0,0,0.4285744322232515,0,0.9990984321377787,0,0.0,0,0.01707243465821537,0,0.0
TXN00002951,CUST000071,2025-11-13 18:51:57.003505,11717.71,EUR,FR,GB,sucursal,desktop,0,Normal,18,3,13,11,8737.374901960784,6519.461954884734,915.99,24253.24,51,6,4,0.4571443346408429,1,3,6,2,1,0.0,0,0,0.45368627794856253,0,1.0176675550923506,0,0.0,0,0.030673648523490003,0,0.0
TXN00009981,CUST000126,2025-05-22 06:41:57.003505,2769.43,EUR,DE,GB,web,desktop,0,Normal,6,3,22,5,912.0479310344828,667.0118958084857,109.66,2772.03,58,5,4,2.7846310955662217,1,1,6,3,1,0.0,0,0,0.48193105403019976,0,1.039327466992244,0,0.0,0,0.004048374441202766,0,0.0
TXN00004622,CUST000059,2025-08-09 00:37:57.003505,12.39,EUR,FR,ES,app,mobile,0,Normal,0,5,9,8,141.4556862745098,127.69645729236034,11.48,485.42,51,3,4,-1.0107225212073983,1,3,4,0,2,0.0,0,0,0.45870412872706473,0,0.976705448577969,0,0.0,0,0.019981196278316495,0,0.0
TXN00006095,CUST000153,2025-05-02 07:47:57.003505,324.64,EUR,ES,GB,cajero,tablet,0,Normal,7,4,2,5,824.5297916666667,674.6234349951362,103.35,2648.6,48,5,4,-0.7409908476263946,1,2,6,1,4,0.0,0,0,0.4344572605552406,0,0.9793917541504344,0,0.0,0,0.03728445646551212,0,0.0
TXN00003648,CUST000138,2025-07-09 02:50:57.003505,4975.69,EUR,FR,GB,web,mobile,0,Normal,2,2,9,7,5327.873421052632,3712.6738556531113,1167.12,14039.05,38,6,4,-0.09485977886840762,1,3,6,3,2,0.0,0,0,0.4406299954993432,0,1.0241875127365812,0,0.0,0,0.015846411066984475,0,0.0
TXN00000159,CUST000174,2025-06-12 00:16:57.003505,181.12,EUR,IT,FR,app,desktop,0,Normal,0,3,12,6,953.0994444444445,735.2875712941743,105.45,2963.0,54,5,4,-1.0499013903305718,1,5,5,0,1,0.0,0,0,0.46539914474887084,0,1.0077407799011273,0,0.0,0,0.027269020162809375,0,0.0
TXN00007324,CUST000008,2025-08-08 02:57:57.107482,19278.2,EUR,IT,PK,app,pos,1,Fraude,2,4,8,8,12268.12043478261,18777.04859567871,1067.78,84173.34,46,9,4,0.37333234395832243,1,5,11,0,3,1.0,1,0,0.5606446760520972,0,1.1029654287866064,1,0.729395332930733,1,0.9844578152726515,1,1.0
TXN00007608,CUST000022,2026-01-04 04:52:57.003505,4330.75,EUR,IT,FR,sucursal,tablet,0,Normal,4,6,4,1,10301.100588235295,13087.105408488525,1670.97,67315.05,51,12,4,-0.4562010010178889,1,5,5,2,4,0.0,0,0,0.5410758522735183,0,1.1506961642549534,0,0.006551724137931034,0,0.08118720721219506,0,0.0
TXN00008885,CUST000142,2025-02-19 20:23:57.003505,1149.09,EUR,DE,ES,web,tablet,0,Normal,20,2,19,2,6533.238913043478,5298.543436216841,666.85,19029.58,46,6,4,-1.0161564167286703,1,1,4,3,4,0.0,0,0,0.4757482591278686,0,1.0546814836632268,0,0.0,0,0.0022682490095569463,0,0.0
TXN00001124,CUST000116,2025-10-27 07:50:57.003505,5133.17,EUR,FR,US,app,pos,0,Normal,7,0,27,10,5575.545263157895,3962.8441770423206,1145.06,14589.34,57,6,4,-0.11163074884676182,1,3,14,0,3,0.0,0,0,0.48909573604862816,0,1.017963267802489,0,0.0,0,0.04078830209081232,0,0.0
TXN00004505,CUST000115,2025-06-12 22:23:57.003505,2848.53,EUR,DE,ES,cajero,tablet,0,Normal,22,3,12,6,6975.763859649122,5678.052922748995,582.15,24541.97,57,6,4,-0.7268748486627477,1,1,4,1,4,0.0,0,0,0.45421235137266397,0,0.9996652463809254,0,0.0,0,0.004695279643603048,0,0.0
TXN00008148,CUST000095,2025-07-04 01:37:57.003505,107.89,EUR,IT,ES,app,mobile,0,Normal,1,4,4,7,175.85649999999998,142.59839717673157,10.78,490.31,60,3,4,-0.4766287761224683,1,5,4,0,2,0.0,0,0,0.47983893287947893,0,1.045843541826443,0,0.0,0,0.014973076406260383,0,0.0
TXN00004605,CUST000180,2025-05-06 00:43:57.003505,1163.37,GBP,GB,IT,cajero,tablet,0,Normal,0,1,6,5,934.9624,733.4398987565374,127.9,2829.87,50,5,4,0.31141965425635953,2,4,8,1,4,0.0,0,0,0.4907351829906311,0,1.1571946608490795,0,0.0,0,0.043380832769090785,0,0.0
TXN00005022,CUST000021,2025-05-19 03:52:57.003505,154.37,EUR,FR,IT,web,mobile,0,Normal,3,0,19,5,2655.973768115942,10838.616564582062,16.24,71242.61,69,5,4,-0.23080471137430625,1,3,8,3,2,0.0,0,0,0.4647996663541584,0,1.0242041900701024,0,0.0095,0,0.18911904207921243,0,0.0
TXN00002850,CUST000155,2025-11-20 20:46:57.003505,966.9,EUR,IT,IT,cajero,mobile,0,Normal,20,3,20,11,955.0666666666667,767.1100594112946,122.32,2967.61,45,5,4,0.015425861221255114,1,5,8,1,2,0.0,0,0,0.4417528246652944,0,0.9974460932326739,0,0.008735632183908043,0,0.032177988260831666,0,0.0
TXN00001736,CUST000154,2025-04-25 23:18:57.003505,2527.92,EUR,ES,ES,sucursal,desktop,0,Normal,23,4,25,4,5306.762553191489,3600.2821194151297,1232.6,14459.85,47,6,4,-0.771840222585411,1,2,4,2,1,0.0,0,0,0.44207647354622626,0,0.9778460032538584,0,0.0,0,0.004200849255561712,0,0.0
TXN00006258,CUST000175,2025-12-22 19:43:57.003505,861.98,GBP,CH,GB,web,mobile,0,Normal,19,0,22,12,7860.104426229508,5731.840249814343,861.98,23359.66,61,6,4,-1.2209210515305724,2,0,6,3,2,0.0,0,0,0.523746159539011,1,1.2468504913414047,0,0.0,0,0.0015519068365803536,0,0.0
TXN00003609,CUST000001,2025-10-08 20:06:57.003505,316.96,EUR,FR,IT,cajero,tablet,0,Normal,20,2,8,10,3927.4848484848485,13285.312321840493,105.88,98285.28,66,11,4,-0.2717681572511871,1,3,8,1,4,0.0,0,0,0.4739082123876243,0,1.014375172754773,0,0.02682813651436993,1,0.8079899487232514,0,0.0
TXN00000967,CUST000062,2025-07-04 22:52:57.003505,379.66,EUR,IT,ES,web,mobile,0,Normal,22,4,4,7,897.1857692307692,674.5982232769489,119.34,2822.56,52,5,4,-0.7671614756849768,1,5,4,3,2,0.0,0,0,0.4474997526473694,0,1.0196455049360047,0,0.0,0,0.01885324367044593,0,0.0
TXN00007345,CUST000071,2025-05-31 20:02:57.003505,16656.17,EUR,FR,CH,cajero,mobile,0,Normal,20,5,31,5,8737.374901960784,6519.461954884734,915.99,24253.24,51,6,4,1.2146393600612064,1,3,1,1,2,0.0,0,0,0.5251514138918273,0,1.1002551999071675,0,0.01,0,0.03273231314813954,0,0.0
TXN00004974,CUST000030,2026-01-06 20:24:57.003505,759.07,USD,GB,GB,sucursal,mobile,0,Normal,20,1,6,1,5147.489833333334,15805.705911525396,117.06,96740.03,60,7,4,-0.27764782273063077,3,4,6,2,2,0.0,0,0,0.5010606136997209,0,1.0649359061273853,0,0.03382147001934235,1,0.6741126857655512,0,0.0
TXN00006346,CUST000070,2025-08-08 19:43:57.003505,120.87,EUR,ES,IT,cajero,mobile,0,Normal,19,4,8,8,161.0876,115.33640442617927,12.75,451.5,50,3,4,-0.3486982263006381,1,2,8,1,2,0.0,0,0,0.44062960964258047,0,0.9929752617670289,0,0.0,0,0.026359847577300324,0,0.0
TXN00005324,CUST000000,2025-01-18 07:33:57.003505,224.68,EUR,DE,FR,app,tablet,0,Normal,7,5,18,1,4670.333709677419,14778.584927606773,159.16,93045.57,62,10,4,-0.3008172792695468,1,1,5,0,4,0.0,0,0,0.5022456629122842,0,1.0699954833881113,0,0.04653583708225417,1,0.5882158684897469,0,0.0
TXN00001756,CUST000172,2025-09-29 20:35:57.003505,718.04,EUR,FR,DE,web,tablet,0,Normal,20,0,29,9,1225.615576923077,816.7534839489807,107.05,2891.9,52,5,4,-0.6214550488937103,1,3,3,3,4,0.0,0,0,0.4847822578449917,0,1.0566906307756485,0,0.0,0,0.006999417771716126,0,0.0
TXN00004721,CUST000175,2025-04-28 05:56:57.003505,2771.64,USD,CH,FR,sucursal,tablet,0,Normal,5,0,28,4,7860.104426229508,5731.840249814343,861.98,23359.66,61,6,4,-0.8877540551669372,3,0,5,2,4,0.0,0,0,0.5346903826885011,0,1.0452641292064309,0,0.0,0,0.002286353642108287,0,0.0
TXN00006147,CUST000021,2025-10-01 04:22:57.003505,152.89,EUR,FR,FR,sucursal,tablet,0,Normal,4,2,1,10,2655.973768115942,10838.616564582062,16.24,71242.61,69,5,4,-0.23094126016640024,1,3,5,2,4,0.0,0,0,0.4737433767044758,0,1.01120225473867,0,0.042722899873518703,0,0.24682011308773588,0,0.0
TXN00007710,CUST000158,2025-05-11 01:59:57.003505,2217.64,USD,GB,DE,app,tablet,0,Normal,1,6,11,5,800.725,537.8160320696686,170.04,2304.86,44,5,4,2.63457188494872,3,4,3,0,4,0.0,0,0,0.5556184370704714,1,1.2312986065055536,0,0.0,0,0.012881798480624172,0,0.0
TXN00001354,CUST000055,2025-12-25 02:05:57.003505,2543.66,CHF,CH,GB,sucursal,tablet,0,Normal,2,3,25,12,7358.3737037037035,4642.129487846006,544.87,19628.1,54,6,4,-1.0371778114489005,0,0,6,2,4,0.0,0,0,0.5132150492731359,1,1.2497603105403026,0,0.0,0,0.0013659531147598206,0,0.0
TXN00000535,CUST000142,2026-01-09 20:18:57.003505,13560.96,EUR,DE,ES,sucursal,mobile,0,Normal,20,4,9,1,6533.238913043478,5298.543436216841,666.85,19029.58,46,6,4,1.3263496223497913,1,1,4,2,2,0.0,0,0,0.4911784130521471,0,1.0553992847266225,0,0.0,0,0.084872153891901,0,0.0
TXN00006616,CUST000017,2025-12-06 21:09:57.003505,1324.0,EUR,FR,ES,web,tablet,0,Normal,21,5,6,12,15977.346615384617,23735.85855892997,1012.73,95316.24,65,9,4,-0.6173506038716406,1,3,4,3,4,0.0,0,0,0.5348069549896904,0,1.0596570474612181,0,0.044752897531583395,0,0.012243327319445938,0,0.0
TXN00002670,CUST000093,2025-11-16 06:05:57.003505,1664.71,EUR,FR,IT,app,atm,0,Normal,6,6,16,11,5332.117045454545,3968.6959699562376,1106.74,14810.24,44,6,4,-0.9240836466923673,1,3,8,0,0,0.0,0,0,0.4717298628906185,0,1.0479222703233453,0,0.0,0,0.0150814264536124,0,0.0
TXN00002652,CUST000005,2025-04-03 20:22:57.003505,128.02,CHF,GB,GB,sucursal,mobile,0,Normal,20,3,3,4,2003.046231884058,5943.958813233152,101.43,49162.75,69,9,4,-0.3154507442740349,0,4,6,2,2,0.0,0,0,0.5022959687647716,0,1.1217468230004526,0,0.047544202903540125,0,0.140577005047138,0,0.0
TXN00001215,CUST000186,2025-09-08 19:36:57.003505,4160.75,EUR,IT,DE,app,tablet,0,Normal,19,0,8,9,4858.559038461539,3428.725794161738,1031.11,14581.66,52,6,4,-0.2035184730858952,1,5,3,0,4,0.0,0,0,0.4819407314917904,0,1.0309016209745074,0,0.0,0,0.016324742870200342,0,0.0
TXN00001763,CUST000188,2025-06-01 01:11:57.003505,11248.45,EUR,IT,US,web,atm,0,Normal,1,6,1,6,4936.442647058823,3552.9495258458055,1054.79,14763.77,34,6,4,1.7765541855430678,1,5,14,3,0,0.0,0,1,0.5730390177251674,1,1.3041837454587049,0,0.0,0,0.24706236996926176,0,0.0
TXN00003814,CUST000184,2025-04-28 23:22:57.003505,62.71,EUR,FR,ES,web,pos,0,Normal,23,0,28,4,141.98777777777778,127.80667248159469,12.93,486.33,54,3,4,-0.6202945090280789,1,3,4,3,3,0.0,0,0,0.48537371010057584,0,1.0146716337806274,0,0.0,0,0.005646036165526581,0,0.0
TXN00001545,CUST000067,2025-04-29 05:06:57.003505,2721.76,EUR,DE,ES,web,atm,0,Normal,5,1,29,4,8442.174444444445,6077.338718064163,531.49,24134.52,54,6,4,-0.9412696426644653,1,1,4,3,0,0.0,0,0,0.5024571600112191,0,1.032121227777235,0,0.006785714285714285,0,0.0007530189084084675,0,0.0
TXN00007776,CUST000181,2025-12-16 21:49:57.003505,2932.89,EUR,IT,DE,app,atm,0,Normal,21,1,16,12,859.3886956521739,767.5902422592371,109.88,2932.89,46,5,4,2.7013127414746796,1,5,3,0,0,0.0,0,0,0.5207925962142086,0,1.076371088470631,0,0.0,0,0.01161594251192034,0,0.0
TXN00000122,CUST000115,2025-09-16 18:06:57.003505,2231.69,EUR,DE,GB,cajero,pos,0,Normal,18,1,16,9,6975.763859649122,5678.052922748995,582.15,24541.97,57,6,4,-0.835510680044313,1,1,6,1,3,0.0,0,0,0.45112204626759916,0,0.9899902109738674,0,0.0,0,0.005254916476894691,0,0.0
TXN00008476,CUST000105,2026-01-09 22:56:57.003505,12147.4,USD,US,FR,app,tablet,0,Normal,22,4,9,1,4980.748490566038,3710.328094247605,1074.39,14077.93,53,6,4,1.9315411805800702,3,6,5,0,4,0.0,0,1,0.5721603646099989,0,1.0932016252957006,0,0.0,0,0.15727793072592308,0,0.0
TXN00006008,CUST000148,2025-02-28 18:39:57.003505,3073.53,EUR,ES,FR,app,tablet,0,Normal,18,4,28,2,4870.1898,2933.4540342801783,1010.54,12132.54,50,6,4,-0.612472456834797,1,2,5,0,4,0.0,0,0,0.45962094616642213,0,1.010685424472681,0,0.0,0,0.006509395765923405,0,0.0
TXN00000742,CUST000156,2026-01-06 22:25:57.003505,102.58,EUR,FR,FR,sucursal,mobile,0,Normal,22,1,6,1,105.78857142857143,88.03691067704752,12.77,375.54,56,3,4,-0.03644575175855416,1,3,5,2,2,0.0,0,0,0.47156111359847747,0,1.021011807858901,0,0.0,0,0.010498129634777543,0,0.0
TXN00007621,CUST000083,2025-06-23 01:20:57.003505,88.97,EUR,ES,ES,web,desktop,0,Normal,1,0,23,6,158.37742857142857,131.01619648393864,23.45,495.8,70,3,4,-0.5297621966164701,1,2,4,3,1,0.0,0,0,0.481238244368243,0,1.0901440687542119,0,0.0,0,0.0041225404522353855,0,0.0
TXN00003551,CUST000083,2025-08-17 19:33:57.003505,416.72,EUR,ES,ES,app,pos,0,Normal,19,6,17,8,158.37742857142857,131.01619648393864,23.45,495.8,70,3,4,1.97183689032222,1,2,4,0,3,0.0,0,0,0.5285303043266545,0,1.1392730308239898,0,0.0,0,0.002671303756585818,0,0.0
TXN00009385,CUST000066,2025-05-27 08:23:57.003505,587.5,EUR,DE,ES,sucursal,desktop,0,Normal,8,1,27,5,951.3685964912281,717.5452787914169,125.37,2987.52,57,5,4,-0.5071019303436864,1,1,4,2,1,0.0,0,0,0.4373298335731429,0,0.9904572194498524,0,0.0,0,0.008599169398151084,0,0.0
TXN00001432,CUST000180,2025-03-30 23:42:57.003505,477.06,USD,GB,GB,sucursal,mobile,0,Normal,23,6,30,3,934.9624,733.4398987565374,127.9,2829.87,50,5,4,-0.6243216385582498,3,4,6,2,2,0.0,0,0,0.5248458117950798,0,1.0256353147169108,0,0.0,0,0.02241279333492957,0,0.0
TXN00008901,CUST000070,2025-02-13 22:40:57.003505,118.03,EUR,ES,ES,web,pos,0,Normal,22,3,13,2,161.0876,115.33640442617927,12.75,451.5,50,3,4,-0.3733218478666643,1,2,4,3,3,0.0,0,0,0.4515279091907594,0,0.9808624395122715,0,0.0,0,0.007647824683074411,0,0.0
TXN00003026,CUST000175,2025-08-10 17:18:57.003505,7784.53,GBP,CH,GB,cajero,tablet,0,Normal,17,6,10,8,7860.104426229508,5731.840249814343,861.98,23359.66,61,6,4,-0.013185019631133518,2,0,6,1,4,0.0,0,0,0.5167638005907722,0,1.1376372578275247,0,0.0,0,0.016552005307353308,0,0.0
TXN00008686,CUST000159,2025-06-25 02:54:57.003505,4146.39,GBP,GB,IT,cajero,atm,0,Normal,2,2,25,6,5364.320277777778,2907.7495496055617,1837.52,14914.47,36,6,4,-0.41885666443457414,2,4,8,1,0,0.0,0,0,0.49486510592653044,0,1.1290655221498815,0,0.0,0,0.016383115483479715,0,0.0
TXN00003029,CUST000181,2025-12-20 18:22:57.003505,224.82,EUR,IT,GB,app,tablet,0,Normal,18,5,20,12,859.3886956521739,767.5902422592371,109.88,2932.89,46,5,4,-0.8267023991312795,1,5,6,0,4,0.0,0,0,0.4778620677293775,0,1.0581971729953314,0,0.0,0,0.03424663520834872,0,0.0
TXN00009060,CUST000047,2025-04-03 03:59:57.003505,13148.08,EUR,ES,FR,sucursal,atm,0,Normal,3,3,3,4,14563.28859375,20712.60540698934,564.29,99973.8,64,9,4,-0.06832595735175452,1,2,5,2,0,0.0,0,0,0.5152481692037351,0,1.0166987039635695,0,0.15343079570059573,0,0.40580921732832914,0,0.0
TXN00001327,CUST000133,2025-07-09 04:16:57.003505,307.85,EUR,IT,IT,web,desktop,0,Normal,4,2,9,7,145.8703846153846,109.73602561372553,11.7,462.02,52,3,4,1.4760842030009804,1,5,8,3,1,0.0,0,0,0.494844836359796,0,1.05233313954338,0,0.0,0,0.006575175609561943,0,0.0
TXN00002817,CUST000143,2025-03-27 20:06:57.003505,2059.99,EUR,ES,FR,web,desktop,0,Normal,20,3,27,3,5239.2824390243895,3581.701917241844,1357.73,14883.52,41,6,4,-0.8876485289945665,1,2,5,3,1,0.0,0,0,0.45871434632054836,0,1.0355022564085237,0,0.0,0,0.003981542838027387,0,0.0
TXN00003564,CUST000011,2025-08-02 20:58:57.003505,2116.05,EUR,ES,ES,cajero,atm,0,Normal,20,5,2,8,5832.329,15831.358716522058,120.51,81442.3,60,11,4,-0.2347416331288636,1,2,4,1,0,0.0,0,0,0.4812333887357275,0,1.0207213548131837,0,0.07711856484958624,1,0.7899058056062532,0,0.0
TXN00009651,CUST000098,2025-06-11 02:43:57.003505,675.16,EUR,IT,IT,app,pos,0,Normal,2,2,11,6,859.0164814814815,759.6341295827942,114.41,2894.43,54,5,4,-0.24203293938415607,1,5,8,0,3,0.0,0,0,0.4659521579763913,0,1.008407940754112,0,0.0,0,0.03811824396802642,0,0.0
TXN00008758,CUST000164,2025-08-13 00:45:57.003505,8340.3,USD,US,DE,cajero,tablet,0,Normal,0,2,13,8,5759.409827586207,3931.2540620704726,1054.44,14842.44,58,6,4,0.656505565656067,3,6,3,1,4,0.0,0,0,0.5266027187912646,0,1.0178204278600422,0,0.0,0,0.02721689224900933,0,0.0
TXN00003686,CUST000119,2025-06-29 22:39:57.003505,6283.64,GBP,US,ES,sucursal,pos,0,Normal,22,6,29,6,5182.4826530612245,3810.198553881289,1035.0,14102.78,49,6,4,0.2890026152385341,2,6,4,2,3,0.0,0,0,0.5141485581059149,0,1.087547560767768,0,0.0,0,0.012736716947215435,0,0.0
TXN00006265,CUST000046,2025-12-28 22:15:57.003505,3666.12,CHF,GB,FR,web,atm,0,Normal,22,6,28,12,14390.02703125,20397.40065692597,666.14,92261.44,64,10,4,-0.5257487074502767,0,4,5,3,0,0.0,0,1,0.5791278391510579,1,1.179156799182288,0,0.01745098039215686,0,0.013130162987421548,0,0.0
TXN00002944,CUST000153,2025-06-21 03:46:57.003505,1294.47,EUR,ES,DE,sucursal,atm,0,Normal,3,5,21,6,824.5297916666667,674.6234349951362,103.35,2648.6,48,5,4,0.696596328053924,1,2,3,2,0,0.0,0,0,0.4555989099906284,0,1.0114184398940078,0,0.0,0,0.007345991062101966,0,0.0
TXN00003745,CUST000058,2025-05-01 01:35:57.003505,7518.89,EUR,FR,ES,app,mobile,0,Normal,1,3,1,5,5591.0198,3793.973079900562,1030.04,14421.18,50,6,4,0.5081401894244302,1,3,4,0,2,0.0,0,0,0.45566383130891175,0,1.0368832833220372,0,0.0,0,0.029024645420179,0,0.0
TXN00000994,CUST000153,2025-06-16 01:11:57.003505,237.4,EUR,ES,GB,app,mobile,0,Normal,1,0,16,6,824.5297916666667,674.6234349951362,103.35,2648.6,48,5,4,-0.8703074342512165,1,2,6,0,2,0.0,0,0,0.4473232218002723,0,0.9925037940737086,0,0.0,0,0.033224504359049715,0,0.0
TXN00008613,CUST000129,2025-08-25 03:55:57.003505,14426.04,USD,US,DE,cajero,desktop,0,Normal,3,0,25,8,5171.594634146341,3069.580435637823,1448.31,14426.04,41,6,4,3.014889349500237,3,6,3,1,1,0.0,0,1,0.5863356477963068,1,1.1696160171628163,0,0.007037037037037036,0,0.0778474304360524,0,0.0
TXN00007587,CUST000018,2025-07-14 02:29:57.003505,294.08,EUR,FR,ES,cajero,mobile,0,Normal,2,0,14,7,1260.8659574468084,4033.3930453795238,15.89,17120.41,47,4,4,-0.23969544904993084,1,3,4,1,2,0.0,0,0,0.43379127102543685,0,0.9814998998596038,0,0.06663097438181542,0,0.03868467454758679,0,0.0
TXN00001737,CUST000135,2025-07-27 23:43:57.003505,1664.85,EUR,ES,DE,app,pos,0,Normal,23,6,27,7,1076.0898113207547,785.7308155211804,135.69,2994.76,53,5,4,0.7493153842253232,1,2,3,0,3,0.0,0,0,0.4844722826933932,0,1.0288084043483996,0,0.0,0,0.008493211504818538,0,0.0
TXN00007292,CUST000105,2026-01-10 01:39:57.003505,14077.93,EUR,US,IT,web,pos,0,Normal,1,5,10,1,4980.748490566038,3710.328094247605,1074.39,14077.93,53,6,4,2.4518536571162373,1,6,8,3,3,0.0,0,0,0.5525234752808702,0,1.156465706104767,0,0.0,0,0.10411548944003196,0,0.0
TXN00009778,CUST000082,2025-09-07 21:33:57.003505,1643.4,EUR,ES,FR,web,atm,0,Normal,21,6,7,9,7972.279090909091,6295.064813947002,670.79,24431.66,55,6,4,-1.0053715532653136,1,2,5,3,0,0.0,0,0,0.4770893871961272,0,1.0188257225506496,0,0.0,0,0.002135408508614953,0,0.0
TXN00007635,CUST000028,2025-12-29 04:12:57.003505,29.81,EUR,ES,ES,sucursal,tablet,0,Normal,4,0,29,12,4253.581489361702,17241.301652205857,19.11,90310.44,47,6,4,-0.24497984980016463,1,2,4,2,4,0.0,0,0,0.4897132470219568,1,1.1759566838157378,0,0.01854761904761905,1,0.5666813718147542,0,0.0
TXN00001582,CUST000002,2025-06-25 01:17:57.003505,41.24,EUR,ES,ES,sucursal,mobile,0,Normal,1,2,25,6,5083.588301886793,15511.3779006517,21.06,83708.16,53,7,4,-0.3250741703191867,1,2,4,2,2,0.0,0,0,0.4281995629242405,0,0.999141045909704,0,0.006785714285714285,0,0.2701324091038822,0,0.0
TXN00009081,CUST000019,2025-05-29 03:49:57.003505,12111.94,EUR,DE,FR,sucursal,mobile,0,Normal,3,3,29,5,14691.315714285713,15933.619614941443,687.1,70887.77,56,11,4,-0.16188259645065645,1,1,5,2,2,0.0,0,0,0.5037499182383192,0,1.0022785735283664,0,0.05317902432712215,0,0.04746840480942098,0,0.0
TXN00004299,CUST000003,2025-03-29 02:58:57.003505,64.75,EUR,ES,ES,app,atm,0,Normal,2,5,29,3,8320.49358490566,25653.022108616926,14.93,99303.62,53,6,4,-0.3218234307688336,1,2,4,0,0,0.0,0,0,0.5280727242613045,0,1.0648376573925824,0,0.03350596745027125,1,0.7028993593928486,0,0.0
TXN00006376,CUST000031,2025-07-07 09:57:57.107482,24290.68,EUR,ES,PK,app,atm,1,Fraude,9,0,7,7,11309.0796,15599.351809179214,650.1,79046.03,50,9,4,0.8321884497488529,1,2,11,0,0,1.0,1,0,0.5422649997168902,0,1.1446550639599853,1,0.9204833655484306,1,0.9940645385036756,1,1.0
TXN00009010,CUST000013,2026-01-12 01:36:57.003505,280.78,EUR,GB,DE,sucursal,desktop,0,Normal,1,0,12,1,2119.490634920635,8304.770612994731,104.65,66232.6,63,9,4,-0.22140414472401482,1,4,3,2,1,0.0,0,0,0.4785707620885134,0,1.0540818164705432,0,0.009047619047619047,0,0.2195252625188963,0,0.0
TXN00008595,CUST000009,2025-06-20 22:53:57.003505,7250.62,EUR,FR,FR,app,desktop,0,Normal,22,4,20,6,17673.34349206349,20853.679531958067,673.65,79519.37,63,12,4,-0.49980261160103484,1,3,5,0,1,0.0,0,0,0.5201532858548289,0,1.0008953625739243,0,0.017485011990407674,0,0.022280567695189952,0,0.0
TXN00006117,CUST000070,2025-04-12 22:44:57.003505,183.07,EUR,ES,IT,web,desktop,0,Normal,22,5,12,4,161.0876,115.33640442617927,12.75,451.5,50,3,4,0.1905937671524691,1,2,8,3,1,0.0,0,0,0.47107646879728593,0,1.0004858131471033,0,0.0,0,0.011371874423848304,0,0.0
TXN00005457,CUST000043,2025-02-11 17:47:57.003505,16212.14,GBP,CH,US,sucursal,desktop,0,Normal,17,1,11,2,14802.66984375,19505.427795265667,654.06,90854.63,64,10,4,0.07226040725545348,2,0,14,2,1,0.0,0,1,0.5836939178368504,0,1.1015239091036428,1,0.6086955256469887,1,0.8515075891212658,0,0.0
TXN00005196,CUST000114,2025-07-09 23:21:57.003505,3590.32,EUR,ES,FR,cajero,atm,0,Normal,23,2,9,7,5335.650000000001,3328.235785762344,1233.85,12763.92,56,6,4,-0.5244009474754883,1,2,5,1,0,0.0,0,0,0.44010593623072025,0,0.9746621781480463,0,0.0,0,0.010073267353032517,0,0.0
TXN00005386,CUST000122,2025-02-18 05:43:57.003505,140.3,GBP,GB,IT,app,desktop,0,Normal,5,1,18,2,879.8508333333334,604.8507573398664,120.9,2731.71,48,5,4,-1.2226996877100367,2,4,8,0,1,0.0,0,0,0.510922149548556,0,1.0828933157647413,0,0.0,0,0.057240870834752634,0,0.0
TXN00008030,CUST000072,2025-05-10 19:55:57.003505,4015.24,GBP,GB,IT,app,pos,0,Normal,19,5,10,5,5567.7047999999995,3639.3995975049706,1298.32,14110.12,50,6,4,-0.4265716797456748,2,4,8,0,3,0.0,0,0,0.4706111342751101,0,1.0744459131852788,0,0.0,0,0.026167067426735573,0,0.0
TXN00009174,CUST000013,2025-09-28 08:32:57.003505,2826.46,EUR,GB,FR,web,atm,0,Normal,8,6,28,9,2119.490634920635,8304.770612994731,104.65,66232.6,63,9,4,0.08512810262188582,1,4,5,3,0,0.0,0,0,0.4945982337906362,0,1.072424895387687,0,0.40965949337723956,0,0.3128400404234944,0,0.0
TXN00001682,CUST000150,2025-01-25 02:01:57.003505,11703.12,EUR,ES,IT,sucursal,desktop,0,Normal,2,5,25,1,4437.8133333333335,2736.3486113014974,1220.08,12025.36,48,6,4,2.6551100375167254,1,2,8,2,1,0.0,0,0,0.4953706352125934,0,1.039151414117631,0,0.009952380952380952,0,0.03601876639710272,0,0.0
TXN00007049,CUST000117,2025-04-29 02:05:57.003505,4867.14,EUR,ES,ES,sucursal,tablet,0,Normal,2,1,29,4,4614.202641509434,3046.091732833902,1227.93,13885.08,53,6,4,0.08303668457555335,1,2,4,2,4,0.0,0,0,0.4517720099638678,0,1.010954136760975,0,0.0,0,0.005879525185983232,0,0.0
TXN00000593,CUST000022,2025-07-03 06:03:57.107482,20947.15,EUR,IT,CN,cajero,tablet,1,Fraude,6,3,3,7,10301.100588235295,13087.105408488525,1670.97,67315.05,51,12,4,0.8134762484640811,1,5,2,1,4,1.0,1,0,0.5431964040845596,0,1.1468303734787846,1,0.6898497704495131,1,0.9466385464842969,1,1.0
TXN00001556,CUST000158,2025-06-04 20:01:57.003505,1221.62,GBP,GB,GB,web,atm,0,Normal,20,2,4,6,800.725,537.8160320696686,170.04,2304.86,44,5,4,0.7826003207782338,2,4,6,3,0,0.0,0,0,0.5074984303445015,1,1.1788910937737538,0,0.0,0,0.025382029149946854,0,0.0
TXN00004957,CUST000118,2025-07-11 18:04:57.003505,18045.29,EUR,DE,CH,web,mobile,0,Normal,18,4,11,7,7784.2775,6565.419604910623,714.7,24795.08,44,6,4,1.5628875404646432,1,1,1,3,2,0.0,0,0,0.5046748086571672,0,1.0559163527248456,0,0.0,0,0.13407051161308484,0,0.0
TXN00007674,CUST000147,2025-09-06 01:21:57.003505,5045.64,USD,US,US,sucursal,tablet,0,Normal,1,5,6,9,5159.978620689655,3565.2608325444103,1101.13,13831.0,58,6,4,-0.03207019795406803,3,6,14,2,4,0.0,0,0,0.5592466027576878,0,1.1127308162754954,0,0.0,0,0.08442218562332064,0,0.0
TXN00003642,CUST000133,2025-02-21 03:01:57.003505,103.29,EUR,IT,IT,sucursal,desktop,0,Normal,3,4,21,2,145.8703846153846,109.73602561372553,11.7,462.02,52,3,4,-0.3880255730897655,1,5,8,2,1,0.0,0,0,0.4721797896014918,0,1.0247592794522404,0,0.0,0,0.011726717958130553,0,0.0
TXN00007113,CUST000021,2025-05-10 06:18:57.003505,126.18,EUR,FR,ES,web,atm,0,Normal,6,5,10,5,2655.973768115942,10838.616564582062,16.24,71242.61,69,5,4,-0.23340559681290707,1,3,4,3,0,0.0,0,0,0.4747215751745079,0,1.0272727456072706,0,0.006333333333333334,0,0.13322074972404097,0,0.0
TXN00001396,CUST000068,2025-07-15 01:17:57.003505,675.84,EUR,ES,ES,web,tablet,0,Normal,1,1,15,7,759.856590909091,491.71454812415806,146.29,2320.43,44,5,4,-0.17086456168266995,1,2,4,3,4,0.0,0,0,0.44077454636834856,0,0.9975854333504607,0,0.0,0,0.011999957082483107,0,0.0
TXN00002174,CUST000099,2025-11-09 00:20:57.003505,37.91,EUR,IT,ES,app,desktop,0,Normal,0,6,9,11,135.7517777777778,119.34773310276017,10.87,491.1,45,3,4,-0.8198042343521542,1,5,4,0,1,0.0,0,0,0.5003855177006568,0,1.0670855557157115,0,0.0,0,0.02203705295814107,0,0.0
TXN00006067,CUST000185,2025-09-08 08:38:57.003505,193.1,USD,GB,IT,cajero,desktop,0,Normal,8,0,8,9,845.7542857142857,659.7552020194057,107.93,2962.75,49,5,4,-0.9892370423565858,3,4,8,1,1,0.0,0,0,0.5104427715047758,0,0.9991026188010504,0,0.0,0,0.0942853631019274,0,0.0
TXN00001605,CUST000068,2025-03-08 18:07:57.003505,404.5,EUR,ES,FR,cajero,desktop,0,Normal,18,5,8,3,759.856590909091,491.71454812415806,146.29,2320.43,44,5,4,-0.7226887866996251,1,2,5,1,1,0.0,0,0,0.44073214246277403,0,1.000478368512909,0,0.0,0,0.02971408614125769,0,0.0
TXN00008422,CUST000085,2025-10-04 06:49:57.003505,1153.06,EUR,FR,ES,cajero,tablet,0,Normal,6,5,4,10,924.8436363636364,611.0956308904902,141.58,2746.59,44,5,4,0.3734544181413172,1,3,4,1,4,0.0,0,0,0.44705457237448787,0,1.015787759410911,0,0.0,0,0.02070640169146703,0,0.0
TXN00006962,CUST000020,2025-04-09 00:47:57.003505,258.49,EUR,IT,ES,sucursal,pos,0,Normal,0,2,9,4,3059.5745588235295,12108.493253395596,10.07,69036.33,68,7,4,-0.23133221450213773,1,5,4,2,3,0.0,0,0,0.46221514484422666,0,0.9973558740256913,0,0.0095,0,0.31923000528879675,0,0.0
TXN00008670,CUST000016,2025-07-30 19:21:57.003505,343.25,EUR,IT,IT,web,tablet,0,Normal,19,2,30,7,4814.0977192982455,14760.960342710358,109.06,82531.17,57,9,4,-0.3028832552350344,1,5,8,3,4,0.0,0,0,0.49413095156518416,0,1.0635129780306236,0,0.03535105243015691,0,0.4722152472273653,0,0.0
TXN00003749,CUST000036,2025-10-03 19:10:57.003505,11624.54,EUR,FR,FR,sucursal,desktop,0,Normal,19,4,3,10,9097.943035714286,14723.247345472018,1593.82,84621.7,56,7,4,0.17160595789971136,1,3,5,2,1,0.0,0,0,0.4543902675087115,0,1.0420482952531427,0,0.18673144389927124,1,0.5894528318749089,0,0.0
TXN00001362,CUST000123,2025-11-16 04:14:57.003505,1373.31,EUR,FR,GB,sucursal,mobile,0,Normal,4,6,16,11,860.7267272727273,600.9941789822697,130.73,2418.83,55,5,4,0.8528922405577949,1,3,6,2,2,0.0,0,0,0.45268305716144663,0,1.0108479456115689,0,0.0,0,0.011324780951394959,0,0.0
TXN00008754,CUST000051,2026-01-01 20:50:57.003505,324.18,EUR,DE,FR,app,desktop,0,Normal,20,3,1,1,819.4428260869565,649.2779453436051,154.15,2996.29,46,5,4,-0.7627901561665825,1,1,5,0,1,0.0,0,0,0.4738092781966962,0,1.0392430486067143,0,0.0,0,0.04330682864903995,0,0.0
TXN00007849,CUST000014,2025-01-29 06:29:57.003505,671.85,EUR,IT,FR,cajero,tablet,0,Normal,6,2,29,1,6809.598301886793,18922.663397876047,109.06,89409.3,53,9,4,-0.32435964073912327,1,5,5,1,4,0.0,0,0,0.5166870697892746,0,1.067659249562101,0,0.026570246243118587,1,0.5323406012815047,0,0.0
TXN00006756,CUST000054,2025-10-09 03:49:57.003505,106.32,CHF,GB,DE,sucursal,tablet,0,Normal,3,3,9,10,796.5148076923076,585.8445766532963,106.32,2706.89,52,5,4,-1.1781193067571005,0,4,3,2,4,0.0,0,0,0.49185327675300833,0,1.101247412950254,0,0.0,0,0.013751425714008359,0,0.0
TXN00006746,CUST000041,2025-10-26 08:46:57.003505,4497.26,EUR,DE,DE,cajero,mobile,0,Normal,8,6,26,10,12242.410327868853,18392.8926295824,1042.59,80913.59,61,9,4,-0.42109473933375574,1,1,3,1,2,0.0,0,0,0.5014770178887061,0,1.0183785575864934,0,0.02359340659340659,0,0.03814422771424659,0,0.0
TXN00007257,CUST000075,2025-04-10 05:39:57.003505,3288.59,EUR,FR,US,sucursal,tablet,0,Normal,5,3,10,4,8798.873684210526,6988.470284473828,1140.6,24612.74,57,6,4,-0.788482093951827,1,3,14,2,4,0.0,0,0,0.49425257614903506,0,1.0000053852871305,0,0.0,0,0.008758457617919272,0,0.0
TXN00001626,CUST000083,2025-12-30 03:18:57.003505,439.12,EUR,ES,FR,app,mobile,0,Normal,3,1,30,12,158.37742857142857,131.01619648393864,23.45,495.8,70,3,4,2.142808117011546,1,2,5,0,2,0.0,0,0,0.5510589826699346,1,1.2169740010193968,0,0.0,0,0.002117213531098315,0,0.0
TXN00003017,CUST000023,2025-09-16 05:18:57.107482,32557.81,EUR,FR,NG,cajero,desktop,1,Fraude,5,1,16,9,15815.222833333333,23024.490626082472,808.61,96461.99,60,12,4,0.7271642807582142,1,3,10,1,1,1.0,1,0,0.5584213881772251,0,1.0612138515925453,1,0.9990203392988797,1,0.999653771867234,1,1.0
TXN00008823,CUST000131,2025-04-28 23:00:57.003505,815.99,EUR,DE,DE,cajero,pos,0,Normal,23,0,28,4,890.2438181818181,592.6132155358536,134.89,2885.62,55,5,4,-0.12529895741420022,1,1,3,1,3,0.0,0,0,0.4738759816794279,0,1.008208866447058,0,0.0,0,0.008543591740054656,0,0.0
TXN00009895,CUST000080,2025-12-08 01:26:57.003505,124.06,EUR,ES,FR,sucursal,tablet,0,Normal,1,0,8,12,146.3564,118.60946270815987,13.78,474.86,50,3,4,-0.18798162729123022,1,2,5,2,4,0.0,0,0,0.47301106354333694,0,1.012231172925976,0,0.0,0,0.013308364700227317,0,0.0
TXN00005150,CUST000123,2025-03-03 03:26:57.003505,1553.92,EUR,FR,GB,cajero,pos,0,Normal,3,0,3,3,860.7267272727273,600.9941789822697,130.73,2418.83,55,5,4,1.1534109577362681,1,3,6,1,3,0.0,0,0,0.46491269028692145,0,1.01555234161566,0,0.0,0,0.017445105826470467,0,0.0
TXN00005722,CUST000030,2025-09-02 04:23:57.003505,1902.19,GBP,GB,GB,web,tablet,0,Normal,4,1,2,9,5147.489833333334,15805.705911525396,117.06,96740.03,60,7,4,-0.20532457400473092,2,4,6,3,4,0.0,0,0,0.4881809158460707,0,1.0983127979938243,0,0.10087234672160834,1,0.6861826904784553,0,0.0
TXN00009849,CUST000056,2025-09-08 01:27:57.003505,1158.4,CHF,GB,ES,app,pos,0,Normal,1,0,8,9,850.786111111111,607.7213774215593,107.86,2433.3,54,5,4,0.5061758559290075,0,4,4,0,3,0.0,0,0,0.5092541242860296,0,1.1351969414868193,0,0.007916666666666666,0,0.014005430879700843,0,0.0
TXN00005381,CUST000016,2025-09-01 18:26:57.003505,368.13,EUR,IT,GB,app,mobile,0,Normal,18,0,1,9,4814.0977192982455,14760.960342710358,109.06,82531.17,57,9,4,-0.3011977280457007,1,5,6,0,2,0.0,0,0,0.48791517781098165,0,1.0618584923359977,0,0.051684643972531544,1,0.7628679755770359,0,0.0
TXN00003810,CUST000043,2025-07-21 20:57:57.003505,1731.93,CHF,CH,US,sucursal,tablet,0,Normal,20,0,21,7,14802.66984375,19505.427795265667,654.06,90854.63,64,10,4,-0.6701078274352129,0,0,14,2,4,0.0,0,1,0.5823543501893059,0,1.1082213680448445,0,0.009568345323741007,0,0.019721669564911552,0,0.0
TXN00002940,CUST000096,2025-04-05 19:07:57.003505,16700.9,EUR,ES,ES,cajero,mobile,0,Normal,19,5,5,4,8049.057142857143,6639.965843385416,600.14,24951.57,49,6,4,1.3029950845995142,1,2,4,1,2,0.0,0,0,0.4822068014769056,0,1.0291224240738803,0,0.01,0,0.17816883930893063,0,0.0
TXN00007039,CUST000025,2025-05-29 10:32:57.107482,23968.68,EUR,ES,NG,sucursal,mobile,1,Fraude,10,3,29,5,4343.914923076923,14920.775001268592,113.57,85819.96,65,10,4,1.3152644600524623,1,2,10,2,2,1.0,1,0,0.5257371678421078,1,1.1861978185360702,1,0.9367727597452578,1,0.9998109885188283,1,1.0
TXN00007613,CUST000007,2025-10-10 23:31:57.003505,5824.6,EUR,DE,CH,web,pos,0,Normal,23,4,10,10,13983.354109589041,17914.50554094098,1084.09,95095.19,73,10,4,-0.4554272564480206,1,1,1,3,3,0.0,0,0,0.5318839905211774,0,1.035163515771694,0,0.02835095721888175,0,0.012673553204303124,0,0.0
TXN00004283,CUST000011,2025-09-19 06:51:57.003505,473.19,EUR,ES,IT,cajero,pos,0,Normal,6,4,19,9,5832.329,15831.358716522058,120.51,81442.3,60,11,4,-0.3385141538147661,1,2,8,1,3,0.0,0,0,0.45578968218147703,0,0.9992261871623025,0,0.008085106382978723,1,0.6907964275381329,0,0.0
TXN00003124,CUST000102,2025-10-30 18:52:57.003505,4451.76,EUR,FR,CH,app,mobile,0,Normal,18,3,30,10,5521.343448275862,4623.42696228088,838.24,21094.3,58,6,4,-0.23133996854940328,1,3,1,0,2,0.0,0,0,0.47333952471145285,0,1.093489118745803,0,0.0,0,0.0058804371390362145,0,0.0
TXN00001999,CUST000127,2025-10-04 19:34:57.003505,4177.71,EUR,FR,GB,app,atm,0,Normal,19,5,4,10,5175.683538461539,3408.1231986798057,1026.86,14073.5,65,6,4,-0.2928220254934736,1,3,6,0,0,0.0,0,0,0.46414080049917217,0,1.0737470229421031,0,0.0,0,0.017281973394022234,0,0.0
TXN00009189,CUST000126,2025-11-26 19:54:57.003505,433.14,EUR,DE,IT,web,atm,0,Normal,19,2,26,11,912.0479310344828,667.0118958084857,109.66,2772.03,58,5,4,-0.7179900888214413,1,1,8,3,0,0.0,0,0,0.48267018905665093,0,1.045703100840738,0,0.0,0,0.01706690356652496,0,0.0
TXN00004150,CUST000146,2025-09-03 02:27:57.003505,1351.0,EUR,IT,DE,app,atm,0,Normal,2,2,3,9,904.4364285714286,643.5872499374547,113.72,2383.09,42,5,4,0.6938664039383986,1,5,3,0,0,0.0,0,0,0.4915641116037061,0,1.08166440018252,0,0.0,0,0.022981237216009042,0,0.0
TXN00003875,CUST000083,2025-06-02 07:04:57.003505,245.7,EUR,ES,ES,sucursal,tablet,0,Normal,7,0,2,6,158.37742857142857,131.01619648393864,23.45,495.8,70,3,4,0.6665021051254091,1,2,4,2,4,0.0,0,0,0.5048991155054378,0,1.1282674572797258,0,0.009661016949152543,0,0.00542176165485211,0,0.0
TXN00004155,CUST000134,2025-10-31 22:48:57.003505,51.13,EUR,FR,IT,web,tablet,0,Normal,22,4,31,10,159.77609756097561,110.03255829249015,11.1,483.71,41,3,4,-0.9873995320982308,1,3,8,3,4,0.0,0,0,0.513367372177015,0,1.0567948312947644,0,0.0,0,0.015363265874803692,0,0.0
TXN00001108,CUST000083,2025-07-13 21:12:57.003505,54.57,EUR,ES,FR,sucursal,atm,0,Normal,21,6,13,7,158.37742857142857,131.01619648393864,23.45,495.8,70,3,4,-0.7923251518893638,1,2,5,2,0,0.0,0,0,0.4966116016035744,0,1.1331650600998833,0,0.0,0,0.009334690684282401,0,0.0
TXN00008980,CUST000163,2025-04-26 03:10:57.003505,339.71,EUR,ES,IT,app,tablet,0,Normal,3,5,26,4,168.95499999999998,140.93004795235706,16.1,480.82,42,3,4,1.211629466315772,1,2,8,0,4,0.0,0,0,0.5118226151063567,0,1.1258829153936407,0,0.008636363636363636,0,0.008317607274796973,0,0.0
TXN00005843,CUST000029,2025-09-21 03:47:57.003505,1391.16,CHF,GB,FR,sucursal,tablet,0,Normal,3,6,21,9,10163.8975,15853.056272274882,1036.43,93521.66,60,11,4,-0.5533783107039808,0,4,5,2,4,0.0,0,0,0.5221201388951917,0,1.1225921417969587,0,0.0,0,0.03720765500241242,0,0.0
TXN00008842,CUST000098,2025-04-22 04:37:57.003505,869.58,EUR,IT,FR,app,desktop,0,Normal,4,1,22,4,859.0164814814815,759.6341295827942,114.41,2894.43,54,5,4,0.013906060948596631,1,5,5,0,1,0.0,0,0,0.46129941782557954,0,1.020738776331139,0,0.01,0,0.016358160061146314,0,0.0
TXN00004358,CUST000129,2025-04-22 22:22:57.003505,3027.19,GBP,US,IT,cajero,mobile,0,Normal,22,1,22,4,5171.594634146341,3069.580435637823,1448.31,14426.04,41,6,4,-0.6985986125501743,2,6,8,1,2,0.0,0,0,0.503644583965041,0,1.0668601121484231,0,0.0,0,0.017150198268591817,0,0.0
TXN00001062,CUST000049,2025-03-31 01:11:57.003505,778.4,EUR,ES,GB,app,desktop,0,Normal,1,0,31,3,15183.687118644068,29088.486775127054,121.09,99885.0,59,10,4,-0.4952229804702835,1,2,6,0,1,0.0,0,0,0.5512846024457063,0,1.0467790351117163,0,0.08747750996320158,0,0.21681632487934205,0,0.0
TXN00006563,CUST000092,2025-10-14 23:18:57.003505,12289.27,EUR,FR,IT,sucursal,mobile,0,Normal,23,1,14,10,4959.88603773585,3492.984458604319,1165.1,14228.99,53,6,4,2.098315651565886,1,3,8,2,2,0.0,0,0,0.4706178265022791,0,1.0143711682202998,0,0.0,0,0.0986834221025986,0,0.0
TXN00009127,CUST000084,2025-04-22 03:54:57.003505,198.46,EUR,ES,IT,app,tablet,0,Normal,3,1,22,4,147.96942857142858,102.41184253992486,13.22,384.01,70,3,4,0.4930149647085288,1,2,8,0,4,0.0,0,0,0.49846429068220366,0,1.1489586684058146,0,0.017473572938689216,0,0.007827536563669156,0,0.0
TXN00009671,CUST000071,2025-08-27 22:18:57.003505,2137.84,EUR,FR,CH,cajero,tablet,0,Normal,22,2,27,8,8737.374901960784,6519.461954884734,915.99,24253.24,51,6,4,-1.01228214024683,1,3,1,1,4,0.0,0,0,0.48445189616388123,0,1.053283138882609,0,0.0,0,0.0007368634057350819,0,0.0
TXN00001072,CUST000055,2025-03-04 19:54:57.003505,6588.78,EUR,CH,CH,sucursal,atm,0,Normal,19,1,4,3,7358.3737037037035,4642.129487846006,544.87,19628.1,54,6,4,-0.16578462654970408,1,0,1,2,0,0.0,0,0,0.4921397753840526,0,1.0616962583409033,0,0.0,0,0.0043945528949511006,0,0.0
TXN00002842,CUST000045,2025-06-05 02:24:57.003505,2983.23,GBP,GB,DE,web,tablet,0,Normal,2,3,5,6,6149.803333333333,15824.94547276264,125.29,85657.33,60,9,4,-0.2001001102078634,2,4,3,3,4,0.0,0,0,0.49556050368201393,0,1.1059796686585133,0,0.2577479676416134,1,0.5738662257320822,0,0.0
TXN00002498,CUST000085,2025-06-15 07:31:57.003505,495.56,EUR,FR,FR,cajero,desktop,0,Normal,7,6,15,6,924.8436363636364,611.0956308904902,141.58,2746.59,44,5,4,-0.7024819258412979,1,3,5,1,1,0.0,0,0,0.4279122088224777,0,0.9882159941504434,0,0.0,0,0.022335308328376904,0,0.0
TXN00001382,CUST000137,2025-06-30 23:42:57.003505,906.99,EUR,FR,GB,web,desktop,0,Normal,23,0,30,6,911.4923636363636,700.4321115012415,100.69,2786.35,55,5,4,-0.0064279800369027645,1,3,6,3,1,0.0,0,0,0.4754574620391164,0,1.0073252029558064,0,0.0,0,0.009358603866102334,0,0.0
TXN00007703,CUST000145,2025-02-12 23:27:57.003505,335.85,EUR,DE,GB,app,tablet,0,Normal,23,2,12,2,825.7344444444445,658.4965368085764,114.16,2750.31,45,5,4,-0.7439438422481925,1,1,6,0,4,0.0,0,0,0.48854278254523986,0,1.0147717553566076,0,0.0,0,0.037827506967724175,0,0.0
TXN00006284,CUST000087,2025-10-24 01:27:57.003505,401.92,EUR,ES,ES,sucursal,tablet,0,Normal,1,4,24,10,1085.5852631578948,805.6519024148467,125.39,2969.7,57,5,4,-0.8485864183527677,1,2,4,2,4,0.0,0,0,0.44134695938148294,0,0.991706436781509,0,0.0,0,0.009681328965735519,0,0.0
TXN00008095,CUST000172,2025-06-16 00:06:57.003505,347.35,EUR,FR,DE,cajero,mobile,0,Normal,0,0,16,6,1225.615576923077,816.7534839489807,107.05,2891.9,52,5,4,-1.075312922574109,1,3,3,1,2,0.0,0,0,0.4463107054694567,0,1.0055569510203914,0,0.0,0,0.01442235617102777,0,0.0
TXN00004652,CUST000006,2025-07-03 19:35:57.003505,58.17,EUR,FR,ES,cajero,mobile,0,Normal,19,3,3,7,5953.340833333334,18691.661854483864,13.39,88596.57,60,9,4,-0.3153904066375872,1,3,4,1,2,0.0,0,0,0.4532940455248657,0,0.9742808309381191,0,0.016551724137931035,1,0.7654321924368067,0,0.0
TXN00003702,CUST000102,2025-12-29 23:07:57.003505,2247.8,EUR,FR,FR,web,pos,0,Normal,23,0,29,12,5521.343448275862,4623.42696228088,838.24,21094.3,58,6,4,-0.7080339917282672,1,3,5,3,3,0.0,0,0,0.4881203972906544,0,1.0702410972326892,0,0.0,0,0.004182280331657229,0,0.0
TXN00004391,CUST000034,2025-03-22 23:10:57.003505,43.89,EUR,FR,IT,cajero,atm,0,Normal,23,5,22,3,4461.999242424243,17455.08561943105,12.03,89753.64,66,6,4,-0.25311300892462407,1,3,8,1,0,0.0,0,0,0.4894675618616962,0,1.017954413133076,0,0.017194570135746604,1,0.6688345845071986,0,0.0
TXN00008251,CUST000115,2025-09-29 23:55:57.003505,19451.64,EUR,DE,FR,web,pos,0,Normal,23,0,29,9,6975.763859649122,5678.052922748995,582.15,24541.97,57,6,4,2.197210259906057,1,1,5,3,3,0.0,0,0,0.5508551216381455,0,1.0622297603916486,0,0.0,0,0.1792814194198842,0,0.0
TXN00002143,CUST000036,2025-05-07 09:40:57.003505,4558.85,EUR,FR,GB,app,desktop,0,Normal,9,2,7,5,9097.943035714286,14723.247345472018,1593.82,84621.7,56,7,4,-0.30829428650480034,1,3,6,0,1,1.0,1,0,0.45231911688412957,0,1.0177675389174894,0,0.32798624182973074,0,0.16073294988377143,1,1.0
TXN00000669,CUST000114,2025-10-08 08:48:57.003505,3470.11,EUR,ES,DE,cajero,mobile,0,Normal,8,2,8,10,5335.650000000001,3328.235785762344,1233.85,12763.92,56,6,4,-0.5605191817899322,1,2,3,1,2,0.0,0,0,0.41753447366314655,0,0.9932679568453754,0,0.0,0,0.007092252623788899,0,0.0
TXN00009099,CUST000116,2025-05-23 08:04:57.003505,4508.17,EUR,FR,FR,cajero,desktop,0,Normal,8,4,23,5,5575.545263157895,3962.8441770423206,1145.06,14589.34,57,6,4,-0.26934575653317444,1,3,5,1,1,0.0,0,0,0.42334235805887316,0,0.9656111412057836,0,0.0,0,0.007111245596269897,0,0.0
TXN00003893,CUST000140,2025-10-01 21:06:57.003505,2321.13,EUR,DE,IT,sucursal,tablet,0,Normal,21,2,1,10,680.5558695652173,567.6112813520499,132.76,2321.13,46,5,4,2.8903127570625853,1,1,8,2,4,0.0,0,0,0.527165109915923,1,1.1816354763096588,0,0.0,0,0.0184486291595986,0,0.0
TXN00000619,CUST000002,2025-12-27 23:18:57.003505,74.02,EUR,ES,IT,cajero,pos,0,Normal,23,5,27,12,5083.588301886793,15511.3779006517,21.06,83708.16,53,7,4,-0.3229608828854178,1,2,8,1,3,0.0,0,0,0.48681174851964526,0,1.0685080067554422,0,0.031497623639619776,0,0.4921609137031821,0,0.0
TXN00008391,CUST000158,2025-08-15 02:43:57.003505,856.77,EUR,GB,FR,cajero,desktop,0,Normal,2,4,15,8,800.725,537.8160320696686,170.04,2304.86,44,5,4,0.10420849612852635,1,4,5,1,1,0.0,0,0,0.4278492471253484,0,0.9922109022412589,0,0.0,0,0.018789383303350757,0,0.0
TXN00001386,CUST000143,2025-03-08 01:35:57.003505,12838.0,EUR,ES,FR,web,desktop,0,Normal,1,5,8,3,5239.2824390243895,3581.701917241844,1357.73,14883.52,41,6,4,2.1215382336187276,1,2,5,3,1,0.0,0,0,0.5049529544838958,0,1.042123446339369,0,0.0,0,0.057826347258309645,0,0.0
TXN00005319,CUST000080,2025-11-15 01:33:57.003505,153.61,EUR,ES,FR,web,mobile,0,Normal,1,5,15,11,146.3564,118.60946270815987,13.78,474.86,50,3,4,0.06115532246101022,1,2,5,3,2,0.0,0,0,0.44903144361508296,0,1.0017540887879923,0,0.0,0,0.00706770236612478,0,0.0
TXN00009665,CUST000013,2025-08-09 01:03:57.003505,959.41,CHF,GB,DE,sucursal,atm,0,Normal,1,5,9,8,2119.490634920635,8304.770612994731,104.65,66232.6,63,9,4,-0.1396884620709129,0,4,3,2,0,0.0,0,0,0.515134753914257,0,1.119764812258362,0,0.043898729134971594,0,0.2281596395296237,0,0.0
TXN00002458,CUST000122,2026-01-05 00:39:57.003505,930.52,EUR,GB,DE,web,tablet,0,Normal,0,0,5,1,879.8508333333334,604.8507573398664,120.9,2731.71,48,5,4,0.0837713534587246,1,4,3,3,4,0.0,0,0,0.5039036104796168,0,1.071920236647981,0,0.0,0,0.010610295784420779,0,0.0
TXN00005153,CUST000019,2025-09-16 14:09:57.107482,57896.59,EUR,DE,NG,cajero,desktop,1,Fraude,14,1,16,9,14691.315714285713,15933.619614941443,687.1,70887.77,56,11,4,2.7115793728681585,1,1,10,1,1,1.0,1,1,0.6099620207587594,0,0.9957567528812884,1,0.9879123020856087,1,0.999998806479555,1,1.0
TXN00003914,CUST000029,2025-10-23 19:30:57.003505,4358.57,EUR,GB,US,cajero,desktop,0,Normal,19,3,23,10,10163.8975,15853.056272274882,1036.43,93521.66,60,11,4,-0.36619610754720106,1,4,14,1,1,0.0,0,0,0.5051822744884532,0,1.0106917269057278,0,0.05282858504756702,0,0.4443175557829328,0,0.0
TXN00004934,CUST000137,2025-12-06 02:01:57.003505,1102.53,EUR,FR,ES,web,tablet,0,Normal,2,5,6,12,911.4923636363636,700.4321115012415,100.69,2786.35,55,5,4,0.27274254414384486,1,3,4,3,4,0.0,0,0,0.4611434418383069,0,1.0169331246618667,0,0.0,0,0.011688269604494544,0,0.0
TXN00001231,CUST000081,2025-08-30 02:18:57.003505,9923.02,CHF,CH,US,web,tablet,0,Normal,2,5,30,8,7762.277592592593,5260.794077166913,692.26,19011.44,54,6,4,0.41072552456953487,0,0,14,3,4,0.0,0,1,0.5738910918820601,1,1.289801151693034,0,0.0,0,0.018619742379007927,0,0.0
TXN00000001,CUST000089,2025-07-11 02:19:57.003505,133.93,EUR,ES,IT,app,pos,0,Normal,2,4,11,7,167.74181818181816,126.83528642226571,11.15,491.57,55,3,4,-0.26658053030029677,1,2,8,0,3,0.0,0,0,0.4559535003466009,0,1.013950000552639,0,0.0,0,0.022022593444273757,0,0.0
TXN00003091,CUST000069,2025-02-26 02:43:57.003505,228.9,EUR,FR,ES,web,mobile,0,Normal,2,2,26,2,169.07313725490195,120.3676959236189,15.12,478.18,51,3,4,0.497034206636537,1,3,4,3,2,0.0,0,0,0.4676234479747079,0,1.0089735072332005,0,0.0,0,0.0029851300970640264,0,0.0
TXN00000581,CUST000180,2025-02-04 00:08:57.003505,2829.87,CHF,GB,GB,app,pos,0,Normal,0,1,4,2,934.9624,733.4398987565374,127.9,2829.87,50,5,4,2.5835894674246758,0,4,6,0,3,0.0,0,0,0.5487369802700881,1,1.200130532429275,0,0.007916666666666666,0,0.01185298377864396,0,0.0
TXN00008753,CUST000124,2025-11-13 06:27:57.003505,224.3,EUR,DE,ES,cajero,tablet,0,Normal,6,3,13,11,909.7118867924529,685.5308862425715,105.13,2668.3,53,5,4,-0.9998264112495393,1,1,4,1,4,0.0,0,0,0.4518630966595879,0,0.982154835497645,0,0.0,0,0.021153599347620507,0,0.0
TXN00005836,CUST000125,2025-04-08 22:32:57.003505,1278.83,EUR,US,DE,sucursal,mobile,0,Normal,22,1,8,4,8174.718545454546,5978.903488843214,693.97,24865.54,55,6,4,-1.1533701049312937,1,6,3,2,2,0.0,0,0,0.5019047165142918,0,1.0773396442682803,0,0.0,0,0.0012889517071822299,0,0.0
TXN00000821,CUST000178,2025-12-03 06:40:57.003505,87.2,EUR,ES,IT,web,pos,0,Normal,6,2,3,12,161.7709523809524,128.74485480241623,12.77,487.7,42,3,4,-0.5792150056495917,1,2,8,3,3,0.0,0,0,0.46742938024355357,0,1.0783741489938172,0,0.0,0,0.028861720882354606,0,0.0
TXN00008143,CUST000174,2025-06-05 21:29:57.003505,947.01,EUR,IT,ES,cajero,atm,0,Normal,21,3,5,6,953.0994444444445,735.2875712941743,105.45,2963.0,54,5,4,-0.008281718165648913,1,5,4,1,0,0.0,0,0,0.45212227981506775,0,1.032822409297619,0,0.0,0,0.02098313362790797,0,0.0
TXN00000013,CUST000176,2025-08-20 01:34:57.003505,797.33,EUR,ES,IT,web,mobile,0,Normal,1,2,20,8,999.8185454545454,731.9722641436783,123.88,2909.03,55,5,4,-0.2766341774094392,1,2,8,3,2,0.0,0,0,0.43266515134262745,0,0.9819545692421009,0,0.0,0,0.015693582700825277,0,0.0
TXN00009170,CUST000009,2025-05-29 03:30:57.003505,3795.37,EUR,FR,CH,app,pos,0,Normal,3,3,29,5,17673.34349206349,20853.679531958067,673.65,79519.37,63,12,4,-0.6654927956541259,1,3,1,0,3,0.0,0,1,0.5622921652356151,0,1.0224017552773244,0,0.03485353760678948,0,0.002497876487312463,0,0.0
TXN00004659,CUST000077,2025-05-02 01:53:57.003505,4475.49,USD,CH,US,web,tablet,0,Normal,1,4,2,5,6464.85641509434,5759.730942651314,662.88,21657.81,53,6,4,-0.3453922474082105,3,0,14,3,4,0.0,0,1,0.5613765708174598,1,1.2212722256278152,0,0.0,0,0.07401592836801646,0,0.0
TXN00000460,CUST000166,2025-08-11 20:01:57.003505,12627.61,GBP,GB,US,cajero,desktop,0,Normal,20,0,11,8,5381.796428571428,3789.6021120618175,1121.03,14682.41,56,6,4,1.9120248921262875,2,4,14,1,1,0.0,0,0,0.5392607059809373,0,1.1053411333479803,0,0.0,0,0.32014464457829556,0,0.0
TXN00009854,CUST000053,2025-10-07 08:15:57.003505,2187.42,EUR,FR,US,web,pos,0,Normal,8,1,7,10,5120.007843137255,3842.5661514010735,1060.21,14819.86,51,6,4,-0.7631847382262482,1,3,14,3,3,0.0,0,0,0.4732717695555409,0,1.0050838850746606,0,0.0,0,0.031878951656730076,0,0.0
TXN00006119,CUST000049,2025-06-12 15:46:57.107482,71113.2,EUR,ES,AF,web,desktop,1,Fraude,15,3,12,6,15183.687118644068,29088.486775127054,121.09,99885.0,59,10,4,1.9227371059830216,1,2,0,3,1,1.0,1,1,0.6054526546272183,0,0.9975768521165106,1,0.9892353826728827,1,0.9999999997394331,1,1.0
TXN00000797,CUST000025,2026-01-13 02:04:57.003505,928.51,EUR,ES,GB,cajero,atm,0,Normal,2,1,13,1,4343.914923076923,14920.775001268592,113.57,85819.96,65,10,4,-0.2289026489949507,1,2,6,1,0,0.0,0,0,0.4775972312068555,0,0.9936975709022502,0,0.015350020350020345,1,0.7396751233714829,0,0.0
TXN00008666,CUST000078,2025-05-01 19:50:57.003505,14949.09,EUR,DE,US,cajero,mobile,0,Normal,19,3,1,5,8590.456956521739,6556.444835127875,848.73,24850.13,46,6,4,0.9698294124950743,1,1,14,1,2,0.0,0,0,0.5166514373477151,0,1.0151201072724663,0,0.0,0,0.34482965088325374,0,0.0
TXN00009484,CUST000007,2025-09-23 23:03:57.003505,4733.63,EUR,DE,ES,cajero,desktop,0,Normal,23,1,23,9,13983.354109589041,17914.50554094098,1084.09,95095.19,73,10,4,-0.5163259509414774,1,1,4,1,1,0.0,0,0,0.5235699620741445,0,0.995267189499548,0,0.006551724137931034,0,0.01465477253320349,0,0.0
TXN00000938,CUST000022,2025-05-19 06:17:57.003505,3018.28,EUR,IT,US,web,tablet,0,Normal,6,0,19,5,10301.100588235295,13087.105408488525,1670.97,67315.05,51,12,4,-0.5564882653848757,1,5,14,3,4,0.0,0,0,0.5550564324854117,1,1.1597302102255815,0,0.07461887505789293,0,0.13219646505511906,0,0.0
TXN00008984,CUST000143,2025-06-22 03:05:57.003505,4016.68,EUR,ES,GB,web,tablet,0,Normal,3,6,22,6,5239.2824390243895,3581.701917241844,1357.73,14883.52,41,6,4,-0.3413467862296399,1,2,6,3,4,0.0,0,0,0.4570624279928827,0,1.011778794459751,0,0.0,0,0.0072078512153485935,0,0.0
TXN00001283,CUST000125,2025-02-25 00:15:57.003505,11441.15,EUR,US,DE,app,tablet,0,Normal,0,1,25,2,8174.718545454546,5978.903488843214,693.97,24865.54,55,6,4,0.5463261716959257,1,6,3,0,4,0.0,0,0,0.5300869948517282,0,1.1347452087165648,0,0.0,0,0.014450254173949765,0,0.0
TXN00006771,CUST000169,2025-12-16 08:59:57.003505,1559.96,EUR,DE,FR,cajero,mobile,0,Normal,8,1,16,12,1003.1623076923078,777.0232421375961,108.39,2916.08,52,5,4,0.7165779109249811,1,1,5,1,2,0.0,0,0,0.4532033386639691,0,1.0082174511850324,0,0.0,0,0.015980107890564064,0,0.0
TXN00000883,CUST000109,2025-06-06 20:49:57.003505,5679.81,EUR,CH,CH,web,pos,0,Normal,20,4,6,6,7309.252040816326,6747.518800021043,807.42,24185.66,49,6,4,-0.24148758808493526,1,0,1,3,3,0.0,0,0,0.4861171077859021,0,1.0815718056905117,0,0.0,0,0.007395899730588916,0,0.0
TXN00005138,CUST000067,2025-03-24 18:52:57.003505,24134.52,EUR,DE,DE,web,mobile,0,Normal,18,0,24,3,8442.174444444445,6077.338718064163,531.49,24134.52,54,6,4,2.582108103721424,1,1,3,3,2,0.0,0,0,0.5414948890308073,0,1.1341957033740209,0,0.007599999999999999,0,0.22197957793681797,0,0.0
TXN00007255,CUST000105,2025-11-27 01:55:57.003505,7213.64,CHF,US,ES,cajero,pos,0,Normal,1,3,27,11,4980.748490566038,3710.328094247605,1074.39,14077.93,53,6,4,0.6018043289201229,0,6,4,1,3,0.0,0,0,0.515940483043772,0,1.0556834383147673,0,0.0,0,0.011360044964798328,0,0.0
TXN00008083,CUST000082,2025-08-15 18:56:57.003505,7579.2,EUR,ES,CH,app,pos,0,Normal,18,4,15,8,7972.279090909091,6295.064813947002,670.79,24431.66,55,6,4,-0.062442421557878804,1,2,1,0,3,0.0,0,0,0.4632917690354581,0,1.020424622670332,0,0.0,0,0.007983775339861898,0,0.0
TXN00004387,CUST000064,2025-12-06 01:46:57.003505,615.83,EUR,ES,ES,cajero,atm,0,Normal,1,5,6,12,729.9651020408163,552.4964489294722,103.76,2307.86,49,5,4,-0.20658069758708122,1,2,4,1,0,0.0,0,0,0.45632550114502207,0,1.016948270680886,0,0.0,0,0.02329299798055739,0,0.0
TXN00006142,CUST000161,2025-12-08 19:31:57.003505,117.01,EUR,ES,IT,cajero,desktop,0,Normal,19,0,8,12,139.16267857142856,120.75959945266268,10.61,487.09,56,3,4,-0.1834444506970054,1,2,8,1,1,0.0,0,0,0.46960629760052786,0,1.020510671392521,0,0.0,0,0.025867898890757062,0,0.0
TXN00006343,CUST000094,2025-11-23 17:39:57.003505,4185.7,EUR,GB,US,app,mobile,0,Normal,17,6,23,11,7811.610638297872,6082.503451203796,699.35,22965.89,47,6,4,-0.5961214271048448,1,4,14,0,2,0.0,0,0,0.4941211314771193,0,0.9967787391217312,0,0.0,0,0.023051816196078004,0,0.0
TXN00005346,CUST000086,2025-02-14 18:07:57.003505,3540.64,EUR,ES,IT,app,mobile,0,Normal,18,4,14,2,5910.098163265306,4295.407110007479,1124.83,14315.23,49,6,4,-0.5516259814333534,1,2,8,0,2,0.0,0,0,0.4453087504920981,0,0.9940852148691925,0,0.0,0,0.015415121811901075,0,0.0
TXN00004988,CUST000137,2025-02-24 22:33:57.003505,341.4,EUR,FR,FR,app,pos,0,Normal,22,0,24,2,911.4923636363636,700.4321115012415,100.69,2786.35,55,5,4,-0.8139152295581725,1,3,5,0,3,0.0,0,0,0.4718337555351344,0,1.013164796726694,0,0.0,0,0.01913428392285078,0,0.0
TXN00009856,CUST000021,2025-05-31 22:25:57.107482,42234.49,EUR,FR,ES,web,desktop,1,Fraude,22,5,31,5,2655.973768115942,10838.616564582062,16.24,71242.61,69,5,4,3.651620665091642,1,3,4,3,1,1.0,1,1,0.5756685290876067,1,1.2982823601801903,1,0.9314282918068024,1,0.9999783759031442,1,1.0
TXN00005221,CUST000042,2025-10-02 03:22:57.003505,3421.78,EUR,ES,DE,web,mobile,0,Normal,3,3,2,10,10704.279047619048,15707.05132958625,1001.04,76105.74,63,9,4,-0.4636452058597325,1,2,3,3,2,0.0,0,0,0.47713753863703867,0,1.010300304189605,0,0.0,0,0.03815117306912039,0,0.0
TXN00003181,CUST000038,2025-07-18 21:37:57.003505,1735.95,EUR,ES,GB,cajero,pos,0,Normal,21,4,18,7,7141.748709677419,18776.16760796677,143.24,94991.86,62,10,4,-0.2879074591928877,1,2,6,1,3,0.0,0,0,0.45466615290212115,0,0.9735164618278249,0,0.13908682906680542,1,0.7208488482983105,0,0.0
TXN00009939,CUST000022,2025-02-07 14:54:57.107482,54590.22,EUR,IT,CN,cajero,desktop,1,Fraude,14,4,7,2,10301.100588235295,13087.105408488525,1670.97,67315.05,51,12,4,3.3841799256582616,1,5,2,1,1,1.0,1,1,0.6098234222391126,0,1.0408556983374688,1,0.938949644118213,1,0.999998651154717,1,1.0
TXN00005741,CUST000098,2025-10-23 20:54:57.003505,515.04,EUR,IT,ES,app,pos,0,Normal,20,3,23,10,859.0164814814815,759.6341295827942,114.41,2894.43,54,5,4,-0.452818623641333,1,5,4,0,3,0.0,0,0,0.45238936685984515,0,1.0072691006842027,0,0.0,0,0.018090820419264658,0,0.0
TXN00006221,CUST000018,2025-07-04 19:27:57.003505,114.33,EUR,FR,FR,app,tablet,0,Normal,19,4,4,7,1260.8659574468084,4033.3930453795238,15.89,17120.41,47,4,4,-0.2842609049658496,1,3,5,0,4,0.0,0,0,0.4453383395144913,0,1.0044753677843703,0,0.1737322723662693,0,0.0698987009968959,0,0.0
TXN00006393,CUST000006,2025-09-22 03:24:57.003505,151.12,EUR,FR,ES,web,mobile,0,Normal,3,0,22,9,5953.340833333334,18691.661854483864,13.39,88596.57,60,9,4,-0.3104176010776188,1,3,4,3,2,0.0,0,0,0.46411010608284936,0,0.9907336230480711,0,0.00987012987012987,1,0.5593936040356438,0,0.0
TXN00003329,CUST000010,2025-08-05 04:23:57.003505,656.72,EUR,FR,FR,cajero,mobile,0,Normal,4,1,5,8,2649.5095,9608.349775436482,124.77,72985.19,60,8,4,-0.20740184801422584,1,3,5,1,2,0.0,0,0,0.4383597447678522,0,1.0028775558795644,0,0.036105478080440075,0,0.41429411646094494,0,0.0
TXN00006031,CUST000011,2025-07-17 23:42:57.107482,63041.61,EUR,ES,FR,cajero,mobile,1,Fraude,23,3,17,7,5832.329,15831.358716522058,120.51,81442.3,60,11,4,3.6136684172711653,1,2,5,1,2,1.0,1,1,0.5767663214097246,0,0.988005896850285,1,0.9495977410084651,1,0.9999999992758617,1,1.0
TXN00009739,CUST000117,2025-12-19 08:01:57.003505,2105.97,EUR,ES,DE,web,pos,0,Normal,8,4,19,12,4614.202641509434,3046.091732833902,1227.93,13885.08,53,6,4,-0.8234264955482802,1,2,3,3,3,0.0,0,0,0.43594473373309095,0,1.0000198077039812,0,0.0,0,0.003968168070406501,0,0.0
TXN00000537,CUST000065,2025-11-03 00:59:57.003505,1103.26,EUR,DE,FR,web,tablet,0,Normal,0,0,3,11,923.64,646.6474119934588,157.06,2903.34,38,5,4,0.2777711568789914,1,1,5,3,4,0.0,0,0,0.49385631557807974,0,1.1534193028904194,0,0.0,0,0.021889938011300424,0,0.0
TXN00008312,CUST000030,2025-05-03 20:16:57.003505,123.4,EUR,GB,DE,sucursal,tablet,0,Normal,20,5,3,5,5147.489833333334,15805.705911525396,117.06,96740.03,60,7,4,-0.31786557722499076,1,4,3,2,4,0.0,0,0,0.4649719011740565,0,1.0325259117142433,0,0.0,0,0.3817916995577614,0,0.0
TXN00001768,CUST000094,2025-11-25 22:38:57.003505,5476.29,GBP,GB,US,app,atm,0,Normal,22,1,25,11,7811.610638297872,6082.503451203796,699.35,22965.89,47,6,4,-0.38394070083951126,2,4,14,0,0,0.0,0,0,0.5324060395525758,0,1.112876762722105,0,0.0,0,0.047610372990537775,0,0.0
TXN00005687,CUST000028,2025-07-12 20:06:57.003505,369.39,EUR,ES,ES,cajero,mobile,0,Normal,20,5,12,7,4253.581489361702,17241.301652205857,19.11,90310.44,47,6,4,-0.22528412108835605,1,2,4,1,2,0.0,0,0,0.4411591968679967,0,1.0293593396764125,0,0.17030309974429167,1,0.733670039820613,0,0.0
TXN00001894,CUST000090,2025-05-14 04:01:57.003505,10162.08,USD,GB,DE,cajero,pos,0,Normal,4,2,14,5,7876.1302173913045,6513.608792365749,504.72,24011.29,46,6,4,0.3509498121743179,3,4,3,1,3,0.0,0,0,0.4955534255487474,0,1.003696198142534,0,0.0,0,0.04379457557177957,0,0.0
TXN00005368,CUST000051,2025-05-05 05:26:57.003505,857.52,EUR,DE,GB,web,mobile,0,Normal,5,0,5,5,819.4428260869565,649.2779453436051,154.15,2996.29,46,5,4,0.058645413920916684,1,1,6,3,2,0.0,0,0,0.45373792126032164,0,1.0135445072235105,0,0.0,0,0.020940026889379636,0,0.0
TXN00008342,CUST000006,2026-01-04 20:56:57.003505,283.16,EUR,FR,IT,web,pos,0,Normal,20,6,4,1,5953.340833333334,18691.661854483864,13.39,88596.57,60,9,4,-0.30335348869313,1,3,8,3,3,0.0,0,0,0.49206890836064815,0,1.0512063205464295,0,0.23499640069148564,1,0.7804627634462368,0,0.0
TXN00007156,CUST000164,2025-07-04 21:53:57.003505,10364.67,GBP,US,IT,app,mobile,0,Normal,21,4,4,7,5759.409827586207,3931.2540620704726,1054.44,14842.44,58,6,4,1.1714481177074814,2,6,8,0,2,0.0,0,0,0.5347647229614124,0,1.0607850996483679,0,0.0,0,0.11113327166733851,0,0.0
TXN00005444,CUST000053,2025-02-28 00:43:57.003505,13179.84,EUR,FR,DE,cajero,pos,0,Normal,0,4,28,2,5120.007843137255,3842.5661514010735,1060.21,14819.86,51,6,4,2.0975129216256856,1,3,3,1,3,0.0,0,0,0.49153552465949457,0,1.04385542240294,0,0.0,0,0.0380831811445321,0,0.0
TXN00008633,CUST000032,2025-10-13 03:32:57.003505,138.9,EUR,FR,ES,cajero,desktop,0,Normal,3,0,13,10,5279.0388,17558.788655810717,10.88,75146.84,50,4,4,-0.29273880450780637,1,3,4,1,1,0.0,0,0,0.4732849938850423,0,1.084538077092764,0,0.01723768115942029,0,0.4223960763838684,0,0.0
TXN00008803,CUST000057,2025-02-20 01:57:57.003505,397.45,EUR,ES,FR,cajero,tablet,0,Normal,1,3,20,2,180.91574074074074,140.8073723895602,11.53,490.57,54,3,4,1.5378048325650655,1,2,5,1,4,0.0,0,0,0.4852398712677323,0,1.016520814746157,0,0.0,0,0.003367020424096114,0,0.0
TXN00005780,CUST000057,2025-10-29 02:37:57.003505,143.44,EUR,ES,ES,web,pos,0,Normal,2,2,29,10,180.91574074074074,140.8073723895602,11.53,490.57,54,3,4,-0.26614899375375534,1,2,4,3,3,0.0,0,0,0.4677295226248398,0,0.9876541772272882,0,0.0,0,0.004347327639205042,0,0.0
TXN00003493,CUST000120,2025-12-29 00:44:57.003505,29.62,EUR,IT,IT,cajero,pos,0,Normal,0,0,29,12,170.5298113207547,129.18067867988032,11.93,494.78,53,3,4,-1.090796330147357,1,5,8,1,3,0.0,0,0,0.510335916993224,0,1.111348747777382,0,0.0,0,0.019583236671428778,0,0.0
TXN00000744,CUST000062,2025-08-08 05:40:57.003505,157.01,EUR,IT,DE,app,pos,0,Normal,5,4,8,8,897.1857692307692,674.5982232769489,119.34,2822.56,52,5,4,-1.0972097799754927,1,5,3,0,3,0.0,0,0,0.4647455811379103,0,0.9851774092864188,0,0.0,0,0.02530309287779586,0,0.0
TXN00000152,CUST000127,2025-01-21 23:24:57.003505,2520.91,EUR,FR,ES,app,tablet,0,Normal,23,1,21,1,5175.683538461539,3408.1231986798057,1026.86,14073.5,65,6,4,-0.7789546864711216,1,3,4,0,4,0.0,0,0,0.4881180017933807,0,1.108301409719238,0,0.0,0,0.004718224174066763,0,0.0
TXN00000416,CUST000139,2025-01-23 22:14:57.003505,741.83,USD,US,GB,sucursal,desktop,0,Normal,22,3,23,1,5999.512857142858,5088.7018853137615,532.86,19230.71,49,6,4,-1.033207087898699,3,6,6,2,1,0.0,0,0,0.5179319728741778,0,1.0578439012890302,0,0.0,0,0.007046367817811164,0,0.0
TXN00008896,CUST000039,2026-01-05 00:09:57.003505,2026.36,EUR,DE,CH,sucursal,atm,0,Normal,0,0,5,1,14481.797272727272,22909.14968209796,681.03,99400.06,44,9,4,-0.543688327372391,1,1,1,2,0,0.0,0,0,0.5585683906717851,1,1.1872065588237246,0,0.08945931910148923,0,0.0325064449785078,0,0.0
TXN00006624,CUST000039,2025-05-10 00:54:57.003505,2512.34,EUR,DE,CH,app,mobile,0,Normal,0,5,10,5,14481.797272727272,22909.14968209796,681.03,99400.06,44,9,4,-0.522474969097529,1,1,1,0,2,0.0,0,0,0.5446144562917736,0,1.0526909951389534,0,0.03820041091319898,0,0.045941627638113665,0,0.0
TXN00003903,CUST000165,2025-05-10 03:49:57.003505,887.97,EUR,FR,ES,app,mobile,0,Normal,3,5,10,5,796.1411538461538,546.07482260668,145.49,2657.6,52,5,4,0.16816165511411235,1,3,4,0,2,0.0,0,0,0.4387877161041272,0,0.9764731157408459,0,0.0,0,0.017247027154369453,0,0.0
TXN00000242,CUST000115,2026-01-09 21:56:57.003505,2617.57,EUR,DE,US,web,mobile,0,Normal,21,4,9,1,6975.763859649122,5678.052922748995,582.15,24541.97,57,6,4,-0.767550763998793,1,1,14,3,2,0.0,0,0,0.4996228305551388,0,1.0203141792755885,0,0.0,0,0.013842943025775972,0,0.0
TXN00000415,CUST000014,2025-10-23 21:20:57.003505,1768.06,EUR,IT,FR,app,mobile,0,Normal,21,3,23,10,6809.598301886793,18922.663397876047,109.06,89409.3,53,9,4,-0.26642857802915026,1,5,5,0,2,0.0,0,0,0.47802510228171036,0,1.0309315974770374,0,0.07530271704391774,1,0.7621949473795439,0,0.0
TXN00003321,CUST000126,2025-05-16 05:41:57.003505,326.82,EUR,DE,IT,app,atm,0,Normal,5,4,16,5,912.0479310344828,667.0118958084857,109.66,2772.03,58,5,4,-0.8773875456115214,1,1,8,0,0,0.0,0,0,0.47008028119335554,0,1.0380852281629682,0,0.0,0,0.03315564477981979,0,0.0
TXN00007269,CUST000077,2025-09-02 19:34:57.003505,7360.23,CHF,CH,FR,app,atm,0,Normal,19,1,2,9,6464.85641509434,5759.730942651314,662.88,21657.81,53,6,4,0.1554540643764946,0,0,5,0,0,0.0,0,0,0.5252106186764509,1,1.2483659890851484,0,0.0,0,0.0396450917044495,0,0.0
TXN00005011,CUST000109,2025-06-25 05:43:57.003505,3160.96,USD,CH,DE,sucursal,mobile,0,Normal,5,2,25,6,7309.252040816326,6747.518800021043,807.42,24185.66,49,6,4,-0.6147877706081533,3,0,3,2,2,0.0,0,0,0.495360458208031,0,1.0042187334427122,0,0.0,0,0.00586693437742448,0,0.0
TXN00008368,CUST000052,2025-10-11 04:58:57.003505,298.18,EUR,ES,ES,web,tablet,0,Normal,4,5,11,10,177.9474,132.6302616653853,34.91,487.78,50,3,4,0.9065246315868083,1,2,4,3,4,0.0,0,0,0.4809357717313354,0,1.0175350790573883,0,0.0,0,0.0044227603547451685,0,0.0
TXN00009031,CUST000080,2025-10-27 07:08:57.003505,393.17,EUR,ES,FR,sucursal,atm,0,Normal,7,0,27,10,146.3564,118.60946270815987,13.78,474.86,50,3,4,2.0808929766960933,1,2,5,2,0,0.0,0,0,0.504718581305554,0,1.0340856279068547,0,0.0,0,0.002526931793386403,0,0.0
TXN00002624,CUST000130,2026-01-07 05:04:57.003505,9644.86,EUR,IT,US,sucursal,atm,0,Normal,5,2,7,1,5477.731875,3585.6029816829373,1158.54,14850.38,64,6,4,1.1621833608253904,1,5,14,2,0,0.0,0,0,0.5238740329339421,0,1.0977197447258202,0,0.0,0,0.08179816384571573,0,0.0
TXN00006860,CUST000122,2025-10-13 05:09:57.003505,2293.45,EUR,GB,IT,app,mobile,0,Normal,5,0,13,10,879.8508333333334,604.8507573398664,120.9,2731.71,48,5,4,2.3371040660452693,1,4,8,0,2,0.0,0,0,0.49126768240278623,0,1.0357508177638444,0,0.0,0,0.020122579402922842,0,0.0
TXN00001561,CUST000057,2025-06-07 06:07:57.003505,450.19,EUR,ES,FR,sucursal,tablet,0,Normal,6,5,7,6,180.91574074074074,140.8073723895602,11.53,490.57,54,3,4,1.9123590816105935,1,2,5,2,4,0.0,0,0,0.4830228775288842,0,1.007744198041629,0,0.0,0,0.003750073333100466,0,0.0
TXN00008817,CUST000094,2025-11-16 20:06:57.003505,6104.17,EUR,GB,ES,cajero,mobile,0,Normal,20,6,16,11,7811.610638297872,6082.503451203796,699.35,22965.89,47,6,4,-0.2807134680177184,1,4,4,1,2,0.0,0,0,0.4511346264100724,0,1.0141567262907447,0,0.0,0,0.008679782396198554,0,0.0
TXN00004476,CUST000117,2025-11-19 08:53:57.003505,13028.54,EUR,ES,IT,app,desktop,0,Normal,8,2,19,11,4614.202641509434,3046.091732833902,1227.93,13885.08,53,6,4,2.762338791386309,1,2,8,0,1,0.0,0,0,0.4940702631836759,0,1.0574232661295635,0,0.0,0,0.11092209449204776,0,0.0
TXN00006289,CUST000063,2025-11-09 04:37:57.003505,359.9,EUR,FR,ES,cajero,atm,0,Normal,4,6,9,11,174.46065217391305,124.88230844193839,11.36,468.38,46,3,4,1.4849128643981666,1,3,4,1,0,0.0,0,0,0.4994271002239682,0,1.0741202246165193,0,0.0,0,0.005922838194650951,0,0.0
TXN00002454,CUST000143,2025-06-27 00:08:57.003505,4334.44,EUR,ES,IT,app,mobile,0,Normal,0,4,27,6,5239.2824390243895,3581.701917241844,1357.73,14883.52,41,6,4,-0.2526291856996719,1,2,8,0,2,0.0,0,0,0.4643528211369037,0,1.0338292731496679,0,0.0,0,0.016655643852631293,0,0.0
TXN00000862,CUST000010,2025-10-04 18:24:57.003505,833.85,EUR,FR,DE,sucursal,desktop,0,Normal,18,5,4,10,2649.5095,9608.349775436482,124.77,72985.19,60,8,4,-0.18896684053412832,1,3,3,2,1,0.0,0,0,0.46151750106260436,0,1.0315605207350764,0,0.14372280782130648,0,0.329993217833074,0,0.0
TXN00000892,CUST000134,2025-03-29 03:20:57.003505,368.11,EUR,FR,FR,web,pos,0,Normal,3,5,29,3,159.77609756097561,110.03255829249015,11.1,483.71,41,3,4,1.8933841381006888,1,3,5,3,3,0.0,0,0,0.5075530828134491,0,1.101695566376192,0,0.0,0,0.0018888261045732103,0,0.0
TXN00005426,CUST000071,2025-05-13 05:45:57.003505,1997.64,EUR,FR,FR,sucursal,pos,0,Normal,5,1,13,5,8737.374901960784,6519.461954884734,915.99,24253.24,51,6,4,-1.0337869823563004,1,3,5,2,3,0.0,0,0,0.45214398310112297,0,0.9803646390491064,0,0.0,0,0.0014646226440612128,0,0.0
TXN00004116,CUST000027,2025-09-28 06:43:57.003505,378.74,EUR,FR,IT,app,mobile,0,Normal,6,6,28,9,4851.360625,18687.684437621316,10.99,94066.9,64,5,4,-0.23933519637973769,1,3,8,0,2,0.0,0,0,0.4911312960611058,0,1.0320626653784246,0,0.05557363225010283,1,0.6895835208365646,0,0.0
TXN00001923,CUST000101,2025-03-15 21:14:57.003505,32.19,EUR,FR,ES,web,atm,0,Normal,21,5,15,3,125.60097560975608,111.09659308018581,10.12,468.78,41,3,4,-0.8408086348923997,1,3,4,3,0,0.0,0,0,0.4818858941937593,0,1.0337208187921687,0,0.0,0,0.011180766993790845,0,0.0
TXN00001875,CUST000060,2025-11-21 08:36:57.003505,618.31,EUR,IT,GB,sucursal,atm,0,Normal,8,4,21,11,793.8452000000001,702.8669137539191,101.28,2914.93,50,5,4,-0.2497417310664805,1,5,6,2,0,0.0,0,0,0.4510458821566415,0,1.0066103161641975,0,0.0,0,0.017810358178321554,0,0.0
TXN00007085,CUST000090,2025-03-27 20:07:57.003505,1191.54,EUR,GB,GB,cajero,mobile,0,Normal,20,3,27,3,7876.1302173913045,6513.608792365749,504.72,24011.29,46,6,4,-1.0262498761362064,1,4,6,1,2,0.0,0,0,0.468297932466893,0,1.016789656259552,0,0.0,0,0.0022402266266915547,0,0.0
TXN00009064,CUST000117,2025-12-27 09:14:57.003505,6162.55,EUR,ES,ES,sucursal,desktop,0,Normal,9,5,27,12,4614.202641509434,3046.091732833902,1227.93,13885.08,53,6,4,0.5083062145806653,1,2,4,2,1,0.0,0,0,0.4497368138856557,0,1.0096300280926342,0,0.009693877551020408,0,0.009367823266586679,0,0.0
TXN00000729,CUST000181,2025-12-18 02:28:57.003505,932.76,EUR,IT,GB,web,mobile,0,Normal,2,3,18,12,859.3886956521739,767.5902422592371,109.88,2932.89,46,5,4,0.09558655153860073,1,5,6,3,2,0.0,0,0,0.4480174572983115,0,1.0020722132420465,0,0.0,0,0.01578951876318781,0,0.0
TXN00009853,CUST000015,2025-10-23 13:11:57.107482,79145.66,EUR,FR,YE,sucursal,desktop,1,Fraude,13,3,23,10,16429.753191489363,24433.972081401258,1004.49,91371.5,47,12,4,2.56675036694841,1,3,15,2,1,1.0,1,1,0.6391623820236108,0,1.0230164380725753,1,0.9990910623445469,1,0.9999999999809652,1,1.0
TXN00001402,CUST000095,2025-12-18 23:17:57.003505,281.35,EUR,IT,FR,sucursal,mobile,0,Normal,23,3,18,12,175.85649999999998,142.59839717673157,10.78,490.31,60,3,4,0.7397944251046566,1,5,5,2,2,0.0,0,0,0.48557145650031774,0,1.0475189001988183,0,0.0,0,0.005630249779538125,0,0.0
TXN00002137,CUST000124,2025-08-18 00:21:57.003505,138.26,EUR,DE,ES,sucursal,pos,0,Normal,0,0,18,8,909.7118867924529,685.5308862425715,105.13,2668.3,53,5,4,-1.1253349792822374,1,1,4,2,3,0.0,0,0,0.4581232560783122,0,0.9989455192313965,0,0.0,0,0.015078208856659685,0,0.0
TXN00004139,CUST000031,2025-05-30 20:36:57.003505,957.82,EUR,ES,CH,web,pos,0,Normal,20,4,30,5,11309.0796,15599.351809179214,650.1,79046.03,50,9,4,-0.6635698537964494,1,2,1,3,3,0.0,0,0,0.5221310142332077,0,1.08808972354339,0,0.01897867564534231,0,0.004154084590514833,0,0.0
TXN00001445,CUST000153,2025-06-09 07:33:57.003505,237.0,EUR,ES,FR,cajero,desktop,0,Normal,7,0,9,6,824.5297916666667,674.6234349951362,103.35,2648.6,48,5,4,-0.8709003576195099,1,2,5,1,1,0.0,0,0,0.43217332648196993,0,0.9847750002380551,0,0.0,0,0.030636814387347108,0,0.0
TXN00007575,CUST000091,2025-07-09 22:12:57.003505,5888.05,CHF,GB,ES,sucursal,atm,0,Normal,22,2,9,7,7200.981951219513,5225.722639258717,656.16,24278.3,41,6,4,-0.25124409418608395,0,4,4,2,0,0.0,0,0,0.49352544164299744,0,1.0550171779777715,0,0.0,0,0.007717205978939044,0,0.0
TXN00004791,CUST000119,2025-08-24 22:18:57.003505,4161.41,GBP,US,IT,app,pos,0,Normal,22,6,24,8,5182.4826530612245,3810.198553881289,1035.0,14102.78,49,6,4,-0.2679841059078448,2,6,8,0,3,0.0,0,0,0.5100843584002247,0,1.0669455915392148,0,0.0,0,0.02632097309456731,0,0.0
TXN00007330,CUST000101,2025-01-29 07:25:57.003505,178.65,EUR,FR,ES,sucursal,desktop,0,Normal,7,2,29,1,125.60097560975608,111.09659308018581,10.12,468.78,41,3,4,0.4775036069238533,1,3,4,2,1,0.0,0,0,0.4834714858608966,0,1.0346533527134787,0,0.0,0,0.004257009426375644,0,0.0
TXN00000556,CUST000045,2025-04-15 07:49:57.003505,1596.68,GBP,GB,DE,web,pos,0,Normal,7,1,15,4,6149.803333333333,15824.94547276264,125.29,85657.33,60,9,4,-0.2877181056252166,2,4,3,3,3,0.0,0,0,0.48423312187189876,0,1.0827749896866057,0,0.12247340142014845,0,0.39390681159964075,0,0.0
TXN00001607,CUST000093,2025-08-15 23:15:57.003505,4901.17,EUR,FR,FR,web,pos,0,Normal,23,4,15,8,5332.117045454545,3968.6959699562376,1106.74,14810.24,44,6,4,-0.10858656057513794,1,3,5,3,3,0.0,0,0,0.4333034440112821,0,1.0103802611092905,0,0.0,0,0.012041484840095894,0,0.0
TXN00009388,CUST000091,2025-07-11 22:05:57.003505,24278.3,USD,GB,GB,cajero,atm,0,Normal,22,4,11,7,7200.981951219513,5225.722639258717,656.16,24278.3,41,6,4,3.267934259889272,3,4,6,1,0,0.0,0,0,0.5579260882442914,1,1.1680275307678953,0,0.007916666666666666,1,0.7762644059497109,0,0.0
TXN00000725,CUST000051,2025-07-08 21:34:57.003505,895.31,EUR,DE,DE,web,desktop,0,Normal,21,1,8,7,819.4428260869565,649.2779453436051,154.15,2996.29,46,5,4,0.11684853049497182,1,1,3,3,1,0.0,0,0,0.4610540839020471,0,1.0057351102026273,0,0.0,0,0.013497646679598912,0,0.0
TXN00003961,CUST000016,2025-07-01 08:55:57.003505,248.85,EUR,IT,GB,web,pos,0,Normal,8,1,1,7,4814.0977192982455,14760.960342710358,109.06,82531.17,57,9,4,-0.3092785030916702,1,5,6,3,3,0.0,0,0,0.4670754293695809,0,1.007249936070332,0,0.007755102040816325,1,0.6016411282243515,0,0.0
TXN00006090,CUST000082,2025-10-21 05:44:57.003505,4560.85,EUR,ES,ES,web,atm,0,Normal,5,1,21,10,7972.279090909091,6295.064813947002,670.79,24431.66,55,6,4,-0.5419212019563314,1,2,4,3,0,0.0,0,0,0.4481905069929107,0,1.0203541112320396,0,0.0,0,0.0027160196535402376,0,0.0
TXN00004976,CUST000049,2025-01-27 10:02:57.107482,8811.4,EUR,ES,GB,app,mobile,1,Fraude,10,0,27,1,15183.687118644068,29088.486775127054,121.09,99885.0,59,10,4,-0.2190656106550654,1,2,6,0,2,1.0,1,0,0.5401538721554051,0,1.0340316997858916,0,0.47068767493609237,1,0.8328372871360178,1,1.0
TXN00003905,CUST000094,2025-12-07 19:50:57.003505,7476.74,GBP,GB,US,web,pos,0,Normal,19,6,7,12,7811.610638297872,6082.503451203796,699.35,22965.89,47,6,4,-0.05505473871560946,2,4,14,3,3,0.0,0,0,0.5304032014812969,0,1.118161400198778,0,0.012258064516129031,0,0.06941464820264161,0,0.0
TXN00001802,CUST000146,2025-06-08 00:26:57.003505,820.97,EUR,IT,GB,app,tablet,0,Normal,0,6,8,6,904.4364285714286,643.5872499374547,113.72,2383.09,42,5,4,-0.12968937537194938,1,5,6,0,4,0.0,0,0,0.48655565139336004,0,1.0906562248807368,0,0.0,0,0.03262481251830926,0,0.0
TXN00006502,CUST000024,2025-01-17 01:00:57.003505,2648.44,EUR,FR,GB,sucursal,mobile,0,Normal,1,4,17,1,13902.334629629631,16284.919332654581,520.55,73708.1,54,9,4,-0.691062350328762,1,3,6,2,2,0.0,0,0,0.47952893789870377,0,0.9857391566904044,0,0.0,0,0.0041021759100308836,0,0.0
TXN00009303,CUST000006,2025-10-19 23:42:57.003505,477.63,EUR,FR,FR,cajero,atm,0,Normal,23,6,19,10,5953.340833333334,18691.661854483864,13.39,88596.57,60,9,4,-0.2929493843655661,1,3,5,1,0,0.0,0,0,0.48673583012998123,0,0.9975906354686298,0,0.10698373086904059,1,0.7364539294368363,0,0.0
TXN00001727,CUST000056,2025-03-24 21:47:57.003505,394.79,CHF,GB,DE,app,tablet,0,Normal,21,0,24,3,850.786111111111,607.7213774215593,107.86,2433.3,54,5,4,-0.7503374528233221,0,4,3,0,4,0.0,0,0,0.5140346771017417,1,1.1843989852232837,0,0.0,0,0.010657267523108721,0,0.0
TXN00004673,CUST000147,2025-03-08 02:16:57.003505,3239.35,EUR,US,FR,web,pos,0,Normal,2,5,8,3,5159.978620689655,3565.2608325444103,1101.13,13831.0,58,6,4,-0.5387063416564277,1,6,5,3,3,0.0,0,0,0.4787690629026324,0,1.065033041378563,0,0.0,0,0.005749757528789866,0,0.0
TXN00006797,CUST000133,2025-11-03 20:09:57.003505,147.75,EUR,IT,FR,sucursal,atm,0,Normal,20,0,3,11,145.8703846153846,109.73602561372553,11.7,462.02,52,3,4,0.017128516883809727,1,5,5,2,0,0.0,0,0,0.4902487077831258,0,1.0536758860989914,0,0.008735632183908043,0,0.015563513759646359,0,0.0
TXN00000422,CUST000142,2025-11-29 22:22:57.003505,2629.96,EUR,DE,DE,sucursal,mobile,0,Normal,22,5,29,11,6533.238913043478,5298.543436216841,666.85,19029.58,46,6,4,-0.7366701734720038,1,1,3,2,2,0.0,0,0,0.4838156379359673,0,1.0540456494945618,0,0.0,0,0.0029942584907395996,0,0.0
TXN00006920,CUST000041,2025-01-29 00:20:57.003505,4354.47,EUR,DE,ES,web,pos,0,Normal,0,2,29,1,12242.410327868853,18392.8926295824,1042.59,80913.59,61,9,4,-0.4288580641607913,1,1,4,3,3,0.0,0,0,0.5197205105386544,0,1.0280247972500771,0,0.015629032258064515,0,0.022477332848297896,0,0.0
TXN00000338,CUST000078,2025-03-04 03:33:57.003505,13716.56,EUR,DE,ES,app,mobile,0,Normal,3,1,4,3,8590.456956521739,6556.444835127875,848.73,24850.13,46,6,4,0.7818418627168149,1,1,4,0,2,0.0,0,0,0.4906843961517245,0,1.0668065349365956,0,0.0,0,0.07230836703349064,0,0.0
TXN00001290,CUST000108,2025-08-04 03:34:57.003505,138.46,EUR,ES,ES,web,mobile,0,Normal,3,0,4,8,161.04898305084745,113.9917943612899,19.95,497.52,59,3,4,-0.19816323604039282,1,2,4,3,2,0.0,0,0,0.4627455140745959,0,1.0312583457191122,0,0.009047619047619047,0,0.008315515401549895,0,0.0
TXN00004414,CUST000086,2025-04-28 08:41:57.003505,1857.15,EUR,ES,DE,sucursal,atm,0,Normal,8,0,28,4,5910.098163265306,4295.407110007479,1124.83,14315.23,49,6,4,-0.943553907353544,1,2,3,2,0,0.0,0,0,0.46378725230123335,0,1.0201610287495182,0,0.0,0,0.0022843105904857977,0,0.0
TXN00006772,CUST000074,2025-04-22 23:49:57.003505,4679.94,EUR,IT,GB,sucursal,desktop,0,Normal,23,1,22,4,5339.021777777778,3544.830265405901,1289.22,14680.96,45,6,4,-0.1859275982897823,1,5,6,2,1,0.0,0,0,0.45518066811824365,0,1.0213979386644412,0,0.0,0,0.010689844857396024,0,0.0
TXN00006834,CUST000042,2025-02-27 06:07:57.003505,3511.53,EUR,ES,ES,web,desktop,0,Normal,6,3,27,2,10704.279047619048,15707.05132958625,1001.04,76105.74,63,9,4,-0.45793121167259754,1,2,4,3,1,0.0,0,0,0.4704254455638943,0,1.0197422381685501,0,0.03852427449094115,0,0.01858440727512477,0,0.0
TXN00000347,CUST000095,2025-10-02 20:09:57.003505,394.24,EUR,IT,ES,app,tablet,0,Normal,20,3,2,10,175.85649999999998,142.59839717673157,10.78,490.31,60,3,4,1.5314582968130048,1,5,4,0,4,0.0,0,0,0.5191340192256296,0,1.1316310303375172,0,0.0,0,0.007340211290124654,0,0.0
TXN00005736,CUST000131,2025-04-09 01:01:57.003505,728.47,EUR,DE,ES,app,pos,0,Normal,1,2,9,4,890.2438181818181,592.6132155358536,134.89,2885.62,55,5,4,-0.27298381755215323,1,1,4,0,3,0.0,0,0,0.4497842259459858,0,0.9869550539629168,0,0.0,0,0.019021413569404774,0,0.0
TXN00009407,CUST000105,2025-11-07 01:31:57.003505,3806.59,CHF,US,US,cajero,tablet,0,Normal,1,4,7,11,4980.748490566038,3710.328094247605,1074.39,14077.93,53,6,4,-0.3164567823718784,0,6,14,1,4,0.0,0,0,0.5445873167479931,0,1.1419594075162822,0,0.007916666666666666,0,0.04499171116624556,0,0.0
TXN00005322,CUST000164,2025-02-14 21:51:57.003505,7062.16,EUR,US,US,web,tablet,0,Normal,21,4,14,2,5759.409827586207,3931.2540620704726,1054.44,14842.44,58,6,4,0.33138284921638744,1,6,14,3,4,0.0,0,0,0.535001178905464,0,1.050893417866081,0,0.0061290322580645155,0,0.038555783428035,0,0.0
TXN00009584,CUST000062,2025-03-06 08:08:57.003505,948.06,EUR,IT,FR,sucursal,mobile,0,Normal,8,3,6,3,897.1857692307692,674.5982232769489,119.34,2822.56,52,5,4,0.0754141190095171,1,5,5,2,2,0.0,0,0,0.43728073932687345,0,0.9968068130594123,0,0.0,0,0.016922495904034326,0,0.0
TXN00005325,CUST000173,2025-04-07 02:27:57.003505,4948.07,EUR,DE,DE,web,atm,0,Normal,2,0,7,4,5416.205952380952,3884.0417916518163,1118.22,14676.84,42,6,4,-0.12052804201711079,1,1,3,3,0,0.0,0,0,0.47782700738749073,0,1.0872068265542676,0,0.0,0,0.009727374986679525,0,0.0
TXN00001849,CUST000137,2026-01-01 19:05:57.003505,2369.78,EUR,FR,DE,sucursal,mobile,0,Normal,19,3,1,1,911.4923636363636,700.4321115012415,100.69,2786.35,55,5,4,2.081982836503733,1,3,3,2,2,0.0,0,0,0.49110192801241653,0,1.0559089206199765,0,0.0,0,0.007990125733800577,0,0.0
TXN00008808,CUST000126,2025-10-04 02:31:57.003505,498.68,EUR,DE,FR,cajero,atm,0,Normal,2,5,4,10,912.0479310344828,667.0118958084857,109.66,2772.03,58,5,4,-0.6197309718347799,1,1,5,1,0,0.0,0,0,0.4640106209098624,0,1.0275098945387644,0,0.0,0,0.024926574650730227,0,0.0
TXN00008622,CUST000161,2025-09-24 23:19:57.003505,105.84,EUR,ES,IT,cajero,atm,0,Normal,23,2,24,9,139.16267857142856,120.75959945266268,10.61,487.09,56,3,4,-0.27594227246959896,1,2,8,1,0,0.0,0,0,0.4825844049519316,0,1.0130705700461549,0,0.0,0,0.01546070324414629,0,0.0
TXN00001707,CUST000090,2025-04-19 21:28:57.003505,3645.58,USD,GB,US,cajero,desktop,0,Normal,21,5,19,4,7876.1302173913045,6513.608792365749,504.72,24011.29,46,6,4,-0.6494940595296744,3,4,14,1,1,0.0,0,0,0.5235643055577336,0,1.0715262383601547,0,0.0,0,0.035372814877669106,0,0.0
TXN00008846,CUST000024,2025-04-21 19:32:57.003505,14832.32,EUR,FR,US,cajero,tablet,0,Normal,19,0,21,4,13902.334629629631,16284.919332654581,520.55,73708.1,54,9,4,0.05710715240992635,1,3,14,1,4,0.0,0,0,0.5368749072836716,0,1.0244342145358711,1,0.5474239888160739,1,0.5200356092757473,0,0.0
TXN00007925,CUST000113,2025-10-30 20:45:57.003505,1541.11,GBP,CH,CH,app,atm,0,Normal,20,3,30,10,5951.366734693877,5946.201402798187,518.29,22408.12,49,6,4,-0.7416931306559492,2,0,1,0,0,0.0,0,0,0.5358906979536435,1,1.206557392694761,0,0.0,0,0.005804765719010682,0,0.0
TXN00005844,CUST000092,2025-02-09 02:52:57.003505,3404.6,EUR,FR,IT,sucursal,desktop,0,Normal,2,6,9,2,4959.88603773585,3492.984458604319,1165.1,14228.99,53,6,4,-0.4452599362300142,1,3,8,2,1,0.0,0,0,0.44247925722726644,0,1.0244805856897226,0,0.0,0,0.01319138628213894,0,0.0
TXN00003021,CUST000082,2025-01-27 22:47:57.003505,18590.82,EUR,ES,US,sucursal,tablet,0,Normal,22,0,27,1,7972.279090909091,6295.064813947002,670.79,24431.66,55,6,4,1.6868040633796564,1,2,14,2,4,0.0,0,1,0.5628130696739272,1,1.1845716390335093,0,0.0,0,0.3651611356734344,0,0.0
TXN00002866,CUST000087,2025-08-09 20:38:57.003505,942.71,EUR,ES,FR,app,tablet,0,Normal,20,5,9,8,1085.5852631578948,805.6519024148467,125.39,2969.7,57,5,4,-0.17734118488680012,1,2,5,0,4,0.0,0,0,0.446748174167828,0,0.9874859983995892,0,0.0,0,0.023573208365052972,0,0.0
TXN00008671,CUST000158,2025-07-18 22:03:57.003505,383.82,EUR,GB,GB,sucursal,pos,0,Normal,22,4,18,7,800.725,537.8160320696686,170.04,2304.86,44,5,4,-0.7751814270401162,1,4,6,2,3,0.0,0,0,0.4395527739374522,0,0.9784259383852534,0,0.0,0,0.024006881376836244,0,0.0
TXN00000534,CUST000110,2025-12-11 20:20:57.003505,76.63,EUR,ES,FR,app,atm,0,Normal,20,3,11,12,182.09387755102043,131.0415090377906,13.74,460.63,49,3,4,-0.8048127461336951,1,2,5,0,0,0.0,0,0,0.467019666490237,0,1.007946979532978,0,0.0,0,0.02646625303878077,0,0.0
TXN00009440,CUST000061,2025-09-01 06:14:57.003505,2827.81,EUR,IT,FR,web,desktop,0,Normal,6,0,1,9,4214.0417391304345,2941.5094806452344,1120.02,13214.78,46,6,4,-0.47126543286037365,1,5,5,3,1,0.0,0,0,0.4659026215426861,0,1.0623056710144974,0,0.0,0,0.015978202247425168,0,0.0
TXN00003063,CUST000125,2025-02-27 22:57:57.003505,14793.09,EUR,US,DE,app,mobile,0,Normal,22,3,27,2,8174.718545454546,5978.903488843214,693.97,24865.54,55,6,4,1.1069540536636104,1,6,3,0,2,0.0,0,0,0.535821821882851,1,1.1813019677733916,0,0.0,0,0.03719338175922115,0,0.0
TXN00003501,CUST000003,2025-11-08 02:37:57.003505,97.43,EUR,ES,FR,app,tablet,0,Normal,2,5,8,11,8320.49358490566,25653.022108616926,14.93,99303.62,53,6,4,-0.32054950678980465,1,2,5,0,4,0.0,0,0,0.5180863963635893,0,1.073020618020205,0,0.015048824593128389,1,0.8602892398330296,0,0.0
TXN00000412,CUST000118,2025-01-24 01:55:57.003505,714.7,EUR,DE,ES,web,tablet,0,Normal,1,4,24,1,7784.2775,6565.419604910623,714.7,24795.08,44,6,4,-1.0767898968156584,1,1,4,3,4,0.0,0,0,0.4922949229531714,0,1.0776161821058552,0,0.0,0,0.0009790485034136978,0,0.0
TXN00004677,CUST000186,2025-07-26 04:11:57.003505,3945.58,EUR,IT,FR,web,atm,0,Normal,4,5,26,7,4858.559038461539,3428.725794161738,1031.11,14581.66,52,6,4,-0.26627356429313775,1,5,5,3,0,0.0,0,0,0.45545992966838644,0,1.0202082499388594,0,0.0,0,0.005630631111793959,0,0.0
TXN00008799,CUST000081,2025-03-08 23:40:57.003505,8035.95,CHF,CH,GB,web,atm,0,Normal,23,5,8,3,7762.277592592593,5260.794077166913,692.26,19011.44,54,6,4,0.052021121401270756,0,0,6,3,0,0.0,0,0,0.5493021256233944,1,1.1959303488824964,0,0.0,0,0.006983667427520785,0,0.0
TXN00008724,CUST000095,2025-12-26 00:09:57.003505,82.79,EUR,IT,FR,web,pos,0,Normal,0,4,26,12,175.85649999999998,142.59839717673157,10.78,490.31,60,3,4,-0.6526475836331384,1,5,5,3,3,0.0,0,0,0.4989654047180392,0,1.0935349110164287,0,0.0,0,0.005937526909075421,0,0.0
TXN00006190,CUST000189,2025-07-13 18:58:57.003505,2637.19,EUR,DE,CH,cajero,mobile,0,Normal,18,6,13,7,7299.777222222222,5820.825465841291,680.44,24792.93,54,6,4,-0.8010182144754129,1,1,1,1,2,0.0,0,0,0.4577390498278558,0,1.0386631064795093,0,0.0,0,0.0023142162908054978,0,0.0
TXN00005641,CUST000092,2025-09-06 05:55:57.003505,3202.79,EUR,FR,FR,app,tablet,0,Normal,5,5,6,9,4959.88603773585,3492.984458604319,1165.1,14228.99,53,6,4,-0.5030357443774288,1,3,5,0,4,0.0,0,0,0.4411391572468881,0,1.0054656179532189,0,0.0,0,0.015019213092091662,0,0.0
TXN00004967,CUST000089,2025-01-20 00:07:57.003505,202.61,EUR,ES,FR,sucursal,mobile,0,Normal,0,0,20,1,167.74181818181816,126.83528642226571,11.15,491.57,55,3,4,0.27490915601505395,1,2,5,2,2,0.0,0,0,0.4716812641357462,0,1.0014578161383845,0,0.0,0,0.00524946560780101,0,0.0
TXN00003517,CUST000052,2025-08-26 06:42:57.003505,113.3,EUR,ES,ES,app,desktop,0,Normal,6,1,26,8,177.9474,132.6302616653853,34.91,487.78,50,3,4,-0.4874257103983863,1,2,4,0,1,0.0,0,0,0.44965561916644636,0,0.9931843989170727,0,0.0,0,0.010500352850625557,0,0.0
TXN00001939,CUST000131,2025-11-11 18:10:57.003505,231.84,EUR,DE,DE,web,mobile,0,Normal,18,1,11,11,890.2438181818181,592.6132155358536,134.89,2885.62,55,5,4,-1.1110177765365181,1,1,3,3,2,0.0,0,0,0.4624641321796651,0,1.0082524176058656,0,0.0,0,0.014971094330298888,0,0.0
TXN00002682,CUST000095,2025-02-28 02:39:57.003505,81.94,EUR,IT,ES,web,desktop,0,Normal,2,4,28,2,175.85649999999998,142.59839717673157,10.78,490.31,60,3,4,-0.65860837990342,1,5,4,3,1,0.0,0,0,0.47508344887442155,0,1.085767833274996,0,0.0,0,0.003986676445938954,0,0.0
TXN00007742,CUST000002,2025-10-15 20:31:57.003505,42.98,EUR,ES,ES,cajero,tablet,0,Normal,20,2,15,10,5083.588301886793,15511.3779006517,21.06,83708.16,53,7,4,-0.32496199459817515,1,2,4,1,4,0.0,0,0,0.4484071153011588,0,1.019407372658218,0,0.0,0,0.4250838057165839,0,0.0
TXN00009710,CUST000076,2025-05-07 20:14:57.003505,63.77,EUR,ES,FR,cajero,pos,0,Normal,20,2,7,5,157.1376595744681,106.39921381723207,16.86,457.19,47,3,4,-0.8775220732112637,1,2,5,1,3,0.0,0,0,0.43975652120243647,0,0.9956948817949538,0,0.0,0,0.02299764076676747,0,0.0
TXN00003248,CUST000033,2025-06-08 02:31:57.003505,7304.88,EUR,IT,ES,web,atm,0,Normal,2,6,8,6,13515.900317460317,21277.432782527,1113.58,86099.77,63,10,4,-0.2919064710790153,1,5,4,3,0,0.0,0,0,0.5353681824785657,0,1.044542410458061,0,0.032370841539593964,0,0.1827381429088274,0,0.0
TXN00004214,CUST000146,2025-12-26 18:23:57.003505,188.92,EUR,IT,FR,sucursal,pos,0,Normal,18,4,26,12,904.4364285714286,643.5872499374547,113.72,2383.09,42,5,4,-1.1117629001028242,1,5,5,2,3,0.0,0,0,0.4780470408239708,0,1.0200680085751448,0,0.0,0,0.01972834750141298,0,0.0
TXN00008940,CUST000004,2025-06-08 01:36:57.003505,2887.99,EUR,DE,DE,web,tablet,0,Normal,1,6,8,6,14062.081549295775,19520.768114931096,601.38,95541.67,71,12,4,-0.572420689746142,1,1,3,3,4,0.0,0,1,0.564602230488691,0,1.088305498870072,0,0.006551724137931034,0,0.018584946827654557,0,0.0
TXN00005472,CUST000010,2025-03-14 21:24:57.003505,128.09,EUR,FR,DE,sucursal,atm,0,Normal,21,4,14,3,2649.5095,9608.349775436482,124.77,72985.19,60,8,4,-0.26241962029562343,1,3,3,2,0,0.0,0,0,0.457932139235074,0,1.0340454728829997,0,0.018882716049382714,0,0.20762632859340543,0,0.0
TXN00007155,CUST000043,2025-09-26 18:15:57.003505,6430.32,USD,CH,FR,cajero,pos,0,Normal,18,4,26,9,14802.66984375,19505.427795265667,654.06,90854.63,64,10,4,-0.4292317979999851,3,0,5,1,3,0.0,0,0,0.550298831618696,0,1.0833864358664569,0,0.009344262295081967,0,0.0558510290859412,0,0.0
TXN00002826,CUST000016,2025-05-12 08:27:57.003505,1647.98,EUR,IT,FR,cajero,atm,0,Normal,8,0,12,5,4814.0977192982455,14760.960342710358,109.06,82531.17,57,9,4,-0.2144926648114279,1,5,5,1,0,0.0,0,0,0.4682915295183804,0,1.0248306758662835,0,0.12609987620252563,1,0.6820626187141516,0,0.0
TXN00005817,CUST000112,2025-09-07 17:22:57.003505,5460.88,CHF,US,CH,sucursal,tablet,0,Normal,17,6,7,9,7212.2430952380955,6561.998481108902,680.3,24787.28,42,6,4,-0.26689477298922515,0,6,1,2,4,0.0,0,0,0.543147466165596,1,1.1607342215953027,0,0.0,0,0.007090082444254131,0,0.0
TXN00005880,CUST000177,2025-05-24 05:12:57.003505,1464.26,EUR,FR,GB,sucursal,desktop,0,Normal,5,5,24,5,882.1804000000001,714.9039851529658,108.09,2740.13,50,5,4,0.8142066784831916,1,3,6,2,1,0.0,0,0,0.4378054486838906,0,0.9907276032450323,0,0.0,0,0.009779577370724794,0,0.0
TXN00009123,CUST000127,2025-08-16 01:48:57.003505,6763.7,EUR,FR,ES,web,desktop,0,Normal,1,5,16,8,5175.683538461539,3408.1231986798057,1026.86,14073.5,65,6,4,0.465950427404636,1,3,4,3,1,0.0,0,0,0.449322758706611,0,1.0821833399451448,0,0.0,0,0.007087828403033182,0,0.0
TXN00000868,CUST000074,2025-08-28 00:35:57.003505,2096.45,EUR,IT,US,cajero,atm,0,Normal,0,3,28,8,5339.021777777778,3544.830265405901,1289.22,14680.96,45,6,4,-0.9147325919966875,1,5,14,1,0,0.0,0,0,0.49298578415247934,0,1.0525642810607534,0,0.0,0,0.019697391380571198,0,0.0
TXN00001651,CUST000068,2025-05-14 02:18:57.003505,333.7,EUR,ES,DE,web,pos,0,Normal,2,2,14,5,759.856590909091,491.71454812415806,146.29,2320.43,44,5,4,-0.866674764186175,1,2,3,3,3,0.0,0,0,0.4435691395052287,0,0.9884439087217194,0,0.0,0,0.012916642047155761,0,0.0
TXN00009330,CUST000059,2025-09-22 21:42:57.003505,166.04,EUR,FR,ES,sucursal,pos,0,Normal,21,0,22,9,141.4556862745098,127.69645729236034,11.48,485.42,51,3,4,0.19252150023773215,1,3,4,2,3,0.0,0,0,0.45845753254385607,0,0.9974528565433285,0,0.0,0,0.006522622253585849,0,0.0
TXN00003628,CUST000149,2025-09-17 06:40:57.003505,2529.48,EUR,ES,FR,cajero,mobile,0,Normal,6,2,17,9,6270.26275,3614.0108901244885,1298.13,14063.89,40,6,4,-1.0350778851239342,1,2,5,1,2,0.0,0,0,0.4410293153663429,0,1.0069288617126302,0,0.0,0,0.004967812760236491,0,0.0
TXN00007988,CUST000188,2025-05-30 07:31:57.003505,4726.14,EUR,IT,ES,cajero,atm,0,Normal,7,4,30,5,4936.442647058823,3552.9495258458055,1054.79,14763.77,34,6,4,-0.059191003269197254,1,5,4,1,0,0.0,0,0,0.4940045564945799,0,1.1023958690303783,0,0.0,0,0.010775885896974468,0,0.0
TXN00007313,CUST000166,2025-10-31 08:36:57.003505,4430.74,USD,GB,GB,app,tablet,0,Normal,8,4,31,10,5381.796428571428,3789.6021120618175,1121.03,14682.41,56,6,4,-0.25096471877439924,3,4,6,0,4,0.0,0,0,0.5221783854010557,0,1.0381218706214366,0,0.0,0,0.01651742789148831,0,0.0
TXN00001910,CUST000004,2025-11-18 05:46:57.003505,6485.66,EUR,DE,US,app,tablet,0,Normal,5,1,18,11,14062.081549295775,19520.768114931096,601.38,95541.67,71,12,4,-0.38812107721891237,1,1,14,0,4,0.0,0,1,0.5779718810421183,0,1.0555226013138075,0,0.06796778660900907,0,0.36845113034538945,0,0.0
TXN00006078,CUST000131,2025-06-01 19:17:57.003505,546.2,EUR,DE,ES,cajero,atm,0,Normal,19,6,1,6,890.2438181818181,592.6132155358536,134.89,2885.62,55,5,4,-0.5805537382256529,1,1,4,1,0,0.0,0,0,0.47147480211719067,0,1.0674238094170765,0,0.0,0,0.024467068445585743,0,0.0
TXN00004287,CUST000170,2025-01-31 18:53:57.003505,4149.95,CHF,US,CH,app,mobile,0,Normal,18,4,31,1,8912.418965517241,6940.298442880395,530.84,24700.95,58,6,4,-0.6862052120707498,0,6,1,0,2,0.0,0,0,0.5504095458487219,1,1.2316244363641982,0,0.0,0,0.0007623309623242043,0,0.0
TXN00008824,CUST000125,2025-09-20 01:40:57.003505,1266.74,GBP,US,US,sucursal,tablet,0,Normal,1,5,20,9,8174.718545454546,5978.903488843214,693.97,24865.54,55,6,4,-1.1553922148416707,2,6,14,2,4,0.0,0,0,0.5408742682567953,0,1.0932735391357695,0,0.0,0,0.005865027071426537,0,0.0
TXN00002617,CUST000019,2025-04-12 23:11:57.003505,7556.47,EUR,DE,CH,cajero,desktop,0,Normal,23,5,12,4,14691.315714285713,15933.619614941443,687.1,70887.77,56,11,4,-0.447785618476003,1,1,1,1,1,0.0,0,0,0.5277429032252055,0,1.018021471055746,0,0.045933645466594626,0,0.013060158316171605,0,0.0
TXN00002900,CUST000135,2025-10-17 00:02:57.003505,610.42,EUR,ES,IT,sucursal,tablet,0,Normal,0,4,17,10,1076.0898113207547,785.7308155211804,135.69,2994.76,53,5,4,-0.5926581998940881,1,2,8,2,4,0.0,0,0,0.44483780528913663,0,0.9912717632927246,0,0.0,0,0.022582186086600356,0,0.0
TXN00008047,CUST000009,2025-06-01 18:19:57.003505,673.65,EUR,FR,DE,web,tablet,0,Normal,18,6,1,6,17673.34349206349,20853.679531958067,673.65,79519.37,63,12,4,-0.8151891595531824,1,3,3,3,4,0.0,0,1,0.5616101548790208,0,1.0555605354290603,0,0.022010073260073256,0,0.001672575427868785,0,0.0
TXN00004773,CUST000158,2025-11-17 20:21:57.003505,704.17,CHF,GB,ES,web,mobile,0,Normal,20,0,17,11,800.725,537.8160320696686,170.04,2304.86,44,5,4,-0.17953165034686192,0,4,4,3,2,0.0,0,0,0.491653179677243,0,1.114217239859816,0,0.0,0,0.010772344356361992,0,0.0
TXN00005128,CUST000161,2025-09-13 22:59:57.003505,39.28,EUR,ES,IT,web,mobile,0,Normal,22,5,13,9,139.16267857142856,120.75959945266268,10.61,487.09,56,3,4,-0.8271199821548118,1,2,8,3,2,0.0,0,0,0.4554999910415786,0,1.0077227455628224,0,0.0,0,0.017710549429002725,0,0.0
TXN00007342,CUST000124,2025-03-08 20:14:57.003505,901.19,EUR,DE,FR,app,mobile,0,Normal,20,5,8,3,909.7118867924529,685.5308862425715,105.13,2668.3,53,5,4,-0.01243107633958063,1,1,5,0,2,0.0,0,0,0.4518132641426634,0,0.9880539924121761,0,0.0,0,0.02371168374096922,0,0.0
TXN00008127,CUST000189,2025-05-01 22:32:57.003505,3176.54,EUR,DE,US,app,pos,0,Normal,22,3,1,5,7299.777222222222,5820.825465841291,680.44,24792.93,54,6,4,-0.7083595352086246,1,1,14,0,3,0.0,0,0,0.49660478543074166,0,1.0065853884992055,0,0.0,0,0.03595643976088684,0,0.0
TXN00000533,CUST000008,2025-01-31 02:23:57.107482,20615.84,EUR,IT,RU,cajero,tablet,1,Fraude,2,4,31,1,12268.12043478261,18777.04859567871,1067.78,84173.34,46,9,4,0.4445703765550214,1,5,12,1,4,1.0,1,1,0.5861516310249224,1,1.25641388460056,1,0.6567105932085012,1,0.975352879925897,1,1.0
TXN00002836,CUST000136,2025-06-20 22:25:57.003505,169.65,EUR,FR,IT,sucursal,desktop,0,Normal,22,4,20,6,156.8698245614035,118.19619667695422,10.52,475.76,57,3,4,0.10812678994570032,1,3,8,2,1,0.0,0,0,0.4516030479202709,0,0.9943066907635789,0,0.0,0,0.010364009937949302,0,0.0
TXN00002501,CUST000008,2025-12-28 22:43:57.003505,8388.72,EUR,IT,ES,cajero,desktop,0,Normal,22,6,28,12,12268.12043478261,18777.04859567871,1067.78,84173.34,46,9,4,-0.20660331227287765,1,5,4,1,1,0.0,0,0,0.5354498835338861,0,1.1090685478983922,0,0.10352826058990877,0,0.23026532836989536,0,0.0
TXN00007398,CUST000071,2025-12-21 18:13:57.003505,4725.27,EUR,FR,FR,app,tablet,0,Normal,18,6,21,12,8737.374901960784,6519.461954884734,915.99,24253.24,51,6,4,-0.6154042970278081,1,3,5,0,4,0.0,0,0,0.48724211202834083,0,1.0856764579925187,0,0.0,0,0.004061728956988183,0,0.0
TXN00006407,CUST000086,2025-01-19 05:41:57.003505,2395.74,EUR,ES,DE,app,pos,0,Normal,5,6,19,1,5910.098163265306,4295.407110007479,1124.83,14315.23,49,6,4,-0.8181664909617892,1,2,3,0,3,0.0,0,0,0.46180063384181375,0,0.9985160988980881,0,0.0,0,0.003988965644289122,0,0.0
TXN00000926,CUST000043,2025-03-24 04:03:57.003505,2093.37,GBP,CH,FR,sucursal,desktop,0,Normal,4,0,24,3,14802.66984375,19505.427795265667,654.06,90854.63,64,10,4,-0.65157760068114,2,0,5,2,1,0.0,0,0,0.5474016256280796,1,1.160025074441129,0,0.00826086956521739,0,0.007911670946246886,0,0.0
TXN00009634,CUST000047,2025-03-04 21:59:57.003505,5536.24,EUR,ES,GB,cajero,tablet,0,Normal,21,1,4,3,14563.28859375,20712.60540698934,564.29,99973.8,64,9,4,-0.435823906067754,1,2,6,1,4,0.0,0,0,0.5086875744320781,0,0.9973029197771508,0,0.0,0,0.07368908513129643,0,0.0
TXN00000756,CUST000034,2025-07-26 03:01:57.003505,409.1,EUR,FR,FR,web,desktop,0,Normal,3,5,26,7,4461.999242424243,17455.08561943105,12.03,89753.64,66,6,4,-0.23219016684056556,1,3,5,3,1,0.0,0,0,0.4538907157906561,0,0.9952340695646699,0,0.03510113125255554,0,0.4490088505570568,0,0.0
TXN00004458,CUST000016,2025-04-04 20:13:57.003505,854.67,EUR,IT,GB,web,desktop,0,Normal,20,4,4,4,4814.0977192982455,14760.960342710358,109.06,82531.17,57,9,4,-0.2682364580015525,1,5,6,3,1,0.0,0,0,0.46494867747726154,0,1.0264268861861225,0,0.0095,1,0.6187390671181487,0,0.0
TXN00007586,CUST000187,2025-12-26 01:35:57.003505,1538.55,GBP,GB,ES,web,mobile,0,Normal,1,4,26,12,4876.589272727273,3027.9590817394396,1272.52,14739.26,55,6,4,-1.102405673760723,2,4,4,3,2,0.0,0,0,0.48142525659427116,0,1.0568349611579742,0,0.0,0,0.0036012131178846047,0,0.0
TXN00001101,CUST000011,2025-12-27 07:11:57.003505,682.77,EUR,ES,GB,sucursal,desktop,0,Normal,7,5,27,12,5832.329,15831.358716522058,120.51,81442.3,60,11,4,-0.3252758712554783,1,2,6,2,1,0.0,0,0,0.4801997595834577,0,1.003480636064681,0,0.0,1,0.5467738731453659,0,0.0
TXN00006601,CUST000037,2025-03-13 02:38:57.003505,116.02,EUR,ES,IT,app,atm,0,Normal,2,3,13,3,3344.5771604938273,14448.411660449672,10.52,94457.02,81,9,4,-0.2234541232728063,1,2,8,0,0,0.0,0,0,0.5285733859438561,0,1.0747879585292317,0,0.00826086956521739,1,0.7676738959740308,0,0.0
TXN00002541,CUST000011,2025-06-14 14:21:57.107482,81442.3,EUR,ES,RU,sucursal,atm,1,Fraude,14,5,14,6,5832.329,15831.358716522058,120.51,81442.3,60,11,4,4.775962212031448,1,2,12,2,0,1.0,1,1,0.6075019257294773,0,1.014952701324443,1,0.9985944349151897,1,0.9999999999992979,1,1.0
TXN00000969,CUST000175,2025-05-04 00:20:57.003505,15658.69,CHF,CH,DE,cajero,desktop,0,Normal,0,6,4,5,7860.104426229508,5731.840249814343,861.98,23359.66,61,6,4,1.3605727362451385,0,0,3,1,1,0.0,0,1,0.569477310775429,1,1.1763460097811815,0,0.01769607843137255,0,0.04751634681643481,0,0.0
TXN00003112,CUST000024,2025-09-20 00:13:57.003505,5293.1,EUR,FR,US,cajero,pos,0,Normal,0,5,20,9,13902.334629629631,16284.919332654581,520.55,73708.1,54,9,4,-0.5286630196465081,1,3,14,1,3,0.0,0,0,0.5129482843345888,0,1.0229872590373887,0,0.0744516354252055,0,0.04169404250022938,0,0.0
TXN00003416,CUST000088,2025-03-05 05:21:57.003505,168.78,EUR,DE,IT,cajero,tablet,0,Normal,5,2,5,3,999.984909090909,775.2614145011627,168.78,2889.91,55,5,4,-1.0721608124320001,1,1,8,1,4,0.0,0,0,0.4654424885013054,0,1.0202022553259262,0,0.0,0,0.04011595599992017,0,0.0
TXN00004398,CUST000187,2025-05-03 22:56:57.003505,14739.26,GBP,GB,ES,cajero,desktop,0,Normal,22,5,3,5,4876.589272727273,3027.9590817394396,1272.52,14739.26,55,6,4,3.25720079359521,2,4,4,1,1,0.0,0,0,0.5329733181512215,0,1.1440942346139582,0,0.0,0,0.10971505983250202,0,0.0
TXN00004198,CUST000153,2025-06-21 18:58:57.003505,562.3,EUR,ES,FR,sucursal,atm,0,Normal,18,5,21,6,824.5297916666667,674.6234349951362,103.35,2648.6,48,5,4,-0.38870542835478566,1,2,5,2,0,0.0,0,0,0.4427305652615203,0,0.9793305049266137,0,0.0,0,0.014975224611769315,0,0.0
TXN00005409,CUST000155,2025-11-09 18:27:57.003505,209.71,EUR,IT,ES,web,tablet,0,Normal,18,6,9,11,955.0666666666667,767.1100594112946,122.32,2967.61,45,5,4,-0.9716424084792153,1,5,4,3,4,0.0,0,0,0.48332034557364556,0,1.0443606581648568,0,0.0,0,0.019568343464674197,0,0.0
TXN00007397,CUST000024,2025-12-26 05:50:57.003505,7038.3,EUR,FR,CH,app,tablet,0,Normal,5,4,26,12,13902.334629629631,16284.919332654581,520.55,73708.1,54,9,4,-0.42149638502932874,1,3,1,0,4,0.0,0,0,0.518833100898293,0,1.0766374633198246,0,0.019210302256279267,0,0.011246131534121972,0,0.0
TXN00009794,CUST000112,2025-01-19 22:51:57.003505,4253.52,GBP,US,FR,sucursal,tablet,0,Normal,22,6,19,1,7212.2430952380955,6561.998481108902,680.3,24787.28,42,6,4,-0.4508875007065252,2,6,5,2,4,0.0,0,0,0.5409098139216857,1,1.1796792841519639,0,0.0,0,0.010318287643938467,0,0.0
TXN00006214,CUST000027,2026-01-11 22:39:57.003505,268.71,EUR,FR,FR,cajero,mobile,0,Normal,22,6,11,1,4851.360625,18687.684437621316,10.99,94066.9,64,5,4,-0.2452230312456028,1,3,5,1,2,0.0,0,0,0.48554631002465715,0,1.038567793473748,0,0.04398443551293758,1,0.6356147471480689,0,0.0
TXN00009225,CUST000102,2025-11-29 20:43:57.003505,1541.27,EUR,FR,DE,sucursal,pos,0,Normal,20,5,29,11,5521.343448275862,4623.42696228088,838.24,21094.3,58,6,4,-0.8608492098794871,1,3,3,2,3,0.0,0,0,0.46793439595416364,0,1.041411809288022,0,0.0,0,0.002706976729450018,0,0.0
TXN00009721,CUST000031,2025-02-26 04:12:57.003505,1519.55,EUR,ES,ES,web,desktop,0,Normal,4,2,26,2,11309.0796,15599.351809179214,650.1,79046.03,50,9,4,-0.6275600242320282,1,2,4,3,1,0.0,0,0,0.4796494131806101,0,1.0570138657957753,0,0.0,0,0.008113404269376165,0,0.0
TXN00004626,CUST000029,2025-09-16 18:45:57.107482,17580.45,EUR,GB,PK,web,mobile,1,Fraude,18,1,16,9,10163.8975,15853.056272274882,1036.43,93521.66,60,11,4,0.46783108393444883,1,4,11,3,2,1.0,1,0,0.5230874947761024,0,1.0638816441280563,1,0.8357499758201654,1,0.970305725930201,1,1.0
TXN00000878,CUST000066,2025-12-19 08:14:57.003505,228.77,EUR,DE,ES,cajero,desktop,0,Normal,8,4,19,12,951.3685964912281,717.5452787914169,125.37,2987.52,57,5,4,-1.007042505667768,1,1,4,1,1,0.0,0,0,0.46074624311801643,0,1.0196573996191272,0,0.0,0,0.016669760448183562,0,0.0
TXN00007040,CUST000007,2025-08-11 18:44:57.003505,15255.85,EUR,DE,DE,web,pos,0,Normal,18,0,11,8,13983.354109589041,17914.50554094098,1084.09,95095.19,73,10,4,0.07103159433743925,1,1,3,3,3,0.0,0,0,0.5443472109773084,0,1.0198290185822594,0,0.21423939838636094,0,0.2826525137395404,0,0.0
TXN00008998,CUST000051,2025-06-07 08:54:57.003505,154.15,EUR,DE,ES,cajero,mobile,0,Normal,8,5,7,6,819.4428260869565,649.2779453436051,154.15,2996.29,46,5,4,-1.024665676438787,1,1,4,1,2,0.0,0,0,0.43967290590515207,0,0.9859746641155878,0,0.0,0,0.02733917222209981,0,0.0
TXN00000808,CUST000067,2025-10-16 21:24:57.003505,17579.98,EUR,DE,FR,sucursal,desktop,0,Normal,21,3,16,10,8442.174444444445,6077.338718064163,531.49,24134.52,54,6,4,1.5035866812706906,1,1,5,2,1,0.0,0,0,0.4869368831911179,0,1.0311973490233042,0,0.0,0,0.10168479137196562,0,0.0
TXN00000595,CUST000130,2025-03-13 20:16:57.003505,2915.1,EUR,IT,DE,sucursal,tablet,0,Normal,20,3,13,3,5477.731875,3585.6029816829373,1158.54,14850.38,64,6,4,-0.714700396942024,1,5,3,2,4,0.0,0,0,0.4698809514104779,0,1.102478739277522,0,0.0,0,0.0033940271639591037,0,0.0
TXN00005964,CUST000043,2025-07-10 17:05:57.003505,3274.2,USD,CH,GB,web,pos,0,Normal,17,3,10,7,14802.66984375,19505.427795265667,654.06,90854.63,64,10,4,-0.5910390668774328,3,0,6,3,3,0.0,0,0,0.5388743626803829,0,1.117173744601129,0,0.017026282853566957,0,0.025448493647241922,0,0.0
TXN00007569,CUST000155,2025-02-22 04:53:57.003505,676.44,EUR,IT,FR,cajero,pos,0,Normal,4,5,22,2,955.0666666666667,767.1100594112946,122.32,2967.61,45,5,4,-0.3632160247217692,1,5,5,1,3,0.0,0,0,0.45678541848488835,0,0.9921658960750763,0,0.0,0,0.015006236003543292,0,0.0
TXN00006606,CUST000052,2025-08-30 23:29:57.003505,460.65,EUR,ES,IT,cajero,desktop,0,Normal,23,5,30,8,177.9474,132.6302616653853,34.91,487.78,50,3,4,2.1315090109806554,1,2,8,1,1,0.0,0,0,0.526729346073878,0,1.0544815904857385,0,0.0,0,0.004122271958302718,0,0.0
TXN00006053,CUST000148,2025-09-15 08:41:57.003505,7929.18,EUR,ES,DE,web,tablet,0,Normal,8,0,15,9,4870.1898,2933.4540342801783,1010.54,12132.54,50,6,4,1.0427946588594943,1,2,3,3,4,0.0,0,0,0.4806139277174192,0,1.0366107681113186,0,0.0,0,0.011338422071046274,0,0.0
TXN00000847,CUST000020,2025-09-27 01:13:57.107482,745.29,EUR,IT,CN,cajero,pos,1,Fraude,1,5,27,9,3059.5745588235295,12108.493253395596,10.07,69036.33,68,7,4,-0.19112902903781223,1,5,2,1,3,1.0,1,0,0.4978897590933179,0,1.0418448597170118,0,0.3520692804416788,0,0.22619961164871777,1,1.0
TXN00007266,CUST000168,2025-02-05 02:15:57.003505,459.53,EUR,IT,FR,app,tablet,0,Normal,2,2,5,2,805.7724074074074,573.1593417914204,118.62,2763.92,54,5,4,-0.6040945014018715,1,5,5,0,4,0.0,0,0,0.4830408719020514,0,1.0166030729758888,0,0.0,0,0.0284036878740825,0,0.0
TXN00000401,CUST000004,2025-04-09 02:54:57.003505,20011.67,EUR,DE,ES,sucursal,tablet,0,Normal,2,2,9,4,14062.081549295775,19520.768114931096,601.38,95541.67,71,12,4,0.30478249704983196,1,1,4,2,4,0.0,0,0,0.55022121861029,0,1.0491279597369492,0,0.31149069298207677,1,0.8939456396761434,0,0.0
TXN00001057,CUST000178,2025-10-28 06:07:57.003505,81.65,EUR,ES,IT,web,tablet,0,Normal,6,1,28,10,161.7709523809524,128.74485480241623,12.77,487.7,42,3,4,-0.6223235241640522,1,2,8,3,4,0.0,0,0,0.47878252742965205,0,1.0372158654210677,0,0.0,0,0.013284783197544404,0,0.0
TXN00000243,CUST000150,2025-04-14 08:17:57.003505,3104.65,EUR,ES,IT,app,tablet,0,Normal,8,0,14,4,4437.8133333333335,2736.3486113014974,1220.08,12025.36,48,6,4,-0.48720522207586403,1,2,8,0,4,0.0,0,0,0.4570479060404884,0,1.03115260237781,0,0.0,0,0.02148662619580376,0,0.0
TXN00000541,CUST000168,2025-10-03 01:35:57.003505,644.98,EUR,IT,FR,sucursal,pos,0,Normal,1,4,3,10,805.7724074074074,573.1593417914204,118.62,2763.92,54,5,4,-0.28053700847710283,1,5,5,2,3,0.0,0,0,0.45381293330539424,0,0.9982173949465448,0,0.0,0,0.021316097650009868,0,0.0
TXN00002779,CUST000096,2025-02-08 22:40:57.003505,1984.99,EUR,ES,DE,web,atm,0,Normal,22,5,8,2,8049.057142857143,6639.965843385416,600.14,24951.57,49,6,4,-0.9132678216989267,1,2,3,3,0,0.0,0,0,0.48547543297411994,0,1.0229541681771894,0,0.0,0,0.0017993059585242259,0,0.0
TXN00000131,CUST000007,2025-05-20 22:37:57.003505,10849.3,EUR,DE,GB,app,mobile,0,Normal,22,1,20,5,13983.354109589041,17914.50554094098,1084.09,95095.19,73,10,4,-0.17494505233491794,1,1,6,0,2,0.0,0,0,0.5279855596564347,0,1.0018471841385297,0,0.13601880617144288,0,0.15729204260393023,0,0.0
TXN00005987,CUST000043,2025-12-13 00:56:57.003505,7529.18,USD,CH,ES,app,mobile,0,Normal,0,5,13,12,14802.66984375,19505.427795265667,654.06,90854.63,64,10,4,-0.3728956842024514,3,0,4,0,2,0.0,0,1,0.5725795714245999,0,1.1496002173272144,0,0.014636494944631677,0,0.11158257587847152,0,0.0
TXN00005298,CUST000050,2025-12-07 00:54:57.003505,2955.48,EUR,FR,FR,sucursal,mobile,0,Normal,0,6,7,12,5331.105348837209,3804.6606136073424,1083.57,14257.64,43,6,4,-0.6243987544424863,1,3,5,2,2,0.0,0,0,0.44748455463219505,0,1.0298911363068417,0,0.0,0,0.010632552829601337,0,0.0
TXN00004993,CUST000002,2025-11-02 11:32:57.107482,54734.15,EUR,ES,IR,app,tablet,1,Fraude,11,6,2,11,5083.588301886793,15511.3779006517,21.06,83708.16,53,7,4,3.2009123891454068,1,2,7,0,4,1.0,1,1,0.5717637010687272,0,1.0480637059923688,1,0.9494074319306879,1,0.9999999914542735,1,1.0
TXN00000079,CUST000112,2025-02-13 19:46:57.003505,2569.03,USD,US,US,sucursal,atm,0,Normal,19,3,13,2,7212.2430952380955,6561.998481108902,680.3,24787.28,42,6,4,-0.7075913089431034,3,6,14,2,0,0.0,0,0,0.5579530362890481,0,1.0647294572056316,0,0.0,0,0.0458753763394612,0,0.0
TXN00001650,CUST000045,2025-03-16 02:05:57.003505,125.29,CHF,GB,FR,cajero,atm,0,Normal,2,6,16,3,6149.803333333333,15824.94547276264,125.29,85657.33,60,9,4,-0.38069725695559736,0,4,5,1,0,0.0,0,0,0.5068587022267076,0,1.102469472190067,0,0.0,0,0.2725118759525396,0,0.0
TXN00005362,CUST000126,2025-05-20 00:04:57.003505,185.34,EUR,DE,IT,web,desktop,0,Normal,0,1,20,5,912.0479310344828,667.0118958084857,109.66,2772.03,58,5,4,-1.0894977053807138,1,1,8,3,1,0.0,0,0,0.46521051833593763,0,1.000915418971893,0,0.0,0,0.01805781978866262,0,0.0
TXN00002503,CUST000002,2025-08-14 04:02:57.107482,22117.05,EUR,ES,ES,app,mobile,1,Fraude,4,3,14,8,5083.588301886793,15511.3779006517,21.06,83708.16,53,7,4,1.0981269237402456,1,2,4,0,2,1.0,1,0,0.4843312996077506,1,1.1601496114167724,1,0.7544695740607125,1,0.9991025319414517,1,1.0
TXN00007352,CUST000084,2025-08-30 23:29:57.003505,42.23,EUR,ES,FR,sucursal,mobile,0,Normal,23,5,30,8,147.96942857142858,102.41184253992486,13.22,384.01,70,3,4,-1.0324921895406216,1,2,5,2,2,0.0,0,0,0.5099691647299749,0,1.1269000169804622,0,0.0,0,0.006425536187470394,0,0.0
TXN00000615,CUST000026,2026-01-14 20:48:57.003505,16.14,EUR,FR,ES,sucursal,desktop,0,Normal,20,2,14,1,7883.520307692308,20808.794176314088,16.14,93951.45,65,7,4,-0.3780795869598916,1,3,4,2,1,0.0,0,0,0.46995043293908145,0,0.9960086039358309,0,0.03390381844748484,0,0.330648985083212,0,0.0
TXN00002750,CUST000053,2025-11-06 01:07:57.003505,2288.34,EUR,FR,FR,app,mobile,0,Normal,1,3,6,11,5120.007843137255,3842.5661514010735,1060.21,14819.86,51,6,4,-0.7369210394381508,1,3,5,0,2,0.0,0,0,0.4339678929673563,0,0.9861146307555526,0,0.0,0,0.014237070385914827,0,0.0
TXN00009193,CUST000107,2025-11-22 02:46:57.003505,19172.18,EUR,DE,GB,web,atm,0,Normal,2,5,22,11,8391.43761904762,6394.4847395277075,641.04,24787.14,42,6,4,1.68594387482465,1,1,6,3,0,0.0,0,0,0.5281953611519355,0,1.0831562469082898,0,0.0,0,0.1661629118437384,0,0.0
TXN00005394,CUST000047,2025-09-02 20:06:57.003505,1810.24,EUR,ES,US,sucursal,tablet,0,Normal,20,1,2,9,14563.28859375,20712.60540698934,564.29,99973.8,64,9,4,-0.6157143605328786,1,2,14,2,4,0.0,0,0,0.544316002656232,0,1.0542834931609144,0,0.015481481481481483,0,0.07289175934436593,0,0.0
TXN00004313,CUST000093,2025-06-20 18:11:57.003505,3494.28,EUR,FR,DE,sucursal,pos,0,Normal,18,4,20,6,5332.117045454545,3968.6959699562376,1106.74,14810.24,44,6,4,-0.46308335506277837,1,3,3,2,3,0.0,0,0,0.42716926070763167,0,0.9884577761383774,0,0.0,0,0.006199301130888461,0,0.0
TXN00000430,CUST000070,2025-03-12 23:47:57.003505,114.29,EUR,ES,FR,cajero,mobile,0,Normal,23,2,12,3,161.0876,115.33640442617927,12.75,451.5,50,3,4,-0.40574872978812115,1,2,5,1,2,0.0,0,0,0.45531478251500274,0,0.9831661558250779,0,0.0,0,0.014533311310457243,0,0.0
TXN00002917,CUST000014,2025-03-11 20:27:57.003505,933.71,EUR,IT,IT,cajero,atm,0,Normal,20,1,11,3,6809.598301886793,18922.663397876047,109.06,89409.3,53,9,4,-0.31052120824787294,1,5,8,1,0,0.0,0,0,0.5069034397131458,0,1.0425250805491122,0,0.04529228679261402,1,0.8081850594400549,0,0.0
TXN00004524,CUST000048,2025-03-17 07:59:57.003505,3593.29,EUR,FR,IT,web,desktop,0,Normal,7,0,17,3,14978.963214285715,24570.676906037716,1239.7,91202.35,56,8,4,-0.4633845969064265,1,3,8,3,1,0.0,0,0,0.5019050165091382,0,1.0471453787358918,0,0.028784254414650098,0,0.07877865378251225,0,0.0
TXN00000658,CUST000056,2025-06-25 22:47:57.003505,2269.44,USD,GB,DE,app,pos,0,Normal,22,2,25,6,850.786111111111,607.7213774215593,107.86,2433.3,54,5,4,2.334382069252809,3,4,3,0,3,0.0,0,0,0.5393179304727366,0,1.1154897892858888,0,0.0,0,0.01020929553572264,0,0.0
TXN00008043,CUST000183,2025-12-26 02:32:57.003505,123.68,EUR,IT,ES,app,mobile,0,Normal,2,4,26,12,130.27577777777776,87.83114664174686,10.48,389.78,45,3,4,-0.07509611288106098,1,5,4,0,2,0.0,0,0,0.48318516528539834,0,1.0321943874585706,0,0.0,0,0.009624337993137827,0,0.0
TXN00009464,CUST000066,2025-03-01 05:03:57.003505,490.16,EUR,DE,GB,web,desktop,0,Normal,5,5,1,3,951.3685964912281,717.5452787914169,125.37,2987.52,57,5,4,-0.642758874569277,1,1,6,3,1,0.0,0,0,0.46626188878839026,0,1.0155753798504026,0,0.0,0,0.019362870564742327,0,0.0
TXN00009451,CUST000003,2025-10-05 21:28:57.003505,298.84,EUR,ES,ES,web,mobile,0,Normal,21,6,5,10,8320.49358490566,25653.022108616926,14.93,99303.62,53,6,4,-0.3126981901246818,1,2,4,3,2,0.0,0,0,0.5001907691129791,0,1.0933439520804378,0,0.18860703261560752,1,0.7923851109392731,0,0.0
TXN00000354,CUST000112,2025-10-12 04:49:57.003505,2595.69,CHF,US,ES,cajero,tablet,0,Normal,4,6,12,10,7212.2430952380955,6561.998481108902,680.3,24787.28,42,6,4,-0.7035285222672626,0,6,4,1,4,0.0,0,0,0.527501049882701,0,1.1161428547473558,0,0.0,0,0.004965115574374282,0,0.0
TXN00009951,CUST000101,2025-12-14 06:59:57.003505,386.58,EUR,FR,IT,cajero,tablet,0,Normal,6,6,14,12,125.60097560975608,111.09659308018581,10.12,468.78,41,3,4,2.3491181394983,1,3,8,1,4,0.0,0,0,0.524270078589363,0,1.107547237838013,0,0.0,0,0.006884113438805757,0,0.0
TXN00004293,CUST000137,2025-08-06 04:50:57.003505,408.94,EUR,FR,GB,cajero,tablet,0,Normal,4,2,6,8,911.4923636363636,700.4321115012415,100.69,2786.35,55,5,4,-0.7174890395041288,1,3,6,1,4,0.0,0,0,0.428155647583263,0,0.9780150260101033,0,0.0,0,0.0300839509904969,0,0.0
TXN00002800,CUST000166,2025-08-24 07:06:57.003505,2769.32,USD,GB,ES,cajero,atm,0,Normal,7,6,24,8,5381.796428571428,3789.6021120618175,1121.03,14682.41,56,6,4,-0.6893801382384895,3,4,4,1,0,0.0,0,0,0.4891739639412422,0,1.0023659447433957,0,0.0,0,0.00821693264387627,0,0.0
TXN00004390,CUST000094,2025-05-31 18:12:57.003505,15059.14,EUR,GB,US,cajero,desktop,0,Normal,18,5,31,5,7811.610638297872,6082.503451203796,699.35,22965.89,47,6,4,1.191537237693835,1,4,14,1,1,0.0,0,0,0.5280716695366449,0,1.0160508828064845,0,0.0,0,0.21440503668354968,0,0.0
TXN00002633,CUST000122,2025-10-31 04:36:57.003505,395.96,USD,GB,FR,cajero,mobile,0,Normal,4,4,31,10,879.8508333333334,604.8507573398664,120.9,2731.71,48,5,4,-0.800016907743438,3,4,5,1,2,0.0,0,0,0.5041659905636114,0,0.999795273955498,0,0.0,0,0.026551482171641064,0,0.0
TXN00004092,CUST000129,2025-08-27 08:07:57.003505,2544.44,CHF,US,GB,sucursal,atm,0,Normal,8,2,27,8,5171.594634146341,3069.580435637823,1448.31,14426.04,41,6,4,-0.8558676628210206,0,6,6,2,0,0.0,0,0,0.5120855401346555,0,1.0773466291511526,0,0.0,0,0.00443991053890744,0,0.0
TXN00000435,CUST000180,2025-07-15 19:38:57.003505,2300.17,USD,GB,DE,cajero,pos,0,Normal,19,1,15,7,934.9624,733.4398987565374,127.9,2829.87,50,5,4,1.8613762360803872,3,4,3,1,3,0.0,0,0,0.52051285375908,0,1.0681605503895555,0,0.0,0,0.016410852883048912,0,0.0
TXN00004388,CUST000158,2025-02-22 19:16:57.003505,845.07,GBP,GB,FR,sucursal,pos,0,Normal,19,5,22,2,800.725,537.8160320696686,170.04,2304.86,44,5,4,0.08245384531750392,2,4,5,2,3,0.0,0,0,0.4821343553688106,0,1.0846288846956598,0,0.0,0,0.015992007355966766,0,0.0
TXN00004176,CUST000121,2025-04-20 23:16:57.003505,2266.94,EUR,ES,ES,cajero,tablet,0,Normal,23,6,20,4,981.1530612244898,662.239680117164,101.46,2575.07,49,5,4,1.9415733841355665,1,2,4,1,4,0.0,0,0,0.49181231448731166,0,1.024113244851581,0,0.0,0,0.006919062339516014,0,0.0
TXN00000210,CUST000134,2025-06-13 04:16:57.003505,145.87,EUR,FR,ES,sucursal,pos,0,Normal,4,4,13,6,159.77609756097561,110.03255829249015,11.1,483.71,41,3,4,-0.12638166057748615,1,3,4,2,3,0.0,0,0,0.4363055636842193,0,1.004356024677143,0,0.0,0,0.009526577433775774,0,0.0
TXN00004027,CUST000025,2025-11-05 00:50:57.003505,2549.54,EUR,ES,DE,sucursal,tablet,0,Normal,0,2,5,11,4343.914923076923,14920.775001268592,113.57,85819.96,65,10,4,-0.12026016897943313,1,2,3,2,4,0.0,0,0,0.48131131323005244,0,1.0087895287709876,0,0.19130412618012,1,0.7867177103390003,0,0.0
TXN00003001,CUST000108,2025-02-04 22:04:57.003505,47.93,EUR,ES,ES,cajero,mobile,0,Normal,22,1,4,2,161.04898305084745,113.9917943612899,19.95,497.52,59,3,4,-0.9923432005989893,1,2,4,1,2,0.0,0,0,0.4641588400511605,0,1.0206578009321459,0,0.0,0,0.01737783839738889,0,0.0
TXN00000064,CUST000064,2025-04-28 21:48:57.003505,690.6,EUR,ES,FR,sucursal,pos,0,Normal,21,0,28,4,729.9651020408163,552.4964489294722,103.76,2307.86,49,5,4,-0.0712495112789256,1,2,5,2,3,0.0,0,0,0.44835281740375704,0,0.9942842430034841,0,0.0,0,0.0112031137779589,0,0.0
TXN00009444,CUST000133,2025-07-03 19:09:57.003505,11.7,EUR,IT,FR,web,mobile,0,Normal,19,3,3,7,145.8703846153846,109.73602561372553,11.7,462.02,52,3,4,-1.222664869101456,1,5,5,3,2,0.0,0,0,0.4594002888589585,0,1.0264201637522217,0,0.0,0,0.019779247498836548,0,0.0
TXN00006436,CUST000054,2025-03-07 00:57:57.003505,943.45,CHF,GB,IT,app,mobile,0,Normal,0,4,7,3,796.5148076923076,585.8445766532963,106.32,2706.89,52,5,4,0.25080917006395664,0,4,8,0,2,0.0,0,0,0.5007338415662507,0,1.1475605157795712,0,0.007916666666666666,0,0.024773016851525578,0,0.0
TXN00001499,CUST000174,2025-05-12 00:45:57.003505,657.41,EUR,IT,ES,cajero,pos,0,Normal,0,0,12,5,953.0994444444445,735.2875712941743,105.45,2963.0,54,5,4,-0.40214122417690606,1,5,4,1,3,0.0,0,0,0.4574180240722264,0,0.9904404052041498,0,0.0,0,0.01667688377274307,0,0.0
TXN00005402,CUST000129,2025-04-25 06:49:57.003505,5412.51,CHF,US,FR,sucursal,mobile,0,Normal,6,4,25,4,5171.594634146341,3069.580435637823,1448.31,14426.04,41,6,4,0.07848478670835503,0,6,5,2,2,0.0,0,0,0.4990312606740396,0,1.0647194399219322,0,0.0,0,0.0059033226502346,0,0.0
TXN00006360,CUST000101,2025-01-31 01:42:57.003505,77.21,EUR,FR,FR,app,mobile,0,Normal,1,4,31,1,125.60097560975608,111.09659308018581,10.12,468.78,41,3,4,-0.4355756898796474,1,3,5,0,2,0.0,0,0,0.49715469317557087,0,1.065526794201619,0,0.0,0,0.00983318985061621,0,0.0
TXN00007497,CUST000102,2025-09-12 21:29:57.003505,2792.9,EUR,FR,US,web,pos,0,Normal,21,4,12,9,5521.343448275862,4623.42696228088,838.24,21094.3,58,6,4,-0.590134432736816,1,3,14,3,3,0.0,0,0,0.47368222361590157,0,0.9907654180594008,0,0.0061290322580645155,0,0.027591777111072892,0,0.0
TXN00009648,CUST000117,2025-03-02 19:53:57.003505,3021.82,EUR,ES,ES,app,atm,0,Normal,19,6,2,3,4614.202641509434,3046.091732833902,1227.93,13885.08,53,6,4,-0.5227625366046392,1,2,4,0,0,0.0,0,0,0.4644889138053365,0,1.0345374909492542,0,0.0,0,0.014420349750323167,0,0.0
TXN00008972,CUST000116,2025-09-10 03:27:57.003505,9694.29,EUR,FR,ES,web,tablet,0,Normal,3,2,10,9,5575.545263157895,3962.8441770423206,1145.06,14589.34,57,6,4,1.0393405725270788,1,3,4,3,4,0.0,0,0,0.45700540655610045,0,1.0135782913481286,0,0.0,0,0.021260645217280955,0,0.0
TXN00002050,CUST000007,2025-04-14 18:40:57.003505,7639.44,EUR,DE,GB,app,tablet,0,Normal,18,0,14,4,13983.354109589041,17914.50554094098,1084.09,95095.19,73,10,4,-0.35412164152322445,1,1,6,0,4,0.0,0,0,0.5548643038397261,0,1.0475582861782688,0,0.01845355964167845,0,0.06886486411722308,0,0.0
TXN00009547,CUST000057,2025-02-18 04:42:57.003505,344.75,EUR,ES,FR,sucursal,atm,0,Normal,4,1,18,2,180.91574074074074,140.8073723895602,11.53,490.57,54,3,4,1.1635346595521847,1,2,5,2,0,0.0,0,0,0.46993023672381473,0,1.0183694928618647,0,0.0,0,0.0039056074905775336,0,0.0
TXN00001217,CUST000116,2025-05-06 08:07:57.003505,4550.24,EUR,FR,ES,web,mobile,0,Normal,8,1,6,5,5575.545263157895,3962.8441770423206,1145.06,14589.34,57,6,4,-0.2587296439357867,1,3,4,3,2,0.0,0,0,0.425243565850164,0,0.9950191517800233,0,0.009661016949152543,0,0.00746240141521459,0,0.0
TXN00008183,CUST000179,2025-11-03 09:28:57.003505,5180.05,EUR,DE,ES,cajero,mobile,0,Normal,9,0,3,11,5704.412033898305,3719.034007330203,1121.58,14726.16,59,6,4,-0.14099414867511154,1,1,4,1,2,0.0,0,0,0.46690045875384173,0,1.064894353099131,0,0.0,0,0.012741781989277957,0,0.0
TXN00008894,CUST000001,2025-11-02 06:06:57.003505,553.35,EUR,FR,ES,cajero,desktop,0,Normal,6,6,2,11,3927.4848484848485,13285.312321840493,105.88,98285.28,66,11,4,-0.2539748232101355,1,3,4,1,1,0.0,0,0,0.47904703563077605,0,1.045786087094448,0,0.009959677419354837,1,0.722559785201563,0,0.0
TXN00005793,CUST000149,2025-06-12 21:08:57.003505,7092.34,EUR,ES,DE,web,desktop,0,Normal,21,3,12,6,6270.26275,3614.0108901244885,1298.13,14063.89,40,6,4,0.22746949988969553,1,2,3,3,1,0.0,0,0,0.45023371484089325,0,1.0129390356441985,0,0.0,0,0.007797090907512491,0,0.0
TXN00009482,CUST000096,2025-11-14 18:51:57.003505,4595.49,EUR,ES,FR,sucursal,desktop,0,Normal,18,4,14,11,8049.057142857143,6639.965843385416,600.14,24951.57,49,6,4,-0.5201182090081669,1,2,5,2,1,0.0,0,0,0.42545459965179305,0,0.9773362575460339,0,0.0,0,0.006162193107294074,0,0.0
TXN00009859,CUST000031,2025-06-13 18:01:57.003505,11549.3,EUR,ES,DE,web,pos,0,Normal,18,4,13,6,11309.0796,15599.351809179214,650.1,79046.03,50,9,4,0.015399383443820181,1,2,3,3,3,0.0,0,0,0.4845863322403755,0,1.0310122542342113,0,0.15764249630074967,0,0.2398787027141664,0,0.0
TXN00003298,CUST000157,2025-08-01 23:13:57.003505,5090.19,EUR,IT,DE,app,desktop,0,Normal,23,4,1,8,4468.6006,3061.342828385575,1001.7,14281.22,50,6,4,0.2030446881131427,1,5,3,0,1,0.0,0,0,0.4688065616280293,0,1.0246015101951502,0,0.0,0,0.026002439654213352,0,0.0
TXN00001985,CUST000005,2025-12-16 01:55:57.003505,2414.99,EUR,GB,DE,web,pos,0,Normal,1,1,16,12,2003.046231884058,5943.958813233152,101.43,49162.75,69,9,4,0.0693046134723408,1,4,3,3,3,0.0,0,0,0.501113190927261,0,1.078867702384219,0,0.2678733961438961,0,0.13420591677215182,0,0.0
TXN00009349,CUST000089,2025-03-07 21:32:57.003505,96.75,EUR,ES,ES,app,pos,0,Normal,21,4,7,3,167.74181818181816,126.83528642226571,11.15,491.57,55,3,4,-0.5597166184948912,1,2,4,0,3,0.0,0,0,0.44832864870785416,0,0.9991311413543482,0,0.0,0,0.016012596575599905,0,0.0
TXN00009257,CUST000114,2025-04-24 05:33:57.003505,9028.88,EUR,ES,DE,cajero,desktop,0,Normal,5,3,24,4,5335.650000000001,3328.235785762344,1233.85,12763.92,56,6,4,1.109665972191446,1,2,3,1,1,0.0,0,0,0.4518374040471733,0,0.9902354377443136,0,0.0,0,0.011227000604891338,0,0.0
TXN00000654,CUST000017,2025-11-15 22:51:57.107482,37865.03,EUR,FR,US,web,atm,1,Fraude,22,5,15,11,15977.346615384617,23735.85855892997,1012.73,95316.24,65,9,4,0.9221357352358591,1,3,14,3,0,1.0,1,1,0.5982991971403169,0,1.0839303580077813,1,0.9508129955415626,1,0.9999111866649965,1,1.0
TXN00003672,CUST000059,2025-07-18 00:46:57.003505,29.5,EUR,FR,ES,app,tablet,0,Normal,0,4,18,7,141.4556862745098,127.69645729236034,11.48,485.42,51,3,4,-0.8767329005960984,1,3,4,0,4,0.0,0,0,0.4591974355625553,0,1.0009219384261894,0,0.0,0,0.013928376850528584,0,0.0
TXN00002967,CUST000131,2025-11-10 06:12:57.003505,700.79,EUR,DE,IT,web,mobile,0,Normal,6,0,10,11,890.2438181818181,592.6132155358536,134.89,2885.62,55,5,4,-0.3196921919650708,1,1,8,3,2,0.0,0,0,0.45374439800931937,0,1.0225577125008847,0,0.0,0,0.024569848180380712,0,0.0
TXN00008557,CUST000067,2025-12-25 03:11:57.003505,13724.43,EUR,DE,GB,web,mobile,0,Normal,3,3,25,12,8442.174444444445,6077.338718064163,531.49,24134.52,54,6,4,0.869172478240436,1,1,6,3,2,0.0,0,0,0.4887932423580435,0,1.0630764025346715,0,0.0,0,0.02572863923535041,0,0.0
TXN00008957,CUST000009,2025-01-18 17:56:57.003505,7606.88,EUR,FR,DE,cajero,atm,0,Normal,17,5,18,1,17673.34349206349,20853.679531958067,673.65,79519.37,63,12,4,-0.48271881593624805,1,3,3,1,0,0.0,0,0,0.5431201693329374,0,1.008147663859424,0,0.027195216049382718,0,0.013987360452044689,0,0.0
TXN00004573,CUST000179,2025-05-23 07:58:57.003505,13426.44,EUR,DE,FR,web,tablet,0,Normal,7,4,23,5,5704.412033898305,3719.034007330203,1121.58,14726.16,59,6,4,2.0763531467594145,1,1,5,3,4,0.0,0,0,0.4926740080313802,0,1.0501899202829765,0,0.0,0,0.025428785887701182,0,0.0
TXN00004396,CUST000002,2025-08-12 21:48:57.107482,32136.4,EUR,ES,FR,sucursal,mobile,1,Fraude,21,1,12,8,5083.588301886793,15511.3779006517,21.06,83708.16,53,7,4,1.744062446910828,1,2,5,2,2,1.0,1,0,0.48633582842969214,0,1.1248053994372516,1,0.9578089657223399,1,0.9999656342570621,1,1.0
TXN00007381,CUST000048,2025-09-25 09:40:57.003505,1239.7,EUR,FR,ES,sucursal,desktop,0,Normal,9,3,25,9,14978.963214285715,24570.676906037716,1239.7,91202.35,56,8,4,-0.5591731667087452,1,3,4,2,1,0.0,0,0,0.49043031956015226,0,0.9876069157604306,0,0.12290987192949082,0,0.020628313012564712,0,0.0
TXN00001336,CUST000100,2025-05-30 04:08:57.003505,4801.76,USD,GB,FR,sucursal,mobile,0,Normal,4,4,30,5,5226.1033333333335,3597.2253919944915,1045.25,14117.6,48,6,4,-0.11796406590471965,3,4,5,2,2,0.0,0,0,0.48365856073876523,0,0.9874810223502732,0,0.0,0,0.01164973355883646,0,0.0
TXN00005499,CUST000044,2025-10-05 22:51:57.003505,2238.09,EUR,ES,ES,sucursal,mobile,0,Normal,22,6,5,10,1931.648222222222,3870.370479347076,127.53,24725.19,45,7,4,0.07917634224780927,1,2,4,2,2,0.0,0,0,0.4531517517727092,0,1.02355784261356,0,0.2220621899076067,0,0.09944924630838332,0,0.0
TXN00002587,CUST000137,2025-02-20 23:02:57.003505,540.02,EUR,FR,FR,web,tablet,0,Normal,23,3,20,2,911.4923636363636,700.4321115012415,100.69,2786.35,55,5,4,-0.530347419837501,1,3,5,3,4,0.0,0,0,0.4631410886662079,0,1.0033720560521344,0,0.0,0,0.010583839333226389,0,0.0
TXN00002464,CUST000174,2025-12-23 06:13:57.003505,241.89,EUR,IT,IT,cajero,atm,0,Normal,6,1,23,12,953.0994444444445,735.2875712941743,105.45,2963.0,54,5,4,-0.967253454625102,1,5,8,1,0,0.0,0,0,0.484048895034744,0,1.0651867723363078,0,0.0,0,0.030885201440697632,0,0.0
TXN00002555,CUST000011,2025-11-29 21:44:57.003505,120.51,EUR,ES,DE,sucursal,mobile,0,Normal,21,5,29,11,5832.329,15831.358716522058,120.51,81442.3,60,11,4,-0.36079145839063015,1,2,3,2,2,0.0,0,0,0.49627997401234386,0,1.031528296595422,0,0.0,0,0.3841459160363769,0,0.0
TXN00000009,CUST000061,2025-10-24 01:42:57.003505,2168.26,EUR,IT,IT,sucursal,mobile,0,Normal,1,4,24,10,4214.0417391304345,2941.5094806452344,1120.02,13214.78,46,6,4,-0.6954870456464397,1,5,8,2,2,0.0,0,0,0.4461940480919923,0,1.016022183558967,0,0.0,0,0.01216233596520383,0,0.0
TXN00008130,CUST000141,2025-09-02 19:59:57.003505,345.03,GBP,GB,ES,web,desktop,0,Normal,19,1,2,9,881.8225000000001,797.0668304624176,106.03,2971.69,48,5,4,-0.6734598390139013,2,4,4,3,1,0.0,0,0,0.4798668944956566,0,1.0710331353523828,0,0.0,0,0.03220913843560639,0,0.0
TXN00006949,CUST000072,2025-03-03 00:27:57.003505,4226.63,EUR,GB,GB,cajero,desktop,0,Normal,0,0,3,3,5567.7047999999995,3639.3995975049706,1298.32,14110.12,50,6,4,-0.3684879232692392,1,4,6,1,1,0.0,0,0,0.46120218633441823,0,1.0182133652035117,0,0.0,0,0.014731428390827656,0,0.0
TXN00004920,CUST000125,2025-11-18 05:03:57.003505,5934.11,GBP,US,GB,web,mobile,0,Normal,5,1,18,11,8174.718545454546,5978.903488843214,693.97,24865.54,55,6,4,-0.3747524189445149,2,6,6,3,2,0.0,0,0,0.5064679842160581,0,1.0387534491325585,0,0.0,0,0.006251641460381721,0,0.0
TXN00009241,CUST000013,2025-09-23 04:28:57.003505,1000.67,CHF,GB,ES,web,pos,0,Normal,4,1,23,9,2119.490634920635,8304.770612994731,104.65,66232.6,63,9,4,-0.13472023333615757,0,4,4,3,3,0.0,0,0,0.4906803908806731,0,1.1043358555293037,0,0.03520349735740877,0,0.1697184898635625,0,0.0
TXN00003988,CUST000147,2025-02-18 05:10:57.003505,4358.05,EUR,US,DE,cajero,atm,0,Normal,5,1,18,2,5159.978620689655,3565.2608325444103,1101.13,13831.0,58,6,4,-0.22492845772869197,1,6,3,1,0,0.0,0,0,0.4844882172264543,0,1.0419240655240836,0,0.0,0,0.006412944290832375,0,0.0
TXN00003534,CUST000079,2025-04-25 17:03:57.003505,3089.14,EUR,FR,GB,web,desktop,0,Normal,17,4,25,4,8145.75744680851,6052.306858239896,540.85,22648.11,47,6,4,-0.8354859666589287,1,3,6,3,1,0.0,0,0,0.45012910138860457,0,1.0045562845241234,0,0.0,0,0.0018485028004917058,0,0.0
TXN00002641,CUST000128,2025-01-16 05:12:57.003505,4884.45,EUR,FR,FR,sucursal,tablet,0,Normal,5,3,16,1,5858.723846153846,3432.153469589081,1187.74,13901.43,52,6,4,-0.2838666319856105,1,3,5,2,4,0.0,0,0,0.43340342155344797,0,0.9946366331955592,0,0.0,0,0.005277644751221985,0,0.0
TXN00001316,CUST000016,2025-02-16 18:35:57.107482,2459.72,EUR,IT,SY,cajero,desktop,1,Fraude,18,6,16,2,4814.0977192982455,14760.960342710358,109.06,82531.17,57,9,4,-0.15950030787132666,1,5,13,1,1,1.0,1,0,0.5160523602744,0,1.1009305541732286,1,0.7332082400238317,1,0.8825032294667149,1,1.0
TXN00009869,CUST000022,2025-12-14 00:57:57.003505,2625.2,EUR,IT,ES,web,desktop,0,Normal,0,6,14,12,10301.100588235295,13087.105408488525,1670.97,67315.05,51,12,4,-0.5865239369639407,1,5,4,3,1,0.0,0,0,0.5377372496850344,0,1.1302129382597357,0,0.0,0,0.03251076190397663,0,0.0
TXN00006216,CUST000079,2025-12-11 00:16:57.003505,6223.65,EUR,FR,GB,cajero,atm,0,Normal,0,3,11,12,8145.75744680851,6052.306858239896,540.85,22648.11,47,6,4,-0.3175826162670652,1,3,6,1,0,0.0,0,0,0.4664830144703,0,1.013587063297088,0,0.0,0,0.010871834922380483,0,0.0
TXN00005520,CUST000139,2025-05-05 05:49:57.003505,6647.74,USD,US,ES,cajero,desktop,0,Normal,5,0,5,5,5999.512857142858,5088.7018853137615,532.86,19230.71,49,6,4,0.12738556066736217,3,6,4,1,1,0.0,0,0,0.5233750489396582,0,1.0173868126480134,0,0.0,0,0.05007241518929541,0,0.0
TXN00001040,CUST000161,2025-09-16 23:45:57.003505,132.72,EUR,ES,ES,app,pos,0,Normal,23,1,16,9,139.16267857142856,120.75959945266268,10.61,487.09,56,3,4,-0.05335127432749386,1,2,4,0,3,0.0,0,0,0.4654056569535189,0,0.9953907532016995,0,0.0,0,0.011505626318883615,0,0.0
TXN00003780,CUST000021,2025-10-29 07:29:57.003505,16.42,EUR,FR,IT,app,atm,0,Normal,7,2,29,10,2655.973768115942,10838.616564582062,16.24,71242.61,69,5,4,-0.24353235047522795,1,3,8,0,0,0.0,0,0,0.49062628311317014,0,1.099731467124823,0,0.007599999999999999,0,0.2463739112198258,0,0.0
TXN00000058,CUST000023,2025-12-22 00:16:57.003505,7523.85,EUR,FR,ES,cajero,atm,0,Normal,0,0,22,12,15815.222833333333,23024.490626082472,808.61,96461.99,60,12,4,-0.360111021243642,1,3,4,1,0,0.0,0,0,0.5363025172155238,0,1.01828519492935,0,0.06193995053280941,0,0.17087020025268396,0,0.0
TXN00000082,CUST000165,2025-04-01 19:53:57.003505,145.49,EUR,FR,IT,sucursal,tablet,0,Normal,19,1,1,4,796.1411538461538,546.07482260668,145.49,2657.6,52,5,4,-1.191505496533927,1,3,8,2,4,0.0,0,0,0.469439226430248,0,1.0380909284792006,0,0.0,0,0.05083299896219505,0,0.0
TXN00006731,CUST000163,2026-01-15 22:27:57.003505,401.65,EUR,ES,ES,app,mobile,0,Normal,22,3,15,1,168.95499999999998,140.93004795235706,16.1,480.82,42,3,4,1.6511382897387985,1,2,4,0,2,0.0,0,0,0.509589991614559,0,1.0440093119872498,0,0.0,0,0.005710403512420665,0,0.0
TXN00003738,CUST000017,2025-08-28 05:17:57.003505,2246.43,EUR,FR,GB,app,tablet,0,Normal,5,3,28,8,15977.346615384617,23735.85855892997,1012.73,95316.24,65,9,4,-0.5784883062357248,1,3,6,0,4,0.0,0,0,0.5172700789812368,0,1.0197866781244058,0,0.016807692307692305,0,0.017705573629915504,0,0.0
TXN00001465,CUST000041,2025-10-19 19:31:57.003505,3410.36,EUR,DE,GB,app,tablet,0,Normal,19,6,19,10,12242.410327868853,18392.8926295824,1042.59,80913.59,61,9,4,-0.48018821755005214,1,1,6,0,4,0.0,0,0,0.5142550108943835,0,1.041127124631109,0,0.008636363636363636,0,0.06536623732435361,0,0.0
TXN00007366,CUST000142,2025-08-04 22:43:57.003505,10613.39,EUR,DE,FR,web,atm,0,Normal,22,0,4,8,6533.238913043478,5298.543436216841,666.85,19029.58,46,6,4,0.770051455707174,1,1,5,3,0,0.0,0,0,0.5017487663220497,0,1.0798912845718394,0,0.0,0,0.059317498564971,0,0.0
TXN00003952,CUST000089,2025-06-28 22:26:57.003505,461.44,EUR,ES,FR,app,tablet,0,Normal,22,5,28,6,167.74181818181816,126.83528642226571,11.15,491.57,55,3,4,2.315587308446653,1,2,5,0,4,0.0,0,0,0.5273385522346027,0,1.0500022200670829,0,0.0,0,0.0025260339934951694,0,0.0
TXN00004274,CUST000028,2025-09-02 20:50:57.003505,242.09,EUR,ES,ES,web,desktop,0,Normal,20,1,2,9,4253.581489361702,17241.301652205857,19.11,90310.44,47,6,4,-0.23266755434418157,1,2,4,3,1,0.0,0,0,0.45880249661069555,0,1.0628577110809343,0,0.03873103341946047,1,0.7372299156066809,0,0.0
TXN00007425,CUST000104,2025-07-12 01:50:57.003505,449.55,EUR,ES,DE,app,atm,0,Normal,1,5,12,7,878.7486666666667,742.4299771714012,115.19,2937.85,45,5,4,-0.5780998603043743,1,2,3,0,0,0.0,0,0,0.45885529514803247,0,0.9928564497227093,0,0.0,0,0.021815092774595226,0,0.0
TXN00004528,CUST000037,2025-09-12 07:50:57.003505,347.33,EUR,ES,FR,sucursal,tablet,0,Normal,7,4,12,9,3344.5771604938273,14448.411660449672,10.52,94457.02,81,9,4,-0.20744475107190435,1,2,5,2,4,0.0,0,0,0.48769255260714667,0,1.04338447034406,0,0.19424808659247106,1,0.633483245886896,0,0.0
TXN00009365,CUST000036,2025-11-11 02:28:57.003505,3357.75,EUR,FR,GB,sucursal,tablet,0,Normal,2,1,11,11,9097.943035714286,14723.247345472018,1593.82,84621.7,56,7,4,-0.3898727570510965,1,3,6,2,4,0.0,0,0,0.4659335623609757,0,1.0155435381479276,0,0.03314167122787812,0,0.07733619035049692,0,0.0
TXN00006248,CUST000153,2025-02-02 01:19:57.003505,724.15,EUR,ES,GB,web,tablet,0,Normal,1,6,2,2,824.5297916666667,674.6234349951362,103.35,2648.6,48,5,4,-0.14879381045901055,1,2,6,3,4,0.0,0,0,0.47430436920056207,0,1.029307103150187,0,0.0,0,0.018826898857957693,0,0.0
TXN00005054,CUST000124,2025-11-13 03:07:57.003505,107.2,EUR,DE,DE,app,atm,0,Normal,3,3,13,11,909.7118867924529,685.5308862425715,105.13,2668.3,53,5,4,-1.170642930503711,1,1,3,0,0,0.0,0,0,0.47238120491342644,0,1.0270174815950939,0,0.0,0,0.02348679343362061,0,0.0
TXN00002395,CUST000162,2025-05-14 22:21:57.003505,5770.59,EUR,CH,DE,app,desktop,0,Normal,22,2,14,5,8187.689791666667,6409.234849582279,610.75,24295.17,48,6,4,-0.3771276678131201,1,0,3,0,1,0.0,0,0,0.4772564130526556,0,1.0377788264798,0,0.0,0,0.0072233802857048605,0,0.0
TXN00006158,CUST000162,2025-04-13 22:21:57.003505,7680.99,CHF,CH,US,sucursal,pos,0,Normal,22,6,13,4,8187.689791666667,6409.234849582279,610.75,24295.17,48,6,4,-0.07905776640726984,0,0,14,2,3,0.0,0,0,0.545229871543188,0,1.1425044514074527,0,0.0,0,0.0305516419831541,0,0.0
TXN00008026,CUST000117,2025-06-06 09:58:57.003505,6341.77,EUR,ES,ES,sucursal,tablet,0,Normal,9,4,6,6,4614.202641509434,3046.091732833902,1227.93,13885.08,53,6,4,0.5671422627565449,1,2,4,2,4,0.0,0,0,0.4392275279000712,0,0.9952001255596781,0,0.0,0,0.016119632020748176,0,0.0
TXN00000908,CUST000038,2025-05-22 22:34:57.003505,2816.9,EUR,ES,IT,cajero,pos,0,Normal,22,3,22,5,7141.748709677419,18776.16760796677,143.24,94991.86,62,10,4,-0.2303371380010497,1,2,8,1,3,0.0,0,0,0.4635304752212052,0,0.979665938516583,0,0.28049588833614053,1,0.8146420682681318,0,0.0
TXN00007493,CUST000012,2025-06-07 00:37:57.003505,1575.86,EUR,IT,US,app,pos,0,Normal,0,5,7,6,11848.529666666667,20090.907636760738,1017.21,83759.47,60,12,4,-0.5113093869069034,1,5,14,0,3,0.0,0,1,0.5673918759915147,0,1.047847135038703,0,0.09797720348426704,1,0.5344416556801023,0,0.0
TXN00003805,CUST000077,2025-10-08 22:20:57.003505,841.23,CHF,CH,GB,web,tablet,0,Normal,22,2,8,10,6464.85641509434,5759.730942651314,662.88,21657.81,53,6,4,-0.9763696377680636,0,0,6,3,4,0.0,0,0,0.5239850276825311,1,1.231970465205677,0,0.0,0,0.0037717668132748387,0,0.0
TXN00007354,CUST000076,2025-06-15 07:43:57.003505,149.03,EUR,ES,IT,sucursal,mobile,0,Normal,7,6,15,6,157.1376595744681,106.39921381723207,16.86,457.19,47,3,4,-0.07620037035418999,1,2,8,2,2,0.0,0,0,0.4491389196292692,0,1.0054501930693616,0,0.014045698924731181,0,0.014026992232639405,0,0.0
TXN00008250,CUST000158,2025-07-30 20:41:57.003505,609.53,GBP,GB,IT,app,atm,0,Normal,20,2,30,7,800.725,537.8160320696686,170.04,2304.86,44,5,4,-0.35550260357379987,2,4,8,0,0,0.0,0,0,0.5251086102481252,0,1.1046166574409946,0,0.0,0,0.04074039805121257,0,0.0
TXN00003508,CUST000120,2025-05-21 22:44:57.003505,353.49,EUR,IT,IT,web,pos,0,Normal,22,2,21,5,170.5298113207547,129.18067867988032,11.93,494.78,53,3,4,1.416312324200761,1,5,8,3,3,0.0,0,0,0.5000262498682854,0,1.0683963859655026,0,0.0,0,0.0048364429676589485,0,0.0
TXN00007326,CUST000102,2025-05-23 17:08:57.003505,12709.26,EUR,FR,CH,app,tablet,0,Normal,17,4,23,5,5521.343448275862,4623.42696228088,838.24,21094.3,58,6,4,1.5546728884895031,1,3,1,0,4,0.0,0,0,0.49190914620838133,0,1.1168385622305395,0,0.0,0,0.046142446846228966,0,0.0
TXN00000303,CUST000043,2025-07-03 23:24:57.003505,22814.6,EUR,CH,GB,sucursal,atm,0,Normal,23,3,3,7,14802.66984375,19505.427795265667,654.06,90854.63,64,10,4,0.4107538804036839,1,0,6,2,0,0.0,0,0,0.5585582206087646,0,1.0743104412684725,0,0.24220921703542372,1,0.940900693051527,0,0.0
TXN00006679,CUST000047,2025-06-19 22:08:57.003505,4110.95,EUR,ES,ES,web,pos,0,Normal,22,3,19,6,14563.28859375,20712.60540698934,564.29,99973.8,64,9,4,-0.5046365914796158,1,2,4,3,3,0.0,0,0,0.48470905037274853,0,0.983213774252777,0,0.0,0,0.015696313731689684,0,0.0
TXN00009539,CUST000104,2025-01-30 04:25:57.003505,134.32,EUR,ES,DE,sucursal,desktop,0,Normal,4,3,30,1,878.7486666666667,742.4299771714012,115.19,2937.85,45,5,4,-1.002692090236157,1,2,3,2,1,0.0,0,0,0.4614976476241663,0,0.9974581335127249,0,0.0,0,0.008838570854730221,0,0.0
TXN00007990,CUST000104,2026-01-10 08:35:57.003505,520.51,EUR,ES,GB,app,atm,0,Normal,8,5,10,1,878.7486666666667,742.4299771714012,115.19,2937.85,45,5,4,-0.4825218232014359,1,2,6,0,0,0.0,0,0,0.4511599339186333,0,1.0111669730173065,0,0.0,0,0.032802852078812714,0,0.0
TXN00005473,CUST000018,2025-03-04 21:43:57.003505,55.36,EUR,FR,IT,web,tablet,0,Normal,21,1,4,3,1260.8659574468084,4033.3930453795238,15.89,17120.41,47,4,4,-0.2988813496688356,1,3,8,3,4,0.0,0,0,0.4826441169806144,0,1.023207459195659,0,0.056660603361423034,0,0.06141774681156325,0,0.0
TXN00002465,CUST000086,2025-11-07 01:27:57.003505,1398.53,EUR,ES,GB,sucursal,desktop,0,Normal,1,4,7,11,5910.098163265306,4295.407110007479,1124.83,14315.23,49,6,4,-1.0503237636553446,1,2,6,2,1,0.0,0,0,0.44094413390208465,0,1.0031661462729702,0,0.0,0,0.0063747469109025475,0,0.0
TXN00006593,CUST000046,2025-11-11 22:22:57.003505,2865.31,GBP,GB,ES,web,pos,0,Normal,22,1,11,11,14390.02703125,20397.40065692597,666.14,92261.44,64,10,4,-0.5650091021167325,2,4,4,3,3,0.0,0,0,0.5216103372432401,0,1.0978535939521936,0,0.0,0,0.027839137861056,0,0.0
TXN00005571,CUST000006,2025-08-16 22:35:57.003505,149.52,EUR,FR,FR,app,mobile,0,Normal,22,5,16,8,5953.340833333334,18691.661854483864,13.39,88596.57,60,9,4,-0.3105032007429867,1,3,5,0,2,0.0,0,0,0.46312567072415056,0,0.981532402885572,0,0.0,1,0.7607044034198879,0,0.0
TXN00004016,CUST000167,2025-02-11 23:52:57.003505,4474.47,CHF,US,DE,app,tablet,0,Normal,23,1,11,2,5069.928793103448,3997.779061335983,1022.26,14648.94,58,6,4,-0.14894739899795986,0,6,3,0,4,0.0,0,0,0.5380318734655436,0,1.141335012313385,0,0.0,0,0.00998745313093231,0,0.0
TXN00002019,CUST000057,2025-08-13 21:05:57.003505,72.74,EUR,ES,FR,cajero,atm,0,Normal,21,2,13,8,180.91574074074074,140.8073723895602,11.53,490.57,54,3,4,-0.7682533814579428,1,2,5,1,0,0.0,0,0,0.4536614096106751,0,0.9897271437827776,0,0.0,0,0.017229331384034274,0,0.0
TXN00004820,CUST000101,2025-04-15 05:52:57.003505,30.75,EUR,FR,ES,cajero,atm,0,Normal,5,1,15,4,125.60097560975608,111.09659308018581,10.12,468.78,41,3,4,-0.8537703283801464,1,3,4,1,0,0.0,0,0,0.46484667263143237,0,1.0098742000586118,0,0.0,0,0.01655055885903701,0,0.0
TXN00005805,CUST000072,2025-04-14 03:41:57.003505,4868.21,USD,GB,US,cajero,tablet,0,Normal,3,0,14,4,5567.7047999999995,3639.3995975049706,1298.32,14110.12,50,6,4,-0.1922006037169826,3,4,14,1,4,0.0,0,0,0.5246146835692095,0,1.0652381037750394,0,0.0,0,0.07322881516147334,0,0.0
TXN00008329,CUST000169,2025-12-19 23:08:57.003505,253.29,EUR,DE,DE,sucursal,mobile,0,Normal,23,4,19,12,1003.1623076923078,777.0232421375961,108.39,2916.08,52,5,4,-0.9650577563990832,1,1,3,2,2,0.0,0,0,0.4735353687299471,0,1.0024236782816456,0,0.0,0,0.013872059041169968,0,0.0
TXN00009374,CUST000022,2025-08-02 07:15:57.003505,9851.52,EUR,IT,IT,cajero,pos,0,Normal,7,5,2,8,10301.100588235295,13087.105408488525,1670.97,67315.05,51,12,4,-0.03435294315802909,1,5,8,1,3,0.0,0,0,0.5294317860000947,0,1.059587771504881,0,0.253643934884192,1,0.5680517937639997,0,0.0
TXN00005181,CUST000088,2025-12-13 22:10:57.003505,1101.15,EUR,DE,ES,app,tablet,0,Normal,22,5,13,12,999.984909090909,775.2614145011627,168.78,2889.91,55,5,4,0.13049158501418978,1,1,4,0,4,0.0,0,0,0.478165052591138,0,1.020525960346326,0,0.0,0,0.01945683973687273,0,0.0
TXN00003507,CUST000091,2025-09-10 04:09:57.003505,6825.6,EUR,GB,CH,sucursal,atm,0,Normal,4,2,10,9,7200.981951219513,5225.722639258717,656.16,24278.3,41,6,4,-0.07183350075405603,1,4,1,2,0,0.0,0,0,0.47636430764293164,0,1.1199058576138134,0,0.0,0,0.0075648239033211965,0,0.0
TXN00006153,CUST000007,2025-11-11 17:54:57.003505,3757.01,EUR,DE,FR,cajero,desktop,0,Normal,17,1,11,11,13983.354109589041,17914.50554094098,1084.09,95095.19,73,10,4,-0.5708415499187174,1,1,5,1,1,0.0,0,0,0.5190306641995166,0,0.9972707519788895,0,0.008085106382978723,0,0.018049646422814,0,0.0
TXN00003898,CUST000052,2025-02-27 21:05:57.003505,52.7,EUR,ES,ES,sucursal,tablet,0,Normal,21,3,27,2,177.9474,132.6302616653853,34.91,487.78,50,3,4,-0.9443350068301408,1,2,4,2,4,0.0,0,0,0.4774109711311634,0,0.9899121881573194,0,0.0,0,0.007770390878514801,0,0.0
TXN00008339,CUST000069,2025-05-03 19:53:57.003505,15.12,EUR,FR,FR,sucursal,mobile,0,Normal,19,5,3,5,169.07313725490195,120.3676959236189,15.12,478.18,51,3,4,-1.279023701455343,1,3,5,2,2,0.0,0,0,0.4511622415786076,0,1.0004357310981198,0,0.0,0,0.022667904425263796,0,0.0
TXN00007426,CUST000042,2025-05-15 05:05:57.003505,4398.07,EUR,ES,US,web,tablet,0,Normal,5,3,15,5,10704.279047619048,15707.05132958625,1001.04,76105.74,63,9,4,-0.4014890455816493,1,2,14,3,4,0.0,0,0,0.5073692729866651,0,1.030486088409218,0,0.1076061100455944,0,0.1530946755909428,0,0.0
TXN00006382,CUST000156,2025-04-20 01:08:57.003505,116.86,EUR,FR,ES,cajero,mobile,0,Normal,1,6,20,4,105.78857142857143,88.03691067704752,12.77,375.54,56,3,4,0.12575893861477935,1,3,4,1,2,0.0,0,0,0.4648907456997334,0,1.0047371205861588,0,0.0,0,0.005508166473203037,0,0.0
TXN00002203,CUST000074,2025-03-29 03:19:57.003505,1463.75,EUR,IT,DE,app,atm,0,Normal,3,5,29,3,5339.021777777778,3544.830265405901,1289.22,14680.96,45,6,4,-1.0932178656065559,1,5,3,0,0,0.0,0,0,0.4966273487192661,0,1.082561100672983,0,0.006785714285714285,0,0.003244680403494515,0,0.0
TXN00007917,CUST000137,2026-01-16 02:27:57.003505,1607.5,EUR,FR,IT,web,mobile,0,Normal,2,4,16,1,911.4923636363636,700.4321115012415,100.69,2786.35,55,5,4,0.9936832191747959,1,3,8,3,2,0.0,0,0,0.45981470972844835,0,1.0322731675887304,0,0.0,0,0.0107207713049288,0,0.0
TXN00003906,CUST000088,2025-08-08 01:03:57.003505,1803.88,EUR,DE,ES,cajero,tablet,0,Normal,1,4,8,8,999.984909090909,775.2614145011627,168.78,2889.91,55,5,4,1.0369342196521136,1,1,4,1,4,0.0,0,0,0.47259023249127063,0,1.0304284874905747,0,0.0,0,0.012320811475959825,0,0.0
TXN00007020,CUST000133,2025-12-31 22:06:57.003505,262.97,EUR,IT,ES,web,mobile,0,Normal,22,2,31,12,145.8703846153846,109.73602561372553,11.7,462.02,52,3,4,1.067102746455455,1,5,4,3,2,0.0,0,0,0.5268361199036773,0,1.0921781356760234,0,0.0,0,0.0026889279276833523,0,0.0
TXN00008876,CUST000156,2025-03-18 04:50:57.003505,120.91,EUR,FR,ES,web,pos,0,Normal,4,1,18,3,105.78857142857143,88.03691067704752,12.77,375.54,56,3,4,0.17176236970805667,1,3,4,3,3,0.0,0,0,0.45505739344777374,0,1.0097341999770115,0,0.0,0,0.004261960431655887,0,0.0
TXN00003235,CUST000038,2025-12-09 22:06:57.003505,1040.83,EUR,ES,IT,cajero,pos,0,Normal,22,1,9,12,7141.748709677419,18776.16760796677,143.24,94991.86,62,10,4,-0.32492885857941833,1,2,8,1,3,0.0,0,0,0.4776214622794935,0,1.0128040550511987,0,0.08163615990542868,1,0.8155205805851775,0,0.0
TXN00006980,CUST000161,2025-07-06 22:24:57.003505,39.29,EUR,ES,FR,sucursal,pos,0,Normal,22,6,6,7,139.16267857142856,120.75959945266268,10.61,487.09,56,3,4,-0.8270371730037173,1,2,5,2,3,0.0,0,0,0.455849525624379,0,0.9959052396478908,0,0.0,0,0.015580276981486625,0,0.0
TXN00007372,CUST000017,2025-05-18 08:48:57.003505,4444.15,EUR,FR,FR,app,tablet,0,Normal,8,6,18,5,15977.346615384617,23735.85855892997,1012.73,95316.24,65,9,4,-0.4858975960892583,1,3,5,0,4,0.0,0,0,0.5196740445837121,0,1.0218905557793287,0,0.04606373809753034,0,0.03836224646344157,0,0.0
TXN00004665,CUST000087,2025-07-13 01:31:57.003505,279.97,EUR,ES,ES,sucursal,atm,0,Normal,1,6,13,7,1085.5852631578948,805.6519024148467,125.39,2969.7,57,5,4,-0.9999545209825774,1,2,4,2,0,0.0,0,0,0.46429567633065394,0,1.0181117269709126,0,0.0,0,0.01319458964348191,0,0.0
TXN00005443,CUST000127,2025-10-09 00:25:57.003505,4539.79,EUR,FR,DE,web,tablet,0,Normal,0,3,9,10,5175.683538461539,3408.1231986798057,1026.86,14073.5,65,6,4,-0.18658173463954625,1,3,3,3,4,0.0,0,0,0.45879476913201256,0,1.0254168525510967,0,0.0,0,0.0050227848904080274,0,0.0
TXN00007004,CUST000157,2026-01-06 01:52:57.003505,4587.82,EUR,IT,ES,cajero,pos,0,Normal,1,1,6,1,4468.6006,3061.342828385575,1001.7,14281.22,50,6,4,0.03894349853783864,1,5,4,1,3,0.0,0,0,0.46921383703347563,0,1.0321563743948194,0,0.0,0,0.015390190969768654,0,0.0
TXN00004806,CUST000187,2025-10-11 03:50:57.003505,1567.87,GBP,GB,ES,sucursal,pos,0,Normal,3,5,11,10,4876.589272727273,3027.9590817394396,1272.52,14739.26,55,6,4,-1.092722583864583,2,4,4,2,3,0.0,0,0,0.46921972936963424,0,1.0338378975728728,0,0.0,0,0.006580151048726018,0,0.0
TXN00000016,CUST000136,2025-05-23 05:37:57.003505,38.39,EUR,FR,IT,app,pos,0,Normal,5,4,23,5,156.8698245614035,118.19619667695422,10.52,475.76,57,3,4,-1.002399627822415,1,3,8,0,3,0.0,0,0,0.4626460918226443,0,1.0204087350890778,0,0.0,0,0.020468819372959333,0,0.0
TXN00009442,CUST000149,2025-06-21 22:53:57.003505,10206.24,EUR,ES,DE,cajero,atm,0,Normal,22,5,21,6,6270.26275,3614.0108901244885,1298.13,14063.89,40,6,4,1.0890883753743565,1,2,3,1,0,0.0,0,0,0.4962253991380231,0,1.0391296217768955,0,0.0,0,0.01635674606901156,0,0.0
TXN00001326,CUST000058,2025-08-14 02:31:57.003505,4986.06,EUR,FR,IT,sucursal,pos,0,Normal,2,3,14,8,5591.0198,3793.973079900562,1030.04,14421.18,50,6,4,-0.1594528445774851,1,3,8,2,3,0.0,0,0,0.42289233025260137,0,0.9845129488213471,0,0.0,0,0.015093779172950062,0,0.0
TXN00009268,CUST000172,2025-11-09 19:23:57.003505,803.52,EUR,FR,DE,cajero,mobile,0,Normal,19,6,9,11,1225.615576923077,816.7534839489807,107.05,2891.9,52,5,4,-0.5167967871596454,1,3,3,1,2,0.0,0,0,0.4489318887760905,0,1.0020606055469905,0,0.0,0,0.017376545733463512,0,0.0
TXN00002530,CUST000187,2025-01-30 05:29:57.003505,5073.62,GBP,GB,IT,cajero,atm,0,Normal,5,3,30,1,4876.589272727273,3027.9590817394396,1272.52,14739.26,55,6,4,0.06507047218566449,2,4,8,1,0,0.0,0,0,0.5062744958113461,1,1.199728323523749,0,0.0,0,0.014043385005564969,0,0.0
TXN00000659,CUST000101,2025-03-31 00:53:57.003505,135.3,EUR,FR,FR,app,atm,0,Normal,0,0,31,3,125.60097560975608,111.09659308018581,10.12,468.78,41,3,4,0.0873026258864741,1,3,5,0,0,0.0,0,0,0.5160600910565236,0,1.0996715921266202,0,0.0,0,0.008742791159087205,0,0.0
TXN00000153,CUST000106,2025-10-01 03:50:57.003505,11.88,EUR,FR,IT,cajero,mobile,0,Normal,3,2,1,10,187.99303571428572,139.00723410762927,11.88,497.63,56,3,4,-1.266934311569657,1,3,8,1,2,0.0,0,0,0.4682554599230992,0,1.0247618652802908,0,0.0,0,0.04349808779718675,0,0.0
TXN00005562,CUST000162,2025-06-06 05:38:57.003505,610.75,CHF,CH,ES,app,desktop,0,Normal,5,4,6,6,8187.689791666667,6409.234849582279,610.75,24295.17,48,6,4,-1.1821910053706803,0,0,4,0,1,0.0,0,0,0.5237613454951754,1,1.185502359815031,0,0.0,0,0.001679609368391162,0,0.0
TXN00008550,CUST000100,2025-08-26 00:50:57.003505,12155.42,EUR,GB,US,sucursal,pos,0,Normal,0,1,26,8,5226.1033333333335,3597.2253919944915,1045.25,14117.6,48,6,4,1.9262948271635527,1,4,14,2,3,0.0,0,0,0.5016164452120345,0,1.0687872293499123,0,0.0,0,0.13524032488272017,0,0.0
TXN00007755,CUST000078,2025-03-05 19:24:57.003505,6615.19,EUR,DE,US,app,atm,0,Normal,19,2,5,3,8590.456956521739,6556.444835127875,848.73,24850.13,46,6,4,-0.30127104031097107,1,1,14,0,0,0.0,0,0,0.5136672094416251,0,1.0295319361486623,0,0.009743589743589744,0,0.05134184470969568,0,0.0
TXN00004223,CUST000068,2025-08-31 07:56:57.003505,691.3,EUR,ES,IT,web,atm,0,Normal,7,6,31,8,759.856590909091,491.71454812415806,146.29,2320.43,44,5,4,-0.13942355586427943,1,2,8,3,0,0.0,0,0,0.4870985485767001,0,1.0633448110899024,0,0.01,0,0.013376230731276148,0,0.0
TXN00003306,CUST000057,2025-05-27 20:38:57.003505,304.27,EUR,ES,ES,app,pos,0,Normal,20,1,27,5,180.91574074074074,140.8073723895602,11.53,490.57,54,3,4,0.8760497145130685,1,2,4,0,3,0.0,0,0,0.4806739553863134,0,1.0107506152311854,0,0.0,0,0.00488334360622262,0,0.0
TXN00009535,CUST000054,2025-07-10 08:50:57.003505,712.56,USD,GB,DE,cajero,tablet,0,Normal,8,3,10,7,796.5148076923076,585.8445766532963,106.32,2706.89,52,5,4,-0.14330559826738254,3,4,3,1,4,0.0,0,0,0.48985960019544506,0,1.001698328549852,0,0.0,0,0.027596374261472656,0,0.0
TXN00008119,CUST000055,2025-11-04 23:54:57.003505,6441.3,CHF,CH,ES,web,atm,0,Normal,23,1,4,11,7358.3737037037035,4642.129487846006,544.87,19628.1,54,6,4,-0.19755452877978208,0,0,4,3,0,0.0,0,0,0.5371306509921631,1,1.2356544526737872,0,0.0,0,0.005011736900978446,0,0.0
TXN00003843,CUST000145,2025-11-01 03:14:57.003505,2750.31,EUR,DE,GB,web,pos,0,Normal,3,5,1,11,825.7344444444445,658.4965368085764,114.16,2750.31,45,5,4,2.9226813582959577,1,1,6,3,3,0.0,0,0,0.519506826960581,1,1.168708920548839,0,0.0,0,0.010589211939267295,0,0.0
TXN00000528,CUST000156,2025-12-18 06:48:57.003505,55.47,EUR,FR,ES,web,desktop,0,Normal,6,3,18,12,105.78857142857143,88.03691067704752,12.77,375.54,56,3,4,-0.5715622057843063,1,3,4,3,1,0.0,0,0,0.4523260961564278,0,0.9935715140129219,0,0.0,0,0.007431681121305835,0,0.0
TXN00003756,CUST000130,2025-10-04 22:27:57.003505,1233.67,EUR,IT,IT,web,pos,0,Normal,22,5,4,10,5477.731875,3585.6029816829373,1158.54,14850.38,64,6,4,-1.1836396543335006,1,5,8,3,3,0.0,0,0,0.47300829438744835,0,1.0891209909361543,0,0.0,0,0.006431144122884901,0,0.0
TXN00009779,CUST000011,2025-11-07 23:35:57.003505,2741.57,EUR,ES,ES,web,pos,0,Normal,23,4,7,11,5832.329,15831.358716522058,120.51,81442.3,60,11,4,-0.19523017923781646,1,2,4,3,3,0.0,0,0,0.4682960753465687,0,1.0254236394275937,0,0.3681908883954572,1,0.7429433095557529,0,0.0
TXN00004812,CUST000189,2025-09-26 23:27:57.003505,15364.03,EUR,DE,ES,cajero,atm,0,Normal,23,4,26,9,7299.777222222222,5820.825465841291,680.44,24792.93,54,6,4,1.3854139457910766,1,1,4,1,0,0.0,0,0,0.5108368417303835,0,1.0627939131635433,0,0.0,0,0.08131633912959381,0,0.0
TXN00004625,CUST000087,2025-12-10 02:44:57.003505,580.09,EUR,ES,GB,sucursal,desktop,0,Normal,2,2,10,12,1085.5852631578948,805.6519024148467,125.39,2969.7,57,5,4,-0.6274363171182193,1,2,6,2,1,0.0,0,0,0.4393830771485747,0,0.9836649789361894,0,0.0,0,0.021634471403797772,0,0.0
TXN00007551,CUST000160,2025-02-16 04:58:57.003505,196.2,EUR,DE,DE,cajero,atm,0,Normal,4,6,16,2,904.2335714285715,637.0384111964836,114.49,2851.37,56,5,4,-1.111445648916679,1,1,3,1,0,0.0,0,0,0.47253193788294656,0,1.0668877829193673,0,0.0,0,0.012785806749448134,0,0.0
TXN00008933,CUST000147,2025-05-22 18:55:57.003505,3454.87,USD,US,GB,sucursal,tablet,0,Normal,18,3,22,5,5159.978620689655,3565.2608325444103,1101.13,13831.0,58,6,4,-0.4782563465334228,3,6,6,2,4,0.0,0,0,0.5068338151518259,0,1.0033150050663524,0,0.0,0,0.01201332779430484,0,0.0
TXN00002643,CUST000172,2025-05-19 04:07:57.003505,890.61,EUR,FR,ES,web,pos,0,Normal,4,0,19,5,1225.615576923077,816.7534839489807,107.05,2891.9,52,5,4,-0.4101673064107017,1,3,4,3,3,0.0,0,0,0.4307587011114368,0,0.9904535748741606,0,0.0,0,0.00889055486693876,0,0.0
TXN00007656,CUST000141,2025-09-13 03:54:57.003505,196.63,USD,GB,FR,app,pos,0,Normal,3,5,13,9,881.8225000000001,797.0668304624176,106.03,2971.69,48,5,4,-0.8596424703093515,3,4,5,0,3,0.0,0,0,0.5072866721783194,0,1.0027616355849873,0,0.0,0,0.054127188652492886,0,0.0
TXN00001733,CUST000171,2025-02-05 01:44:57.003505,2009.46,EUR,IT,DE,sucursal,desktop,0,Normal,1,2,5,2,5145.970204081633,3309.986413680884,1048.73,12932.63,49,6,4,-0.9475900535936259,1,5,3,2,1,0.0,0,0,0.46887512883208626,0,1.0424217145431054,0,0.0,0,0.005135538413792936,0,0.0
TXN00007711,CUST000096,2025-11-17 02:14:57.003505,4291.6,EUR,ES,US,web,tablet,0,Normal,2,0,17,11,8049.057142857143,6639.965843385416,600.14,24951.57,49,6,4,-0.5658850106938956,1,2,14,3,4,0.0,0,0,0.5019884152689329,0,1.0459708910335104,0,0.0,0,0.016334796872432736,0,0.0
TXN00009624,CUST000080,2025-09-03 05:40:57.003505,76.88,EUR,ES,FR,cajero,mobile,0,Normal,5,2,3,9,146.3564,118.60946270815987,13.78,474.86,50,3,4,-0.585757643849968,1,2,5,1,2,0.0,0,0,0.43903649347368673,0,0.9842294418920318,0,0.0,0,0.021402006105739054,0,0.0
TXN00005580,CUST000045,2025-06-19 20:40:57.003505,690.91,EUR,GB,GB,web,pos,0,Normal,20,3,19,6,6149.803333333333,15824.94547276264,125.29,85657.33,60,9,4,-0.3449549537079948,1,4,6,3,3,0.0,0,0,0.4533981419116021,0,0.9853917413397489,0,0.009223300970873786,0,0.3529222335878719,0,0.0
TXN00004568,CUST000179,2025-08-01 22:39:57.003505,4341.65,EUR,DE,DE,web,tablet,0,Normal,22,4,1,8,5704.412033898305,3719.034007330203,1121.58,14726.16,59,6,4,-0.3664290326052079,1,1,3,3,4,0.0,0,0,0.4755326384591297,0,1.0307422248151994,0,0.0,0,0.0060573926760632895,0,0.0
TXN00005955,CUST000138,2025-03-19 19:07:57.003505,13659.4,EUR,FR,DE,cajero,atm,0,Normal,19,2,19,3,5327.873421052632,3712.6738556531113,1167.12,14039.05,38,6,4,2.244077153186314,1,3,3,1,0,0.0,0,0,0.5063613509271274,0,1.0961649192589884,0,0.008837209302325582,0,0.07009006578584086,0,0.0
TXN00000291,CUST000144,2025-03-26 21:45:57.003505,1790.83,EUR,DE,FR,app,atm,0,Normal,21,2,26,3,1031.58,698.9801338879382,106.4,2623.56,41,5,4,1.0862254334620316,1,1,5,0,0,0.0,0,0,0.5106523218099781,0,1.0944882417894886,0,0.0,0,0.013536475054754495,0,0.0
TXN00001783,CUST000083,2025-09-02 06:18:57.003505,91.88,EUR,ES,IT,web,pos,0,Normal,6,1,2,9,158.37742857142857,131.01619648393864,23.45,495.8,70,3,4,-0.5075512024349549,1,2,8,3,3,0.0,0,0,0.49429265717820553,0,1.079931665355967,0,0.0,0,0.01533617634835557,0,0.0
TXN00007302,CUST000104,2025-10-12 01:32:57.003505,558.67,EUR,ES,FR,sucursal,mobile,0,Normal,1,6,12,10,878.7486666666667,742.4299771714012,115.19,2937.85,45,5,4,-0.4311230366195851,1,2,5,2,2,0.0,0,0,0.44020732571391646,0,0.989460371627062,0,0.0,0,0.019991711116986614,0,0.0
TXN00004566,CUST000116,2025-08-25 21:50:57.003505,1859.79,EUR,FR,GB,app,pos,0,Normal,21,0,25,8,5575.545263157895,3962.8441770423206,1145.06,14589.34,57,6,4,-0.9376485918236407,1,3,6,0,3,0.0,0,0,0.46108641258258587,0,1.018121984539652,0,0.0,0,0.00639804416056799,0,0.0
TXN00002998,CUST000077,2025-10-19 23:29:57.003505,10373.6,EUR,CH,US,app,pos,0,Normal,23,6,19,10,6464.85641509434,5759.730942651314,662.88,21657.81,53,6,4,0.6786330165672214,1,0,14,0,3,0.0,0,0,0.5379975311782514,0,1.0854942207557114,0,0.0,0,0.21735106307789395,0,0.0
TXN00005115,CUST000019,2025-07-02 18:02:57.003505,4161.11,EUR,DE,DE,web,atm,0,Normal,18,2,2,7,14691.315714285713,15933.619614941443,687.1,70887.77,56,11,4,-0.6608796976520223,1,1,3,3,0,0.0,0,0,0.518658488534566,0,1.0239984070687982,0,0.0,0,0.006068196568930503,0,0.0
TXN00006242,CUST000116,2025-06-29 00:15:57.003505,2148.35,EUR,FR,ES,sucursal,mobile,0,Normal,0,6,29,6,5575.545263157895,3962.8441770423206,1145.06,14589.34,57,6,4,-0.8648322036348548,1,3,4,2,2,0.0,0,0,0.45241336020472794,0,0.9882911434040975,0,0.0,0,0.0022548376494481016,0,0.0
TXN00005216,CUST000138,2025-12-12 05:20:57.003505,10722.9,EUR,FR,DE,cajero,mobile,0,Normal,5,4,12,12,5327.873421052632,3712.6738556531113,1167.12,14039.05,38,6,4,1.4531377619608252,1,3,3,1,2,0.0,0,0,0.4782080802630547,0,1.077991507010891,0,0.0,0,0.04917992658333851,0,0.0
TXN00003539,CUST000023,2025-09-16 22:50:57.107482,86788.98,EUR,FR,ES,web,mobile,1,Fraude,22,1,16,9,15815.222833333333,23024.490626082472,808.61,96461.99,60,12,4,3.0825332171815365,1,3,4,3,2,1.0,1,1,0.6173761671992746,0,0.9892058795902802,1,0.9496137196137195,1,0.9999999999877709,1,1.0
TXN00004286,CUST000110,2025-02-14 00:31:57.003505,151.83,EUR,ES,IT,app,mobile,0,Normal,0,4,14,2,182.09387755102043,131.0415090377906,13.74,460.63,49,3,4,-0.230948785177252,1,2,8,0,2,0.0,0,0,0.47062725683076095,0,1.0025533117510221,0,0.0,0,0.020006187230691766,0,0.0
TXN00006416,CUST000034,2025-05-01 02:09:57.003505,167.78,EUR,FR,ES,web,pos,0,Normal,2,3,1,5,4461.999242424243,17455.08561943105,12.03,89753.64,66,6,4,-0.24601536399213594,1,3,4,3,3,0.0,0,0,0.467414038227635,0,0.9934585876741087,0,0.025623535537620406,1,0.5771355092916671,0,0.0
TXN00008629,CUST000100,2025-08-24 02:00:57.003505,2296.15,EUR,GB,US,cajero,mobile,0,Normal,2,6,24,8,5226.1033333333335,3597.2253919944915,1045.25,14117.6,48,6,4,-0.8145036835999618,1,4,14,1,2,0.0,0,0,0.47124589334774686,0,0.996715902609638,0,0.0,0,0.022121848003423008,0,0.0
TXN00009360,CUST000032,2025-10-04 01:17:57.003505,352.17,EUR,FR,FR,web,mobile,0,Normal,1,5,4,10,5279.0388,17558.788655810717,10.88,75146.84,50,4,4,-0.28059275023445096,1,3,5,3,2,0.0,0,0,0.46790875459313613,0,1.0726829421449398,0,0.08760461325872076,0,0.42121054509443967,0,0.0
TXN00002085,CUST000081,2025-01-17 18:20:57.003505,1605.07,USD,CH,CH,app,desktop,0,Normal,18,4,17,1,7762.277592592593,5260.794077166913,692.26,19011.44,54,6,4,-1.1703950964638459,3,0,1,0,1,0.0,0,0,0.5355352516354344,0,1.0391842880061815,0,0.0,0,0.0018991712141952514,0,0.0
TXN00003888,CUST000182,2025-05-10 06:48:57.003505,4973.66,EUR,FR,ES,sucursal,mobile,0,Normal,6,5,10,5,5969.300425531915,3942.2714577699544,1117.5,14812.85,47,6,4,-0.25255501452519685,1,3,4,2,2,0.0,0,0,0.41467263652721276,0,0.9696551725753604,0,0.0,0,0.007595680141763466,0,0.0
TXN00000590,CUST000140,2025-12-31 21:46:57.003505,243.29,EUR,DE,DE,sucursal,desktop,0,Normal,21,2,31,12,680.5558695652173,567.6112813520499,132.76,2321.13,46,5,4,-0.7703614835725053,1,1,3,2,1,0.0,0,0,0.4886845655679458,0,1.0430098202775944,0,0.0,0,0.011920832859789893,0,0.0
TXN00005883,CUST000105,2025-04-19 00:54:57.003505,1074.39,EUR,US,FR,app,desktop,0,Normal,0,5,19,4,4980.748490566038,3710.328094247605,1074.39,14077.93,53,6,4,-1.0528337091184792,1,6,5,0,1,0.0,0,0,0.4865245093442567,0,1.0018606884966206,0,0.0,0,0.0061669976164686205,0,0.0
TXN00005164,CUST000150,2025-11-27 07:12:57.003505,12025.36,EUR,ES,IT,sucursal,desktop,0,Normal,7,3,27,11,4437.8133333333335,2736.3486113014974,1220.08,12025.36,48,6,4,2.772872810341555,1,2,8,2,1,0.0,0,0,0.48458928385651223,0,1.0206776967671172,0,0.019952380952380954,0,0.04714685063583753,0,0.0
TXN00007003,CUST000115,2025-08-12 21:17:57.003505,4725.66,EUR,DE,ES,app,mobile,0,Normal,21,1,12,8,6975.763859649122,5678.052922748995,582.15,24541.97,57,6,4,-0.3962808888655915,1,1,4,0,2,0.0,0,0,0.4547221779986826,0,0.989982769359137,0,0.0,0,0.01034132672185189,0,0.0
TXN00009280,CUST000130,2025-06-08 22:19:57.003505,1158.54,EUR,IT,IT,app,pos,0,Normal,22,6,8,6,5477.731875,3585.6029816829373,1158.54,14850.38,64,6,4,-1.2045928943778805,1,5,8,0,3,0.0,0,0,0.4913141219507613,0,1.107718938528951,0,0.0,0,0.008946588603845384,0,0.0
TXN00004099,CUST000128,2025-10-17 20:46:57.003505,7988.83,EUR,FR,IT,cajero,pos,0,Normal,20,4,17,10,5858.723846153846,3432.153469589081,1187.74,13901.43,52,6,4,0.620632548077913,1,3,8,1,3,0.0,0,0,0.44506847449423137,0,1.019968837042281,0,0.0,0,0.02441285522275316,0,0.0
TXN00001761,CUST000013,2025-09-18 00:45:57.003505,2555.06,CHF,GB,IT,sucursal,desktop,0,Normal,0,3,18,9,2119.490634920635,8304.770612994731,104.65,66232.6,63,9,4,0.05244809102196852,0,4,8,2,1,0.0,0,0,0.5052967732873441,0,1.0743994142012296,0,0.1976800540112819,0,0.4510061041953259,0,0.0
TXN00003427,CUST000098,2025-08-15 02:41:57.003505,879.73,EUR,IT,IT,cajero,mobile,0,Normal,2,4,15,8,859.0164814814815,759.6341295827942,114.41,2894.43,54,5,4,0.027267756521981226,1,5,8,1,2,0.0,0,0,0.4408068730841594,0,0.9981884593644382,0,0.0,0,0.026489924087319032,0,0.0
TXN00008335,CUST000189,2025-12-21 04:29:57.003505,6738.43,EUR,DE,US,web,pos,0,Normal,4,6,21,12,7299.777222222222,5820.825465841291,680.44,24792.93,54,6,4,-0.0964377347199246,1,1,14,3,3,0.0,0,0,0.49696216900138834,0,1.0828175716449489,0,0.0,0,0.02785195978441987,0,0.0
TXN00008408,CUST000051,2025-03-02 07:38:57.003505,2525.73,EUR,DE,ES,cajero,mobile,0,Normal,7,6,2,3,819.4428260869565,649.2779453436051,154.15,2996.29,46,5,4,2.6279764829869294,1,1,4,1,2,0.0,0,0,0.5005144701249573,0,1.076200407578854,0,0.0,0,0.009976998661349634,0,0.0
TXN00003591,CUST000074,2025-10-12 18:07:57.003505,3740.4,EUR,IT,GB,app,atm,0,Normal,18,6,12,10,5339.021777777778,3544.830265405901,1289.22,14680.96,45,6,4,-0.45097272863183335,1,5,6,0,0,0.0,0,0,0.4666287005529994,0,1.044718265926186,0,0.0,0,0.01760969003040621,0,0.0
TXN00008367,CUST000171,2025-06-29 23:22:57.003505,4268.44,EUR,IT,IT,app,desktop,0,Normal,23,6,29,6,5145.970204081633,3309.986413680884,1048.73,12932.63,49,6,4,-0.2651159534037652,1,5,8,0,1,0.0,0,0,0.4948565960128909,0,1.0963601582612017,0,0.0,0,0.014045969290193605,0,0.0
TXN00005900,CUST000003,2026-01-02 04:24:57.003505,392.33,EUR,ES,FR,cajero,tablet,0,Normal,4,4,2,1,8320.49358490566,25653.022108616926,14.93,99303.62,53,6,4,-0.30905378520425913,1,2,5,1,4,0.0,0,0,0.49650059532046054,0,1.099230571019204,0,0.0913908337371871,1,0.8491805739020359,0,0.0
TXN00001459,CUST000054,2025-06-01 07:11:57.003505,465.9,GBP,GB,ES,web,desktop,0,Normal,7,6,1,6,796.5148076923076,585.8445766532963,106.32,2706.89,52,5,4,-0.5643387688534108,2,4,4,3,1,0.0,0,0,0.48539598260717765,0,1.1400262861539283,0,0.0,0,0.023158814801340768,0,0.0
TXN00006065,CUST000120,2025-05-14 07:18:57.003505,299.85,EUR,IT,FR,sucursal,tablet,0,Normal,7,2,14,5,170.5298113207547,129.18067867988032,11.93,494.78,53,3,4,1.0010799525107834,1,5,5,2,4,0.0,0,0,0.4741423659782596,0,1.0199503994615413,0,0.0,0,0.005042965274384747,0,0.0
TXN00003562,CUST000027,2026-01-16 04:47:57.107482,65844.1,EUR,FR,IT,cajero,pos,1,Fraude,4,4,16,1,4851.360625,18687.684437621316,10.99,94066.9,64,5,4,3.2637933059779205,1,3,8,1,3,1.0,1,1,0.5693483743836455,0,1.0102147728818733,1,0.9140837093144663,1,0.9999999998569806,1,1.0
TXN00002148,CUST000156,2025-12-21 05:33:57.003505,29.57,EUR,FR,FR,web,mobile,0,Normal,5,6,21,12,105.78857142857143,88.03691067704752,12.77,375.54,56,3,4,-0.8657569873437838,1,3,5,3,2,0.0,0,0,0.47314724330574787,0,1.0453150593467817,0,0.0,0,0.008473041425037577,0,0.0
TXN00001519,CUST000182,2025-07-02 18:27:57.003505,3855.47,EUR,FR,IT,web,atm,0,Normal,18,2,2,7,5969.300425531915,3942.2714577699544,1117.5,14812.85,47,6,4,-0.5361960604791687,1,3,8,3,0,0.0,0,0,0.46008286091755196,0,1.0478807308257894,0,0.0,0,0.01412456941261123,0,0.0
TXN00001089,CUST000095,2025-09-17 04:41:57.003505,72.99,EUR,IT,IT,web,atm,0,Normal,4,2,17,9,175.85649999999998,142.59839717673157,10.78,490.31,60,3,4,-0.7213720582787387,1,5,8,3,0,0.0,0,0,0.48520936122703273,0,1.073257444461118,0,0.0,0,0.013291360830261178,0,0.0
TXN00004123,CUST000038,2025-03-06 11:14:57.107482,5086.6,EUR,ES,IT,web,tablet,1,Fraude,11,3,6,3,7141.748709677419,18776.16760796677,143.24,94991.86,62,10,4,-0.10945517490459339,1,2,8,3,4,1.0,1,0,0.48189274797076515,0,1.0450072717769245,1,0.8282783053449628,1,0.9027421355550784,1,1.0
TXN00006547,CUST000123,2025-05-19 18:31:57.003505,1396.66,EUR,FR,IT,app,mobile,0,Normal,18,0,19,5,860.7267272727273,600.9941789822697,130.73,2418.83,55,5,4,0.8917445302766221,1,3,8,0,2,0.0,0,0,0.4558940173390526,0,1.0214700895541635,0,0.0,0,0.02199442713556693,0,0.0
TXN00008559,CUST000023,2025-12-31 04:21:57.003505,5954.85,EUR,FR,DE,app,tablet,0,Normal,4,2,31,12,15815.222833333333,23024.490626082472,808.61,96461.99,60,12,4,-0.42825585126018406,1,3,3,0,4,0.0,0,1,0.5646831574679916,0,1.0542588889482543,0,0.008085106382978723,0,0.08236961445396426,0,0.0
TXN00005099,CUST000003,2025-01-20 02:54:57.003505,155.97,EUR,ES,IT,web,atm,0,Normal,2,0,20,1,8320.49358490566,25653.022108616926,14.93,99303.62,53,6,4,-0.3182675144479334,1,2,8,3,0,0.0,0,0,0.5091925128504449,1,1.1713151778163169,0,0.026444262295081965,1,0.7818512888468067,0,0.0
TXN00002134,CUST000020,2025-03-03 01:47:57.003505,136.09,EUR,IT,ES,app,pos,0,Normal,1,0,3,3,3059.5745588235295,12108.493253395596,10.07,69036.33,68,7,4,-0.24144082152932222,1,5,4,0,3,0.0,0,0,0.5030852673258918,0,1.056762879578184,0,0.0,0,0.4511498445715008,0,0.0
TXN00009919,CUST000169,2025-02-15 18:57:57.003505,700.63,EUR,DE,GB,cajero,desktop,0,Normal,18,5,15,2,1003.1623076923078,777.0232421375961,108.39,2916.08,52,5,4,-0.3893478224289554,1,1,6,1,1,0.0,0,0,0.4448152671409796,0,0.9888526905636192,0,0.0,0,0.020213068931675696,0,0.0
TXN00001589,CUST000187,2025-04-21 20:47:57.003505,7513.21,GBP,GB,ES,cajero,atm,0,Normal,20,0,21,4,4876.589272727273,3027.9590817394396,1272.52,14739.26,55,6,4,0.8707583739498016,2,4,4,1,0,0.0,0,0,0.5028755889713878,0,1.071337690403536,0,0.0,0,0.019440033251258246,0,0.0
TXN00003422,CUST000037,2025-07-06 00:53:57.107482,69273.25,EUR,ES,IT,sucursal,mobile,1,Fraude,0,6,6,7,3344.5771604938273,14448.411660449672,10.52,94457.02,81,9,4,4.563039480347369,1,2,8,2,2,1.0,1,1,0.613362883674544,0,1.0603477001289003,1,0.9317531941698354,1,0.9999999999387081,1,1.0
TXN00004023,CUST000105,2025-11-14 08:58:57.003505,1104.63,USD,US,US,sucursal,desktop,0,Normal,8,4,14,11,4980.748490566038,3710.328094247605,1074.39,14077.93,53,6,4,-1.0446834864902612,3,6,14,2,1,0.0,0,0,0.5269798807834957,0,1.0475642115456183,0,0.0,0,0.04438739733204793,0,0.0
TXN00007734,CUST000000,2025-05-01 05:40:57.003505,448.54,EUR,DE,FR,web,mobile,0,Normal,5,3,1,5,4670.333709677419,14778.584927606773,159.16,93045.57,62,10,4,-0.28566968556680494,1,1,5,3,2,0.0,0,0,0.4616419426634517,0,1.0111065565255535,0,0.007755102040816325,1,0.6258504599834656,0,0.0
TXN00000594,CUST000092,2025-12-05 08:38:57.003505,4651.27,EUR,FR,IT,app,mobile,0,Normal,8,4,5,12,4959.88603773585,3492.984458604319,1165.1,14228.99,53,6,4,-0.08835310929806107,1,3,8,0,2,0.0,0,0,0.4373633382429174,0,1.0282195397828735,0,0.0,0,0.037112143168925485,0,0.0
TXN00002383,CUST000123,2025-11-22 04:27:57.003505,819.73,EUR,FR,FR,web,pos,0,Normal,4,5,22,11,860.7267272727273,600.9941789822697,130.73,2418.83,55,5,4,-0.06821484905883243,1,3,5,3,3,0.0,0,0,0.43500284321689026,0,0.9990688599325941,0,0.0,0,0.0089710844246149,0,0.0
TXN00000924,CUST000062,2025-08-07 04:03:57.003505,583.07,EUR,IT,DE,web,mobile,0,Normal,4,3,7,8,897.1857692307692,674.5982232769489,119.34,2822.56,52,5,4,-0.4656338512711714,1,5,3,3,2,0.0,0,0,0.4418735591499877,0,0.9952015248279166,0,0.0,0,0.012626248298200941,0,0.0
TXN00000735,CUST000096,2025-07-01 22:01:57.003505,18219.76,EUR,ES,FR,app,tablet,0,Normal,22,1,1,7,8049.057142857143,6639.965843385416,600.14,24951.57,49,6,4,1.5317402371494035,1,2,5,0,4,0.0,0,0,0.5207581584814625,0,1.1058860002500577,0,0.0,0,0.38233034793624004,0,0.0
TXN00003921,CUST000188,2025-08-01 06:40:57.003505,2866.69,EUR,IT,DE,cajero,atm,0,Normal,6,4,1,8,4936.442647058823,3552.9495258458055,1054.79,14763.77,34,6,4,-0.5825449056959396,1,5,3,1,0,0.0,0,0,0.48218433423631296,0,1.140373052196737,0,0.0,0,0.01620175927026999,0,0.0
TXN00009568,CUST000027,2025-01-22 22:10:57.003505,71.15,EUR,FR,FR,cajero,desktop,0,Normal,22,2,22,1,4851.360625,18687.684437621316,10.99,94066.9,64,5,4,-0.2557946994824502,1,3,5,1,1,0.0,0,0,0.47728505152575185,0,1.0112195317289991,0,0.017664089192591256,1,0.5595882688961348,0,0.0
TXN00004715,CUST000004,2025-06-09 01:47:57.003505,3223.73,EUR,DE,GB,cajero,desktop,0,Normal,1,0,9,6,14062.081549295775,19520.768114931096,601.38,95541.67,71,12,4,-0.5552215714529434,1,1,6,1,1,0.0,0,0,0.5469886820073153,0,1.0507376332430205,0,0.008941176470588234,0,0.05333067006926124,0,0.0
TXN00008960,CUST000023,2025-08-05 05:12:57.107482,44593.59,EUR,FR,CN,cajero,mobile,1,Fraude,5,1,5,8,15815.222833333333,23024.490626082472,808.61,96461.99,60,12,4,1.2499024466068411,1,3,2,1,2,1.0,1,1,0.5686372855176922,0,1.0583414068108747,1,0.957427828424259,1,0.9999850560607213,1,1.0
TXN00004104,CUST000116,2025-08-23 18:54:57.003505,2559.25,EUR,FR,FR,web,desktop,0,Normal,18,5,23,8,5575.545263157895,3962.8441770423206,1145.06,14589.34,57,6,4,-0.7611440489814997,1,3,5,3,1,0.0,0,0,0.4252657586633037,0,1.006809371489767,0,0.0,0,0.0034610314105907405,0,0.0
TXN00005100,CUST000067,2025-09-02 20:16:57.003505,2184.77,EUR,DE,US,web,atm,0,Normal,20,1,2,9,8442.174444444445,6077.338718064163,531.49,24134.52,54,6,4,-1.0296290422015524,1,1,14,3,0,0.0,0,0,0.5193460919781028,0,1.051852586466004,0,0.0,0,0.008734397621149791,0,0.0
TXN00006599,CUST000010,2025-12-20 03:59:57.107482,2005.82,EUR,FR,CN,sucursal,pos,1,Fraude,3,5,20,12,2649.5095,9608.349775436482,124.77,72985.19,60,8,4,-0.06699272143262149,1,3,2,2,3,1.0,1,0,0.48173057619814275,0,1.088372276424574,0,0.19877760102928574,0,0.25456354176786805,1,1.0
TXN00002016,CUST000004,2025-07-09 01:06:57.003505,6270.84,EUR,DE,ES,web,desktop,0,Normal,1,2,9,7,14062.081549295775,19520.768114931096,601.38,95541.67,71,12,4,-0.3991257671329677,1,1,4,3,1,0.0,0,0,0.5339740601885166,0,1.002346811501533,0,0.008941176470588234,0,0.07076116260053417,0,0.0
TXN00005867,CUST000033,2025-05-21 00:38:57.003505,2269.33,EUR,IT,DE,cajero,atm,0,Normal,0,2,21,5,13515.900317460317,21277.432782527,1113.58,86099.77,63,10,4,-0.528568010618622,1,5,3,1,0,0.0,0,0,0.5211855325283292,0,0.9965473144694338,0,0.009047619047619047,0,0.034824364074512074,0,0.0
TXN00006854,CUST000035,2025-07-24 00:45:57.003505,652.05,EUR,DE,DE,cajero,atm,0,Normal,0,3,24,7,6047.965897435898,17026.815534224974,102.61,89843.04,39,8,4,-0.3169069334352545,1,1,3,1,0,0.0,0,0,0.5022210256557239,0,1.0957948716201191,0,0.026952275366909514,0,0.4535175502033171,0,0.0
TXN00000239,CUST000035,2025-12-23 22:35:57.003505,644.74,EUR,DE,GB,web,pos,0,Normal,22,1,23,12,6047.965897435898,17026.815534224974,102.61,89843.04,39,8,4,-0.3173362562281677,1,1,6,3,3,0.0,0,0,0.507009498204449,1,1.2030232393041804,0,0.049087360614743974,1,0.5451409528005944,0,0.0
TXN00005721,CUST000049,2025-12-26 21:12:57.003505,476.14,EUR,ES,ES,cajero,pos,0,Normal,21,4,26,12,15183.687118644068,29088.486775127054,121.09,99885.0,59,10,4,-0.5056140332028053,1,2,4,1,3,0.0,0,0,0.5197435831598083,0,1.002346120107514,0,0.009720930232558139,0,0.1794504057848701,0,0.0
TXN00009450,CUST000006,2025-05-04 13:58:57.107482,79055.44,EUR,FR,SY,cajero,tablet,1,Fraude,13,6,4,5,5953.340833333334,18691.661854483864,13.39,88596.57,60,9,4,3.910947016475133,1,3,13,1,4,1.0,1,1,0.6019142439044876,0,1.0085878149915721,1,0.9996190882279785,1,0.9999999999996747,1,1.0
TXN00005614,CUST000047,2025-07-19 01:05:57.003505,5596.99,EUR,ES,DE,cajero,desktop,0,Normal,1,5,19,7,14563.28859375,20712.60540698934,564.29,99973.8,64,9,4,-0.43289090952756176,1,2,3,1,1,0.0,0,0,0.48610814805068153,0,0.9779966927149031,0,0.008507462686567163,0,0.028237850629659035,0,0.0
TXN00005504,CUST000047,2025-02-02 18:15:57.003505,4761.02,EUR,ES,FR,sucursal,desktop,0,Normal,18,6,2,2,14563.28859375,20712.60540698934,564.29,99973.8,64,9,4,-0.47325135590952905,1,2,5,2,1,0.0,0,0,0.512780491934811,0,1.0034411708454007,0,0.01385941644562334,0,0.039418697068704156,0,0.0
TXN00000641,CUST000085,2025-04-07 20:14:57.003505,864.03,EUR,FR,FR,web,mobile,0,Normal,20,0,7,4,924.8436363636364,611.0956308904902,141.58,2746.59,44,5,4,-0.09951574383783907,1,3,5,3,2,0.0,0,0,0.4475420974787492,0,1.0066017545232173,0,0.0,0,0.018830700970106033,0,0.0
TXN00002815,CUST000042,2026-01-15 02:44:57.003505,3882.42,EUR,ES,DE,web,mobile,0,Normal,2,3,15,1,10704.279047619048,15707.05132958625,1001.04,76105.74,63,9,4,-0.43431825006740005,1,2,3,3,2,0.0,0,0,0.48089208683983137,0,1.0286089505882412,0,0.009382716049382716,0,0.024525240354799232,0,0.0
TXN00001961,CUST000094,2025-04-18 17:36:57.003505,7052.36,CHF,GB,FR,sucursal,tablet,0,Normal,17,4,18,4,7811.610638297872,6082.503451203796,699.35,22965.89,47,6,4,-0.12482535263054935,0,4,5,2,4,0.0,0,0,0.47810602298818394,0,1.0323834892881292,0,0.009047619047619047,0,0.006485416785614723,0,0.0
TXN00005980,CUST000178,2025-08-27 20:42:57.003505,235.28,EUR,ES,IT,web,tablet,0,Normal,20,2,27,8,161.7709523809524,128.74485480241623,12.77,487.7,42,3,4,0.5709668721200123,1,2,8,3,4,0.0,0,0,0.493520723789974,0,1.0360361747139426,0,0.0,0,0.007891645215763418,0,0.0
TXN00002343,CUST000183,2025-07-14 07:27:57.003505,85.18,EUR,IT,FR,sucursal,desktop,0,Normal,7,0,14,7,130.27577777777776,87.83114664174686,10.48,389.78,45,3,4,-0.5134371915726098,1,5,5,2,1,0.0,0,0,0.46630947086237723,0,0.9981848411097177,0,0.0,0,0.013989061101597876,0,0.0
TXN00007791,CUST000066,2025-01-22 08:53:57.003505,2581.55,EUR,DE,GB,sucursal,atm,0,Normal,8,2,22,1,951.3685964912281,717.5452787914169,125.37,2987.52,57,5,4,2.2718864570925046,1,1,6,2,0,0.0,0,0,0.4890146722015546,0,1.033632885762945,0,0.0,0,0.005840811878554139,0,0.0
TXN00009153,CUST000164,2025-12-17 07:48:57.003505,4203.06,USD,US,FR,web,mobile,0,Normal,7,2,17,12,5759.409827586207,3931.2540620704726,1054.44,14842.44,58,6,4,-0.39589143886839834,3,6,5,3,2,0.0,0,0,0.502495413997404,0,1.0084973227817309,0,0.0,0,0.010324680743405569,0,0.0
TXN00005654,CUST000025,2025-02-05 07:50:57.003505,623.67,EUR,ES,FR,cajero,desktop,0,Normal,7,2,5,2,4343.914923076923,14920.775001268592,113.57,85819.96,65,10,4,-0.2493332231409754,1,2,5,1,1,0.0,0,0,0.45080853444561325,0,0.9882560620615916,0,0.0,1,0.7428258547217513,0,0.0
TXN00001879,CUST000108,2025-06-22 22:39:57.003505,74.24,EUR,ES,ES,sucursal,atm,0,Normal,22,6,22,6,161.04898305084745,113.9917943612899,19.95,497.52,59,3,4,-0.7615371156819821,1,2,4,2,0,0.0,0,0,0.47332481157864603,0,1.0110297795680938,0,0.0,0,0.007388701187282693,0,0.0
TXN00003042,CUST000131,2025-09-05 23:13:57.003505,703.7,EUR,DE,FR,web,mobile,0,Normal,23,4,5,9,890.2438181818181,592.6132155358536,134.89,2885.62,55,5,4,-0.3147817378631346,1,1,5,3,2,0.0,0,0,0.44773994768344805,0,0.9879696799187114,0,0.0,0,0.01772607629511253,0,0.0
TXN00008748,CUST000042,2025-12-20 01:17:57.003505,1097.02,EUR,ES,US,web,mobile,0,Normal,1,5,20,12,10704.279047619048,15707.05132958625,1001.04,76105.74,63,9,4,-0.6116526167397752,1,2,14,3,2,0.0,0,0,0.517538543501192,0,1.0741754781874915,0,0.11200514093178246,0,0.05495525878976012,0,0.0
TXN00004005,CUST000054,2025-03-16 06:55:57.003505,580.55,CHF,GB,FR,cajero,mobile,0,Normal,6,6,16,3,796.5148076923076,585.8445766532963,106.32,2706.89,52,5,4,-0.3686383998933519,0,4,5,1,2,0.0,0,0,0.47475981636621256,0,1.1424683277769894,0,0.0,0,0.011885683567934683,0,0.0
TXN00009117,CUST000032,2025-08-20 19:52:57.003505,120.04,EUR,FR,IT,sucursal,desktop,0,Normal,19,2,20,8,5279.0388,17558.788655810717,10.88,75146.84,50,4,4,-0.29381291049362473,1,3,8,2,1,0.0,0,0,0.46190549206126985,0,1.0302739077582552,0,0.027373794668179238,0,0.4772232982934163,0,0.0
TXN00003388,CUST000118,2025-09-05 22:25:57.003505,6771.84,EUR,DE,DE,cajero,tablet,0,Normal,22,4,5,9,7784.2775,6565.419604910623,714.7,24795.08,44,6,4,-0.15420758470464507,1,1,3,1,4,0.0,0,0,0.47088544551313927,0,1.023646628730566,0,0.0,0,0.016344777931506873,0,0.0
TXN00000857,CUST000158,2025-07-17 05:03:57.003505,256.02,EUR,GB,ES,cajero,atm,0,Normal,5,3,17,7,800.725,537.8160320696686,170.04,2304.86,44,5,4,-1.0128091512835933,1,4,4,1,0,0.0,0,0,0.4442462272289663,0,0.9909885199918247,0,0.0,0,0.022574155107915668,0,0.0
TXN00000917,CUST000145,2025-10-25 08:05:57.003505,329.2,EUR,DE,GB,cajero,tablet,0,Normal,8,5,25,10,825.7344444444445,658.4965368085764,114.16,2750.31,45,5,4,-0.7540426045319408,1,1,6,1,4,0.0,0,0,0.45199449807775954,0,1.0106015750848423,0,0.0,0,0.021572556389756994,0,0.0
TXN00002349,CUST000100,2025-01-31 18:38:57.003505,6841.19,CHF,GB,FR,web,tablet,0,Normal,18,4,31,1,5226.1033333333335,3597.2253919944915,1045.25,14117.6,48,6,4,0.4489812258670274,0,4,5,3,4,0.0,0,0,0.5217930958482228,0,1.103305069118551,0,0.0,0,0.005692109368672999,0,0.0
TXN00004894,CUST000043,2025-08-19 13:55:57.107482,50439.28,GBP,CH,US,cajero,pos,1,Fraude,13,1,19,8,14802.66984375,19505.427795265667,654.06,90854.63,64,10,4,1.8270099240311284,2,0,14,1,3,1.0,1,1,0.6138320172406612,0,1.0474262533384082,1,0.9747025896204958,1,0.9999982171554775,1,1.0
TXN00006503,CUST000059,2025-11-17 19:26:57.003505,120.27,EUR,FR,IT,cajero,mobile,0,Normal,19,0,17,11,141.4556862745098,127.69645729236034,11.48,485.42,51,3,4,-0.1659066082005601,1,3,8,1,2,0.0,0,0,0.4616620678538127,0,1.0040340537700954,0,0.009500000000000001,0,0.021118931759865386,0,0.0
TXN00001861,CUST000113,2025-11-13 21:06:57.003505,873.98,CHF,CH,CH,cajero,tablet,0,Normal,21,3,13,11,5951.366734693877,5946.201402798187,518.29,22408.12,49,6,4,-0.8538874467741124,0,0,1,1,4,0.0,0,0,0.5187450475149676,1,1.2376570722365445,0,0.009047619047619047,0,0.0036493345461157886,0,0.0
TXN00009471,CUST000082,2025-02-23 01:44:57.003505,670.79,EUR,ES,US,app,mobile,0,Normal,1,6,23,2,7972.279090909091,6295.064813947002,670.79,24431.66,55,6,4,-1.159875125284244,1,2,14,0,2,0.0,0,0,0.5121109424647136,0,1.044820590050427,0,0.02653822037598952,0,0.005343466408225818,0,0.0
TXN00000885,CUST000119,2025-06-26 07:27:57.003505,10361.22,GBP,US,DE,cajero,mobile,0,Normal,7,3,26,6,5182.4826530612245,3810.198553881289,1035.0,14102.78,49,6,4,1.3591778151047365,2,6,3,1,2,0.0,0,0,0.5136991987486643,0,1.0722239005515177,0,0.0,0,0.0343737422282706,0,0.0
TXN00006148,CUST000048,2025-06-09 05:15:57.003505,3726.76,EUR,FR,DE,cajero,pos,0,Normal,5,0,9,6,14978.963214285715,24570.676906037716,1239.7,91202.35,56,8,4,-0.45795251212890986,1,3,3,1,3,0.0,0,0,0.5007323777951022,0,0.9987016702742822,0,0.018836638006667836,0,0.07414274018657724,0,0.0
TXN00003687,CUST000172,2025-03-01 00:39:57.003505,413.49,EUR,FR,DE,app,tablet,0,Normal,0,5,1,3,1225.615576923077,816.7534839489807,107.05,2891.9,52,5,4,-0.9943337762113218,1,3,3,0,4,0.0,0,0,0.47405961477526243,0,1.0510261523220454,0,0.0,0,0.02253596121262542,0,0.0
TXN00004876,CUST000189,2025-06-02 04:14:57.003505,3274.99,EUR,DE,ES,sucursal,desktop,0,Normal,4,0,2,6,7299.777222222222,5820.825465841291,680.44,24792.93,54,6,4,-0.6914461265244394,1,1,4,2,1,0.0,0,0,0.458843272975938,0,1.0437161254924512,0,0.0,0,0.005212531537561126,0,0.0
TXN00003344,CUST000184,2025-05-07 04:39:57.003505,15.93,EUR,FR,FR,web,tablet,0,Normal,4,2,7,5,141.98777777777778,127.80667248159469,12.93,486.33,54,3,4,-0.9863160846286421,1,3,5,3,4,0.0,0,0,0.4548279471524435,0,0.9900331957880955,0,0.0,0,0.013002318524112627,0,0.0
TXN00003519,CUST000122,2025-10-20 00:07:57.003505,804.27,USD,GB,DE,app,desktop,0,Normal,0,0,20,10,879.8508333333334,604.8507573398664,120.9,2731.71,48,5,4,-0.12495782189441261,3,4,3,0,1,0.0,0,0,0.5177224060131873,0,1.0273073294222281,0,0.0,0,0.028687087874918686,0,0.0
TXN00002246,CUST000084,2025-11-07 20:30:57.003505,81.97,EUR,ES,ES,cajero,atm,0,Normal,20,4,7,11,147.96942857142858,102.41184253992486,13.22,384.01,70,3,4,-0.6444511327022344,1,2,4,1,0,0.0,0,0,0.49503115462380304,0,1.1031615316921612,0,0.0,0,0.012227131588701165,0,0.0
TXN00001076,CUST000142,2025-11-10 19:49:57.003505,4782.93,EUR,DE,CH,app,pos,0,Normal,19,0,10,11,6533.238913043478,5298.543436216841,666.85,19029.58,46,6,4,-0.33033774919147585,1,1,1,0,3,0.0,0,0,0.4939501585864315,0,1.0481311380347424,0,0.009382716049382716,0,0.010955978817904622,0,0.0
TXN00008928,CUST000113,2025-11-23 19:58:57.003505,15207.37,EUR,CH,CH,web,desktop,0,Normal,19,6,23,11,5951.366734693877,5946.201402798187,518.29,22408.12,49,6,4,1.5566245804243652,1,0,1,3,1,0.0,0,0,0.5379615894721544,0,1.1213657024169157,0,0.0,0,0.104998508192107,0,0.0
TXN00000918,CUST000156,2025-07-31 01:29:57.003505,12.77,EUR,FR,ES,app,mobile,0,Normal,1,3,31,7,105.78857142857143,88.03691067704752,12.77,375.54,56,3,4,-1.0565860348418232,1,3,4,0,2,0.0,0,0,0.48903463568853184,0,1.0431883344577007,0,0.0,0,0.009702387266392085,0,0.0
TXN00008380,CUST000122,2025-08-05 21:26:57.003505,353.4,USD,GB,IT,cajero,mobile,0,Normal,21,1,5,8,879.8508333333334,604.8507573398664,120.9,2731.71,48,5,4,-0.8703813727179293,3,4,8,1,2,0.0,0,0,0.4978258144092475,0,1.0021722170445464,0,0.0,0,0.10200569671157095,0,0.0
TXN00005725,CUST000005,2025-08-30 07:39:57.003505,635.6,GBP,GB,FR,app,desktop,0,Normal,7,5,30,8,2003.046231884058,5943.958813233152,101.43,49162.75,69,9,4,-0.23005647828676554,2,4,5,0,1,0.0,0,0,0.5133241639228444,0,1.1416416717656201,0,0.03486086272561682,0,0.1544987167206525,0,0.0
TXN00008266,CUST000167,2025-05-17 21:32:57.003505,12091.67,GBP,US,IT,app,tablet,0,Normal,21,5,17,5,5069.928793103448,3997.779061335983,1022.26,14648.94,58,6,4,1.7564105212941927,2,6,8,0,4,0.0,0,0,0.5442210190327074,0,1.1130473260051246,0,0.0,0,0.15703768725064227,0,0.0
TXN00007380,CUST000046,2025-05-25 21:51:57.003505,1809.48,EUR,GB,DE,sucursal,atm,0,Normal,21,6,25,5,14390.02703125,20397.40065692597,666.14,92261.44,64,10,4,-0.6167720702373655,1,4,3,2,0,0.0,0,0,0.5196221338487494,0,1.0192950555530291,0,0.01,0,0.007987474269249034,0,0.0
TXN00006875,CUST000147,2025-09-06 06:46:57.003505,2461.85,USD,US,ES,app,mobile,0,Normal,6,5,6,9,5159.978620689655,3565.2608325444103,1101.13,13831.0,58,6,4,-0.756782952681559,3,6,4,0,2,0.0,0,0,0.5022064097310255,0,1.0050602188635294,0,0.0,0,0.01701999107578883,0,0.0
TXN00006615,CUST000108,2026-01-02 04:39:57.003505,253.89,EUR,ES,FR,sucursal,pos,0,Normal,4,4,2,1,161.04898305084745,113.9917943612899,19.95,497.52,59,3,4,0.8144535021568764,1,2,5,2,3,0.0,0,0,0.47874911846228035,0,1.0464435042989406,0,0.0,0,0.006027196774186952,0,0.0
TXN00008328,CUST000020,2026-01-05 04:11:57.107482,69036.33,EUR,IT,FR,cajero,mobile,1,Fraude,4,0,5,1,3059.5745588235295,12108.493253395596,10.07,69036.33,68,7,4,5.448799784996019,1,5,5,1,2,1.0,1,1,0.5863837029336637,0,1.0786395301201959,1,0.9523881885960308,1,0.9999999995881563,1,1.0
TXN00008830,CUST000108,2025-05-14 02:36:57.003505,100.29,EUR,ES,FR,cajero,desktop,0,Normal,2,2,14,5,161.04898305084745,113.9917943612899,19.95,497.52,59,3,4,-0.5330118966744548,1,2,5,1,1,0.0,0,0,0.4387158325833481,0,0.9753752951125584,0,0.0,0,0.0111211764784443,0,0.0
TXN00003376,CUST000080,2025-03-01 07:04:57.003505,101.23,EUR,ES,FR,sucursal,atm,0,Normal,7,5,1,3,146.3564,118.60946270815987,13.78,474.86,50,3,4,-0.3804620524297631,1,2,5,2,0,0.0,0,0,0.45790757097741847,0,0.9995099625277973,0,0.0,0,0.014568787621039086,0,0.0
TXN00005626,CUST000100,2025-03-03 04:58:57.003505,3553.94,GBP,GB,IT,sucursal,pos,0,Normal,4,0,3,3,5226.1033333333335,3597.2253919944915,1045.25,14117.6,48,6,4,-0.46484808446805437,2,4,8,2,3,0.0,0,0,0.47761815738947094,0,1.1234080251119931,0,0.0,0,0.02478497041537912,0,0.0
TXN00002695,CUST000173,2025-09-03 04:23:57.003505,13793.76,EUR,DE,US,sucursal,tablet,0,Normal,4,2,3,9,5416.205952380952,3884.0417916518163,1118.22,14676.84,42,6,4,2.1569165562194685,1,1,14,2,4,0.0,0,0,0.5232678977127956,0,1.1313642705125013,0,0.007037037037037037,0,0.3640651740361646,0,0.0
TXN00008071,CUST000021,2025-09-16 06:51:57.003505,75.7,EUR,FR,IT,cajero,mobile,0,Normal,6,1,16,9,2655.973768115942,10838.616564582062,16.24,71242.61,69,5,4,-0.23806301777568,1,3,8,1,2,0.0,0,0,0.45470069554980386,0,0.9963768551414626,0,0.01758510638297872,0,0.2860619205229687,0,0.0
TXN00009932,CUST000162,2025-03-27 21:01:57.003505,6030.92,USD,CH,GB,app,tablet,0,Normal,21,3,27,3,8187.689791666667,6409.234849582279,610.75,24295.17,48,6,4,-0.33650971480171676,3,0,6,0,4,0.0,0,0,0.5300584709927735,0,1.0536542850623736,0,0.0,0,0.01368143677479135,0,0.0
TXN00003168,CUST000088,2025-12-17 07:01:57.003505,508.28,EUR,DE,IT,sucursal,tablet,0,Normal,7,2,17,12,999.984909090909,775.2614145011627,168.78,2889.91,55,5,4,-0.6342440101614623,1,1,8,2,4,0.0,0,0,0.4566059690086968,0,1.0102476514171226,0,0.0,0,0.02542969915869726,0,0.0
TXN00001259,CUST000147,2025-03-20 21:14:57.003505,7789.56,CHF,US,GB,app,tablet,0,Normal,21,3,20,3,5159.978620689655,3565.2608325444103,1101.13,13831.0,58,6,4,0.737556521691049,0,6,6,0,4,0.0,0,0,0.5244477723469432,0,1.1268831664472745,0,0.0,0,0.018382379311803112,0,0.0
TXN00008599,CUST000051,2025-06-27 05:06:57.003505,1788.14,EUR,DE,IT,cajero,tablet,0,Normal,5,4,27,6,819.4428260869565,649.2779453436051,154.15,2996.29,46,5,4,1.4919606916702486,1,1,8,1,4,0.0,0,0,0.4770301768737014,0,1.0766636739663735,0,0.0,0,0.01286838367822566,0,0.0
TXN00008463,CUST000109,2025-11-10 05:33:57.003505,7523.26,CHF,CH,US,sucursal,tablet,0,Normal,5,0,10,11,7309.252040816326,6747.518800021043,807.42,24185.66,49,6,4,0.03171654136796031,0,0,14,2,4,0.0,0,1,0.5614522125470622,0,1.1223695032913892,0,0.0,0,0.07611466517490904,0,0.0
TXN00009562,CUST000158,2025-02-23 21:48:57.003505,2038.88,USD,GB,FR,cajero,mobile,0,Normal,21,6,23,2,800.725,537.8160320696686,170.04,2304.86,44,5,4,2.3021905705061227,3,4,5,1,2,0.0,0,0,0.5421898215021833,0,1.1166152139394652,0,0.0,0,0.01209999847542967,0,0.0
TXN00008125,CUST000013,2025-03-27 22:37:57.003505,349.76,CHF,GB,DE,app,mobile,0,Normal,22,3,27,3,2119.490634920635,8304.770612994731,104.65,66232.6,63,9,4,-0.2130980754529673,0,4,3,0,2,0.0,0,0,0.5116164581836211,0,1.1077173052040792,0,0.08030400102676445,0,0.1779097021141642,0,0.0
TXN00002080,CUST000089,2026-01-11 03:20:57.003505,33.19,EUR,ES,IT,web,pos,0,Normal,3,6,11,1,167.74181818181816,126.83528642226571,11.15,491.57,55,3,4,-1.0608389898141062,1,2,8,3,3,0.0,0,0,0.4853348879261378,0,1.0194708629704514,0,0.0,0,0.015488049591052896,0,0.0
TXN00004973,CUST000076,2025-11-05 06:44:57.003505,125.36,EUR,ES,ES,sucursal,pos,0,Normal,6,2,5,11,157.1376595744681,106.39921381723207,16.86,457.19,47,3,4,-0.29866441805096383,1,2,4,2,3,0.0,0,0,0.4413901351787163,0,1.001580241687234,0,0.009268292682926829,0,0.013648225006675336,0,0.0
TXN00006403,CUST000007,2025-06-30 22:35:57.003505,1159.84,EUR,DE,US,web,pos,0,Normal,22,0,30,6,13983.354109589041,17914.50554094098,1084.09,95095.19,73,10,4,-0.7158173626152817,1,1,14,3,3,0.0,0,1,0.5820188386061418,0,1.0717034817876834,0,0.009047619047619047,0,0.010868751056257047,0,0.0
TXN00004366,CUST000133,2025-06-21 23:56:57.003505,151.32,EUR,IT,ES,sucursal,atm,0,Normal,23,5,21,6,145.8703846153846,109.73602561372553,11.7,462.02,52,3,4,0.04966113274538555,1,5,4,2,0,0.0,0,0,0.4787108401867612,0,1.0217005040534937,0,0.0,0,0.006220145295133937,0,0.0
TXN00008191,CUST000001,2025-11-12 21:43:57.003505,529.32,EUR,FR,IT,sucursal,atm,0,Normal,21,2,12,11,3927.4848484848485,13285.312321840493,105.88,98285.28,66,11,4,-0.2557835876122103,1,3,8,2,0,0.0,0,0,0.48570341252918486,0,1.044682503986405,0,0.009884393063583815,1,0.7780741822417226,0,0.0
TXN00008714,CUST000140,2025-05-11 22:42:57.003505,504.44,EUR,DE,DE,app,tablet,0,Normal,22,6,11,5,680.5558695652173,567.6112813520499,132.76,2321.13,46,5,4,-0.31027549141629795,1,1,3,0,4,0.0,0,0,0.47469249530766355,0,1.0368905268707,0,0.0,0,0.021569436075639208,0,0.0
TXN00007163,CUST000185,2025-06-12 05:28:57.003505,912.49,GBP,GB,GB,cajero,pos,0,Normal,5,3,12,6,845.7542857142857,659.7552020194057,107.93,2962.75,49,5,4,0.10115223643602146,2,4,6,1,3,0.0,0,0,0.45958353639466815,0,1.048171966329911,0,0.0,0,0.02956926358396858,0,0.0
TXN00002660,CUST000068,2025-03-18 03:01:57.003505,1874.57,EUR,ES,FR,web,pos,0,Normal,3,1,18,3,759.856590909091,491.71454812415806,146.29,2320.43,44,5,4,2.266992935385858,1,2,5,3,3,0.0,0,0,0.4716975361559042,0,1.0144191901423285,0,0.0,0,0.005071093943153705,0,0.0
TXN00001304,CUST000066,2025-02-04 20:47:57.003505,337.15,EUR,DE,IT,sucursal,tablet,0,Normal,20,1,4,2,951.3685964912281,717.5452787914169,125.37,2987.52,57,5,4,-0.8559997728223858,1,1,8,2,4,0.0,0,0,0.48279338482057604,0,1.0453761164120883,0,0.0,0,0.03457709485224828,0,0.0
TXN00007546,CUST000140,2025-10-14 06:55:57.003505,901.38,EUR,DE,ES,cajero,atm,0,Normal,6,1,14,10,680.5558695652173,567.6112813520499,132.76,2321.13,46,5,4,0.3890411225085917,1,1,4,1,0,0.0,0,0,0.45136712202773227,0,1.0128961389637177,0,0.0,0,0.01756504662077117,0,0.0
TXN00005582,CUST000009,2025-11-03 15:45:57.107482,63358.88,EUR,FR,SY,cajero,desktop,1,Fraude,15,0,3,11,17673.34349206349,20853.679531958067,673.65,79519.37,63,12,4,2.190766211580699,1,3,13,1,1,1.0,1,1,0.623038661557609,0,1.013594389450511,1,0.9970309406347598,1,0.9999999513993735,1,1.0
TXN00002367,CUST000007,2025-10-24 02:01:57.003505,16999.25,EUR,DE,ES,cajero,mobile,0,Normal,2,4,24,10,13983.354109589041,17914.50554094098,1084.09,95095.19,73,10,4,0.1683493794093407,1,1,4,1,2,0.0,0,0,0.5272884168680003,0,1.0077997553523992,0,0.09577666449866586,0,0.41503393441241154,0,0.0
TXN00007887,CUST000059,2025-07-02 04:44:57.003505,316.97,EUR,FR,IT,web,atm,0,Normal,4,2,2,7,141.4556862745098,127.69645729236034,11.48,485.42,51,3,4,1.3744650092303359,1,3,8,3,0,0.0,0,0,0.4883600840143067,0,1.0347163814139286,0,0.0,0,0.008942269108931726,0,0.0
TXN00005291,CUST000075,2025-02-05 01:00:57.003505,4267.33,EUR,FR,US,web,tablet,0,Normal,1,2,5,2,8798.873684210526,6988.470284473828,1140.6,24612.74,57,6,4,-0.6484314161898567,1,3,14,3,4,0.0,0,0,0.5184862580463713,0,1.0368542335353534,0,0.0,0,0.010617940269301114,0,0.0
TXN00001593,CUST000174,2025-12-09 20:58:57.003505,1353.09,EUR,IT,GB,cajero,mobile,0,Normal,20,1,9,12,953.0994444444445,735.2875712941743,105.45,2963.0,54,5,4,0.5439919979982021,1,5,6,1,2,0.0,0,0,0.45951093507967106,0,1.0132186671059118,0,0.0,0,0.02514509194049676,0,0.0
TXN00008091,CUST000073,2025-09-29 02:22:57.003505,1780.03,EUR,DE,ES,app,atm,0,Normal,2,0,29,9,870.7014285714286,670.8365566182797,100.07,2635.22,42,5,4,1.3555143366918276,1,1,4,0,0,0.0,0,0,0.5110175451060371,0,1.1543211459667442,0,0.0,0,0.010556129294445658,0,0.0
TXN00002654,CUST000075,2025-09-07 05:27:57.003505,20641.2,EUR,FR,ES,cajero,mobile,0,Normal,5,6,7,9,8798.873684210526,6988.470284473828,1140.6,24612.74,57,6,4,1.6945520023752305,1,3,4,1,2,0.0,0,0,0.4996301692384141,0,1.0543508746601922,0,0.01,0,0.2736545231853607,0,0.0
TXN00008205,CUST000105,2025-07-04 23:46:57.003505,4160.65,GBP,US,DE,sucursal,atm,0,Normal,23,4,4,7,4980.748490566038,3710.328094247605,1074.39,14077.93,53,6,4,-0.2210312590998262,2,6,3,2,0,0.0,0,0,0.509023008486923,0,1.0601592602599517,0,0.0,0,0.016374884686585243,0,0.0
TXN00007976,CUST000098,2025-06-21 23:29:57.003505,347.65,EUR,IT,GB,web,mobile,0,Normal,23,5,21,6,859.0164814814815,759.6341295827942,114.41,2894.43,54,5,4,-0.6731747046293973,1,5,6,3,2,0.0,0,0,0.45443216524089625,0,1.0032845937838342,0,0.0,0,0.014166581402624343,0,0.0
TXN00002741,CUST000107,2025-06-03 02:38:57.003505,7553.79,EUR,DE,DE,app,mobile,0,Normal,2,1,3,6,8391.43761904762,6394.4847395277075,641.04,24787.14,42,6,4,-0.13099532691644086,1,1,3,0,2,0.0,0,0,0.47892335771028993,0,1.063323363805735,0,0.0,0,0.014881942395716295,0,0.0
TXN00001142,CUST000162,2025-06-25 18:18:57.003505,14839.13,GBP,CH,ES,app,atm,0,Normal,18,2,25,6,8187.689791666667,6409.234849582279,610.75,24295.17,48,6,4,1.0377900581578858,2,0,4,0,0,0.0,0,0,0.5481207781255608,1,1.1808444789315231,0,0.0,0,0.09372615893969302,0,0.0
TXN00006245,CUST000054,2025-04-12 00:42:57.003505,409.83,USD,GB,DE,web,atm,0,Normal,0,5,12,4,796.5148076923076,585.8445766532963,106.32,2706.89,52,5,4,-0.6600467469396778,3,4,3,3,0,0.0,0,0,0.5092930400756113,0,1.011219401648067,0,0.0,0,0.018662670085278346,0,0.0
TXN00007954,CUST000018,2025-09-13 19:41:57.003505,94.5,EUR,FR,FR,cajero,mobile,0,Normal,19,5,13,9,1260.8659574468084,4033.3930453795238,15.89,17120.41,47,4,4,-0.2891773611038895,1,3,5,1,2,0.0,0,0,0.4321774758431207,0,0.974433957969531,0,0.037887101723308614,0,0.04632254275173748,0,0.0
TXN00001695,CUST000137,2026-01-15 23:15:57.003505,722.48,EUR,FR,GB,app,pos,0,Normal,23,3,15,1,911.4923636363636,700.4321115012415,100.69,2786.35,55,5,4,-0.26985108230032584,1,3,6,0,3,0.0,0,0,0.4612743342020793,0,0.9926424023092466,0,0.0,0,0.02344360721004724,0,0.0
TXN00006546,CUST000103,2025-03-29 19:30:57.003505,2986.89,EUR,ES,US,cajero,desktop,0,Normal,19,5,29,3,5214.038510638298,3364.444087380351,1126.94,12261.04,47,6,4,-0.6619662720299363,1,2,14,1,1,0.0,0,0,0.48090616066190944,0,0.9774092493057704,0,0.0,0,0.021250688611215072,0,0.0
TXN00007783,CUST000048,2025-03-14 11:22:57.107482,30898.49,EUR,FR,US,cajero,mobile,1,Fraude,11,4,14,3,14978.963214285715,24570.676906037716,1239.7,91202.35,56,8,4,0.6479075381579942,1,3,14,1,2,0.0,0,0,0.550097584498876,0,1.029847022644581,1,0.975592451987721,1,0.9997223885511459,0,0.0
TXN00005709,CUST000140,2025-12-15 23:24:57.003505,880.13,EUR,DE,FR,app,tablet,0,Normal,23,0,15,12,680.5558695652173,567.6112813520499,132.76,2321.13,46,5,4,0.3516035298096853,1,1,5,0,4,0.0,0,0,0.5051856760373858,0,1.070622939417668,0,0.0,0,0.02758308598873481,0,0.0
TXN00001614,CUST000054,2025-03-12 20:28:57.003505,777.52,GBP,GB,DE,app,mobile,0,Normal,20,2,12,3,796.5148076923076,585.8445766532963,106.32,2706.89,52,5,4,-0.03242294700139529,2,4,3,0,2,0.0,0,0,0.48595382776761936,0,1.0465206686795105,0,0.0,0,0.02314155711421025,0,0.0
TXN00005222,CUST000163,2025-09-01 21:07:57.003505,141.71,EUR,ES,IT,sucursal,tablet,0,Normal,21,0,1,9,168.95499999999998,140.93004795235706,16.1,480.82,42,3,4,-0.1933228591243195,1,2,8,2,4,0.0,0,0,0.49064829146327105,0,1.0453578635183818,0,0.0,0,0.0327272580047237,0,0.0
TXN00003958,CUST000130,2025-05-02 01:53:57.003505,11794.04,EUR,IT,DE,cajero,tablet,0,Normal,1,4,2,5,5477.731875,3585.6029816829373,1158.54,14850.38,64,6,4,1.7615748747157183,1,5,3,1,4,0.0,0,0,0.5159703558051053,0,1.1077351506418964,0,0.0,0,0.034007574624222624,0,0.0
TXN00002101,CUST000154,2025-06-26 04:53:57.003505,2557.3,EUR,ES,FR,cajero,atm,0,Normal,4,3,26,6,5306.762553191489,3600.2821194151297,1232.6,14459.85,47,6,4,-0.7636797509841987,1,2,5,1,0,0.0,0,0,0.4322684123207552,0,0.9726150384025516,0,0.0,0,0.005550339665940023,0,0.0
TXN00000290,CUST000154,2025-07-05 00:14:57.003505,2260.32,EUR,ES,DE,cajero,mobile,0,Normal,0,5,5,7,5306.762553191489,3600.2821194151297,1232.6,14459.85,47,6,4,-0.8461677311110886,1,2,3,1,2,0.0,0,0,0.4362198218016105,0,0.9916150364494601,0,0.0,0,0.006873364126161035,0,0.0
TXN00009454,CUST000166,2025-08-26 00:39:57.003505,9511.01,GBP,GB,FR,cajero,atm,0,Normal,0,1,26,8,5381.796428571428,3789.6021120618175,1121.03,14682.41,56,6,4,1.0896166532091056,2,4,5,1,0,0.0,0,0,0.5040008901428027,0,1.116056398281359,0,0.0,0,0.03069660715879665,0,0.0
TXN00003505,CUST000141,2025-08-24 20:33:57.003505,258.31,EUR,GB,ES,app,tablet,0,Normal,20,6,24,8,881.8225000000001,797.0668304624176,106.03,2971.69,48,5,4,-0.7822587459272532,1,4,4,0,4,0.0,0,0,0.4611004784770401,0,1.0215723096417197,0,0.0,0,0.01917579031681694,0,0.0
TXN00007594,CUST000124,2025-08-29 05:48:57.003505,969.49,EUR,DE,ES,cajero,tablet,0,Normal,5,4,29,8,909.7118867924529,685.5308862425715,105.13,2668.3,53,5,4,0.08719973719637077,1,1,4,1,4,0.0,0,0,0.45272939487118713,0,1.0033320060406885,0,0.0,0,0.008698893430909991,0,0.0
TXN00003088,CUST000180,2025-08-13 03:21:57.003505,1493.35,EUR,GB,IT,web,mobile,0,Normal,3,2,13,8,934.9624,733.4398987565374,127.9,2829.87,50,5,4,0.7613270019606985,1,4,8,3,2,0.0,0,0,0.44468265785679023,0,1.001547401569202,0,0.0,0,0.017268836357718927,0,0.0
TXN00006040,CUST000012,2025-07-28 04:18:57.003505,8101.89,EUR,IT,US,sucursal,atm,0,Normal,4,0,28,7,11848.529666666667,20090.907636760738,1017.21,83759.47,60,12,4,-0.18648434078831166,1,5,14,2,0,0.0,0,0,0.552868072934253,0,1.0795833849876393,0,0.20198161983822863,1,0.8123511018971824,0,0.0
TXN00002537,CUST000177,2025-10-24 00:03:57.003505,676.45,EUR,FR,IT,web,tablet,0,Normal,0,4,24,10,882.1804000000001,714.9039851529658,108.09,2740.13,50,5,4,-0.287773468864084,1,3,8,3,4,0.0,0,0,0.45108067802082064,0,1.004340666706603,0,0.0,0,0.01585565421399207,0,0.0
TXN00005233,CUST000036,2025-04-30 06:07:57.003505,2352.51,EUR,FR,ES,sucursal,mobile,0,Normal,6,2,30,4,9097.943035714286,14723.247345472018,1593.82,84621.7,56,7,4,-0.45814845577056923,1,3,4,2,2,0.0,0,0,0.45916533726691433,0,1.006974859537098,0,0.015820016820857864,0,0.02104922029839511,0,0.0
TXN00005344,CUST000037,2025-08-14 01:20:57.003505,344.53,EUR,ES,FR,cajero,mobile,0,Normal,1,3,14,8,3344.5771604938273,14448.411660449672,10.52,94457.02,81,9,4,-0.2076385439998475,1,2,5,1,2,0.0,0,0,0.47916000352854915,0,1.0172886389533533,0,0.14650346725813762,1,0.6589619561300052,0,0.0
TXN00002470,CUST000151,2025-08-14 00:18:57.003505,1892.66,EUR,ES,DE,sucursal,desktop,0,Normal,0,3,14,8,4647.714285714285,3516.3390907388803,1030.42,14338.55,49,6,4,-0.7835007414918769,1,2,3,2,1,0.0,0,0,0.4264308543241188,0,0.9699982975781698,0,0.0,0,0.006053675664183597,0,0.0
TXN00008562,CUST000161,2025-01-22 07:56:57.003505,144.57,EUR,ES,ES,cajero,atm,0,Normal,7,2,22,1,139.16267857142856,120.75959945266268,10.61,487.09,56,3,4,0.0447775697195279,1,2,4,1,0,0.0,0,0,0.4553011789045122,0,0.9963464855937116,0,0.0,0,0.005784699227679219,0,0.0
TXN00009120,CUST000022,2025-09-21 03:20:57.003505,2579.61,EUR,IT,IT,app,mobile,0,Normal,3,6,21,9,10301.100588235295,13087.105408488525,1670.97,67315.05,51,12,4,-0.590007518594371,1,5,8,0,2,0.0,0,0,0.535379954130512,0,1.067114687795382,0,0.009047619047619047,0,0.07749021872192118,0,0.0
TXN00009312,CUST000083,2025-11-17 22:06:57.003505,87.6,EUR,ES,ES,app,atm,0,Normal,22,0,17,11,158.37742857142857,131.01619648393864,23.45,495.8,70,3,4,-0.540218918963094,1,2,4,0,0,0.0,0,0,0.4969176572687015,0,1.1533026577291676,0,0.0,0,0.011381465014410142,0,0.0
TXN00007522,CUST000135,2025-07-13 21:35:57.003505,1048.98,EUR,ES,ES,sucursal,tablet,0,Normal,21,6,13,7,1076.0898113207547,785.7308155211804,135.69,2994.76,53,5,4,-0.03450267031753099,1,2,4,2,4,0.0,0,0,0.4491875864533975,0,0.9855546290250452,0,0.0,0,0.012352649612895405,0,0.0
TXN00009581,CUST000036,2025-03-21 09:08:57.107482,84621.7,EUR,FR,FR,sucursal,mobile,1,Fraude,9,4,21,3,9097.943035714286,14723.247345472018,1593.82,84621.7,56,7,4,5.129558390689041,1,3,5,2,2,1.0,1,1,0.5673520070751764,0,0.9996335303985326,1,0.9488129695408938,1,0.9999999999292217,1,1.0
TXN00003308,CUST000153,2025-08-13 20:34:57.003505,361.28,EUR,ES,DE,sucursal,tablet,0,Normal,20,2,13,8,824.5297916666667,674.6234349951362,103.35,2648.6,48,5,4,-0.686679067090706,1,2,3,2,4,0.0,0,0,0.4390086562397375,0,0.9864246974254094,0,0.0,0,0.01655008355272732,0,0.0
TXN00009946,CUST000152,2025-03-28 00:10:57.003505,2454.35,USD,GB,IT,app,atm,0,Normal,0,4,28,3,951.1576086956521,716.2417846887702,125.83,2743.37,46,5,4,2.0987219977103275,3,4,8,0,0,0.0,0,0,0.5538785416736616,1,1.1736215449734302,0,0.0,0,0.02258171649455936,0,0.0
TXN00007371,CUST000003,2025-12-31 21:48:57.003505,300.91,EUR,ES,ES,sucursal,tablet,0,Normal,21,2,31,12,8320.49358490566,25653.022108616926,14.93,99303.62,53,6,4,-0.3126174978775402,1,2,4,2,4,0.0,0,0,0.5219607384132574,0,1.0743513965182594,0,0.10104722496782012,1,0.6960041908272521,0,0.0
TXN00005623,CUST000043,2025-09-24 04:44:57.003505,1723.77,USD,CH,CH,web,tablet,0,Normal,4,2,24,9,14802.66984375,19505.427795265667,654.06,90854.63,64,10,4,-0.6705261725279343,3,0,1,3,4,0.0,0,1,0.5812292381209485,1,1.209777481697691,0,0.0,0,0.004454605559564602,0,0.0
TXN00007790,CUST000024,2025-01-21 19:09:57.003505,3084.48,EUR,FR,GB,cajero,tablet,0,Normal,19,1,21,1,13902.334629629631,16284.919332654581,520.55,73708.1,54,9,4,-0.6642866573660787,1,3,6,1,4,0.0,0,0,0.5020099644047898,0,1.0139583207636218,0,0.0,0,0.005910372227799662,0,0.0
TXN00002041,CUST000063,2025-08-08 01:58:57.003505,313.08,EUR,FR,ES,cajero,tablet,0,Normal,1,4,8,8,174.46065217391305,124.88230844193839,11.36,468.38,46,3,4,1.109999874646259,1,3,4,1,4,0.0,0,0,0.47498699842215475,0,1.0347269841925193,0,0.0,0,0.006753380130074817,0,0.0
TXN00007796,CUST000114,2025-08-08 23:03:57.003505,9065.14,EUR,ES,FR,web,atm,0,Normal,23,4,8,8,5335.650000000001,3328.235785762344,1233.85,12763.92,56,6,4,1.1205606330037057,1,2,5,3,0,0.0,0,0,0.48144204649222583,0,1.0122600953023302,0,0.0,0,0.02067639522546614,0,0.0
TXN00003230,CUST000175,2025-04-04 22:05:57.003505,6875.22,GBP,CH,GB,sucursal,pos,0,Normal,22,4,4,4,7860.104426229508,5731.840249814343,861.98,23359.66,61,6,4,-0.17182691476608786,2,0,6,2,3,0.0,0,0,0.4939790191300292,0,1.1159655964887143,0,0.0,0,0.01286770039081736,0,0.0
TXN00000022,CUST000134,2025-07-10 23:38:57.003505,125.4,EUR,FR,FR,web,pos,0,Normal,23,3,10,7,159.77609756097561,110.03255829249015,11.1,483.71,41,3,4,-0.312417504255232,1,3,5,3,3,0.0,0,0,0.45955169014900915,0,0.9968865310224115,0,0.0,0,0.01293224313248369,0,0.0
TXN00007474,CUST000156,2025-06-12 01:00:57.003505,18.87,EUR,FR,IT,web,tablet,0,Normal,1,3,12,6,105.78857142857143,88.03691067704752,12.77,375.54,56,3,4,-0.9872969164050349,1,3,8,3,4,0.0,0,0,0.4772611761349415,0,0.9992240421901579,0,0.0,0,0.016869574459930595,0,0.0
TXN00009557,CUST000037,2025-07-04 01:33:57.003505,261.29,EUR,ES,IT,sucursal,mobile,0,Normal,1,4,4,7,3344.5771604938273,14448.411660449672,10.52,94457.02,81,9,4,-0.21339973090055683,1,2,8,2,2,0.0,0,0,0.5035486909291512,0,1.0631960776714484,0,0.02655825015073357,1,0.7642634174914694,0,0.0
TXN00000651,CUST000021,2025-10-09 07:55:57.003505,113.3,EUR,FR,IT,cajero,atm,0,Normal,7,3,9,10,2655.973768115942,10838.616564582062,16.24,71242.61,69,5,4,-0.23459394035491407,1,3,8,1,0,0.0,0,0,0.47060607953110606,0,1.0517345805101244,0,0.006333333333333334,0,0.3367424142100649,0,0.0
TXN00004999,CUST000038,2025-11-06 20:54:57.003505,904.32,EUR,ES,ES,web,pos,0,Normal,20,3,6,11,7141.748709677419,18776.16760796677,143.24,94991.86,62,10,4,-0.332199245318766,1,2,4,3,3,0.0,0,0,0.4619199038165635,0,0.9955291607995086,0,0.07311504503834051,1,0.6099459432379774,0,0.0
TXN00007519,CUST000042,2025-10-23 09:04:57.003505,1401.33,EUR,ES,ES,sucursal,pos,0,Normal,9,3,23,10,10704.279047619048,15707.05132958625,1001.04,76105.74,63,9,4,-0.5922785156691676,1,2,4,2,3,0.0,0,0,0.46429560582853685,0,0.98650093676694,0,0.11444528824399569,0,0.015240821492700873,0,0.0
TXN00009485,CUST000142,2025-05-29 02:09:57.003505,4678.12,EUR,DE,ES,sucursal,desktop,0,Normal,2,3,29,5,6533.238913043478,5298.543436216841,666.85,19029.58,46,6,4,-0.3501186571413508,1,1,4,2,1,0.0,0,0,0.45530789383341674,0,0.9932384912026204,0,0.0,0,0.004867123314066409,0,0.0
TXN00001361,CUST000160,2025-04-29 20:11:57.003505,1900.19,EUR,DE,ES,sucursal,desktop,0,Normal,20,1,29,4,904.2335714285715,637.0384111964836,114.49,2851.37,56,5,4,1.5634166001660867,1,1,4,2,1,0.0,0,0,0.4973460605807155,0,1.0595952320014457,0,0.0,0,0.004664392543643696,0,0.0
TXN00009952,CUST000081,2025-11-10 02:44:57.003505,4385.93,CHF,CH,ES,web,pos,0,Normal,2,0,10,11,7762.277592592593,5260.794077166913,692.26,19011.44,54,6,4,-0.6417942885476059,0,0,4,3,3,0.0,0,0,0.5187800304968433,1,1.1769889638515978,0,0.0,0,0.0020904006179220617,0,0.0
TXN00007833,CUST000066,2025-05-03 06:51:57.003505,229.23,EUR,DE,ES,app,tablet,0,Normal,6,5,3,5,951.3685964912281,717.5452787914169,125.37,2987.52,57,5,4,-1.0064014311419434,1,1,4,0,4,0.0,0,0,0.4667668731702241,0,1.030296670537507,0,0.0,0,0.026616550020508466,0,0.0
TXN00000822,CUST000144,2025-10-01 20:26:57.003505,884.88,EUR,DE,FR,sucursal,pos,0,Normal,20,2,1,10,1031.58,698.9801338879382,106.4,2623.56,41,5,4,-0.20987720920497854,1,1,5,2,3,0.0,0,0,0.4598558411181974,0,1.02269401655094,0,0.0,0,0.0317810713964117,0,0.0
TXN00001973,CUST000113,2025-04-16 01:38:57.003505,7471.37,CHF,CH,GB,sucursal,pos,0,Normal,1,2,16,4,5951.366734693877,5946.201402798187,518.29,22408.12,49,6,4,0.2556259302510688,0,0,6,2,3,0.0,0,0,0.4922047159645326,0,1.0964268023571624,0,0.0,0,0.02752664759828755,0,0.0
TXN00005972,CUST000180,2025-10-07 07:13:57.003505,638.67,GBP,GB,ES,web,atm,0,Normal,7,1,7,10,934.9624,733.4398987565374,127.9,2829.87,50,5,4,-0.4039763859293081,2,4,4,3,0,0.0,0,0,0.48698001037475885,0,1.089213630319473,0,0.0,0,0.022909935644161602,0,0.0
TXN00002301,CUST000126,2025-06-12 04:15:57.003505,342.95,EUR,DE,FR,app,pos,0,Normal,4,3,12,6,912.0479310344828,667.0118958084857,109.66,2772.03,58,5,4,-0.8532050683915818,1,1,5,0,3,0.0,0,0,0.4456645771080255,0,0.9983857935117897,0,0.0,0,0.02372577887219211,0,0.0
TXN00008138,CUST000149,2025-03-27 00:33:57.003505,9584.17,EUR,ES,ES,web,atm,0,Normal,0,3,27,3,6270.26275,3614.0108901244885,1298.13,14063.89,40,6,4,0.9169610579034221,1,2,4,3,0,0.0,0,0,0.4999384199710253,0,1.0801116694873873,0,0.0,0,0.008083076604196427,0,0.0
TXN00002573,CUST000002,2025-04-06 20:05:57.003505,145.88,EUR,ES,FR,cajero,atm,0,Normal,20,6,6,4,5083.588301886793,15511.3779006517,21.06,83708.16,53,7,4,-0.3183281545452522,1,2,5,1,0,0.0,0,0,0.4611887735093971,0,1.048786274337571,0,0.0,0,0.4989619149846696,0,0.0
TXN00009095,CUST000164,2025-09-08 18:19:57.003505,9230.31,CHF,US,FR,web,pos,0,Normal,18,0,8,9,5759.409827586207,3931.2540620704726,1054.44,14842.44,58,6,4,0.8828989723708865,0,6,5,3,3,0.0,0,0,0.5434937377146263,0,1.0622783859370366,0,0.0,0,0.017585851910067517,0,0.0
TXN00009431,CUST000189,2025-12-20 01:58:57.003505,5887.38,EUR,DE,DE,cajero,mobile,0,Normal,1,5,20,12,7299.777222222222,5820.825465841291,680.44,24792.93,54,6,4,-0.24264551999850092,1,1,3,1,2,0.0,0,0,0.45812356726451264,0,1.0016609006753057,0,0.0,0,0.00624084420120671,0,0.0
TXN00007772,CUST000041,2025-05-20 09:00:57.003505,2909.16,EUR,DE,US,app,pos,0,Normal,9,1,20,5,12242.410327868853,18392.8926295824,1042.59,80913.59,61,9,4,-0.5074378737116197,1,1,14,0,3,0.0,0,0,0.5261704872575291,0,1.0223968402871608,0,0.0645418746975982,0,0.1587948994151595,0,0.0
TXN00002614,CUST000132,2025-11-28 08:38:57.003505,8078.49,EUR,ES,IT,app,desktop,0,Normal,8,4,28,11,4842.353035714286,3440.9431400374256,1071.04,14203.76,56,6,4,0.940479639343891,1,2,8,0,1,0.0,0,0,0.4674154876591565,0,1.0491870659069988,0,0.0,0,0.03584034515046965,0,0.0
TXN00007910,CUST000035,2025-11-09 01:44:57.003505,275.34,EUR,DE,GB,sucursal,pos,0,Normal,1,6,9,11,6047.965897435898,17026.815534224974,102.61,89843.04,39,8,4,-0.33903144633789706,1,1,6,2,3,0.0,0,0,0.5121076021236369,1,1.161852934415688,0,0.03921236521320625,1,0.6066695547190287,0,0.0
TXN00000277,CUST000179,2025-06-07 21:54:57.003505,13380.69,EUR,DE,US,cajero,tablet,0,Normal,21,5,7,6,5704.412033898305,3719.034007330203,1121.58,14726.16,59,6,4,2.0640515652472464,1,1,14,1,4,0.0,0,0,0.52864009040941,0,1.1444692739794706,0,0.0,0,0.2183034992041369,0,0.0
TXN00007903,CUST000140,2025-10-18 21:49:57.003505,627.74,EUR,DE,FR,cajero,atm,0,Normal,21,5,18,10,680.5558695652173,567.6112813520499,132.76,2321.13,46,5,4,-0.09304936530923166,1,1,5,1,0,0.0,0,0,0.4597123945985311,0,0.9992286748389334,0,0.0,0,0.021388494210131462,0,0.0
TXN00001464,CUST000090,2025-03-26 21:23:57.003505,504.72,USD,GB,DE,web,tablet,0,Normal,21,2,26,3,7876.1302173913045,6513.608792365749,504.72,24011.29,46,6,4,-1.131693727891556,3,4,3,3,4,0.0,0,0,0.5296405778942267,0,1.0678364487559875,0,0.0,0,0.0015024345001943672,0,0.0
TXN00006400,CUST000146,2025-03-18 23:02:57.003505,700.53,EUR,IT,FR,web,tablet,0,Normal,23,1,18,3,904.4364285714286,643.5872499374547,113.72,2383.09,42,5,4,-0.316827948773716,1,5,5,3,4,0.0,0,0,0.4784585535219728,0,1.0274735976247409,0,0.0,0,0.014764859659352245,0,0.0
TXN00001520,CUST000117,2025-09-14 02:40:57.003505,3553.92,EUR,ES,GB,web,desktop,0,Normal,2,6,14,9,4614.202641509434,3046.091732833902,1227.93,13885.08,53,6,4,-0.34807968182065574,1,2,6,3,1,0.0,0,0,0.436129283287765,0,1.0088143217739003,0,0.0,0,0.008542504199036743,0,0.0
TXN00009508,CUST000139,2025-02-26 23:25:57.003505,6968.42,USD,US,US,web,desktop,0,Normal,23,2,26,2,5999.512857142858,5088.7018853137615,532.86,19230.71,49,6,4,0.19040359692971037,3,6,14,3,1,0.0,0,0,0.5583963602730929,0,1.0475999890886372,0,0.0,0,0.08825774915322503,0,0.0
TXN00004294,CUST000149,2025-10-07 00:31:57.003505,1298.13,EUR,ES,FR,app,atm,0,Normal,0,1,7,10,6270.26275,3614.0108901244885,1298.13,14063.89,40,6,4,-1.3757935157890284,1,2,5,0,0,0.0,0,0,0.4823946776850897,0,1.0399783707333927,0,0.009047619047619047,0,0.00647188785629337,0,0.0
TXN00001759,CUST000099,2026-01-06 20:16:57.003505,94.53,EUR,IT,IT,cajero,desktop,0,Normal,20,1,6,1,135.7517777777778,119.34773310276017,10.87,491.1,45,3,4,-0.34539221115237284,1,5,8,1,1,0.0,0,0,0.4894179589470736,0,1.030209465662137,0,0.0,0,0.02960931428560961,0,0.0
TXN00006585,CUST000113,2025-05-21 01:14:57.003505,3622.32,CHF,CH,ES,sucursal,atm,0,Normal,1,2,21,5,5951.366734693877,5946.201402798187,518.29,22408.12,49,6,4,-0.3916864863013518,0,0,4,2,0,0.0,0,0,0.4975740506015609,0,1.1431440261736638,0,0.0,0,0.006493281099760438,0,0.0
TXN00004456,CUST000009,2025-12-06 05:48:57.003505,18424.48,EUR,FR,ES,web,atm,0,Normal,5,5,6,12,17673.34349206349,20853.679531958067,673.65,79519.37,63,12,4,0.036019375225814734,1,3,4,3,0,0.0,0,0,0.5556953671028136,0,1.0719656939279623,0,0.14760174232542464,0,0.4238441550360886,0,0.0
TXN00005194,CUST000066,2025-02-22 18:17:57.003505,217.08,EUR,DE,GB,app,mobile,0,Normal,18,5,22,2,951.3685964912281,717.5452787914169,125.37,2987.52,57,5,4,-1.0233341604653554,1,1,6,0,2,0.0,0,0,0.46361413104766047,0,1.0097377062712807,0,0.0,0,0.0209295926457909,0,0.0
TXN00006206,CUST000169,2025-07-30 00:47:57.003505,1492.52,EUR,DE,GB,cajero,atm,0,Normal,0,2,30,7,1003.1623076923078,777.0232421375961,108.39,2916.08,52,5,4,0.6297851404440372,1,1,6,1,0,0.0,0,0,0.47048759696375286,0,1.0103003442938396,0,0.0,0,0.010577285104618514,0,0.0
TXN00008692,CUST000086,2025-10-15 02:57:57.003505,12846.31,EUR,ES,GB,sucursal,pos,0,Normal,2,2,15,10,5910.098163265306,4295.407110007479,1124.83,14315.23,49,6,4,1.614797307328529,1,2,6,2,3,0.0,0,0,0.45514802358803674,0,1.0028073180174386,0,0.0,0,0.07122304750565052,0,0.0
TXN00003303,CUST000156,2025-06-15 00:09:57.003505,261.8,EUR,FR,ES,sucursal,tablet,0,Normal,0,6,15,6,105.78857142857143,88.03691067704752,12.77,375.54,56,3,4,1.7721138281603648,1,3,4,2,4,0.0,0,0,0.4960345422451284,0,1.0282607110476052,0,0.0,0,0.002370751364828612,0,0.0
TXN00000574,CUST000088,2025-07-01 21:25:57.003505,627.28,EUR,DE,FR,cajero,desktop,0,Normal,21,1,1,7,999.984909090909,775.2614145011627,168.78,2889.91,55,5,4,-0.48074739905632524,1,1,5,1,1,0.0,0,0,0.4570983955901807,0,0.9997030306442465,0,0.0,0,0.03133860668635998,0,0.0
TXN00008493,CUST000112,2025-05-20 17:54:57.003505,23869.17,GBP,US,US,cajero,pos,0,Normal,17,1,20,5,7212.2430952380955,6561.998481108902,680.3,24787.28,42,6,4,2.5383923739355514,2,6,14,1,3,0.0,0,1,0.5869313503462967,0,1.1551120317127836,0,0.0,1,0.9360139021013179,0,0.0
TXN00004776,CUST000141,2025-04-30 00:44:57.003505,397.98,USD,GB,IT,app,tablet,0,Normal,0,2,30,4,881.8225000000001,797.0668304624176,106.03,2971.69,48,5,4,-0.6070287721197363,3,4,8,0,4,0.0,0,0,0.5364344387702645,0,1.0696684292739818,0,0.0,0,0.04478970217818508,0,0.0
TXN00005063,CUST000097,2025-01-25 18:52:57.003505,871.82,EUR,GB,ES,app,atm,0,Normal,18,5,25,1,6028.589047619047,4895.208384788782,512.34,20827.36,42,6,4,-1.053431976989907,1,4,4,0,0,0.0,0,0,0.49394957159745223,0,1.1009718235369428,0,0.009047619047619047,0,0.0040203303640112325,0,0.0
TXN00007689,CUST000044,2025-04-17 20:57:57.003505,2174.28,EUR,ES,ES,cajero,tablet,0,Normal,20,3,17,4,1931.648222222222,3870.370479347076,127.53,24725.19,45,7,4,0.06268954845790889,1,2,4,1,4,0.0,0,0,0.4402720249189477,0,1.0015523488686653,0,0.27780778973722475,0,0.07591717385913108,0,0.0
TXN00006452,CUST000110,2025-10-03 01:22:57.003505,68.35,EUR,ES,ES,sucursal,tablet,0,Normal,1,4,3,10,182.09387755102043,131.0415090377906,13.74,460.63,49,3,4,-0.8679988311964525,1,2,4,2,4,0.0,0,0,0.4632456849140344,0,1.0055966381678072,0,0.0,0,0.01645602713777294,0,0.0
TXN00008049,CUST000141,2025-10-24 00:37:57.003505,1120.78,CHF,GB,FR,cajero,pos,0,Normal,0,4,24,10,881.8225000000001,797.0668304624176,106.03,2971.69,48,5,4,0.29979606548370963,0,4,5,1,3,0.0,0,0,0.4781333200220147,0,1.0666553314081282,0,0.0,0,0.01022549563883998,0,0.0
TXN00008888,CUST000060,2025-11-25 07:44:57.003505,1762.74,EUR,IT,IT,web,atm,0,Normal,7,1,25,11,793.8452000000001,702.8669137539191,101.28,2914.93,50,5,4,1.3784896965013922,1,5,8,3,0,0.0,0,0,0.488652099801969,0,1.0992000604659533,0,0.0,0,0.011952305198831328,0,0.0
TXN00007511,CUST000029,2025-08-04 02:03:57.003505,3860.32,GBP,GB,ES,app,desktop,0,Normal,2,0,4,8,10163.8975,15853.056272274882,1036.43,93521.66,60,11,4,-0.39762537843422563,2,4,4,0,1,0.0,0,0,0.5345491518180437,0,1.0819863651706494,0,0.013630563336445687,0,0.279807727783464,0,0.0
TXN00002233,CUST000089,2025-04-04 05:52:57.003505,118.62,EUR,ES,IT,cajero,desktop,0,Normal,5,4,4,4,167.74181818181816,126.83528642226571,11.15,491.57,55,3,4,-0.38728826322819454,1,2,8,1,1,0.0,0,0,0.4522379741306132,0,0.9977134822087315,0,0.0,0,0.023287673832897864,0,0.0
TXN00009626,CUST000013,2025-02-08 06:29:57.003505,272.86,USD,GB,ES,cajero,desktop,0,Normal,6,5,8,2,2119.490634920635,8304.770612994731,104.65,66232.6,63,9,4,-0.22235781344866973,3,4,4,1,1,0.0,0,0,0.5013058821244081,0,1.0293353382392965,0,0.02312169312169312,0,0.44115022207952875,0,0.0
TXN00004264,CUST000017,2025-10-02 02:30:57.003505,3931.13,EUR,FR,IT,cajero,atm,0,Normal,2,3,2,10,15977.346615384617,23735.85855892997,1012.73,95316.24,65,9,4,-0.5075113076263695,1,3,8,1,0,0.0,0,0,0.5353205621070173,0,1.0207776748009048,0,0.017693493678692565,0,0.07948006208467628,0,0.0
TXN00009304,CUST000185,2025-07-22 00:54:57.003505,202.32,CHF,GB,ES,sucursal,pos,0,Normal,0,1,22,7,845.7542857142857,659.7552020194057,107.93,2962.75,49,5,4,-0.9752621620406685,0,4,4,2,3,0.0,0,0,0.47862429868381917,0,1.0696718896075885,0,0.0,0,0.010251623526292539,0,0.0
TXN00005436,CUST000010,2025-06-29 18:38:57.003505,124.77,EUR,FR,ES,cajero,tablet,0,Normal,18,6,29,6,2649.5095,9608.349775436482,124.77,72985.19,60,8,4,-0.2627651530954537,1,3,4,1,4,0.0,0,0,0.4770490405841641,0,1.0814566504366199,0,0.00979381443298969,0,0.1834610545346643,0,0.0
TXN00002549,CUST000048,2025-09-12 15:02:57.107482,54574.23,EUR,FR,KP,web,pos,1,Fraude,15,4,12,9,14978.963214285715,24570.676906037716,1239.7,91202.35,56,8,4,1.6114845730755232,1,3,9,3,3,1.0,1,1,0.5743160515797671,0,1.011595079508351,1,0.9988270308123249,1,0.9999997711885018,1,1.0
TXN00007234,CUST000081,2025-09-29 03:19:57.003505,11646.11,USD,CH,FR,web,desktop,0,Normal,3,0,29,9,7762.277592592593,5260.794077166913,692.26,19011.44,54,6,4,0.738259728417407,3,0,5,3,1,0.0,0,0,0.555534475615058,0,1.0516571927710912,0,0.0,0,0.021576758411566265,0,0.0
TXN00006990,CUST000143,2025-08-24 19:37:57.003505,4959.13,EUR,ES,GB,app,pos,0,Normal,19,6,24,8,5239.2824390243895,3581.701917241844,1357.73,14883.52,41,6,4,-0.07821768684813066,1,2,6,0,3,0.0,0,0,0.46769227606537966,0,1.0293803933143262,0,0.0,0,0.01708045212134797,0,0.0
TXN00008222,CUST000184,2025-08-19 02:06:57.003505,190.63,EUR,FR,FR,web,mobile,0,Normal,2,1,19,8,141.98777777777778,127.80667248159469,12.93,486.33,54,3,4,0.3805921936402416,1,3,5,3,2,0.0,0,0,0.44323557177499945,0,0.9762723383349143,0,0.0,0,0.005081370468781101,0,0.0
TXN00009596,CUST000017,2025-11-18 08:58:57.003505,13718.72,EUR,FR,ES,cajero,atm,0,Normal,8,1,18,11,15977.346615384617,23735.85855892997,1012.73,95316.24,65,9,4,-0.09515672709634149,1,3,4,1,0,0.0,0,0,0.5181920402344155,0,1.0050868461625035,0,0.29047898470475103,0,0.46314714127882284,0,0.0
TXN00002357,CUST000122,2025-04-09 00:39:57.003505,1900.31,GBP,GB,ES,cajero,pos,0,Normal,0,2,9,4,879.8508333333334,604.8507573398664,120.9,2731.71,48,5,4,1.6871255472465974,2,4,4,1,3,0.0,0,0,0.4971420063812408,0,1.1067495350197238,0,0.0,0,0.01362354393770114,0,0.0
TXN00004242,CUST000035,2025-03-28 08:06:57.003505,680.97,EUR,DE,DE,web,pos,0,Normal,8,4,28,3,6047.965897435898,17026.815534224974,102.61,89843.04,39,8,4,-0.31520843614783334,1,1,3,3,3,0.0,0,0,0.5005243996742341,0,1.1491010930954684,0,0.03294153120910653,0,0.31518619905255746,0,0.0
TXN00006399,CUST000187,2025-09-01 09:57:57.003505,9717.72,GBP,GB,DE,sucursal,tablet,0,Normal,9,0,1,9,4876.589272727273,3027.9590817394396,1272.52,14739.26,55,6,4,1.5988098237090058,2,4,3,2,4,0.0,0,0,0.5257823278868735,1,1.1786941337412444,0,0.006333333333333334,0,0.037821699064285556,0,0.0
TXN00005912,CUST000000,2025-12-11 03:05:57.107482,1646.04,EUR,DE,IR,sucursal,tablet,1,Fraude,3,3,11,12,4670.333709677419,14778.584927606773,159.16,93045.57,62,10,4,-0.2046402767441774,1,1,7,2,4,0.0,0,0,0.4739294350734469,0,1.0197535158028692,0,0.14259431695486652,1,0.7717812904493996,0,0.0
TXN00007797,CUST000147,2025-01-22 09:00:57.003505,4955.43,CHF,US,DE,app,atm,0,Normal,9,2,22,1,5159.978620689655,3565.2608325444103,1101.13,13831.0,58,6,4,-0.05737269452072669,0,6,3,0,0,0.0,0,0,0.5250960825016149,0,1.1019450970656552,0,0.0,0,0.005656034164554014,0,0.0
TXN00004975,CUST000038,2025-08-22 21:03:57.003505,2977.22,EUR,ES,IT,sucursal,atm,0,Normal,21,4,22,8,7141.748709677419,18776.16760796677,143.24,94991.86,62,10,4,-0.2217986543584433,1,2,8,2,0,0.0,0,0,0.48202653938301043,0,1.004725910877459,0,0.3359700144512594,1,0.8034915419518927,0,0.0
TXN00008850,CUST000001,2025-09-09 14:11:57.107482,98285.28,EUR,FR,RU,sucursal,tablet,1,Fraude,14,1,9,9,3927.4848484848485,13285.312321840493,105.88,98285.28,66,11,4,7.102414520529751,1,3,12,2,4,1.0,1,1,0.627743707886281,0,1.1419496653706704,1,0.997413555311728,1,0.9999999999999967,1,1.0
TXN00004877,CUST000076,2025-05-10 22:40:57.003505,362.58,EUR,ES,FR,app,tablet,0,Normal,22,5,10,5,157.1376595744681,106.39921381723207,16.86,457.19,47,3,4,1.9308633130275612,1,2,5,0,4,0.0,0,0,0.5050874185399284,0,1.0374300040595499,0,0.036946903696172984,0,0.006069138090137187,0,0.0
TXN00009334,CUST000038,2025-11-16 18:21:57.003505,175.11,EUR,ES,DE,cajero,tablet,0,Normal,18,6,16,11,7141.748709677419,18776.16760796677,143.24,94991.86,62,10,4,-0.3710362441774552,1,2,3,1,4,0.0,0,0,0.499509889071474,0,1.030656022227075,0,0.006785714285714286,1,0.5096290429859194,0,0.0
TXN00007161,CUST000178,2025-04-08 07:14:57.003505,427.79,EUR,ES,IT,cajero,atm,0,Normal,7,1,8,4,161.7709523809524,128.74485480241623,12.77,487.7,42,3,4,2.066249917024297,1,2,8,1,0,0.0,0,0,0.5091846308599506,0,1.0769235763319602,0,0.0,0,0.009104523235420384,0,0.0
TXN00000145,CUST000027,2025-12-01 19:10:57.003505,203.44,EUR,FR,FR,cajero,atm,0,Normal,19,0,1,12,4851.360625,18687.684437621316,10.99,94066.9,64,5,4,-0.24871570580431424,1,3,5,1,0,0.0,0,0,0.4998965117545356,0,1.1179005469235117,0,0.03447881335144091,1,0.7702733768151427,0,0.0
TXN00007847,CUST000150,2025-04-05 22:47:57.003505,2267.41,EUR,ES,IT,sucursal,tablet,0,Normal,22,5,5,4,4437.8133333333335,2736.3486113014974,1220.08,12025.36,48,6,4,-0.7931750083217077,1,2,8,2,4,0.0,0,0,0.4465676220766241,0,1.0240031525518678,0,0.0,0,0.016618782426808504,0,0.0
TXN00000798,CUST000181,2025-03-04 19:36:57.003505,619.56,EUR,IT,ES,web,tablet,0,Normal,19,1,4,3,859.3886956521739,767.5902422592371,109.88,2932.89,46,5,4,-0.31244364784242956,1,5,4,3,4,0.0,0,0,0.47319207186645923,0,1.0149808996895504,0,0.0,0,0.018502247326278923,0,0.0
TXN00000248,CUST000093,2025-05-04 21:11:57.003505,2591.1,EUR,FR,FR,cajero,tablet,0,Normal,21,6,4,5,5332.117045454545,3968.6959699562376,1106.74,14810.24,44,6,4,-0.6906593665813385,1,3,5,1,4,0.0,0,0,0.4404286256318701,0,1.0113143111430496,0,0.0,0,0.01297540149583677,0,0.0
TXN00009614,CUST000030,2025-11-09 13:34:57.107482,56504.46,CHF,GB,PK,app,pos,1,Fraude,13,6,9,11,5147.489833333334,15805.705911525396,117.06,96740.03,60,7,4,3.2492677296980643,0,4,11,0,3,1.0,1,1,0.6164356270228991,0,1.087195362919402,1,0.9684371813207313,1,0.9999999956678303,1,1.0
TXN00002642,CUST000096,2025-12-15 02:49:57.003505,4024.25,EUR,ES,CH,app,mobile,0,Normal,2,0,15,12,8049.057142857143,6639.965843385416,600.14,24951.57,49,6,4,-0.6061487720242441,1,2,1,0,2,0.0,0,0,0.4771748344411737,0,1.0982050863192137,0,0.0,0,0.003995446712472979,0,0.0
TXN00003873,CUST000121,2025-05-19 00:18:57.003505,1632.29,EUR,ES,GB,cajero,desktop,0,Normal,0,0,19,5,981.1530612244898,662.239680117164,101.46,2575.07,49,5,4,0.9832345559195064,1,2,6,1,1,0.0,0,0,0.4515124274639509,0,1.011438995874194,0,0.0,0,0.013249786773942479,0,0.0
TXN00004705,CUST000027,2025-05-23 07:01:57.003505,389.35,EUR,FR,IT,app,desktop,0,Normal,7,4,23,5,4851.360625,18687.684437621316,10.99,94066.9,64,5,4,-0.23876744278592843,1,3,8,0,1,0.0,0,0,0.4776867693275577,0,1.003066037909285,0,0.06412791113231812,1,0.716734179407491,0,0.0
TXN00001069,CUST000009,2025-03-01 05:17:57.003505,2132.55,EUR,FR,FR,web,mobile,0,Normal,5,5,1,3,17673.34349206349,20853.679531958067,673.65,79519.37,63,12,4,-0.7452302826224092,1,3,5,3,2,0.0,0,0,0.5365829024855235,0,1.0170981508804409,0,0.015062794348508634,0,0.0033539383542298923,0,0.0
TXN00007666,CUST000185,2025-12-26 20:16:57.003505,503.65,EUR,GB,GB,app,atm,0,Normal,20,4,26,12,845.7542857142857,659.7552020194057,107.93,2962.75,49,5,4,-0.5185321527570026,1,4,6,0,0,0.0,0,0,0.4712940882351302,0,1.0161679641849861,0,0.0,0,0.02599398709579979,0,0.0
TXN00006627,CUST000094,2025-10-12 04:25:57.003505,6916.71,GBP,GB,US,cajero,tablet,0,Normal,4,6,12,10,7811.610638297872,6082.503451203796,699.35,22965.89,47,6,4,-0.14712702513528936,2,4,14,1,4,0.0,0,0,0.5205447800830119,0,1.1370262678957443,0,0.014045698924731181,0,0.06505264485665029,0,0.0
TXN00008412,CUST000099,2025-10-25 07:10:57.003505,110.43,EUR,IT,IT,cajero,tablet,0,Normal,7,5,25,10,135.7517777777778,119.34773310276017,10.87,491.1,45,3,4,-0.2121680647575207,1,5,8,1,4,0.0,0,0,0.483842436324688,0,1.0361978647198387,0,0.0,0,0.015581381336959185,0,0.0
TXN00006200,CUST000009,2025-02-27 17:25:57.107482,56053.51,EUR,FR,DE,web,desktop,1,Fraude,17,3,27,2,17673.34349206349,20853.679531958067,673.65,79519.37,63,12,4,1.8404505759896626,1,3,3,3,1,1.0,1,1,0.6013874717905141,0,1.0368207779412915,1,0.9483969368440873,1,0.9999892241315033,1,1.0
TXN00000814,CUST000021,2025-05-12 20:30:57.003505,62.09,EUR,FR,ES,app,tablet,0,Normal,20,0,12,5,2655.973768115942,10838.616564582062,16.24,71242.61,69,5,4,-0.23931871308676042,1,3,4,0,4,0.0,0,0,0.48617260710936466,0,1.0637679423957476,0,0.007599999999999999,0,0.22733167715379474,0,0.0
TXN00005271,CUST000173,2025-06-12 21:20:57.003505,3264.3,EUR,DE,IT,cajero,tablet,0,Normal,21,3,12,6,5416.205952380952,3884.0417916518163,1118.22,14676.84,42,6,4,-0.5540377954871968,1,1,8,1,4,0.0,0,0,0.4530333661602237,0,1.0336278559613639,0,0.0,0,0.01928735408923638,0,0.0
TXN00001194,CUST000041,2025-04-02 03:46:57.003505,10393.07,EUR,DE,IT,app,atm,0,Normal,3,2,2,4,12242.410327868853,18392.8926295824,1042.59,80913.59,61,9,4,-0.1005464646052411,1,1,8,0,0,0.0,0,0,0.5249975795298794,0,1.0538839159080617,0,0.21190274688029984,1,0.598962773769627,0,0.0
TXN00009613,CUST000046,2025-04-11 01:57:57.003505,3306.81,CHF,GB,ES,web,tablet,0,Normal,1,4,11,4,14390.02703125,20397.40065692597,666.14,92261.44,64,10,4,-0.5433641872864479,0,4,4,3,4,0.0,0,0,0.5400244698605761,0,1.146203412336121,0,0.0,0,0.012502229636473128,0,0.0
TXN00007301,CUST000055,2025-05-07 18:02:57.003505,1517.93,EUR,CH,ES,web,mobile,0,Normal,18,2,7,5,7358.3737037037035,4642.129487846006,544.87,19628.1,54,6,4,-1.2581389032203814,1,0,4,3,2,0.0,0,0,0.4743246085234905,0,1.043921857399112,0,0.0,0,0.001502748621018622,0,0.0
TXN00007284,CUST000170,2025-07-28 21:10:57.003505,20770.91,GBP,US,DE,sucursal,desktop,0,Normal,21,0,28,7,8912.418965517241,6940.298442880395,530.84,24700.95,58,6,4,1.708642809869218,2,6,3,2,1,0.0,0,1,0.581874802549337,1,1.196290314799904,0,0.0,0,0.17277295914867227,0,0.0
TXN00003538,CUST000174,2025-03-28 04:52:57.003505,105.45,EUR,IT,DE,sucursal,pos,0,Normal,4,4,28,3,953.0994444444445,735.2875712941743,105.45,2963.0,54,5,4,-1.1528135064212894,1,5,3,2,3,0.0,0,0,0.465863995650314,0,1.0071290158630437,0,0.0,0,0.007953692519247333,0,0.0
TXN00007376,CUST000167,2025-03-16 00:14:57.003505,3803.37,CHF,US,ES,cajero,tablet,0,Normal,0,6,16,3,5069.928793103448,3997.779061335983,1022.26,14648.94,58,6,4,-0.31681560520339813,0,6,4,1,4,0.0,0,0,0.5185726005343109,0,1.1068893620830833,0,0.007916666666666666,0,0.005660828658013687,0,0.0
TXN00008394,CUST000094,2025-12-29 03:10:57.003505,22636.63,USD,GB,ES,web,atm,0,Normal,3,0,29,12,7811.610638297872,6082.503451203796,699.35,22965.89,47,6,4,2.4373219806937825,3,4,4,3,0,0.0,0,1,0.6036532909694234,1,1.2439004261416875,0,0.007916666666666666,0,0.41963508375520503,0,0.0
TXN00004311,CUST000006,2025-03-28 07:40:57.003505,443.25,EUR,FR,FR,app,pos,0,Normal,7,4,28,3,5953.340833333334,18691.661854483864,13.39,88596.57,60,9,4,-0.29478870717515965,1,3,5,0,3,0.0,0,0,0.47153341201867327,0,1.0205438400395055,0,0.09713413499975468,1,0.6656456918937969,0,0.0
TXN00001300,CUST000074,2025-12-29 09:30:57.003505,9139.07,EUR,IT,GB,web,atm,0,Normal,9,0,29,12,5339.021777777778,3544.830265405901,1289.22,14680.96,45,6,4,1.0719972288193889,1,5,6,3,0,0.0,0,0,0.5215490579200069,0,1.149769043192919,0,0.016479591836734694,0,0.02024734637163668,0,0.0
TXN00008417,CUST000096,2025-08-06 05:02:57.003505,5968.85,EUR,ES,FR,app,pos,0,Normal,5,2,6,8,8049.057142857143,6639.965843385416,600.14,24951.57,49,6,4,-0.3132858197781412,1,2,5,0,3,0.0,0,0,0.44225238023407987,0,1.0080520775474473,0,0.0,0,0.015007105100291131,0,0.0
TXN00002280,CUST000030,2025-08-14 22:04:57.003505,1523.42,USD,GB,FR,app,tablet,0,Normal,22,3,14,8,5147.489833333334,15805.705911525396,117.06,96740.03,60,7,4,-0.22928870455962375,3,4,5,0,4,0.0,0,0,0.5029375711226982,0,1.0323489115870257,0,0.08656237982685817,1,0.7432076637371569,0,0.0
TXN00007123,CUST000168,2025-10-27 18:41:57.003505,118.62,EUR,IT,ES,cajero,atm,0,Normal,18,0,27,10,805.7724074074074,573.1593417914204,118.62,2763.92,54,5,4,-1.19888546884853,1,5,4,1,0,0.0,0,0,0.47771950517646083,0,1.045134150131424,0,0.0,0,0.01762775706169525,0,0.0
TXN00000466,CUST000186,2025-12-20 01:32:57.003505,1890.28,EUR,IT,IT,web,mobile,0,Normal,1,5,20,12,4858.559038461539,3428.725794161738,1031.11,14581.66,52,6,4,-0.8657090755551425,1,5,8,3,2,0.0,0,0,0.4618676606359022,0,1.034540142006049,0,0.0,0,0.007592780393005579,0,0.0
TXN00004912,CUST000016,2025-04-20 02:26:57.003505,2220.21,EUR,IT,ES,sucursal,pos,0,Normal,2,6,20,4,4814.0977192982455,14760.960342710358,109.06,82531.17,57,9,4,-0.17572621691944998,1,5,4,2,3,0.0,0,0,0.477646080481512,0,1.0353076789753053,0,0.09229497040298923,1,0.5344369648142725,0,0.0
TXN00004950,CUST000053,2025-08-27 08:39:57.003505,3568.73,EUR,FR,IT,app,desktop,0,Normal,8,2,27,8,5120.007843137255,3842.5661514010735,1060.21,14819.86,51,6,4,-0.4037088189536881,1,3,8,0,1,0.0,0,0,0.4379876433394663,0,0.9960281418940342,0,0.0,0,0.015840536560267147,0,0.0
TXN00002539,CUST000039,2025-06-17 18:17:57.003505,5050.66,EUR,DE,FR,app,pos,0,Normal,18,1,17,6,14481.797272727272,22909.14968209796,681.03,99400.06,44,9,4,-0.41167557081725425,1,1,5,0,3,0.0,0,0,0.5211821547671192,0,1.0299284436081524,0,0.01820470896010464,0,0.17362888559403009,0,0.0
TXN00005811,CUST000014,2025-10-08 04:19:57.003505,275.49,EUR,IT,FR,web,pos,0,Normal,4,2,8,10,6809.598301886793,18922.663397876047,109.06,89409.3,53,9,4,-0.3453059521354114,1,5,5,3,3,0.0,0,0,0.4789949376345334,0,1.0100992637275417,0,0.042906327881245716,1,0.6124941267951759,0,0.0
TXN00009688,CUST000032,2025-02-20 23:07:57.003505,46.76,EUR,FR,IT,web,desktop,0,Normal,23,3,20,2,5279.0388,17558.788655810717,10.88,75146.84,50,4,4,-0.2979863191172074,1,3,8,3,1,0.0,0,0,0.4807592458358091,0,1.149059179377659,0,0.06233223774690327,0,0.39297251624579516,0,0.0
TXN00007843,CUST000038,2025-09-18 07:57:57.107482,58249.62,EUR,ES,IT,web,pos,1,Fraude,7,3,18,9,7141.748709677419,18776.16760796677,143.24,94991.86,62,10,4,2.721954360160028,1,2,8,3,3,1.0,1,1,0.561345034322768,0,0.9998484738401145,1,0.9880408367244948,1,0.9999999972581715,1,1.0
TXN00006881,CUST000048,2025-09-30 06:18:57.003505,4322.95,EUR,FR,GB,web,desktop,0,Normal,6,1,30,9,14978.963214285715,24570.676906037716,1239.7,91202.35,56,8,4,-0.4336882233486022,1,3,6,3,1,0.0,0,0,0.5156608839849839,0,1.0177157194798359,0,0.0,0,0.05597293928411379,0,0.0
TXN00000835,CUST000170,2025-12-30 22:29:57.003505,15758.65,USD,US,GB,app,atm,0,Normal,22,1,30,12,8912.418965517241,6940.298442880395,530.84,24700.95,58,6,4,0.9864462011024064,3,6,6,0,0,0.0,0,1,0.6040956345783951,1,1.187752158385936,0,0.0,0,0.1425651091873635,0,0.0
TXN00008177,CUST000031,2025-06-21 17:51:57.003505,5570.02,EUR,ES,FR,cajero,tablet,0,Normal,17,5,21,6,11309.0796,15599.351809179214,650.1,79046.03,50,9,4,-0.3679037225287161,1,2,5,1,4,0.0,0,0,0.47898622300022614,0,1.011020335451159,0,0.027363341980828317,0,0.06288615251662347,0,0.0
TXN00003859,CUST000176,2025-04-01 18:35:57.003505,143.73,EUR,ES,IT,sucursal,mobile,0,Normal,18,1,1,4,999.8185454545454,731.9722641436783,123.88,2909.03,55,5,4,-1.1695641846300069,1,2,8,2,2,0.0,0,0,0.4635710924939606,0,1.006381809102085,0,0.0,0,0.04426184075033358,0,0.0
TXN00006222,CUST000094,2025-09-19 23:52:57.003505,16008.27,EUR,GB,DE,app,desktop,0,Normal,23,4,19,9,7811.610638297872,6082.503451203796,699.35,22965.89,47,6,4,1.3475798947113355,1,4,3,0,1,0.0,0,0,0.5139554969431821,0,1.0806261086152484,0,0.0,0,0.11414988859118057,0,0.0
TXN00004498,CUST000146,2025-10-29 22:42:57.003505,771.29,EUR,IT,ES,web,mobile,0,Normal,22,2,29,10,904.4364285714286,643.5872499374547,113.72,2383.09,42,5,4,-0.20688170621386048,1,5,4,3,2,0.0,0,0,0.47499539681719954,0,1.0418564786159095,0,0.0,0,0.010067771575257166,0,0.0
TXN00002051,CUST000158,2025-03-19 19:51:57.003505,761.04,GBP,GB,FR,sucursal,desktop,0,Normal,19,2,19,3,800.725,537.8160320696686,170.04,2304.86,44,5,4,-0.07378917243037876,2,4,5,2,1,0.0,0,0,0.46484950853664386,0,1.0542539327286125,0,0.0,0,0.020437545585103325,0,0.0
TXN00006820,CUST000058,2025-02-18 19:04:57.003505,8610.08,EUR,FR,IT,cajero,mobile,0,Normal,19,1,18,2,5591.0198,3793.973079900562,1030.04,14421.18,50,6,4,0.7957516133149201,1,3,8,1,2,0.0,0,0,0.45901670587806825,0,1.0136830609264007,0,0.0,0,0.036292659686581644,0,0.0
TXN00008879,CUST000040,2025-09-27 07:31:57.003505,93.04,EUR,IT,ES,sucursal,desktop,0,Normal,7,5,27,9,3874.694230769231,15635.620503928736,12.24,90189.11,78,9,4,-0.24186147454635137,1,5,4,2,1,0.0,0,0,0.4964867021550387,0,1.036243087982951,0,0.0,1,0.5121318051455545,0,0.0
TXN00002592,CUST000090,2025-10-09 18:37:57.003505,14274.3,EUR,GB,US,cajero,pos,0,Normal,18,3,9,10,7876.1302173913045,6513.608792365749,504.72,24011.29,46,6,4,0.9822772575972583,1,4,14,1,3,0.0,0,0,0.5056293768099946,0,1.008195230017597,0,0.0,0,0.3795642020354689,0,0.0
TXN00004188,CUST000077,2025-05-20 23:33:57.003505,1120.66,EUR,CH,US,web,pos,0,Normal,23,1,20,5,6464.85641509434,5759.730942651314,662.88,21657.81,53,6,4,-0.9278552188249352,1,0,14,3,3,0.0,0,0,0.5222683359103397,0,1.0606770344718917,0,0.0061290322580645155,0,0.012210627999680652,0,0.0
TXN00005041,CUST000137,2025-12-31 07:59:57.003505,400.37,EUR,FR,FR,cajero,pos,0,Normal,7,2,31,12,911.4923636363636,700.4321115012415,100.69,2786.35,55,5,4,-0.7297243437499558,1,3,5,1,3,0.0,0,0,0.46342158943375744,0,1.0017625467736206,0,0.0,0,0.01351091035009111,0,0.0
TXN00009073,CUST000185,2025-04-08 23:51:57.003505,399.51,USD,GB,GB,app,desktop,0,Normal,23,1,8,4,845.7542857142857,659.7552020194057,107.93,2962.75,49,5,4,-0.67637857749666,3,4,6,0,1,0.0,0,0,0.5083053170894589,0,1.013654895558672,0,0.0,0,0.0752644124939886,0,0.0
TXN00005302,CUST000135,2025-11-20 21:09:57.003505,240.99,EUR,ES,DE,web,atm,0,Normal,21,3,20,11,1076.0898113207547,785.7308155211804,135.69,2994.76,53,5,4,-1.062831944174158,1,2,3,3,0,0.0,0,0,0.46136511419138093,0,1.0260997027353191,0,0.0,0,0.01092694682934589,0,0.0
TXN00001084,CUST000106,2025-04-12 23:50:57.003505,137.71,EUR,FR,IT,sucursal,tablet,0,Normal,23,5,12,4,187.99303571428572,139.00723410762927,11.88,497.63,56,3,4,-0.361729629938708,1,3,8,2,4,0.0,0,0,0.4718156244460798,0,1.0267990969538636,0,0.0,0,0.015496840998431013,0,0.0
TXN00007714,CUST000048,2025-08-05 22:09:57.003505,4263.97,EUR,FR,ES,web,atm,0,Normal,22,1,5,8,14978.963214285715,24570.676906037716,1239.7,91202.35,56,8,4,-0.4360886456171114,1,3,4,3,0,0.0,0,0,0.5211139587187115,0,1.03906117850293,0,0.0,0,0.09201243857956784,0,0.0
TXN00007238,CUST000112,2025-08-11 17:12:57.003505,24787.28,USD,US,CH,app,tablet,0,Normal,17,0,11,8,7212.2430952380955,6561.998481108902,680.3,24787.28,42,6,4,2.678305542538562,3,6,1,0,4,0.0,0,1,0.6204363107631958,1,1.2339886259146555,0,0.007599999999999999,1,0.853955461828634,0,0.0
TXN00000710,CUST000156,2025-03-10 20:09:57.003505,24.96,EUR,FR,ES,app,pos,0,Normal,20,0,10,3,105.78857142857143,88.03691067704752,12.77,375.54,56,3,4,-0.9181213866869956,1,3,4,0,3,0.0,0,0,0.4813989770259663,0,1.033646526995242,0,0.0,0,0.018782726934738397,0,0.0
TXN00001843,CUST000152,2025-06-07 20:26:57.003505,284.75,EUR,GB,DE,app,tablet,0,Normal,20,5,7,6,951.1576086956521,716.2417846887702,125.83,2743.37,46,5,4,-0.930422689671484,1,4,3,0,4,0.0,0,0,0.4644904928013212,0,0.9989821660751806,0,0.0,0,0.028121315644333303,0,0.0
TXN00005901,CUST000034,2025-03-08 07:32:57.003505,14.97,EUR,FR,IT,app,pos,0,Normal,7,5,8,3,4461.999242424243,17455.08561943105,12.03,89753.64,66,6,4,-0.25476983265089387,1,3,8,0,3,0.0,0,0,0.4799507747650469,0,1.0161027510364025,0,0.01924358974358974,1,0.767470840062201,0,0.0
TXN00008594,CUST000129,2025-04-15 03:19:57.003505,4395.17,USD,US,FR,sucursal,pos,0,Normal,3,1,15,4,5171.594634146341,3069.580435637823,1448.31,14426.04,41,6,4,-0.2529416153683778,3,6,5,2,3,0.0,0,0,0.51526509380108,0,0.9984565681449966,0,0.0,0,0.016986554780114356,0,0.0
TXN00009761,CUST000161,2025-11-05 19:52:57.003505,51.14,EUR,ES,IT,cajero,mobile,0,Normal,19,2,5,11,139.16267857142856,120.75959945266268,10.61,487.09,56,3,4,-0.7289083289566954,1,2,8,1,2,0.0,0,0,0.4508307371717242,0,1.011934706530146,0,0.0,0,0.03420644452862022,0,0.0
TXN00007389,CUST000082,2025-06-16 23:53:57.003505,1348.48,EUR,ES,FR,sucursal,desktop,0,Normal,23,0,16,6,7972.279090909091,6295.064813947002,670.79,24431.66,55,6,4,-1.0522209517496217,1,2,5,2,1,0.0,0,0,0.46877147368500766,0,0.9984696263210852,0,0.0,0,0.0019173544253294707,0,0.0
TXN00005617,CUST000029,2025-07-08 18:23:57.003505,3767.42,GBP,GB,US,cajero,desktop,0,Normal,18,1,8,7,10163.8975,15853.056272274882,1036.43,93521.66,60,11,4,-0.40348544720573504,2,4,14,1,1,0.0,0,0,0.5356209903799635,0,1.0417767884973892,0,0.03497175588639003,1,0.5805234236426882,0,0.0
TXN00007906,CUST000136,2025-12-22 02:47:57.003505,475.76,EUR,FR,ES,app,desktop,0,Normal,2,0,22,12,156.8698245614035,118.19619667695422,10.52,475.76,57,3,4,2.697973214926637,1,3,4,0,1,0.0,0,0,0.5319466640901328,0,1.0873065178173253,0,0.0,0,0.0023705855515791688,0,0.0
TXN00009954,CUST000021,2025-01-23 02:49:57.107482,311.17,EUR,FR,KP,cajero,tablet,1,Fraude,2,3,23,1,2655.973768115942,10838.616564582062,16.24,71242.61,69,5,4,-0.21633792042813355,1,3,9,1,4,1.0,1,0,0.47423409293909335,0,1.0688900245101431,1,0.6033524963577727,0,0.2381799954759995,1,1.0
TXN00001053,CUST000117,2025-09-23 23:31:57.003505,13885.08,EUR,ES,GB,cajero,mobile,0,Normal,23,1,23,9,4614.202641509434,3046.091732833902,1227.93,13885.08,53,6,4,3.043531898765886,1,2,6,1,2,0.0,0,0,0.4947866301457412,0,1.0280183170930504,0,0.0480246234307148,0,0.07650789485370205,0,0.0
TXN00009476,CUST000130,2025-09-20 23:20:57.003505,8993.57,EUR,IT,ES,sucursal,mobile,0,Normal,23,5,20,9,5477.731875,3585.6029816829373,1158.54,14850.38,64,6,4,0.9805430612312978,1,5,4,2,2,0.0,0,0,0.4817105292860936,0,1.0664035854413887,0,0.0,0,0.013126918263750627,0,0.0
TXN00009179,CUST000100,2025-04-15 02:08:57.003505,1045.25,USD,GB,DE,web,pos,0,Normal,2,1,15,4,5226.1033333333335,3597.2253919944915,1045.25,14117.6,48,6,4,-1.1622439176248014,3,4,3,3,3,0.0,0,0,0.4999058598167905,0,0.9953523514907507,0,0.0,0,0.005145779439167186,0,0.0
TXN00003228,CUST000111,2025-09-11 00:50:57.003505,36.17,EUR,ES,IT,cajero,atm,0,Normal,0,3,11,9,149.84564102564102,120.71725075770787,10.45,438.85,39,3,4,-0.941668563278759,1,2,8,1,0,0.0,0,0,0.4881586197806487,0,1.0827267984727151,0,0.0,0,0.03816875385155502,0,0.0
TXN00005705,CUST000185,2025-06-19 00:53:57.003505,847.47,CHF,GB,ES,sucursal,tablet,0,Normal,0,3,19,6,845.7542857142857,659.7552020194057,107.93,2962.75,49,5,4,0.002600531648499662,0,4,4,2,4,0.0,0,0,0.474683503425529,0,1.0910604931103158,0,0.0,0,0.007866593335447066,0,0.0
TXN00006038,CUST000015,2025-03-16 23:18:57.003505,10010.75,EUR,FR,GB,web,tablet,0,Normal,23,6,16,3,16429.753191489363,24433.972081401258,1004.49,91371.5,47,12,4,-0.26270813316156216,1,3,6,3,4,0.0,0,0,0.5607101323291114,0,1.074251846991648,0,0.1512740221936641,0,0.3991543597900639,0,0.0
TXN00008574,CUST000155,2025-10-04 07:24:57.003505,479.44,EUR,IT,IT,sucursal,tablet,0,Normal,7,5,4,10,955.0666666666667,767.1100594112946,122.32,2967.61,45,5,4,-0.620024024208018,1,5,8,2,4,0.0,0,0,0.4639976116846522,0,1.0205904033915294,0,0.0,0,0.043123972604681426,0,0.0
TXN00000279,CUST000085,2025-01-19 23:54:57.003505,375.64,EUR,FR,DE,app,mobile,0,Normal,23,6,19,1,924.8436363636364,611.0956308904902,141.58,2746.59,44,5,4,-0.8987196237430397,1,3,3,0,2,0.0,0,0,0.48440775613271125,0,1.0577188985459585,0,0.0,0,0.01835117276145428,0,0.0
TXN00000999,CUST000165,2025-03-14 20:42:57.003505,570.59,EUR,FR,FR,app,desktop,0,Normal,20,4,14,3,796.1411538461538,546.07482260668,145.49,2657.6,52,5,4,-0.41304074843891897,1,3,5,0,1,0.0,0,0,0.4393295649186845,0,0.969464014271687,0,0.0,0,0.023595216793900795,0,0.0
TXN00002438,CUST000066,2025-06-01 04:31:57.003505,1496.62,EUR,DE,FR,sucursal,mobile,0,Normal,4,6,1,6,951.3685964912281,717.5452787914169,125.37,2987.52,57,5,4,0.7598843151295913,1,1,5,2,2,0.0,0,0,0.46726939661069317,0,1.0318872499631184,0,0.0,0,0.014162777712667026,0,0.0
TXN00007256,CUST000189,2025-09-09 00:31:57.003505,15410.67,EUR,DE,CH,sucursal,desktop,0,Normal,0,1,9,9,7299.777222222222,5820.825465841291,680.44,24792.93,54,6,4,1.3934265550448135,1,1,1,2,1,0.0,0,0,0.4970524208048606,0,1.0789165201191082,0,0.0,0,0.06688843099241673,0,0.0
TXN00001780,CUST000176,2025-07-20 21:52:57.003505,804.87,EUR,ES,FR,app,mobile,0,Normal,21,6,20,7,999.8185454545454,731.9722641436783,123.88,2909.03,55,5,4,-0.26633324066763525,1,2,5,0,2,0.0,0,0,0.4414385706973486,0,0.9799166575953088,0,0.0,0,0.017844230155890966,0,0.0
TXN00004893,CUST000155,2025-03-22 06:35:57.003505,258.06,EUR,IT,ES,cajero,atm,0,Normal,6,5,22,3,955.0666666666667,767.1100594112946,122.32,2967.61,45,5,4,-0.9086136431230726,1,5,4,1,0,0.0,0,0,0.4594804821998251,0,1.0166067188055,0,0.0,0,0.015719797028587647,0,0.0
TXN00004226,CUST000043,2025-11-09 14:04:57.107482,71872.69,EUR,CH,FR,sucursal,desktop,1,Fraude,14,6,9,11,14802.66984375,19505.427795265667,654.06,90854.63,64,10,4,2.9258532933677115,1,0,5,2,1,1.0,1,1,0.6248077236752678,0,0.9959604761456363,1,0.9268481522683998,1,0.9999999932310286,1,1.0
TXN00006676,CUST000093,2025-08-15 06:49:57.003505,2694.33,EUR,FR,GB,web,tablet,0,Normal,6,4,15,8,5332.117045454545,3968.6959699562376,1106.74,14810.24,44,6,4,-0.6646483038152665,1,3,6,3,4,0.0,0,0,0.42063890048054436,0,1.004302412330459,0,0.0,0,0.007614960877006978,0,0.0
TXN00008469,CUST000183,2025-07-23 04:26:57.003505,36.03,EUR,IT,FR,sucursal,mobile,0,Normal,4,2,23,7,130.27577777777776,87.83114664174686,10.48,389.78,45,3,4,-1.0730336595645482,1,5,5,2,2,0.0,0,0,0.4574769401114272,0,0.9974629259639645,0,0.0,0,0.013056672749879162,0,0.0
TXN00007617,CUST000003,2025-11-22 11:12:57.107482,716.3,EUR,ES,FR,sucursal,pos,1,Fraude,11,5,22,11,8320.49358490566,25653.022108616926,14.93,99303.62,53,6,4,-0.2964248638001588,1,2,5,2,3,1.0,1,0,0.4841649422540722,0,1.0374748590835314,1,0.6157701754587159,1,0.7809223492899459,1,1.0
TXN00005564,CUST000140,2025-02-20 07:56:57.003505,635.82,EUR,DE,FR,app,pos,0,Normal,7,3,20,2,680.5558695652173,567.6112813520499,132.76,2321.13,46,5,4,-0.07881427123830624,1,1,5,0,3,0.0,0,0,0.4481235520516193,0,0.9966186194700339,0,0.0,0,0.01895982681438742,0,0.0
TXN00009937,CUST000037,2025-07-25 02:25:57.003505,230.88,EUR,ES,FR,sucursal,pos,0,Normal,2,4,25,7,3344.5771604938273,14448.411660449672,10.52,94457.02,81,9,4,-0.21550446052153918,1,2,5,2,3,0.0,0,0,0.49940351795702526,0,1.0310346043332765,0,0.0246187165775401,1,0.5097231897075702,0,0.0
TXN00005851,CUST000137,2025-07-30 22:42:57.003505,2242.95,EUR,FR,IT,sucursal,desktop,0,Normal,22,2,30,7,911.4923636363636,700.4321115012415,100.69,2786.35,55,5,4,1.9009088998061552,1,3,8,2,1,0.0,0,0,0.4900809876536587,0,1.0349959419425774,0,0.0,0,0.00887474410519882,0,0.0
TXN00001675,CUST000077,2025-03-11 22:22:57.003505,2890.26,USD,CH,CH,app,mobile,0,Normal,22,1,11,3,6464.85641509434,5759.730942651314,662.88,21657.81,53,6,4,-0.6206186452223872,3,0,1,0,2,0.0,0,0,0.5268231757551272,0,1.0398960553861731,0,0.0,0,0.010831493413119904,0,0.0
TXN00005037,CUST000119,2025-08-15 20:57:57.003505,1855.76,EUR,US,US,sucursal,atm,0,Normal,20,4,15,8,5182.4826530612245,3810.198553881289,1035.0,14102.78,49,6,4,-0.8731100506033529,1,6,14,2,0,0.0,0,0,0.5040613737320649,0,1.0422394464390856,0,0.0,0,0.028223575698226238,0,0.0
TXN00004768,CUST000041,2025-12-18 23:37:57.003505,1042.59,EUR,DE,US,web,desktop,0,Normal,23,3,18,12,12242.410327868853,18392.8926295824,1042.59,80913.59,61,9,4,-0.6089210953826036,1,1,14,3,1,0.0,0,0,0.5185672553270336,0,1.0212380383830222,0,0.04476697917887417,0,0.06980604085966806,0,0.0
TXN00009580,CUST000029,2025-11-19 04:48:57.003505,9721.92,USD,GB,GB,web,desktop,0,Normal,4,2,19,11,10163.8975,15853.056272274882,1036.43,93521.66,60,11,4,-0.02787963988654262,3,4,6,3,1,0.0,0,0,0.5318986988549881,0,1.0883108171717606,0,0.18389530325199288,1,0.6422435149241698,0,0.0
TXN00008654,CUST000143,2025-02-18 01:09:57.003505,1880.81,EUR,ES,IT,cajero,mobile,0,Normal,1,1,18,2,5239.2824390243895,3581.701917241844,1357.73,14883.52,41,6,4,-0.9376750259197919,1,2,8,1,2,0.0,0,0,0.45752675543102506,0,1.0466954637499768,0,0.0,0,0.010634584342024165,0,0.0
TXN00003155,CUST000049,2025-08-08 12:46:57.107482,97438.68,EUR,ES,YE,sucursal,tablet,1,Fraude,12,4,8,8,15183.687118644068,29088.486775127054,121.09,99885.0,59,10,4,2.8277508388254375,1,2,15,2,4,1.0,1,1,0.6482957489327812,0,1.0206413443905356,1,0.9872808354155473,1,0.9999999999999978,1,1.0
TXN00001950,CUST000076,2025-09-13 04:37:57.003505,16.86,EUR,ES,FR,cajero,atm,0,Normal,4,5,13,9,157.1376595744681,106.39921381723207,16.86,457.19,47,3,4,-1.3184087853978146,1,2,5,1,0,0.0,0,0,0.4646526569832598,0,1.0049448909787237,0,0.0,0,0.02267688149146438,0,0.0
TXN00003595,CUST000040,2025-07-31 02:28:57.003505,270.2,EUR,IT,IT,app,tablet,0,Normal,2,3,31,7,3874.694230769231,15635.620503928736,12.24,90189.11,78,9,4,-0.23053093605290592,1,5,8,0,4,0.0,0,0,0.5320008783312494,0,1.0680921079829269,0,0.03107291666666667,1,0.7171902609632246,0,0.0
TXN00002615,CUST000056,2025-06-18 04:01:57.003505,161.1,GBP,GB,IT,cajero,pos,0,Normal,4,2,18,6,850.786111111111,607.7213774215593,107.86,2433.3,54,5,4,-1.1348722220410272,2,4,8,1,3,0.0,0,0,0.47778794504602257,0,1.1092655404223326,0,0.0,0,0.04316136468660023,0,0.0
TXN00002444,CUST000014,2025-09-10 08:32:57.003505,1695.28,EUR,IT,DE,cajero,tablet,0,Normal,8,2,10,9,6809.598301886793,18922.663397876047,109.06,89409.3,53,9,4,-0.27027475964036696,1,5,3,1,4,0.0,0,0,0.492351504043493,0,1.0129028943697576,0,0.12706533391842115,1,0.718695900753494,0,0.0
TXN00008878,CUST000073,2025-03-17 07:45:57.003505,105.27,EUR,DE,DE,cajero,desktop,0,Normal,7,0,17,3,870.7014285714286,670.8365566182797,100.07,2635.22,42,5,4,-1.1410103100060558,1,1,3,1,1,0.0,0,0,0.4646021238546107,0,1.0764877301395346,0,0.0,0,0.019857111919256425,0,0.0
TXN00007778,CUST000098,2025-02-27 20:37:57.003505,442.78,EUR,IT,GB,sucursal,tablet,0,Normal,20,3,27,2,859.0164814814815,759.6341295827942,114.41,2894.43,54,5,4,-0.547943364738158,1,5,6,2,4,0.0,0,0,0.4700618569634499,0,1.0314473888567561,0,0.0,0,0.012708623997085436,0,0.0
TXN00003904,CUST000048,2025-04-14 18:40:57.003505,2247.22,EUR,FR,DE,cajero,pos,0,Normal,18,0,14,4,14978.963214285715,24570.676906037716,1239.7,91202.35,56,8,4,-0.5181681913956142,1,3,3,1,3,0.0,0,0,0.4996406218172031,0,0.987599036721806,0,0.0095,0,0.041224020872618214,0,0.0
TXN00004361,CUST000070,2025-04-15 06:41:57.003505,149.43,EUR,ES,IT,sucursal,pos,0,Normal,6,1,15,4,161.0876,115.33640442617927,12.75,451.5,50,3,4,-0.10107476435496696,1,2,8,2,3,0.0,0,0,0.44277003323678477,0,0.9872291798140536,0,0.0,0,0.01393687853760503,0,0.0
TXN00008154,CUST000174,2025-06-25 07:07:57.003505,1172.92,EUR,IT,IT,web,pos,0,Normal,7,2,25,6,953.0994444444445,735.2875712941743,105.45,2963.0,54,5,4,0.2989586167894724,1,5,8,3,3,0.0,0,0,0.4553635931877117,0,1.0326603624222006,0,0.0,0,0.01202961947657639,0,0.0
TXN00009299,CUST000000,2025-11-03 22:01:57.003505,159.16,EUR,DE,GB,web,atm,0,Normal,22,0,3,11,4670.333709677419,14778.584927606773,159.16,93045.57,62,10,4,-0.3052507213288859,1,1,6,3,0,0.0,0,0,0.4988446556548497,0,1.0969527632899716,0,0.0171438263229308,1,0.696745769213066,0,0.0
TXN00005058,CUST000069,2025-01-30 06:37:57.003505,401.35,EUR,FR,FR,web,tablet,0,Normal,6,3,30,1,169.07313725490195,120.3676959236189,15.12,478.18,51,3,4,1.9297275654654487,1,3,5,3,4,0.0,0,0,0.5122204542867244,0,1.1212051642983876,0,0.0,0,0.001473259717022321,0,0.0
TXN00006188,CUST000117,2025-06-21 20:50:57.003505,3984.91,EUR,ES,ES,web,pos,0,Normal,20,5,21,6,4614.202641509434,3046.091732833902,1227.93,13885.08,53,6,4,-0.20659018063037382,1,2,4,3,3,0.0,0,0,0.42774869202998167,0,0.9904769650100869,0,0.0,0,0.005731914868699107,0,0.0
TXN00003381,CUST000022,2025-03-17 03:42:57.107482,23800.42,EUR,IT,CN,web,desktop,1,Fraude,3,0,17,3,10301.100588235295,13087.105408488525,1670.97,67315.05,51,12,4,1.0314977215647174,1,5,2,3,1,1.0,1,1,0.5693300696190946,1,1.2452940950144478,1,0.7382096579112651,1,0.9504927789919296,1,1.0
TXN00001986,CUST000023,2025-02-11 04:19:57.003505,3567.71,EUR,FR,FR,web,atm,0,Normal,4,1,11,2,15815.222833333333,23024.490626082472,808.61,96461.99,60,12,4,-0.5319341492370407,1,3,5,3,0,0.0,0,0,0.5339699355403327,0,1.0208706689932396,0,0.009771428571428572,0,0.04648121562649708,0,0.0
TXN00007303,CUST000128,2025-01-16 06:34:57.003505,3956.49,EUR,FR,IT,sucursal,tablet,0,Normal,6,3,16,1,5858.723846153846,3432.153469589081,1187.74,13901.43,52,6,4,-0.5542391569766707,1,3,8,2,4,0.0,0,0,0.4447575319494758,0,1.0182148523843542,0,0.0,0,0.006990863841539477,0,0.0
TXN00002013,CUST000140,2025-02-19 23:50:57.003505,172.22,EUR,DE,FR,app,atm,0,Normal,23,2,19,2,680.5558695652173,567.6112813520499,132.76,2321.13,46,5,4,-0.89557041124833,1,1,5,0,0,0.0,0,0,0.49080669335938404,0,1.0097466138598366,0,0.0,0,0.02940050797099789,0,0.0
TXN00007314,CUST000108,2025-11-22 19:48:57.003505,276.88,EUR,ES,ES,app,atm,0,Normal,19,5,22,11,161.04898305084745,113.9917943612899,19.95,497.52,59,3,4,1.0161346839220606,1,2,4,0,0,0.0,0,0,0.5001432880347056,0,1.060157724339128,0,0.0,0,0.005077063592486605,0,0.0
TXN00007306,CUST000182,2025-03-25 05:44:57.003505,8252.87,EUR,FR,US,cajero,atm,0,Normal,5,1,25,3,5969.300425531915,3942.2714577699544,1117.5,14812.85,47,6,4,0.5792522403265941,1,3,14,1,0,0.0,0,0,0.48282337058710795,0,1.0365721067078943,0,0.0,0,0.05792546099217483,0,0.0
TXN00001722,CUST000146,2025-12-09 00:32:57.003505,872.94,EUR,IT,DE,sucursal,atm,0,Normal,0,1,9,12,904.4364285714286,643.5872499374547,113.72,2383.09,42,5,4,-0.04893886341836409,1,5,3,2,0,0.0,0,0,0.4887227514730594,0,1.102270354537622,0,0.0,0,0.017498656918539444,0,0.0
TXN00005543,CUST000037,2025-10-31 00:20:57.003505,358.72,EUR,ES,FR,web,atm,0,Normal,0,4,31,10,3344.5771604938273,14448.411660449672,10.52,94457.02,81,9,4,-0.20665642912573567,1,2,5,3,0,0.0,0,0,0.5318135928443601,1,1.2040649670521382,0,0.12722957399416235,0,0.44568608994179004,0,0.0
TXN00006525,CUST000096,2026-01-14 02:40:57.003505,6558.81,EUR,ES,ES,web,pos,0,Normal,2,2,14,1,8049.057142857143,6639.965843385416,600.14,24951.57,49,6,4,-0.22443596515142575,1,2,4,3,3,0.0,0,0,0.4546762538820229,0,1.0039884487344544,0,0.0,0,0.00562402071082087,0,0.0
TXN00009867,CUST000107,2025-02-06 01:34:57.003505,19983.67,EUR,DE,ES,web,tablet,0,Normal,1,3,6,2,8391.43761904762,6394.4847395277075,641.04,24787.14,42,6,4,1.8128485486065489,1,1,4,3,4,0.0,0,0,0.5250964440919059,0,1.1170371250736424,0,0.0,0,0.1978596980199717,0,0.0
TXN00005081,CUST000099,2025-08-26 07:05:57.003505,15.35,EUR,IT,FR,web,pos,0,Normal,7,1,26,8,135.7517777777778,119.34773310276017,10.87,491.1,45,3,4,-1.0088317024444726,1,5,5,3,3,0.0,0,0,0.46966409506275586,0,1.0291460291928822,0,0.0,0,0.010017408899657538,0,0.0
TXN00008400,CUST000077,2025-07-02 18:57:57.003505,2509.3,CHF,CH,FR,web,tablet,0,Normal,18,2,2,7,6464.85641509434,5759.730942651314,662.88,21657.81,53,6,4,-0.6867606236805849,0,0,5,3,4,0.0,0,0,0.5099128949073728,1,1.1883137708664795,0,0.0,0,0.0055645856127486204,0,0.0
TXN00002461,CUST000116,2025-05-18 04:51:57.003505,2846.44,EUR,FR,ES,app,desktop,0,Normal,4,6,18,5,5575.545263157895,3962.8441770423206,1145.06,14589.34,57,6,4,-0.6886733720895623,1,3,4,0,1,0.0,0,0,0.44237880723536743,0,0.9933905539267215,0,0.0,0,0.005542046548245854,0,0.0
TXN00009234,CUST000188,2025-09-22 01:15:57.003505,3533.66,EUR,IT,DE,sucursal,atm,0,Normal,1,0,22,9,4936.442647058823,3552.9495258458055,1054.79,14763.77,34,6,4,-0.39482200252480615,1,5,3,2,0,0.0,0,0,0.49710692122653344,0,1.1371983809067445,0,0.0,0,0.008654526248211392,0,0.0
TXN00009677,CUST000100,2025-07-13 23:01:57.003505,1667.9,USD,GB,ES,cajero,atm,0,Normal,23,6,13,7,5226.1033333333335,3597.2253919944915,1045.25,14117.6,48,6,4,-0.9891521783046587,3,4,4,1,0,0.0,0,0,0.49464481091445023,0,1.022960955080163,0,0.0,0,0.012100348738753788,0,0.0
TXN00006889,CUST000088,2025-03-16 20:45:57.003505,290.56,EUR,DE,DE,web,desktop,0,Normal,20,6,16,3,999.984909090909,775.2614145011627,168.78,2889.91,55,5,4,-0.9150783141094491,1,1,3,3,1,0.0,0,0,0.4773896610794197,0,1.0113949363497867,0,0.0,0,0.009149033359746189,0,0.0
TXN00007829,CUST000107,2025-12-24 21:41:57.003505,8535.22,EUR,DE,FR,app,desktop,0,Normal,21,2,24,12,8391.43761904762,6394.4847395277075,641.04,24787.14,42,6,4,0.022485374003803477,1,1,5,0,1,0.0,0,0,0.4878567716295249,0,1.091927524090233,0,0.008735632183908043,0,0.017571329984740067,0,0.0
TXN00004172,CUST000002,2025-10-21 21:03:57.003505,326.3,EUR,ES,FR,app,atm,0,Normal,21,1,21,10,5083.588301886793,15511.3779006517,21.06,83708.16,53,7,4,-0.3066966927148504,1,2,5,0,0,0.0,0,0,0.46519926369622916,0,1.0801718567009984,0,0.07966212162934917,1,0.5049798762624317,0,0.0
TXN00008532,CUST000087,2025-03-24 22:55:57.003505,338.54,EUR,ES,FR,sucursal,mobile,0,Normal,22,0,24,3,1085.5852631578948,805.6519024148467,125.39,2969.7,57,5,4,-0.9272556298712372,1,2,5,2,2,0.0,0,0,0.45256454794557466,0,0.9841975698465332,0,0.0,0,0.012480864512041586,0,0.0
TXN00007267,CUST000166,2026-01-08 00:12:57.003505,3927.21,USD,GB,ES,app,mobile,0,Normal,0,3,8,1,5381.796428571428,3789.6021120618175,1121.03,14682.41,56,6,4,-0.3838361878567224,3,4,4,0,2,0.0,0,0,0.49764971722406326,0,1.0273995234393756,0,0.0,0,0.018028269323525425,0,0.0
TXN00001820,CUST000009,2025-03-09 00:12:57.003505,5965.15,EUR,FR,DE,web,tablet,0,Normal,0,6,9,3,17673.34349206349,20853.679531958067,673.65,79519.37,63,12,4,-0.5614449705894515,1,3,3,3,4,0.0,0,0,0.555148628223535,0,1.0896322427830782,0,0.025171768707482993,0,0.006446983648952263,0,0.0
TXN00001048,CUST000086,2025-10-15 04:34:57.003505,3056.64,EUR,ES,GB,web,tablet,0,Normal,4,2,15,10,5910.098163265306,4295.407110007479,1124.83,14315.23,49,6,4,-0.6643044744124458,1,2,6,3,4,0.0,0,0,0.4316550355643152,0,0.9891551299398719,0,0.0,0,0.006126043427326921,0,0.0
TXN00000476,CUST000048,2025-10-17 02:04:57.003505,4464.33,EUR,FR,GB,sucursal,desktop,0,Normal,2,4,17,10,14978.963214285715,24570.676906037716,1239.7,91202.35,56,8,4,-0.42793421011832344,1,3,6,2,1,0.0,0,0,0.48299578126595805,0,0.9955970704200297,0,0.0,0,0.09595731598188083,0,0.0
TXN00001371,CUST000185,2025-08-24 04:31:57.003505,728.99,USD,GB,IT,web,pos,0,Normal,4,6,24,8,845.7542857142857,659.7552020194057,107.93,2962.75,49,5,4,-0.17698122755213996,3,4,8,3,3,0.0,0,0,0.4974521460062435,0,0.9964293047814584,0,0.0,0,0.027165600675161727,0,0.0
TXN00004448,CUST000027,2025-08-21 21:07:57.003505,118.2,EUR,FR,ES,cajero,pos,0,Normal,21,3,21,8,4851.360625,18687.684437621316,10.99,94066.9,64,5,4,-0.25327699857870617,1,3,4,1,3,0.0,0,0,0.4514391603935933,0,0.9916123598187448,0,0.02266408919259126,1,0.5585871961394052,0,0.0
TXN00008446,CUST000023,2025-02-22 22:36:57.003505,6003.59,EUR,FR,FR,sucursal,tablet,0,Normal,22,5,22,2,15815.222833333333,23024.490626082472,808.61,96461.99,60,12,4,-0.426138974896254,1,3,5,2,4,0.0,0,0,0.5348455352224076,0,1.0072044290211015,0,0.0381610408378339,0,0.08672581335386446,0,0.0
TXN00006878,CUST000176,2026-01-08 02:13:57.003505,666.97,EUR,ES,ES,web,desktop,0,Normal,2,3,8,1,999.8185454545454,731.9722641436783,123.88,2909.03,55,5,4,-0.45472835694015096,1,2,4,3,1,0.0,0,0,0.4394375726751617,0,0.9911505910543983,0,0.0,0,0.011016093517215216,0,0.0
TXN00004186,CUST000021,2025-08-04 01:23:57.003505,97.8,EUR,FR,IT,cajero,tablet,0,Normal,1,0,4,8,2655.973768115942,10838.616564582062,16.24,71242.61,69,5,4,-0.2360240121640064,1,3,8,1,4,0.0,0,0,0.48350234850256946,0,1.035840455843441,0,0.0,0,0.3576998877079175,0,0.0
TXN00003729,CUST000079,2025-07-17 23:22:57.003505,2062.81,EUR,FR,GB,sucursal,desktop,0,Normal,23,3,17,7,8145.75744680851,6052.306858239896,540.85,22648.11,47,6,4,-1.005062629552868,1,3,6,2,1,0.0,0,0,0.4516123841616638,0,0.9841388030803969,0,0.0,0,0.0024569756029423646,0,0.0
TXN00001912,CUST000117,2025-12-14 02:40:57.003505,3763.44,EUR,ES,DE,web,desktop,0,Normal,2,6,14,12,4614.202641509434,3046.091732833902,1227.93,13885.08,53,6,4,-0.2792964611208997,1,2,3,3,1,0.0,0,0,0.45555917659917405,0,1.020464646994687,0,0.0,0,0.005950439018857949,0,0.0
TXN00005451,CUST000165,2026-01-10 23:40:57.003505,235.97,EUR,FR,IT,app,tablet,0,Normal,23,5,10,1,796.1411538461538,546.07482260668,145.49,2657.6,52,5,4,-1.0258139171228793,1,3,8,0,4,0.0,0,0,0.4834510612688305,0,1.0318292295267106,0,0.0,0,0.04748388506364174,0,0.0
TXN00005971,CUST000047,2025-12-28 04:18:57.003505,12463.02,EUR,ES,CH,sucursal,desktop,0,Normal,4,6,28,12,14563.28859375,20712.60540698934,564.29,99973.8,64,9,4,-0.10140050236943518,1,2,1,2,1,0.0,0,0,0.533791773222468,0,1.0568973827239188,0,0.18137526126868217,0,0.1291534750866918,0,0.0
TXN00009223,CUST000174,2025-02-25 18:12:57.003505,1672.6,EUR,IT,ES,cajero,mobile,0,Normal,18,1,25,2,953.0994444444445,735.2875712941743,105.45,2963.0,54,5,4,0.9785294661116578,1,5,4,1,2,0.0,0,0,0.4729401341738333,0,1.0316276968058473,0,0.0,0,0.008044151973085587,0,0.0
TXN00007081,CUST000022,2025-08-08 22:23:57.003505,2144.64,EUR,IT,GB,app,desktop,0,Normal,22,4,8,8,10301.100588235295,13087.105408488525,1670.97,67315.05,51,12,4,-0.6232440507678365,1,5,6,0,1,0.0,0,0,0.5168646158432605,0,1.0451089492338546,0,0.018656626506024093,0,0.08508262239326743,0,0.0
TXN00007723,CUST000030,2025-09-15 03:26:57.003505,144.57,CHF,GB,DE,cajero,tablet,0,Normal,3,0,15,9,5147.489833333334,15805.705911525396,117.06,96740.03,60,7,4,-0.3165261875060397,0,4,3,1,4,0.0,0,0,0.5019857544051306,0,1.1170798880828825,0,0.0,0,0.29374725313450906,0,0.0
TXN00009645,CUST000005,2025-05-28 18:23:57.003505,428.56,EUR,GB,ES,web,pos,0,Normal,18,2,28,5,2003.046231884058,5943.958813233152,101.43,49162.75,69,9,4,-0.26488848275897536,1,4,4,3,3,0.0,0,0,0.4771276125310299,0,1.0285863108621016,0,0.05983399305759598,0,0.06357075701579554,0,0.0
TXN00006514,CUST000026,2025-04-13 01:04:57.003505,105.96,EUR,FR,IT,web,desktop,0,Normal,1,6,13,4,7883.520307692308,20808.794176314088,16.14,93951.45,65,7,4,-0.3737631427087431,1,3,8,3,1,0.0,0,0,0.49649695921365566,0,1.0204472715528459,0,0.0,0,0.41363960101679315,0,0.0
TXN00009825,CUST000014,2025-08-10 08:33:57.003505,2308.47,EUR,IT,DE,sucursal,tablet,0,Normal,8,6,10,8,6809.598301886793,18922.663397876047,109.06,89409.3,53,9,4,-0.23786970190222517,1,5,3,2,4,0.0,0,0,0.49921486727271897,0,1.0509376769108782,0,0.12856151263996327,1,0.6995430023899986,0,0.0
TXN00000800,CUST000144,2025-11-27 21:28:57.003505,719.58,EUR,DE,GB,app,pos,0,Normal,21,3,27,11,1031.58,698.9801338879382,106.4,2623.56,41,5,4,-0.44636461671406485,1,1,6,0,3,0.0,0,0,0.48096338501639313,0,1.052864594908102,0,0.0,0,0.026317116985842506,0,0.0
TXN00001490,CUST000110,2025-01-19 07:36:57.003505,303.27,EUR,ES,FR,app,atm,0,Normal,7,6,19,1,182.09387755102043,131.0415090377906,13.74,460.63,49,3,4,0.9247155532169463,1,2,5,0,0,0.0,0,0,0.5013317949430344,0,1.0393561249849228,0,0.0,0,0.006199513588508897,0,0.0
TXN00007363,CUST000116,2025-03-09 03:54:57.003505,2297.52,EUR,FR,FR,sucursal,tablet,0,Normal,3,6,9,3,5575.545263157895,3962.8441770423206,1145.06,14589.34,57,6,4,-0.8271900473203233,1,3,5,2,4,0.0,0,0,0.4428747507074504,0,1.016940394152637,0,0.0,0,0.004752486775320634,0,0.0
TXN00004901,CUST000103,2025-02-08 08:05:57.003505,12135.65,EUR,ES,IT,sucursal,mobile,0,Normal,8,5,8,2,5214.038510638298,3364.444087380351,1126.94,12261.04,47,6,4,2.0572823644971843,1,2,8,2,2,0.0,0,0,0.47643843075677256,0,1.0151174465954989,0,0.009743589743589744,0,0.07293241135683953,0,0.0
TXN00001828,CUST000051,2025-06-22 05:29:57.003505,936.39,EUR,DE,FR,app,tablet,0,Normal,5,6,22,6,819.4428260869565,649.2779453436051,154.15,2996.29,46,5,4,0.18011881440241267,1,1,5,0,4,0.0,0,0,0.46183068325196436,0,1.0218986859337438,0,0.0,0,0.01616470763510783,0,0.0
TXN00000372,CUST000155,2025-11-06 07:57:57.003505,521.77,EUR,IT,IT,app,tablet,0,Normal,7,3,6,11,955.0666666666667,767.1100594112946,122.32,2967.61,45,5,4,-0.5648428941661251,1,5,8,0,4,0.0,0,0,0.4703039561023743,0,1.0204597499701977,0,0.0,0,0.06145726561216641,0,0.0
TXN00000386,CUST000056,2025-10-20 21:12:57.003505,721.67,EUR,GB,ES,sucursal,atm,0,Normal,21,0,20,10,850.786111111111,607.7213774215593,107.86,2433.3,54,5,4,-0.21245938631690994,1,4,4,2,0,0.0,0,0,0.4501431915430723,0,0.9961856843227089,0,0.0,0,0.013263713264373696,0,0.0
TXN00006578,CUST000110,2025-02-12 02:20:57.003505,310.38,EUR,ES,IT,web,atm,0,Normal,2,2,12,2,182.09387755102043,131.0415090377906,13.74,460.63,49,3,4,0.9789731697382271,1,2,8,3,0,0.0,0,0,0.4829263279403536,0,1.0174537088257665,0,0.0,0,0.007213266622945146,0,0.0
TXN00005574,CUST000058,2026-01-11 21:39:57.003505,2412.43,EUR,FR,IT,web,desktop,0,Normal,21,6,11,1,5591.0198,3793.973079900562,1030.04,14421.18,50,6,4,-0.8377997767041377,1,3,8,3,1,0.0,0,0,0.4640858629355493,0,1.0301119026029606,0,0.0,0,0.00722049589907801,0,0.0
TXN00009728,CUST000132,2025-02-13 21:55:57.003505,13400.51,EUR,ES,FR,cajero,mobile,0,Normal,21,3,13,2,4842.353035714286,3440.9431400374256,1071.04,14203.76,56,6,4,2.48715442641853,1,2,5,1,2,0.0,0,0,0.4922881975615686,0,1.0188761383571698,0,0.0,0,0.07678126282848044,0,0.0
TXN00008657,CUST000055,2026-01-11 04:26:57.003505,19628.1,USD,CH,GB,web,tablet,0,Normal,4,6,11,1,7358.3737037037035,4642.129487846006,544.87,19628.1,54,6,4,2.643124524160235,3,0,6,3,4,0.0,0,1,0.5745111631535238,1,1.1985002137368872,0,0.0,0,0.1824453513210454,0,0.0
TXN00007888,CUST000051,2025-03-30 19:55:57.003505,405.83,EUR,DE,DE,cajero,tablet,0,Normal,19,6,30,3,819.4428260869565,649.2779453436051,154.15,2996.29,46,5,4,-0.6370350762969978,1,1,3,1,4,0.0,0,0,0.49097672999038905,0,1.067758828218512,0,0.0,0,0.009972367033048483,0,0.0
TXN00001054,CUST000082,2025-10-19 20:26:57.003505,1893.17,EUR,ES,US,web,mobile,0,Normal,20,6,19,10,7972.279090909091,6295.064813947002,670.79,24431.66,55,6,4,-0.9656944399483948,1,2,14,3,2,0.0,0,0,0.4992079370036635,0,1.0183122372824256,0,0.0,0,0.006361687274179913,0,0.0
TXN00003938,CUST000121,2025-07-01 21:03:57.003505,303.39,EUR,ES,GB,sucursal,pos,0,Normal,21,1,1,7,981.1530612244898,662.239680117164,101.46,2575.07,49,5,4,-1.0234407278058884,1,2,6,2,3,0.0,0,0,0.4556506853374721,0,0.9929722302567814,0,0.0,0,0.03846579660660105,0,0.0
TXN00005091,CUST000187,2025-01-28 01:42:57.003505,3751.21,CHF,GB,IT,cajero,tablet,0,Normal,1,1,28,1,4876.589272727273,3027.9590817394396,1272.52,14739.26,55,6,4,-0.371662642055627,0,4,8,1,4,0.0,0,0,0.5010036925433616,0,1.1499742806603472,0,0.0,0,0.006254563042102848,0,0.0
TXN00001971,CUST000091,2025-10-27 01:59:57.003505,5183.47,GBP,GB,US,app,desktop,0,Normal,1,0,27,10,7200.981951219513,5225.722639258717,656.16,24278.3,41,6,4,-0.3860732936104754,2,4,14,0,1,0.0,0,0,0.5462467662911332,0,1.1508417030337657,0,0.0,0,0.0440266113677645,0,0.0
TXN00000284,CUST000080,2025-02-02 01:24:57.003505,151.64,EUR,ES,IT,sucursal,pos,0,Normal,1,6,2,2,146.3564,118.60946270815987,13.78,474.86,50,3,4,0.0445461924775273,1,2,8,2,3,0.0,0,0,0.4761462932173525,0,1.0464576927934999,0,0.01,0,0.01638394182279841,0,0.0
TXN00004345,CUST000000,2025-10-11 00:27:57.003505,773.16,EUR,DE,DE,sucursal,mobile,0,Normal,0,5,11,10,4670.333709677419,14778.584927606773,159.16,93045.57,62,10,4,-0.26370411839185603,1,1,3,2,2,0.0,0,0,0.47612811883801315,0,0.9764185540831656,0,0.00890625,1,0.556156319268045,0,0.0
TXN00005179,CUST000104,2025-11-06 23:32:57.003505,699.73,EUR,ES,FR,sucursal,atm,0,Normal,23,3,6,11,878.7486666666667,742.4299771714012,115.19,2937.85,45,5,4,-0.24112532081151705,1,2,5,2,0,0.0,0,0,0.4541563191356678,0,1.0213048033548746,0,0.0,0,0.02890361565879276,0,0.0
TXN00008709,CUST000026,2025-08-30 01:03:57.003505,153.88,EUR,FR,IT,sucursal,desktop,0,Normal,1,5,30,8,7883.520307692308,20808.794176314088,16.14,93951.45,65,7,4,-0.3714602702024523,1,3,8,2,1,0.0,0,0,0.49253351850912874,0,1.0163674522468844,0,0.0,0,0.3630122155974522,0,0.0
TXN00006692,CUST000059,2025-10-23 19:10:57.003505,23.89,EUR,FR,ES,web,desktop,0,Normal,19,3,23,10,141.4556862745098,127.69645729236034,11.48,485.42,51,3,4,-0.9206652075294351,1,3,4,3,1,0.0,0,0,0.4434886622277149,0,0.9959906876344109,0,0.0,0,0.00865329103124818,0,0.0
TXN00007529,CUST000041,2025-07-19 23:07:57.003505,6628.65,EUR,DE,DE,cajero,pos,0,Normal,23,5,19,7,12242.410327868853,18392.8926295824,1042.59,80913.59,61,9,4,-0.30521356486008566,1,1,3,1,3,0.0,0,0,0.4942182641716027,0,0.9956919992491347,0,0.035725529847935124,0,0.09453918479252287,0,0.0
TXN00005251,CUST000094,2025-03-16 19:24:57.003505,796.07,GBP,GB,DE,cajero,tablet,0,Normal,19,6,16,3,7811.610638297872,6082.503451203796,699.35,22965.89,47,6,4,-1.1533969020200097,2,4,3,1,4,0.0,0,0,0.5016250940442561,1,1.169941542601658,0,0.0,0,0.0019344966682422295,0,0.0
TXN00002036,CUST000027,2025-08-30 22:46:57.107482,94066.9,EUR,FR,IT,sucursal,desktop,1,Fraude,22,5,30,8,4851.360625,18687.684437621316,10.99,94066.9,64,5,4,4.7740285677459715,1,3,8,2,1,1.0,1,1,0.5870930840669661,0,1.0269586314403727,1,0.904873414801196,1,0.9999999999999831,1,1.0
TXN00009187,CUST000047,2025-05-24 00:39:57.107482,46867.04,EUR,ES,RU,cajero,mobile,1,Fraude,0,5,24,5,14563.28859375,20712.60540698934,564.29,99973.8,64,9,4,1.5596179606545144,1,2,12,1,2,1.0,1,1,0.5809034524092287,0,1.0083947703510734,1,0.9285612456749837,1,0.9999902391191448,1,1.0
TXN00009611,CUST000027,2025-08-13 02:17:57.003505,152.58,EUR,FR,IT,web,atm,0,Normal,2,2,13,8,4851.360625,18687.684437621316,10.99,94066.9,64,5,4,-0.2514372842945251,1,3,8,3,0,0.0,0,0,0.48583294641691777,0,1.0172221007435729,0,0.01,1,0.6604712818214614,0,0.0
TXN00009641,CUST000082,2026-01-11 21:31:57.003505,5316.46,EUR,ES,GB,app,tablet,0,Normal,21,6,11,1,7972.279090909091,6295.064813947002,670.79,24431.66,55,6,4,-0.4218890780287303,1,2,6,0,4,0.0,0,0,0.47544462194343606,0,1.0476460893163797,0,0.0,0,0.008760316525971347,0,0.0
TXN00002657,CUST000160,2025-10-13 23:03:57.003505,877.29,EUR,DE,DE,sucursal,tablet,0,Normal,23,0,13,10,904.2335714285715,637.0384111964836,114.49,2851.37,56,5,4,-0.042295049894512896,1,1,3,2,4,0.0,0,0,0.48438234828480636,0,1.0076434191634873,0,0.0,0,0.012200807421734145,0,0.0
TXN00001213,CUST000016,2025-11-27 01:32:57.003505,930.59,EUR,IT,DE,sucursal,mobile,0,Normal,1,3,27,11,4814.0977192982455,14760.960342710358,109.06,82531.17,57,9,4,-0.2630931612083767,1,5,3,2,2,0.0,0,0,0.46758379915714915,0,1.033282186295969,0,0.008444444444444442,0,0.3917720763602121,0,0.0
TXN00001106,CUST000159,2025-09-14 19:55:57.003505,4739.71,USD,GB,US,web,pos,0,Normal,19,6,14,9,5364.320277777778,2907.7495496055617,1837.52,14914.47,36,6,4,-0.2148088296145374,3,4,14,3,3,0.0,0,0,0.5412146020733695,1,1.1783708234972106,0,0.0061290322580645155,0,0.06112017886102839,0,0.0
TXN00005764,CUST000168,2025-03-02 04:50:57.003505,796.9,EUR,IT,ES,web,pos,0,Normal,4,6,2,3,805.7724074074074,573.1593417914204,118.62,2763.92,54,5,4,-0.015479826891064391,1,5,4,3,3,0.0,0,0,0.4736733170730297,0,1.0398462917164282,0,0.0,0,0.01205704051081379,0,0.0
TXN00008397,CUST000135,2025-03-29 07:43:57.003505,286.47,EUR,ES,FR,app,tablet,0,Normal,7,5,29,3,1076.0898113207547,785.7308155211804,135.69,2994.76,53,5,4,-1.00494952561081,1,2,5,0,4,0.0,0,0,0.4573787369008555,0,1.0018580860681592,0,0.0,0,0.014071237270994161,0,0.0
TXN00008546,CUST000071,2025-03-25 18:30:57.003505,6672.53,EUR,FR,US,app,desktop,0,Normal,18,1,25,3,8737.374901960784,6519.461954884734,915.99,24253.24,51,6,4,-0.3167201397803956,1,3,14,0,1,0.0,0,0,0.49709527894832567,0,1.003088242834861,0,0.0,0,0.02324667874829083,0,0.0
TXN00000997,CUST000141,2025-06-22 18:55:57.003505,199.14,EUR,GB,GB,app,pos,0,Normal,18,6,22,6,881.8225000000001,797.0668304624176,106.03,2971.69,48,5,4,-0.856493424456578,1,4,6,0,3,0.0,0,0,0.45638631275119884,0,0.9981021269700106,0,0.0,0,0.026913608133679524,0,0.0
TXN00007309,CUST000083,2025-10-06 05:49:57.003505,49.92,EUR,ES,FR,web,mobile,0,Normal,5,0,6,10,158.37742857142857,131.01619648393864,23.45,495.8,70,3,4,-0.8278169467154962,1,2,5,3,2,0.0,0,0,0.4903406057477866,0,1.091599934362876,0,0.0,0,0.010417876197721436,0,0.0
TXN00000675,CUST000074,2025-07-13 21:14:57.003505,11211.87,EUR,IT,ES,web,tablet,0,Normal,21,6,13,7,5339.021777777778,3544.830265405901,1289.22,14680.96,45,6,4,1.656736086316679,1,5,4,3,4,0.0,0,0,0.5037549828188872,0,1.060847367171799,0,0.0,0,0.03076687388731336,0,0.0
TXN00000031,CUST000180,2025-10-23 05:59:57.003505,394.28,CHF,GB,IT,sucursal,mobile,0,Normal,5,3,23,10,934.9624,733.4398987565374,127.9,2829.87,50,5,4,-0.7371870553803761,0,4,8,2,2,0.0,0,0,0.46487819152946785,0,1.0794942822851314,0,0.0,0,0.017498112508010946,0,0.0
TXN00001169,CUST000042,2025-02-25 01:52:57.003505,4751.42,EUR,ES,GB,app,mobile,0,Normal,1,1,25,2,10704.279047619048,15707.05132958625,1001.04,76105.74,63,9,4,-0.37899277988778707,1,2,6,0,2,0.0,0,0,0.4968737738787014,0,0.9998793254742262,0,0.028752845919512583,0,0.06887757559191052,0,0.0
TXN00000017,CUST000028,2025-02-04 03:02:57.107482,462.6,EUR,ES,YE,app,mobile,1,Fraude,3,1,4,2,4253.581489361702,17241.301652205857,19.11,90310.44,47,6,4,-0.219877916738195,1,2,15,0,2,0.0,0,0,0.5253670612065168,0,1.1005862542381724,1,0.5267244588655148,1,0.9557567314224589,0,0.0
TXN00008070,CUST000118,2025-07-29 01:53:57.003505,4501.67,EUR,DE,FR,app,atm,0,Normal,1,1,29,7,7784.2775,6565.419604910623,714.7,24795.08,44,6,4,-0.4999844179105903,1,1,5,0,0,0.0,0,0,0.49104348325242864,0,1.0535720077928707,0,0.006785714285714285,0,0.006359158385360887,0,0.0
TXN00004205,CUST000170,2025-06-27 04:01:57.003505,24700.95,CHF,US,FR,app,atm,0,Normal,4,4,27,6,8912.418965517241,6940.298442880395,530.84,24700.95,58,6,4,2.274906643013931,0,6,5,0,0,0.0,0,1,0.5956005614022223,1,1.1768704041551472,0,0.0,0,0.3718824583777582,0,0.0
TXN00004054,CUST000148,2025-11-28 20:32:57.003505,4909.15,EUR,ES,US,cajero,pos,0,Normal,20,4,28,11,4870.1898,2933.4540342801783,1010.54,12132.54,50,6,4,0.013281339857871128,1,2,14,1,3,0.0,0,0,0.476243480259795,0,0.9854951125692407,0,0.01,0,0.03670060993974728,0,0.0
TXN00000320,CUST000138,2025-12-08 19:03:57.003505,1957.47,EUR,FR,FR,app,pos,0,Normal,19,0,8,12,5327.873421052632,3712.6738556531113,1167.12,14039.05,38,6,4,-0.9078102605250038,1,3,5,0,3,0.0,0,0,0.4852093107751477,0,1.079326675910088,0,0.0,0,0.016522262478754053,0,0.0
TXN00008475,CUST000065,2025-12-26 06:09:57.003505,863.09,EUR,DE,DE,sucursal,atm,0,Normal,6,4,26,12,923.64,646.6474119934588,157.06,2903.34,38,5,4,-0.09363680853481192,1,1,3,2,0,0.0,0,0,0.49316185877911517,0,1.0388472550699266,0,0.0,0,0.010895814556369848,0,0.0
TXN00008717,CUST000171,2025-02-08 23:33:57.003505,5705.57,EUR,IT,GB,cajero,mobile,0,Normal,23,5,8,2,5145.970204081633,3309.986413680884,1048.73,12932.63,49,6,4,0.1690640763467659,1,5,6,1,2,0.0,0,0,0.46649659385326897,0,1.024293947249781,0,0.0,0,0.02005412856191979,0,0.0
TXN00009036,CUST000137,2025-12-29 23:58:57.003505,527.28,EUR,FR,ES,cajero,mobile,0,Normal,23,0,29,12,911.4923636363636,700.4321115012415,100.69,2786.35,55,5,4,-0.5485361918435495,1,3,4,1,2,0.0,0,0,0.4803057157607818,0,1.0453874925142121,0,0.0,0,0.01360031340946258,0,0.0
TXN00000799,CUST000189,2025-05-20 17:03:57.003505,823.68,EUR,DE,US,cajero,atm,0,Normal,17,1,20,5,7299.777222222222,5820.825465841291,680.44,24792.93,54,6,4,-1.112573682051408,1,1,14,1,0,0.0,0,0,0.4964402140705611,0,0.9953721221787972,0,0.01770101107366394,0,0.009264026133013492,0,0.0
TXN00003944,CUST000000,2025-07-23 00:40:57.003505,1956.18,EUR,DE,DE,app,desktop,0,Normal,0,2,23,7,4670.333709677419,14778.584927606773,159.16,93045.57,62,10,4,-0.18365450567758057,1,1,3,0,1,0.0,0,0,0.4796034941876107,0,0.9963053797096867,0,0.1109086535077538,1,0.6526666089299686,0,0.0
TXN00002935,CUST000021,2025-04-19 21:33:57.003505,230.86,EUR,FR,IT,app,mobile,0,Normal,21,5,19,4,2655.973768115942,10838.616564582062,16.24,71242.61,69,5,4,-0.223747537653179,1,3,8,0,2,0.0,0,0,0.47832391325030893,0,1.0295591746427712,0,0.050477454333198446,0,0.29669994339415273,0,0.0
TXN00003891,CUST000181,2025-05-13 08:13:57.003505,127.25,EUR,IT,IT,web,pos,0,Normal,8,1,13,5,859.3886956521739,767.5902422592371,109.88,2932.89,46,5,4,-0.9538144890214684,1,5,8,3,3,0.0,0,0,0.46388440297082784,0,1.005315394250297,0,0.0,0,0.02991454948483815,0,0.0
TXN00005432,CUST000015,2025-07-07 21:34:57.003505,11024.34,EUR,FR,US,cajero,desktop,0,Normal,21,0,7,7,16429.753191489363,24433.972081401258,1004.49,91371.5,47,12,4,-0.22122531585368593,1,3,14,1,1,0.0,0,1,0.5701792569407023,0,1.0503447356094242,0,0.4114678174223379,1,0.8890293823084329,0,0.0
TXN00003340,CUST000084,2025-10-09 03:13:57.003505,89.19,EUR,ES,IT,app,mobile,0,Normal,3,3,9,10,147.96942857142858,102.41184253992486,13.22,384.01,70,3,4,-0.5739514741623966,1,2,8,0,2,0.0,0,0,0.4855101430286374,0,1.1150092874842596,0,0.0,0,0.02192094954599595,0,0.0
TXN00000562,CUST000173,2025-04-04 08:13:57.003505,5078.47,EUR,DE,IT,web,desktop,0,Normal,8,4,4,4,5416.205952380952,3884.0417916518163,1118.22,14676.84,42,6,4,-0.08695476784516364,1,1,8,3,1,0.0,0,0,0.45315199795925787,0,1.0158136729472593,0,0.0,0,0.022442618828723886,0,0.0
TXN00006897,CUST000073,2025-12-17 07:22:57.003505,779.33,EUR,DE,DE,web,tablet,0,Normal,7,2,17,12,870.7014285714286,670.8365566182797,100.07,2635.22,42,5,4,-0.1362052016005675,1,1,3,3,4,0.0,0,0,0.4620397409141955,0,1.0441143936113777,0,0.0,0,0.01149813218868375,0,0.0
TXN00001102,CUST000070,2025-11-06 02:23:57.003505,54.64,EUR,ES,FR,sucursal,mobile,0,Normal,2,3,6,11,161.0876,115.33640442617927,12.75,451.5,50,3,4,-0.9229314855675079,1,2,5,2,2,0.0,0,0,0.44740548430497584,0,0.9789927011211372,0,0.0,0,0.018944534740633078,0,0.0
TXN00004502,CUST000004,2025-05-24 21:10:57.003505,6044.7,EUR,DE,DE,app,mobile,0,Normal,21,5,24,5,14062.081549295775,19520.768114931096,601.38,95541.67,71,12,4,-0.4107103522608165,1,1,3,0,2,0.0,0,0,0.5482755780897992,0,1.0382773092048345,0,0.01,0,0.06391460624186379,0,0.0
TXN00005868,CUST000165,2025-10-12 02:43:57.003505,464.36,EUR,FR,ES,cajero,tablet,0,Normal,2,6,12,10,796.1411538461538,546.07482260668,145.49,2657.6,52,5,4,-0.6075745291731761,1,3,4,1,4,0.0,0,0,0.4451831680747028,0,0.9929618840066354,0,0.0,0,0.01840627874753947,0,0.0
TXN00007696,CUST000158,2025-10-28 21:26:57.003505,723.08,USD,GB,ES,web,mobile,0,Normal,21,1,28,10,800.725,537.8160320696686,170.04,2304.86,44,5,4,-0.14437092839502957,3,4,4,3,2,0.0,0,0,0.5016330896103134,0,1.0520538954431302,0,0.0,0,0.018047452701744588,0,0.0
TXN00006064,CUST000073,2025-03-06 06:05:57.003505,858.62,EUR,DE,DE,cajero,pos,0,Normal,6,3,6,3,870.7014285714286,670.8365566182797,100.07,2635.22,42,5,4,-0.018009496403001844,1,1,3,1,3,0.0,0,0,0.44046470852159464,0,1.0196620535238403,0,0.0,0,0.01852351858481518,0,0.0
TXN00004580,CUST000028,2025-09-01 23:10:57.003505,148.72,EUR,ES,IT,app,atm,0,Normal,23,0,1,9,4253.581489361702,17241.301652205857,19.11,90310.44,47,6,4,-0.23808303873614098,1,2,8,0,0,0.0,0,0,0.5032598201600385,1,1.2278598019839992,0,0.07477071595914302,1,0.9077635167189575,0,0.0
TXN00008723,CUST000077,2025-05-28 18:57:57.003505,1481.38,GBP,CH,US,app,desktop,0,Normal,18,2,28,5,6464.85641509434,5759.730942651314,662.88,21657.81,53,6,4,-0.8652272934011608,2,0,14,0,1,0.0,0,0,0.5410313896920854,0,1.1249694986370176,0,0.0,0,0.024318617385490626,0,0.0
TXN00001248,CUST000100,2025-11-24 22:45:57.003505,5510.52,USD,GB,IT,cajero,tablet,0,Normal,22,0,24,11,5226.1033333333335,3597.2253919944915,1045.25,14117.6,48,6,4,0.0790655673732765,3,4,8,1,4,0.0,0,0,0.5203984450638406,0,1.0443321487695107,0,0.0,0,0.041704355650166614,0,0.0
TXN00009824,CUST000015,2025-10-08 21:06:57.003505,11647.87,EUR,FR,US,cajero,pos,0,Normal,21,2,8,10,16429.753191489363,24433.972081401258,1004.49,91371.5,47,12,4,-0.19570633769093757,1,3,14,1,3,1.0,1,0,0.5592574680988023,0,1.066301601203728,1,0.5815701228525572,1,0.9060204325093462,1,1.0
TXN00007677,CUST000178,2025-05-28 05:38:57.003505,152.3,EUR,ES,ES,app,atm,0,Normal,5,2,28,5,161.7709523809524,128.74485480241623,12.77,487.7,42,3,4,-0.07356373442592054,1,2,4,0,0,0.0,0,0,0.47663246237633944,0,1.0021706464847342,0,0.0,0,0.008885296505986075,0,0.0
TXN00001926,CUST000019,2025-08-21 21:36:57.003505,7259.9,EUR,DE,GB,web,tablet,0,Normal,21,3,21,8,14691.315714285713,15933.619614941443,687.1,70887.77,56,11,4,-0.466398463965504,1,1,6,3,4,0.0,0,0,0.49954820425945906,0,1.0203076987658102,0,0.0,0,0.014427469173652119,0,0.0
TXN00005938,CUST000060,2025-05-26 02:47:57.003505,2325.18,EUR,IT,DE,cajero,mobile,0,Normal,2,0,26,5,793.8452000000001,702.8669137539191,101.28,2914.93,50,5,4,2.1786980833151546,1,5,3,1,2,0.0,0,0,0.4839964285875486,0,1.0213700572698274,0,0.0,0,0.0053602826094429675,0,0.0
TXN00003146,CUST000042,2025-07-30 03:11:57.003505,4658.38,EUR,ES,FR,web,desktop,0,Normal,3,2,30,7,10704.279047619048,15707.05132958625,1001.04,76105.74,63,9,4,-0.3849162341403891,1,2,5,3,1,0.0,0,0,0.48679904789328404,0,1.0045352738206064,0,0.019,0,0.03175639161414649,0,0.0
TXN00002126,CUST000104,2025-01-31 02:51:57.003505,2145.89,EUR,ES,FR,sucursal,atm,0,Normal,2,4,31,1,878.7486666666667,742.4299771714012,115.19,2937.85,45,5,4,1.7067486100901952,1,2,5,2,0,0.0,0,0,0.4875894657283764,0,1.050406861718439,0,0.0,0,0.005602926548001781,0,0.0
TXN00001200,CUST000178,2025-02-21 20:15:57.003505,67.02,EUR,ES,IT,cajero,desktop,0,Normal,20,4,21,2,161.7709523809524,128.74485480241623,12.77,487.7,42,3,4,-0.7359591324282967,1,2,8,1,1,0.0,0,0,0.46697923723486334,0,1.0206804180355225,0,0.0,0,0.02264659848038494,0,0.0
TXN00003540,CUST000112,2025-11-19 23:36:57.003505,6480.44,GBP,US,CH,web,atm,0,Normal,23,2,19,11,7212.2430952380955,6561.998481108902,680.3,24787.28,42,6,4,-0.11152137526903363,2,6,1,3,0,0.0,0,0,0.5595150762180845,0,1.1083486838211833,0,0.0,0,0.01199715691593669,0,0.0
TXN00002627,CUST000073,2025-08-24 04:52:57.003505,807.45,EUR,DE,FR,web,desktop,0,Normal,4,6,24,8,870.7014285714286,670.8365566182797,100.07,2635.22,42,5,4,-0.09428739065144973,1,1,5,3,1,0.0,0,0,0.45421335349439956,0,1.0319216742628168,0,0.0,0,0.010660104131587335,0,0.0
TXN00000325,CUST000032,2025-10-23 20:51:57.003505,471.2,EUR,FR,IT,app,atm,0,Normal,20,3,23,10,5279.0388,17558.788655810717,10.88,75146.84,50,4,4,-0.2738138087979738,1,3,8,0,0,0.0,0,0,0.4866607867550884,0,1.108477539434217,0,0.1897571456263956,1,0.5885361984924105,0,0.0
TXN00006657,CUST000004,2025-10-04 17:08:57.003505,24436.51,EUR,DE,GB,cajero,pos,0,Normal,17,5,4,10,14062.081549295775,19520.768114931096,601.38,95541.67,71,12,4,0.5314559544528141,1,1,6,1,3,0.0,0,0,0.5594229109992197,0,1.0782373033323578,1,0.6352788398095034,1,0.9884277884911038,0,0.0
TXN00009392,CUST000136,2025-11-28 22:16:57.003505,96.81,EUR,FR,IT,app,atm,0,Normal,22,4,28,11,156.8698245614035,118.19619667695422,10.52,475.76,57,3,4,-0.5081366891814483,1,3,8,0,0,0.0,0,0,0.49264571306877813,0,1.0582994663794032,0,0.0,0,0.01797519752777036,0,0.0
TXN00006086,CUST000156,2025-05-06 06:13:57.003505,98.62,EUR,FR,ES,web,atm,0,Normal,6,1,6,5,105.78857142857143,88.03691067704752,12.77,375.54,56,3,4,-0.08142688438309195,1,3,4,3,0,0.0,0,0,0.46011085384917894,0,0.9966590424718502,0,0.0,0,0.007639843970049611,0,0.0
TXN00008720,CUST000031,2025-03-05 18:17:57.003505,817.92,EUR,ES,ES,app,mobile,0,Normal,18,2,5,3,11309.0796,15599.351809179214,650.1,79046.03,50,9,4,-0.6725381751537964,1,2,4,0,2,0.0,0,0,0.4826606233424901,0,0.9991021152839389,0,0.0,0,0.024109677402307697,0,0.0
TXN00007894,CUST000180,2025-12-24 05:51:57.003505,446.98,GBP,GB,IT,app,atm,0,Normal,5,2,24,12,934.9624,733.4398987565374,127.9,2829.87,50,5,4,-0.6653338605685126,2,4,8,0,0,0.0,0,0,0.5105690757597353,0,1.1531261389491299,0,0.0,0,0.047529154198358535,0,0.0
TXN00008282,CUST000038,2025-05-19 02:54:57.003505,609.08,EUR,ES,FR,sucursal,desktop,0,Normal,2,0,19,5,7141.748709677419,18776.16760796677,143.24,94991.86,62,10,4,-0.3479234338831567,1,2,5,2,1,0.0,0,0,0.4710008172600989,0,0.9832262781356687,0,0.018004459308807133,1,0.5328369263829461,0,0.0
TXN00007622,CUST000092,2025-11-22 22:05:57.003505,1351.09,EUR,FR,GB,cajero,mobile,0,Normal,22,5,22,11,4959.88603773585,3492.984458604319,1165.1,14228.99,53,6,4,-1.033155480498373,1,3,6,1,2,0.0,0,0,0.4328212663529423,0,1.0072284708214938,0,0.0,0,0.007114755609207956,0,0.0
TXN00001367,CUST000083,2025-12-24 01:22:57.003505,25.9,EUR,ES,ES,app,atm,0,Normal,1,2,24,12,158.37742857142857,131.01619648393864,23.45,495.8,70,3,4,-1.011153056763604,1,2,4,0,0,0.0,0,0,0.5125552155543293,1,1.2020478550871831,0,0.0,0,0.009906082120505555,0,0.0
TXN00008543,CUST000026,2025-10-25 12:15:57.107482,53304.3,EUR,FR,SY,cajero,tablet,1,Fraude,12,5,25,10,7883.520307692308,20808.794176314088,16.14,93951.45,65,7,4,2.1827684634329168,1,3,13,1,4,1.0,1,1,0.5895439080790071,0,1.0174409036039347,1,0.9881590678549662,1,0.9999999911239329,1,1.0
TXN00008827,CUST000141,2025-01-15 21:01:57.003505,106.03,USD,GB,DE,sucursal,pos,0,Normal,21,2,15,1,881.8225000000001,797.0668304624176,106.03,2971.69,48,5,4,-0.9733092249951182,3,4,3,2,3,0.0,0,0,0.5239974966771461,0,1.0134303069588002,0,0.0,0,0.026750612809887157,0,0.0
TXN00000855,CUST000143,2025-08-16 21:30:57.003505,4491.95,EUR,ES,ES,web,mobile,0,Normal,21,5,16,8,5239.2824390243895,3581.701917241844,1357.73,14883.52,41,6,4,-0.20865288516003422,1,2,4,3,2,0.0,0,0,0.43500856077012545,0,1.0057559256436281,0,0.0,0,0.008554062894681098,0,0.0
TXN00002697,CUST000124,2025-11-17 08:45:57.003505,1463.49,EUR,DE,DE,web,pos,0,Normal,8,0,17,11,909.7118867924529,685.5308862425715,105.13,2668.3,53,5,4,0.8078091352455657,1,1,3,3,3,0.0,0,0,0.46897648417320914,0,1.0347876269785,0,0.0,0,0.007144832152266533,0,0.0
TXN00002680,CUST000030,2025-11-15 15:26:57.107482,96740.03,GBP,GB,YE,cajero,desktop,1,Fraude,15,5,15,11,5147.489833333334,15805.705911525396,117.06,96740.03,60,7,4,5.794903478121986,2,4,15,1,1,1.0,1,1,0.6315704010323289,0,1.139089427670399,1,0.9780802830181731,1,0.9999999999999969,1,1.0
TXN00004577,CUST000082,2025-12-13 22:33:57.003505,19098.17,EUR,ES,GB,app,mobile,0,Normal,22,5,13,12,7972.279090909091,6295.064813947002,670.79,24431.66,55,6,4,1.7673989444355824,1,2,6,0,2,0.0,0,0,0.507294891314029,0,1.1001537989319434,0,0.0,0,0.33581763191006403,0,0.0
TXN00005345,CUST000093,2025-03-08 01:49:57.003505,3174.56,EUR,FR,FR,web,tablet,0,Normal,1,5,8,3,5332.117045454545,3968.6959699562376,1106.74,14810.24,44,6,4,-0.5436438218608851,1,3,5,3,4,0.0,0,0,0.4520347365722791,0,1.0032371076761684,0,0.0,0,0.007701251692506544,0,0.0
TXN00000452,CUST000131,2025-09-13 07:56:57.003505,2182.92,EUR,DE,ES,web,atm,0,Normal,7,5,13,9,890.2438181818181,592.6132155358536,134.89,2885.62,55,5,4,2.1813151407161944,1,1,4,3,0,0.0,0,0,0.485915451820861,0,1.0437854114414855,0,0.0,0,0.004881215790449864,0,0.0
TXN00007774,CUST000170,2025-12-12 04:50:57.003505,18427.63,USD,US,FR,app,desktop,0,Normal,4,4,12,12,8912.418965517241,6940.298442880395,530.84,24700.95,58,6,4,1.3710089143029278,3,6,5,0,1,0.0,0,1,0.5708558472271602,0,1.0767040372807757,0,0.0,0,0.3076184908299723,0,0.0
TXN00002556,CUST000106,2025-09-12 21:22:57.003505,22.19,EUR,FR,ES,cajero,desktop,0,Normal,21,4,12,9,187.99303571428572,139.00723410762927,11.88,497.63,56,3,4,-1.1927655102693702,1,3,4,1,1,0.0,0,0,0.45135320716727845,0,0.992694665405838,0,0.0,0,0.017383240421920607,0,0.0
TXN00001093,CUST000003,2025-08-19 11:28:57.107482,99303.62,EUR,ES,PK,cajero,mobile,1,Fraude,11,1,19,8,8320.49358490566,25653.022108616926,14.93,99303.62,53,6,4,3.5466825712119956,1,2,11,1,2,1.0,1,1,0.5869426084630989,0,1.0007181557346265,1,0.9736026079219965,1,0.9999999999999998,1,1.0
TXN00002199,CUST000024,2025-10-29 21:37:57.003505,2699.26,EUR,FR,ES,app,desktop,0,Normal,21,2,29,10,13902.334629629631,16284.919332654581,520.55,73708.1,54,9,4,-0.6879416716837671,1,3,4,0,1,0.0,0,0,0.49777532557577037,0,1.0092694847675738,0,0.0,0,0.004480405059046194,0,0.0
TXN00009652,CUST000040,2025-07-01 22:43:57.003505,73.37,EUR,IT,FR,web,tablet,0,Normal,22,1,1,7,3874.694230769231,15635.620503928736,12.24,90189.11,78,9,4,-0.24311949945133032,1,5,5,3,4,0.0,0,0,0.5202557418493312,0,1.09077100372556,0,0.007307692307692308,1,0.7148493465834377,0,0.0
TXN00009251,CUST000178,2025-01-17 00:57:57.003505,60.76,EUR,ES,ES,cajero,mobile,0,Normal,0,4,17,1,161.7709523809524,128.74485480241623,12.77,487.7,42,3,4,-0.7845824343923548,1,2,4,1,2,0.0,0,0,0.45698868584756436,0,0.9874207344861737,0,0.0,0,0.012157180157026343,0,0.0
TXN00000685,CUST000145,2025-10-17 02:15:57.003505,1369.61,EUR,DE,IT,web,pos,0,Normal,2,4,17,10,825.7344444444445,658.4965368085764,114.16,2750.31,45,5,4,0.8259353304506802,1,1,8,3,3,0.0,0,0,0.463979503333012,0,1.0276199018383856,0,0.0,0,0.016095555449082994,0,0.0
TXN00007884,CUST000049,2025-04-13 13:16:57.107482,28818.02,EUR,ES,NG,cajero,atm,1,Fraude,13,6,13,4,15183.687118644068,29088.486775127054,121.09,99885.0,59,10,4,0.46871922167314806,1,2,10,1,0,1.0,1,1,0.5816263072369992,0,1.073601537220363,1,0.9415136899290117,1,0.9999116044631069,1,1.0
TXN00002746,CUST000117,2025-04-19 03:20:57.003505,4608.69,EUR,ES,GB,sucursal,mobile,0,Normal,3,5,19,4,4614.202641509434,3046.091732833902,1227.93,13885.08,53,6,4,-0.0018097424474135062,1,2,6,2,2,0.0,0,0,0.42181057359359664,0,0.9716868592546009,0,0.0,0,0.009846787794864902,0,0.0
TXN00004742,CUST000102,2025-12-16 22:04:57.003505,2780.45,EUR,FR,GB,cajero,atm,0,Normal,22,1,16,12,5521.343448275862,4623.42696228088,838.24,21094.3,58,6,4,-0.5928272404958393,1,3,6,1,0,0.0,0,0,0.44977113089256876,0,1.0133297431475405,0,0.0,0,0.012256801079138317,0,0.0
TXN00004163,CUST000003,2025-12-30 09:03:57.107482,1450.07,EUR,ES,FR,web,desktop,1,Fraude,9,1,30,12,8320.49358490566,25653.022108616926,14.93,99303.62,53,6,4,-0.2678212163677216,1,2,5,3,1,1.0,1,0,0.5184344061909819,0,1.0671546817766464,0,0.44328460853961177,1,0.7666832648699357,1,1.0
TXN00000404,CUST000057,2025-05-26 05:53:57.003505,453.23,EUR,ES,ES,cajero,pos,0,Normal,5,0,26,5,180.91574074074074,140.8073723895602,11.53,490.57,54,3,4,1.9339488600917925,1,2,4,1,3,0.0,0,0,0.4984355648134463,0,1.035435818962974,0,0.0,0,0.0023217066892224783,0,0.0
TXN00003775,CUST000078,2025-12-30 19:17:57.003505,12976.42,EUR,DE,DE,cajero,desktop,0,Normal,19,1,30,12,8590.456956521739,6556.444835127875,848.73,24850.13,46,6,4,0.6689544643631191,1,1,3,1,1,0.0,0,0,0.527542597961132,0,1.0630683223806545,0,0.0,0,0.026196786843802333,0,0.0
TXN00008174,CUST000003,2025-02-28 23:10:57.003505,298.9,EUR,ES,IT,sucursal,desktop,0,Normal,23,4,28,2,8320.49358490566,25653.022108616926,14.93,99303.62,53,6,4,-0.3126958512189676,1,2,8,2,1,0.0,0,0,0.49309610579524893,0,1.0785884053530244,0,0.13064593815699987,1,0.7908383190002127,0,0.0
TXN00009546,CUST000005,2025-07-14 18:58:57.003505,174.71,EUR,GB,GB,cajero,atm,0,Normal,18,0,14,7,2003.046231884058,5943.958813233152,101.43,49162.75,69,9,4,-0.30759571003520436,1,4,6,1,0,0.0,0,0,0.4733067919530349,0,1.0419362469219555,0,0.04202884240197273,0,0.18117564958950677,0,0.0
TXN00000882,CUST000113,2025-09-07 20:48:57.003505,7809.84,USD,CH,ES,sucursal,atm,0,Normal,20,6,7,9,5951.366734693877,5946.201402798187,518.29,22408.12,49,6,4,0.3125479846880072,3,0,4,2,0,0.0,0,0,0.5298882612235585,0,1.0703945164379778,0,0.0,0,0.08205340746730914,0,0.0
TXN00006717,CUST000016,2025-06-27 14:43:57.107482,2556.06,EUR,IT,DE,web,pos,1,Fraude,14,4,27,6,4814.0977192982455,14760.960342710358,109.06,82531.17,57,9,4,-0.15297363225153537,1,5,3,3,3,1.0,1,0,0.4720090774726261,0,1.0134694546025855,1,0.7085481052827015,0,0.4598058665850062,1,1.0
TXN00007787,CUST000079,2025-03-20 00:52:57.003505,7000.62,EUR,FR,GB,sucursal,atm,0,Normal,0,3,20,3,8145.75744680851,6052.306858239896,540.85,22648.11,47,6,4,-0.1892067724656524,1,3,6,2,0,0.0,0,0,0.45707076293460724,0,0.9982554936458936,0,0.0,0,0.006913201280030311,0,0.0
TXN00003613,CUST000010,2025-04-21 23:12:57.003505,567.45,EUR,FR,GB,sucursal,mobile,0,Normal,23,0,21,4,2649.5095,9608.349775436482,124.77,72985.19,60,8,4,-0.21669272543616627,1,3,6,2,2,0.0,0,0,0.4575057574293629,0,1.0073202819242772,0,0.03622997621614222,0,0.2978150076903777,0,0.0
TXN00004239,CUST000178,2025-05-07 19:43:57.003505,191.19,EUR,ES,IT,app,atm,0,Normal,19,2,7,5,161.7709523809524,128.74485480241623,12.77,487.7,42,3,4,0.2285065872006319,1,2,8,0,0,0.0,0,0,0.4888742282268853,0,1.0163348072617653,0,0.0,0,0.02948180964183203,0,0.0
TXN00006250,CUST000069,2025-06-26 21:49:57.003505,141.8,EUR,FR,FR,app,tablet,0,Normal,21,3,26,6,169.07313725490195,120.3676959236189,15.12,478.18,51,3,4,-0.22658186500160848,1,3,5,0,4,0.0,0,0,0.4667307589685325,0,1.0127042947466909,0,0.0,0,0.010411370520887406,0,0.0
TXN00003324,CUST000095,2025-10-28 19:59:57.003505,104.29,EUR,IT,FR,app,atm,0,Normal,19,1,28,10,175.85649999999998,142.59839717673157,10.78,490.31,60,3,4,-0.5018745015024847,1,5,5,0,0,0.0,0,0,0.5006947712092843,0,1.1022632124722727,0,0.0,0,0.01090241958409065,0,0.0
TXN00005384,CUST000042,2025-05-11 20:54:57.003505,3677.45,EUR,ES,US,sucursal,pos,0,Normal,20,6,11,5,10704.279047619048,15707.05132958625,1001.04,76105.74,63,9,4,-0.44736780314302177,1,2,14,2,3,0.0,0,0,0.5059489138681317,0,1.0110265051203637,0,0.03767975463869258,0,0.16984328731956566,0,0.0
TXN00007840,CUST000096,2025-07-16 19:23:57.003505,4081.97,EUR,ES,ES,web,atm,0,Normal,19,2,16,7,8049.057142857143,6639.965843385416,600.14,24951.57,49,6,4,-0.5974559562247763,1,2,4,3,0,0.0,0,0,0.45111513858652486,0,0.9950464913744799,0,0.0,0,0.0034377693211423274,0,0.0
TXN00005745,CUST000096,2025-12-07 01:00:57.003505,5693.16,EUR,ES,DE,app,mobile,0,Normal,1,6,7,12,8049.057142857143,6639.965843385416,600.14,24951.57,49,6,4,-0.3548056116657933,1,2,3,0,2,0.0,0,0,0.47398275483143376,0,1.0287409096851392,0,0.0,0,0.009794662413962313,0,0.0
TXN00008865,CUST000160,2025-05-03 22:43:57.003505,295.41,EUR,DE,DE,sucursal,pos,0,Normal,22,5,3,5,904.2335714285715,637.0384111964836,114.49,2851.37,56,5,4,-0.9557093571946025,1,1,3,2,3,0.0,0,0,0.4657690020693247,0,1.0165497743847633,0,0.0,0,0.017755643022955844,0,0.0
TXN00004516,CUST000064,2025-05-20 21:24:57.003505,220.34,EUR,ES,FR,app,desktop,0,Normal,21,1,20,5,729.9651020408163,552.4964489294722,103.76,2307.86,49,5,4,-0.922404301612927,1,2,5,0,1,0.0,0,0,0.45418538083040116,0,0.9850672787179265,0,0.0,0,0.028229994918610786,0,0.0
TXN00005516,CUST000002,2025-04-09 04:53:57.003505,350.51,EUR,ES,ES,cajero,mobile,0,Normal,4,2,9,4,5083.588301886793,15511.3779006517,21.06,83708.16,53,7,4,-0.3051359029414659,1,2,4,1,2,0.0,0,0,0.4232564284808121,0,1.0053194530422136,0,0.051279601221372866,0,0.4441619278927743,0,0.0
TXN00003647,CUST000005,2025-05-24 23:55:57.003505,1196.1,CHF,GB,DE,cajero,tablet,0,Normal,23,5,24,5,2003.046231884058,5943.958813233152,101.43,49162.75,69,9,4,-0.1357590550512865,0,4,3,1,4,0.0,0,0,0.5194237442529418,1,1.1856661135447113,0,0.17266790316343555,0,0.07797527542612036,0,0.0
TXN00000962,CUST000105,2025-11-19 01:50:57.003505,10327.89,USD,US,FR,web,atm,0,Normal,1,2,19,11,4980.748490566038,3710.328094247605,1074.39,14077.93,53,6,4,1.4411505861928704,3,6,5,3,0,0.0,0,1,0.5748239119066861,0,1.0709703639581147,0,0.0,0,0.05718475376967761,0,0.0
TXN00004121,CUST000070,2025-12-10 03:09:57.003505,120.41,EUR,ES,ES,cajero,tablet,0,Normal,3,2,10,12,161.0876,115.33640442617927,12.75,451.5,50,3,4,-0.3526865593711917,1,2,4,1,4,0.0,0,0,0.45563770898264494,0,0.9938287262712976,0,0.0,0,0.013571105498612172,0,0.0
TXN00007489,CUST000027,2025-05-06 22:09:57.003505,52.98,EUR,FR,ES,app,mobile,0,Normal,22,1,6,5,4851.360625,18687.684437621316,10.99,94066.9,64,5,4,-0.2567669975785401,1,3,4,0,2,0.0,0,0,0.47607447298721317,0,1.010496231699363,0,0.008507462686567163,1,0.7042532684375987,0,0.0
TXN00006445,CUST000015,2025-04-06 22:43:57.003505,11417.32,EUR,FR,DE,app,desktop,0,Normal,22,6,6,4,16429.753191489363,24433.972081401258,1004.49,91371.5,47,12,4,-0.20514197096507297,1,3,3,0,1,0.0,0,1,0.5698357413862808,0,1.0419172572272224,0,0.17301530821117228,1,0.6316629823604037,0,0.0
TXN00000268,CUST000162,2025-01-17 03:20:57.003505,6922.98,CHF,CH,DE,web,pos,0,Normal,3,4,17,1,8187.689791666667,6409.234849582279,610.75,24295.17,48,6,4,-0.19732617405208178,0,0,3,3,3,0.0,0,0,0.519630601084101,1,1.1659068557884904,0,0.0,0,0.002878529744827428,0,0.0
TXN00001320,CUST000053,2025-05-28 03:03:57.003505,4614.57,EUR,FR,FR,app,tablet,0,Normal,3,2,28,5,5120.007843137255,3842.5661514010735,1060.21,14819.86,51,6,4,-0.13153653654639785,1,3,5,0,4,0.0,0,0,0.44468331653398874,0,1.0037312205993345,0,0.0,0,0.010757900656900157,0,0.0
TXN00008504,CUST000189,2025-05-08 23:56:57.003505,2479.01,EUR,DE,FR,web,tablet,0,Normal,23,3,8,5,7299.777222222222,5820.825465841291,680.44,24792.93,54,6,4,-0.8281930543501148,1,1,5,3,4,0.0,0,0,0.47794732421197283,0,1.0113509210999658,0,0.0,0,0.0033820607176798592,0,0.0
TXN00006466,CUST000049,2025-10-26 19:30:57.107482,66908.16,EUR,ES,DE,web,desktop,1,Fraude,19,6,26,10,15183.687118644068,29088.486775127054,121.09,99885.0,59,10,4,1.7781768188713842,1,2,3,3,1,1.0,1,1,0.609278432453419,0,1.026274424309284,1,0.9582473680682125,1,0.9999999989802608,1,1.0
TXN00002572,CUST000064,2025-11-01 18:46:57.003505,358.78,EUR,ES,IT,web,tablet,0,Normal,18,5,1,11,729.9651020408163,552.4964489294722,103.76,2307.86,49,5,4,-0.6718325558258323,1,2,8,3,4,0.0,0,0,0.4664330495278434,0,1.0388079441415723,0,0.0,0,0.04138847427292247,0,0.0
TXN00007720,CUST000186,2026-01-10 19:22:57.003505,1715.83,EUR,IT,FR,cajero,pos,0,Normal,19,5,10,1,4858.559038461539,3428.725794161738,1031.11,14581.66,52,6,4,-0.9165880348018007,1,5,5,1,3,0.0,0,0,0.46182919074521134,0,1.0293554533836038,0,0.0,0,0.008049320674612621,0,0.0
TXN00007109,CUST000006,2025-07-27 08:00:57.003505,324.49,EUR,FR,FR,web,pos,0,Normal,8,6,27,7,5953.340833333334,18691.661854483864,13.39,88596.57,60,9,4,-0.3011423423370946,1,3,5,3,3,0.0,0,0,0.47038309997938976,0,0.9996850730191149,0,0.09796408506260644,1,0.5377003121194567,0,0.0
TXN00004971,CUST000023,2025-12-28 00:15:57.003505,3011.82,EUR,FR,CH,app,atm,0,Normal,0,6,28,12,15815.222833333333,23024.490626082472,808.61,96461.99,60,12,4,-0.5560775715174076,1,3,1,0,0,0.0,0,1,0.5917095030897658,0,1.1418733497686948,0,0.016144901610017887,0,0.02424707781883653,0,0.0
TXN00009121,CUST000049,2025-03-23 01:02:57.003505,562.19,EUR,ES,IT,cajero,pos,0,Normal,1,6,23,3,15183.687118644068,29088.486775127054,121.09,99885.0,59,10,4,-0.502655818130902,1,2,8,1,3,0.0,0,0,0.5343903150123107,0,1.0292654113737947,0,0.03413099327856609,0,0.24347651416319913,0,0.0
TXN00006428,CUST000139,2025-04-28 23:06:57.003505,6116.14,USD,US,DE,web,pos,0,Normal,23,0,28,4,5999.512857142858,5088.7018853137615,532.86,19230.71,49,6,4,0.02291883970857388,3,6,3,3,3,0.0,0,0,0.5475403972140439,0,1.0530588888873154,0,0.008735632183908043,0,0.013792074003116123,0,0.0
TXN00001730,CUST000014,2025-07-02 14:20:57.107482,46861.1,EUR,IT,NG,cajero,pos,1,Fraude,14,2,2,7,6809.598301886793,18922.663397876047,109.06,89409.3,53,9,4,2.116589026283274,1,5,10,1,3,1.0,1,0,0.5494084267221949,0,1.002626309671612,1,1.0,1,0.9999999714383238,1,1.0
TXN00005951,CUST000045,2025-09-25 03:39:57.003505,208.7,EUR,GB,FR,sucursal,atm,0,Normal,3,3,25,9,6149.803333333333,15824.94547276264,125.29,85657.33,60,9,4,-0.37542646470305585,1,4,5,2,0,0.0,0,0,0.4700495074697946,0,0.9952168324866438,0,0.0,0,0.2837513266272911,0,0.0
TXN00009428,CUST000150,2025-05-03 05:37:57.003505,5054.4,EUR,ES,IT,app,tablet,0,Normal,5,5,3,5,4437.8133333333335,2736.3486113014974,1220.08,12025.36,48,6,4,0.2253319127156336,1,2,8,0,4,0.0,0,0,0.4649954676983186,0,1.007995624856974,0,0.0,0,0.03735062642359702,0,0.0
TXN00008580,CUST000182,2025-11-20 05:52:57.003505,10706.04,EUR,FR,IT,web,pos,0,Normal,5,3,20,11,5969.300425531915,3942.2714577699544,1117.5,14812.85,47,6,4,1.201525471801482,1,3,8,3,3,0.0,0,0,0.4622100129440471,0,1.0465894716825423,0,0.0,0,0.035644651129053496,0,0.0
TXN00007336,CUST000125,2025-11-29 17:29:57.003505,2641.39,EUR,US,ES,cajero,pos,0,Normal,17,5,29,11,8174.718545454546,5978.903488843214,693.97,24865.54,55,6,4,-0.9254754747010722,1,6,4,1,3,0.0,0,0,0.506275708397208,0,1.1128929337266957,0,0.0,0,0.0014168161380165622,0,0.0
TXN00008699,CUST000111,2025-10-05 05:57:57.003505,130.69,EUR,ES,ES,cajero,pos,0,Normal,5,6,5,10,149.84564102564102,120.71725075770787,10.45,438.85,39,3,4,-0.1586818847076505,1,2,4,1,3,0.0,0,0,0.46479184984620403,0,1.0311790009441741,0,0.0,0,0.016524317297845505,0,0.0
TXN00009982,CUST000061,2025-10-30 19:51:57.003505,5101.99,EUR,IT,IT,web,desktop,0,Normal,19,3,30,10,4214.0417391304345,2941.5094806452344,1120.02,13214.78,46,6,4,0.3018682300398098,1,5,8,3,1,0.0,0,0,0.4743550368055826,0,1.0387588309021316,0,0.025866755793226375,0,0.016231034186886956,0,0.0
TXN00007558,CUST000012,2025-04-22 21:20:57.107482,6004.53,EUR,IT,RU,cajero,mobile,1,Fraude,21,1,22,4,11848.529666666667,20090.907636760738,1017.21,83759.47,60,12,4,-0.29087783250184807,1,5,12,1,2,1.0,1,0,0.5301378745692327,0,1.0307021827829765,0,0.3424867187974374,1,0.6965103248161069,1,1.0
TXN00006048,CUST000056,2025-08-17 19:09:57.003505,1562.96,CHF,GB,GB,web,atm,0,Normal,19,6,17,8,850.786111111111,607.7213774215593,107.86,2433.3,54,5,4,1.1718756558122494,0,4,6,3,0,0.0,0,0,0.5305083773805505,1,1.16302988742202,0,0.0,0,0.0065920049315665655,0,0.0
TXN00008096,CUST000126,2025-10-01 01:53:57.003505,390.89,EUR,DE,IT,app,tablet,0,Normal,1,2,1,10,912.0479310344828,667.0118958084857,109.66,2772.03,58,5,4,-0.7813322873671608,1,1,8,0,4,0.0,0,0,0.4822276612869873,0,1.0666401467185405,0,0.0,0,0.05479801516613603,0,0.0
TXN00005124,CUST000085,2026-01-01 19:17:57.003505,489.14,EUR,FR,IT,app,desktop,0,Normal,19,3,1,1,924.8436363636364,611.0956308904902,141.58,2746.59,44,5,4,-0.7129876464928088,1,3,8,0,1,0.0,0,0,0.47470109969787877,0,1.0384539099696168,0,0.0,0,0.0660882319498111,0,0.0
TXN00005959,CUST000005,2025-11-25 00:52:57.003505,396.35,GBP,GB,IT,sucursal,tablet,0,Normal,0,1,25,11,2003.046231884058,5943.958813233152,101.43,49162.75,69,9,4,-0.27030743013170466,2,4,8,2,4,0.0,0,0,0.5202321997150222,0,1.1123329412828475,0,0.06498247373541491,0,0.1894352469165496,0,0.0
TXN00000283,CUST000006,2025-10-16 13:11:57.107482,37578.0,EUR,FR,PK,app,pos,1,Fraude,13,3,16,10,5953.340833333334,18691.661854483864,13.39,88596.57,60,9,4,1.6919126512760259,1,3,11,0,3,1.0,1,0,0.5353409035506936,0,1.027317141257478,1,1.0,1,0.9999995440237125,1,1.0
TXN00005907,CUST000118,2025-01-24 18:43:57.003505,24465.95,EUR,DE,DE,web,desktop,0,Normal,18,4,24,1,7784.2775,6565.419604910623,714.7,24795.08,44,6,4,2.5408387431904673,1,1,3,3,1,0.0,0,0,0.5462670455655005,0,1.1066794600520777,0,0.008837209302325582,0,0.4316476630876112,0,0.0
TXN00004575,CUST000085,2025-08-28 06:10:57.003505,907.7,EUR,FR,GB,sucursal,tablet,0,Normal,6,3,28,8,924.8436363636364,611.0956308904902,141.58,2746.59,44,5,4,-0.028053933736362443,1,3,6,2,4,0.0,0,0,0.4298872574228128,0,0.9945488095673289,0,0.0,0,0.012574213742589562,0,0.0
TXN00001785,CUST000031,2025-05-05 03:14:57.003505,4603.09,EUR,ES,DE,sucursal,atm,0,Normal,3,0,5,5,11309.0796,15599.351809179214,650.1,79046.03,50,9,4,-0.429888990363309,1,2,3,2,0,0.0,0,0,0.49081920667579026,0,1.0788388889546492,0,0.0,0,0.047790251886946564,0,0.0
TXN00007695,CUST000172,2025-10-28 23:39:57.003505,386.06,EUR,FR,FR,cajero,mobile,0,Normal,23,1,28,10,1225.615576923077,816.7534839489807,107.05,2891.9,52,5,4,-1.0279179610424567,1,3,5,1,2,0.0,0,0,0.45982233663703564,0,1.0025687333185176,0,0.0,0,0.016497919954316383,0,0.0
TXN00004909,CUST000017,2025-01-21 08:19:57.003505,4457.81,EUR,FR,GB,cajero,tablet,0,Normal,8,1,21,1,15977.346615384617,23735.85855892997,1012.73,95316.24,65,9,4,-0.4853220955247638,1,3,6,1,4,0.0,0,0,0.5185905660950019,0,0.998803112583013,0,0.055388493677681595,0,0.034496866790799066,0,0.0
TXN00006573,CUST000148,2025-10-05 09:52:57.003505,4865.34,EUR,ES,ES,app,mobile,0,Normal,9,6,5,10,4870.1898,2933.4540342801783,1010.54,12132.54,50,6,4,-0.0016532728795720668,1,2,4,0,2,0.0,0,0,0.44787825619695226,0,0.9997638280084697,0,0.0,0,0.017166968901726906,0,0.0
TXN00002645,CUST000079,2025-10-08 20:39:57.003505,7810.99,EUR,FR,FR,cajero,pos,0,Normal,20,2,8,10,8145.75744680851,6052.306858239896,540.85,22648.11,47,6,4,-0.05531237172772065,1,3,5,1,3,0.0,0,0,0.4407052014157922,0,0.9904742714671848,0,0.0,0,0.016863929277515684,0,0.0
TXN00002566,CUST000153,2025-02-23 02:14:57.003505,354.9,EUR,ES,FR,web,pos,0,Normal,2,6,23,2,824.5297916666667,674.6234349951362,103.35,2648.6,48,5,4,-0.696136194814988,1,2,5,3,3,0.0,0,0,0.44754247263452024,0,0.9987938780931209,0,0.0,0,0.01004599206719994,0,0.0
TXN00008926,CUST000177,2025-09-16 03:01:57.003505,902.36,EUR,FR,ES,app,atm,0,Normal,3,1,16,9,882.1804000000001,714.9039851529658,108.09,2740.13,50,5,4,0.028227007249729014,1,3,4,0,0,0.0,0,0,0.44054623583104346,0,0.9949059608181672,0,0.0,0,0.01963344803735586,0,0.0
TXN00006240,CUST000090,2025-09-14 03:02:57.003505,11029.87,CHF,GB,US,cajero,desktop,0,Normal,3,6,14,9,7876.1302173913045,6513.608792365749,504.72,24011.29,46,6,4,0.48417703344739527,0,4,14,1,1,0.0,0,0,0.5445026070006793,0,1.0696986714399557,0,0.0095,0,0.11720103017103643,0,0.0
TXN00000854,CUST000017,2025-12-11 09:27:57.003505,2229.72,EUR,FR,DE,app,desktop,0,Normal,9,3,11,12,15977.346615384617,23735.85855892997,1012.73,95316.24,65,9,4,-0.5791923043640339,1,3,3,0,1,0.0,0,0,0.5223485235456324,0,1.0056477249388425,0,0.15890350459243996,0,0.021494876362386273,0,0.0
TXN00007390,CUST000035,2025-06-24 13:32:57.107482,23718.83,EUR,DE,RU,web,mobile,1,Fraude,13,1,24,6,6047.965897435898,17026.815534224974,102.61,89843.04,39,8,4,1.037825544418845,1,1,12,3,2,1.0,1,1,0.5621901354879927,1,1.2376746268629089,1,0.8526921861879414,1,0.9998055431069264,1,1.0
TXN00003431,CUST000123,2025-04-24 22:30:57.003505,1504.04,EUR,FR,ES,web,pos,0,Normal,22,3,24,4,860.7267272727273,600.9941789822697,130.73,2418.83,55,5,4,1.0704151456945081,1,3,4,3,3,0.0,0,0,0.45543852864117174,0,1.0318192565177657,0,0.0,0,0.005061423997493271,0,0.0
TXN00006782,CUST000125,2025-03-06 19:38:57.003505,5046.37,USD,US,GB,sucursal,pos,0,Normal,19,3,6,3,8174.718545454546,5978.903488843214,693.97,24865.54,55,6,4,-0.5232311494522186,3,6,6,2,3,0.0,0,0,0.5129354944664171,0,1.008975812504183,0,0.0,0,0.010200156692974343,0,0.0
TXN00008435,CUST000108,2025-04-20 22:03:57.003505,156.93,EUR,ES,FR,web,atm,0,Normal,22,6,20,4,161.04898305084745,113.9917943612899,19.95,497.52,59,3,4,-0.036134030855401365,1,2,5,3,0,0.0,0,0,0.48757186376152645,0,1.0098045476165978,0,0.0,0,0.005087278180797503,0,0.0
TXN00004662,CUST000125,2025-02-18 02:38:57.003505,7804.07,CHF,US,ES,app,atm,0,Normal,2,1,18,2,8174.718545454546,5978.903488843214,693.97,24865.54,55,6,4,-0.061992729282918387,0,6,4,0,0,0.0,0,0,0.5415501250479038,0,1.1449475421157957,0,0.0,0,0.006098882215589063,0,0.0
TXN00001596,CUST000100,2025-12-22 19:24:57.003505,2334.58,USD,GB,IT,sucursal,tablet,0,Normal,19,0,22,12,5226.1033333333335,3597.2253919944915,1045.25,14117.6,48,6,4,-0.8038204497734572,3,4,8,2,4,0.0,0,0,0.5202163708125683,0,1.050280128041315,0,0.0,0,0.019036900478462914,0,0.0
TXN00003405,CUST000153,2025-10-23 23:21:57.003505,406.52,EUR,ES,DE,sucursal,atm,0,Normal,23,3,23,10,824.5297916666667,674.6234349951362,103.35,2648.6,48,5,4,-0.6196194341367062,1,2,3,2,0,0.0,0,0,0.44809546283201135,0,0.9982000385388172,0,0.0,0,0.01293253049668862,0,0.0
TXN00001620,CUST000020,2025-11-09 02:45:57.003505,154.47,EUR,IT,FR,web,tablet,0,Normal,2,6,9,11,3059.5745588235295,12108.493253395596,10.07,69036.33,68,7,4,-0.2399228787420702,1,5,5,3,4,0.0,0,0,0.5037639161570611,0,1.0595200085889713,0,0.0,0,0.31955414708962204,0,0.0
TXN00002976,CUST000109,2025-08-23 20:44:57.003505,1294.04,EUR,CH,DE,sucursal,pos,0,Normal,20,5,23,8,7309.252040816326,6747.518800021043,807.42,24185.66,49,6,4,-0.8914702156748487,1,0,3,2,3,0.0,0,0,0.4793788917967727,0,1.0267519644258805,0,0.0,0,0.002143886054828866,0,0.0
TXN00003932,CUST000031,2025-04-26 21:00:57.107482,26705.84,EUR,ES,CN,app,mobile,1,Fraude,21,5,26,4,11309.0796,15599.351809179214,650.1,79046.03,50,9,4,0.9870128315173318,1,2,2,0,2,1.0,1,0,0.5455049073991772,0,1.1274743042373916,1,0.9038265978844069,1,0.9781609736653704,1,1.0
TXN00002254,CUST000028,2025-10-16 03:31:57.003505,150.2,EUR,ES,ES,cajero,atm,0,Normal,3,3,16,10,4253.581489361702,17241.301652205857,19.11,90310.44,47,6,4,-0.2379971983495061,1,2,4,1,0,0.0,0,0,0.444322852758982,0,1.0381924553045445,0,0.008085106382978723,1,0.6975481640503125,0,0.0
TXN00003328,CUST000178,2025-11-15 03:40:57.003505,97.42,EUR,ES,IT,web,desktop,0,Normal,3,5,15,11,161.7709523809524,128.74485480241623,12.77,487.7,42,3,4,-0.4998331931779187,1,2,8,3,1,0.0,0,0,0.46317265430824367,0,1.0593381815964849,0,0.0,0,0.017784021235692227,0,0.0
TXN00002234,CUST000072,2025-12-11 20:04:57.003505,3998.31,CHF,GB,FR,cajero,pos,0,Normal,20,3,11,12,5567.7047999999995,3639.3995975049706,1298.32,14110.12,50,6,4,-0.43122354595101114,0,4,5,1,3,0.0,0,0,0.4683595844596572,0,1.0992680196249907,0,0.0,0,0.008800250762380883,0,0.0
TXN00006924,CUST000072,2025-07-21 03:57:57.003505,2739.0,EUR,GB,IT,cajero,pos,0,Normal,3,0,21,7,5567.7047999999995,3639.3995975049706,1298.32,14110.12,50,6,4,-0.7772449063197138,1,4,8,1,3,0.0,0,0,0.4459682037432452,0,1.035031331570572,0,0.0,0,0.009127098231989018,0,0.0
TXN00002245,CUST000014,2025-10-24 03:53:57.003505,617.19,EUR,IT,FR,web,tablet,0,Normal,3,4,24,10,6809.598301886793,18922.663397876047,109.06,89409.3,53,9,4,-0.327248240448784,1,5,5,3,4,0.0,0,0,0.49312170201605293,0,1.0393631855757877,0,0.008085106382978723,1,0.5038310837242532,0,0.0
TXN00000428,CUST000122,2025-03-26 08:00:57.003505,1243.03,CHF,GB,ES,web,mobile,0,Normal,8,2,26,3,879.8508333333334,604.8507573398664,120.9,2731.71,48,5,4,0.6004442610991912,0,4,4,3,2,0.0,0,0,0.4839891877385059,0,1.0790111312765402,0,0.0,0,0.004365048960292452,0,0.0
TXN00004640,CUST000067,2025-02-22 23:10:57.003505,15672.78,EUR,DE,CH,web,mobile,0,Normal,23,5,22,2,8442.174444444445,6077.338718064163,531.49,24134.52,54,6,4,1.18976510768993,1,1,1,3,2,0.0,0,0,0.5182501552548202,0,1.089062220951196,0,0.0,0,0.019462673997947013,0,0.0
TXN00002677,CUST000160,2025-10-24 20:05:57.003505,236.64,EUR,DE,FR,web,atm,0,Normal,20,4,24,10,904.2335714285715,637.0384111964836,114.49,2851.37,56,5,4,-1.0479643906035978,1,1,5,3,0,0.0,0,0,0.46324504178345793,0,1.0495435785501757,0,0.0,0,0.012424439491902292,0,0.0
TXN00000004,CUST000040,2025-01-19 06:41:57.003505,154.15,EUR,IT,ES,sucursal,mobile,0,Normal,6,6,19,1,3874.694230769231,15635.620503928736,12.24,90189.11,78,9,4,-0.23795309112269789,1,5,4,2,2,0.0,0,0,0.5146794267469349,0,1.047365017757545,0,0.008636363636363636,1,0.5269636957216947,0,0.0
TXN00006839,CUST000079,2025-10-15 23:52:57.003505,6586.18,EUR,FR,US,cajero,desktop,0,Normal,23,2,15,10,8145.75744680851,6052.306858239896,540.85,22648.11,47,6,4,-0.25768314183005187,1,3,14,1,1,0.0,0,0,0.47814475603386425,0,1.0023486747308823,0,0.0,0,0.04008894234360967,0,0.0
TXN00008589,CUST000067,2025-02-04 02:10:57.003505,7571.19,EUR,DE,US,web,atm,0,Normal,2,1,4,2,8442.174444444445,6077.338718064163,531.49,24134.52,54,6,4,-0.14331675174073008,1,1,14,3,0,0.0,0,0,0.5218104437029416,0,1.0524633891114932,0,0.0,0,0.02711105921327343,0,0.0
TXN00001588,CUST000185,2025-04-03 20:37:57.003505,1950.91,GBP,GB,FR,cajero,atm,0,Normal,20,3,3,4,845.7542857142857,659.7552020194057,107.93,2962.75,49,5,4,1.6750996570059757,2,4,5,1,0,0.0,0,0,0.5061884945992997,0,1.1346501895842158,0,0.0,0,0.02298050279334128,0,0.0
TXN00007243,CUST000161,2025-08-26 03:33:57.003505,113.41,EUR,ES,ES,web,desktop,0,Normal,3,1,26,8,139.16267857142856,120.75959945266268,10.61,487.09,56,3,4,-0.21325574509103742,1,2,4,3,1,0.0,0,0,0.45165512178150524,0,0.9941403510982733,0,0.0,0,0.0045191912401283734,0,0.0
TXN00000851,CUST000012,2026-01-13 00:03:57.003505,3673.95,EUR,IT,ES,cajero,atm,0,Normal,0,1,13,1,11848.529666666667,20090.907636760738,1017.21,83759.47,60,12,4,-0.4068795603491101,1,5,4,1,0,0.0,0,0,0.5349518754409855,0,1.0526109638187895,0,0.0061290322580645155,0,0.25038973676720294,0,0.0
TXN00009026,CUST000037,2025-10-25 00:02:57.003505,152.11,EUR,ES,IT,cajero,atm,0,Normal,0,5,25,10,3344.5771604938273,14448.411660449672,10.52,94457.02,81,9,4,-0.2209562708551393,1,2,8,1,0,0.0,0,0,0.5266066770765812,0,1.1328433050316244,0,0.01569004524886878,1,0.6763425862756669,0,0.0
TXN00004437,CUST000058,2025-06-14 03:28:57.003505,5332.03,EUR,FR,US,cajero,tablet,0,Normal,3,5,14,6,5591.0198,3793.973079900562,1030.04,14421.18,50,6,4,-0.06826347854279577,1,3,14,1,4,0.0,0,0,0.46931271411765557,0,1.0078406816571088,0,0.0,0,0.044818992390769676,0,0.0
TXN00008281,CUST000066,2025-04-29 03:55:57.003505,908.29,EUR,DE,GB,cajero,desktop,0,Normal,3,1,29,4,951.3685964912281,717.5452787914169,125.37,2987.52,57,5,4,-0.06003606699740351,1,1,6,1,1,0.0,0,0,0.457688418098841,0,1.0024102477413879,0,0.0,0,0.011215029172323095,0,0.0
TXN00006183,CUST000023,2025-05-24 18:25:57.003505,10859.68,EUR,FR,ES,app,atm,0,Normal,18,5,24,5,15815.222833333333,23024.490626082472,808.61,96461.99,60,12,4,-0.21522920587456532,1,3,4,0,0,0.0,0,0,0.5345191775847451,0,1.0191845276535798,0,0.15781868753077372,0,0.38709913029515897,0,0.0
TXN00003627,CUST000140,2025-03-28 06:08:57.003505,501.98,EUR,DE,ES,web,mobile,0,Normal,6,4,28,3,680.5558695652173,567.6112813520499,132.76,2321.13,46,5,4,-0.3146094433240301,1,1,4,3,2,0.0,0,0,0.4411847383693999,0,0.9837925273526498,0,0.0,0,0.007760757733873611,0,0.0
TXN00002831,CUST000168,2025-02-18 05:35:57.003505,1954.4,EUR,IT,ES,sucursal,tablet,0,Normal,5,1,18,2,805.7724074074074,573.1593417914204,118.62,2763.92,54,5,4,2.0040283858909236,1,5,4,2,4,0.0,0,0,0.4857260903067284,0,1.0227724860353642,0,0.0,0,0.005005398569016244,0,0.0
TXN00007535,CUST000068,2025-01-22 03:01:57.003505,762.6,EUR,ES,IT,web,pos,0,Normal,3,2,22,1,759.856590909091,491.71454812415806,146.29,2320.43,44,5,4,0.005579271745763066,1,2,8,3,3,0.0,0,0,0.4590394122572494,0,1.0092565274794805,0,0.0,0,0.014837524665378339,0,0.0
TXN00004090,CUST000167,2025-11-21 22:26:57.003505,12186.62,EUR,US,IT,web,desktop,0,Normal,22,4,21,11,5069.928793103448,3997.779061335983,1022.26,14648.94,58,6,4,1.7801612084931293,1,6,8,3,1,0.0,0,0,0.5224359082551512,0,1.083844080883042,0,0.0,0,0.07708769000002151,0,0.0
TXN00008414,CUST000119,2025-09-06 09:18:57.003505,12199.29,CHF,US,ES,cajero,mobile,0,Normal,9,5,6,9,5182.4826530612245,3810.198553881289,1035.0,14102.78,49,6,4,1.8415857456954479,0,6,4,1,2,0.0,0,0,0.5356105919742108,0,1.069615955896976,0,0.006333333333333334,0,0.06179253396968827,0,0.0
TXN00009369,CUST000127,2025-07-14 03:35:57.003505,2422.16,EUR,FR,DE,sucursal,pos,0,Normal,3,0,14,7,5175.683538461539,3408.1231986798057,1026.86,14073.5,65,6,4,-0.8079295779918501,1,3,3,2,3,0.0,0,0,0.4469140565879898,0,1.0418439411947462,0,0.0,0,0.0034659707880093766,0,0.0
TXN00007754,CUST000038,2025-01-18 19:39:57.003505,724.51,EUR,ES,ES,app,pos,0,Normal,19,5,18,1,7141.748709677419,18776.16760796677,143.24,94991.86,62,10,4,-0.341775746964082,1,2,4,0,3,0.0,0,0,0.4896877943183626,0,1.015375998157014,0,0.059692728306276754,1,0.5815461652691049,0,0.0
TXN00009953,CUST000042,2025-05-01 21:14:57.003505,2755.15,EUR,ES,DE,cajero,pos,0,Normal,21,3,1,5,10704.279047619048,15707.05132958625,1001.04,76105.74,63,9,4,-0.5060866537145489,1,2,3,1,3,0.0,0,0,0.476641774272885,0,0.9750564798089606,0,0.01705128205128205,0,0.04593652004933313,0,0.0
TXN00007230,CUST000076,2025-12-28 01:58:57.003505,45.35,EUR,ES,IT,cajero,atm,0,Normal,1,6,28,12,157.1376595744681,106.39921381723207,16.86,457.19,47,3,4,-1.0506436515202868,1,2,8,1,0,0.0,0,0,0.5025217275349765,0,1.04630000999513,0,0.0,0,0.020433945256592742,0,0.0
TXN00000783,CUST000185,2025-05-01 06:44:57.003505,1270.12,USD,GB,ES,app,pos,0,Normal,6,3,1,5,845.7542857142857,659.7552020194057,107.93,2962.75,49,5,4,0.6432169270413954,3,4,4,0,3,0.0,0,0,0.4980091199562324,0,1.034569831056826,0,0.0,0,0.04161907343783099,0,0.0
TXN00002950,CUST000102,2025-08-02 21:19:57.003505,838.24,EUR,FR,GB,cajero,pos,0,Normal,21,5,2,8,5521.343448275862,4623.42696228088,838.24,21094.3,58,6,4,-1.0129074138012628,1,3,6,1,3,0.0,0,0,0.4486711508345538,0,1.0160641440828868,0,0.0,0,0.009594402669562036,0,0.0
TXN00007341,CUST000030,2025-02-21 18:57:57.003505,573.53,EUR,GB,GB,app,tablet,0,Normal,18,4,21,2,5147.489833333334,15805.705911525396,117.06,96740.03,60,7,4,-0.2893866214294581,1,4,6,0,4,0.0,0,0,0.4754819956439238,0,1.031355212484009,0,0.028131828488971344,0,0.4757544453566577,0,0.0
TXN00001067,CUST000187,2025-01-22 07:24:57.003505,2601.22,EUR,GB,GB,cajero,pos,0,Normal,7,2,22,1,4876.589272727273,3027.9590817394396,1272.52,14739.26,55,6,4,-0.7514531110072706,1,4,6,1,3,0.0,0,0,0.4427796950265089,0,0.9981786517464648,0,0.0,0,0.006209298471359205,0,0.0
TXN00007662,CUST000142,2025-06-04 17:07:57.003505,14304.38,EUR,DE,CH,cajero,tablet,0,Normal,17,2,4,6,6533.238913043478,5298.543436216841,666.85,19029.58,46,6,4,1.4666561063503254,1,1,1,1,4,0.0,0,0,0.5096442760574477,0,1.0886536047540756,0,0.0,0,0.10054171837250478,0,0.0
TXN00000163,CUST000015,2025-04-13 07:49:57.003505,2955.24,EUR,FR,DE,app,tablet,0,Normal,7,6,13,4,16429.753191489363,24433.972081401258,1004.49,91371.5,47,12,4,-0.5514663414547517,1,3,3,0,4,0.0,0,1,0.5626499508296857,0,1.0679890575777038,0,0.08741975262916395,0,0.06398951794633993,0,0.0
TXN00002372,CUST000148,2025-03-25 23:48:57.003505,4429.71,EUR,ES,ES,cajero,mobile,0,Normal,23,1,25,3,4870.1898,2933.4540342801783,1010.54,12132.54,50,6,4,-0.15015738944685023,1,2,4,1,2,0.0,0,0,0.44340250538441867,0,0.970368810867534,0,0.0,0,0.007354679291059459,0,0.0
TXN00007016,CUST000165,2025-03-06 05:06:57.003505,753.51,EUR,FR,ES,cajero,desktop,0,Normal,5,3,6,3,796.1411538461538,546.07482260668,145.49,2657.6,52,5,4,-0.07806833789660228,1,3,4,1,1,0.0,0,0,0.4207430056035974,0,0.9734868662428895,0,0.0,0,0.017834351982846927,0,0.0
TXN00006705,CUST000177,2025-06-18 21:45:57.003505,422.65,EUR,FR,GB,cajero,pos,0,Normal,21,2,18,6,882.1804000000001,714.9039851529658,108.09,2740.13,50,5,4,-0.6427861767463635,1,3,6,1,3,0.0,0,0,0.42508983635542563,0,0.9746005751444635,0,0.0,0,0.024771962760177957,0,0.0
TXN00006635,CUST000189,2025-05-31 04:06:57.003505,6685.43,EUR,DE,GB,web,atm,0,Normal,4,5,31,5,7299.777222222222,5820.825465841291,680.44,24792.93,54,6,4,-0.105542972508262,1,1,6,3,0,0.0,0,0,0.4928393901474076,0,1.0436587030188256,0,0.0,0,0.005326209667891297,0,0.0
TXN00003624,CUST000043,2025-07-14 17:54:57.107482,81158.31,CHF,CH,CH,cajero,desktop,1,Fraude,17,0,14,7,14802.66984375,19505.427795265667,654.06,90854.63,64,10,4,3.4019064257054565,0,0,1,1,1,1.0,1,1,0.6638602934126231,0,1.0474138976650536,1,0.8920075938958706,1,0.9999999993028681,1,1.0
TXN00005483,CUST000034,2025-12-08 20:17:57.003505,63.75,EUR,FR,ES,web,pos,0,Normal,20,0,8,12,4461.999242424243,17455.08561943105,12.03,89753.64,66,6,4,-0.2519752316354223,1,3,4,3,3,0.0,0,0,0.47453744334321474,0,1.0135689348470236,0,0.009405940594059406,1,0.5949004768062133,0,0.0
TXN00001240,CUST000052,2026-01-11 05:56:57.003505,75.63,EUR,ES,ES,app,desktop,0,Normal,5,6,11,1,177.9474,132.6302616653853,34.91,487.78,50,3,4,-0.7714483704080265,1,2,4,0,1,0.0,0,0,0.46668069899750914,0,1.013913901500961,0,0.0,0,0.014761081751666053,0,0.0
TXN00001674,CUST000047,2025-02-14 21:31:57.107482,27687.24,EUR,ES,CN,sucursal,atm,1,Fraude,21,4,14,2,14563.28859375,20712.60540698934,564.29,99973.8,64,9,4,0.6336214661429211,1,2,2,2,0,0.0,0,0,0.5549226862407972,0,1.0754142914111608,1,0.8905168900020165,1,0.976963924344057,0,0.0
TXN00004252,CUST000020,2025-04-16 23:55:57.003505,88.13,EUR,IT,IT,cajero,atm,0,Normal,23,2,16,4,3059.5745588235295,12108.493253395596,10.07,69036.33,68,7,4,-0.24540167768147722,1,5,8,1,0,0.0,0,0,0.4893582364900021,0,1.0037240693758436,0,0.0,0,0.4904495925766851,0,0.0
TXN00001900,CUST000179,2025-04-23 00:39:57.003505,4152.74,EUR,DE,ES,sucursal,mobile,0,Normal,0,2,23,4,5704.412033898305,3719.034007330203,1121.58,14726.16,59,6,4,-0.41722448098692844,1,1,4,2,2,0.0,0,0,0.43646298595693306,0,1.0029679269479286,0,0.0,0,0.003533972830249776,0,0.0
TXN00005861,CUST000171,2025-10-23 06:57:57.003505,4284.29,EUR,IT,FR,web,tablet,0,Normal,6,3,23,10,5145.970204081633,3309.986413680884,1048.73,12932.63,49,6,4,-0.2603274141125765,1,5,5,3,4,0.0,0,0,0.44371889846743345,0,1.014842190541414,0,0.0,0,0.006074144380773973,0,0.0
TXN00004654,CUST000044,2025-12-13 19:47:57.003505,182.48,EUR,ES,GB,web,pos,0,Normal,19,5,13,12,1931.648222222222,3870.370479347076,127.53,24725.19,45,7,4,-0.4519381881150988,1,2,6,3,3,0.0,0,0,0.4556801240224398,0,1.014452323412004,0,0.008260869565217389,0,0.05951350013342942,0,0.0
TXN00002222,CUST000166,2025-08-12 01:36:57.003505,3690.61,EUR,GB,GB,sucursal,tablet,0,Normal,1,1,12,8,5381.796428571428,3789.6021120618175,1121.03,14682.41,56,6,4,-0.4462701830206206,1,4,6,2,4,0.0,0,0,0.4427817931037485,0,1.0123265205156673,0,0.0,0,0.009193581246955747,0,0.0
TXN00008755,CUST000026,2025-07-21 00:07:57.003505,208.36,EUR,FR,ES,web,atm,0,Normal,0,0,21,7,7883.520307692308,20808.794176314088,16.14,93951.45,65,7,4,-0.3688421463680884,1,3,4,3,0,0.0,0,0,0.4920304976619047,0,1.0432889503394869,0,0.026465578525322032,0,0.2696427031283771,0,0.0
TXN00001928,CUST000083,2025-07-27 03:07:57.003505,154.7,EUR,ES,ES,app,tablet,0,Normal,3,6,27,7,158.37742857142857,131.01619648393864,23.45,495.8,70,3,4,-0.02806850329997859,1,2,4,0,4,0.0,0,0,0.49631369234793893,0,1.1058267190176088,0,0.0,0,0.004522978269928367,0,0.0
TXN00000270,CUST000110,2025-04-27 22:39:57.003505,366.47,EUR,ES,IT,web,atm,0,Normal,22,6,27,4,182.09387755102043,131.0415090377906,13.74,460.63,49,3,4,1.407005477850553,1,2,8,3,0,0.0,0,0,0.5322541842125059,0,1.0522286910235104,0,0.0,0,0.004011072697597106,0,0.0
TXN00007941,CUST000051,2025-12-20 05:35:57.003505,397.02,EUR,DE,DE,web,tablet,0,Normal,5,5,20,12,819.4428260869565,649.2779453436051,154.15,2996.29,46,5,4,-0.6506039955088906,1,1,3,3,4,0.0,0,0,0.46830779055606087,0,1.0131135534202753,0,0.0,0,0.010552400701910452,0,0.0
TXN00007272,CUST000143,2025-06-28 01:30:57.003505,3006.3,EUR,ES,GB,app,desktop,0,Normal,1,5,28,6,5239.2824390243895,3581.701917241844,1357.73,14883.52,41,6,4,-0.6234417296569719,1,2,6,0,1,0.0,0,0,0.4663357786481996,0,1.0060750971566204,0,0.0,0,0.008929688839670219,0,0.0
TXN00007970,CUST000084,2025-11-07 05:02:57.003505,73.09,EUR,ES,FR,web,atm,0,Normal,5,4,7,11,147.96942857142858,102.41184253992486,13.22,384.01,70,3,4,-0.7311598540088493,1,2,5,3,0,0.0,0,0,0.5014358155564312,0,1.1204818796186593,0,0.0,0,0.009251915627638213,0,0.0
TXN00004001,CUST000040,2025-06-28 19:56:57.003505,80.04,EUR,IT,ES,cajero,pos,0,Normal,19,5,28,6,3874.694230769231,15635.620503928736,12.24,90189.11,78,9,4,-0.24269290940983518,1,5,4,1,3,0.0,0,0,0.5079029001036761,0,1.0257090262659676,0,0.00979381443298969,1,0.5490568488211797,0,0.0
TXN00009229,CUST000072,2025-08-29 09:20:57.003505,3009.47,CHF,GB,IT,app,pos,0,Normal,9,4,29,8,5567.7047999999995,3639.3995975049706,1298.32,14110.12,50,6,4,-0.7029277029790566,0,4,8,0,3,0.0,0,0,0.4834516772939194,0,1.1085403684461492,0,0.00957983193277311,0,0.006606416928029068,0,0.0
TXN00005894,CUST000081,2025-04-27 02:15:57.003505,4286.77,USD,CH,GB,app,atm,0,Normal,2,6,27,4,7762.277592592593,5260.794077166913,692.26,19011.44,54,6,4,-0.6606431540471184,3,0,6,0,0,0.0,0,0,0.5393388303369883,0,1.102051394371886,0,0.0,0,0.005694186819704637,0,0.0
TXN00003679,CUST000106,2025-11-04 01:15:57.003505,67.84,EUR,FR,ES,web,pos,0,Normal,1,1,4,11,187.99303571428572,139.00723410762927,11.88,497.63,56,3,4,-0.8643653376837164,1,3,4,3,3,0.0,0,0,0.4668521198460265,0,1.0403109352444506,0,0.0,0,0.012484837237775742,0,0.0
TXN00001256,CUST000127,2025-02-10 02:04:57.003505,3654.96,EUR,FR,FR,sucursal,tablet,0,Normal,2,0,10,2,5175.683538461539,3408.1231986798057,1026.86,14073.5,65,6,4,-0.44620556516396215,1,3,5,2,4,0.0,0,0,0.4551149192669148,0,1.056790180891984,0,0.0,0,0.006088693918917539,0,0.0
TXN00003942,CUST000111,2025-11-15 03:43:57.003505,320.27,EUR,ES,ES,app,atm,0,Normal,3,5,15,11,149.84564102564102,120.71725075770787,10.45,438.85,39,3,4,1.411764735304101,1,2,4,0,0,0.0,0,0,0.527558521495756,1,1.1677661035538955,0,0.0,0,0.007286194571691942,0,0.0
TXN00004049,CUST000099,2025-07-15 00:55:57.003505,96.29,EUR,IT,FR,app,tablet,0,Normal,0,1,15,7,135.7517777777778,119.34773310276017,10.87,491.1,45,3,4,-0.33064538740048977,1,5,5,0,4,0.0,0,0,0.4832369326676834,0,1.028962545676107,0,0.0,0,0.016673371692678112,0,0.0
TXN00002424,CUST000163,2025-03-28 06:03:57.003505,107.27,EUR,ES,FR,cajero,tablet,0,Normal,6,4,28,3,168.95499999999998,140.93004795235706,16.1,480.82,42,3,4,-0.4376994151251113,1,2,5,1,4,0.0,0,0,0.4582678604115738,0,1.053940700481898,0,0.0,0,0.009084567595973689,0,0.0
TXN00001179,CUST000009,2025-09-16 02:42:57.003505,5912.6,EUR,FR,CH,app,mobile,0,Normal,2,1,16,9,17673.34349206349,20853.679531958067,673.65,79519.37,63,12,4,-0.5639649095727349,1,3,1,0,2,0.0,0,0,0.5403450513820829,0,1.0076612451205205,0,0.0337225852258371,0,0.008664480372573218,0,0.0
TXN00005270,CUST000162,2025-06-02 23:35:57.003505,22523.8,USD,CH,CH,cajero,pos,0,Normal,23,0,2,6,8187.689791666667,6409.234849582279,610.75,24295.17,48,6,4,2.2367896547012776,3,0,1,1,3,0.0,0,1,0.5896542458256093,0,1.1327742601890036,0,0.0,1,0.5690836692432416,0,0.0
TXN00002094,CUST000042,2025-02-05 22:28:57.003505,14463.69,EUR,ES,ES,sucursal,mobile,0,Normal,22,2,5,2,10704.279047619048,15707.05132958625,1001.04,76105.74,63,9,4,0.2393454298490942,1,2,4,2,2,0.0,0,0,0.4833587574691425,0,0.9805909401291034,0,0.2198190779670455,1,0.6500500205491321,0,0.0
TXN00001880,CUST000141,2025-03-25 21:16:57.003505,2519.88,GBP,GB,DE,app,mobile,0,Normal,21,1,25,3,881.8225000000001,797.0668304624176,106.03,2971.69,48,5,4,2.0551068434181055,2,4,3,0,2,0.0,0,0,0.5217924743249331,1,1.1588985099885138,0,0.0,0,0.011081327783736763,0,0.0
TXN00000731,CUST000155,2025-01-26 06:17:57.003505,2727.66,EUR,IT,FR,sucursal,mobile,0,Normal,6,6,26,1,955.0666666666667,767.1100594112946,122.32,2967.61,45,5,4,2.3107418671877897,1,5,5,2,2,0.0,0,0,0.5031282296452925,0,1.089219434267507,0,0.0,0,0.005452601862767321,0,0.0
TXN00008377,CUST000120,2025-06-29 07:27:57.003505,62.62,EUR,IT,ES,web,pos,0,Normal,7,6,29,6,170.5298113207547,129.18067867988032,11.93,494.78,53,3,4,-0.8353401730673932,1,5,4,3,3,0.0,0,0,0.48767054652912817,0,1.0696839246535899,0,0.0,0,0.0051712174029012676,0,0.0
TXN00009487,CUST000046,2025-12-11 04:21:57.003505,905.41,GBP,GB,DE,web,atm,0,Normal,4,3,11,12,14390.02703125,20397.40065692597,666.14,92261.44,64,10,4,-0.6610948746555205,2,4,3,3,0,0.0,0,0,0.546843990422786,1,1.157535251612729,0,0.008444444444444442,0,0.011314978396301086,0,0.0
TXN00005818,CUST000022,2025-10-15 23:59:57.003505,2753.43,EUR,IT,US,web,pos,0,Normal,23,2,15,10,10301.100588235295,13087.105408488525,1670.97,67315.05,51,12,4,-0.5767257427882423,1,5,14,3,3,0.0,0,0,0.5399781754404629,0,1.1043848774876377,0,0.06904408078873302,0,0.15995768275944694,0,0.0
TXN00005421,CUST000120,2025-03-03 19:55:57.003505,368.96,EUR,IT,FR,cajero,mobile,0,Normal,19,0,3,3,170.5298113207547,129.18067867988032,11.93,494.78,53,3,4,1.5360670742015803,1,5,5,1,2,0.0,0,0,0.5088983812714344,0,1.0722345841172292,0,0.0,0,0.007277951374928633,0,0.0
TXN00001639,CUST000029,2025-08-29 19:23:57.003505,14796.18,CHF,GB,US,sucursal,atm,0,Normal,19,4,29,8,10163.8975,15853.056272274882,1036.43,93521.66,60,11,4,0.29220122733110543,0,4,14,2,0,0.0,0,1,0.5811182953971272,0,1.1152470603134268,0,0.38021409690790525,1,0.9217211199130666,0,0.0
TXN00006553,CUST000168,2026-01-06 03:12:57.003505,1231.96,EUR,IT,ES,sucursal,tablet,0,Normal,3,1,6,1,805.7724074074074,573.1593417914204,118.62,2763.92,54,5,4,0.7435761066319867,1,5,4,2,4,0.0,0,0,0.48289193213932796,0,1.0052475892759967,0,0.0,0,0.01054893655394518,0,0.0
TXN00002510,CUST000098,2026-01-09 04:00:57.003505,2393.87,EUR,IT,GB,web,tablet,0,Normal,4,4,9,1,859.0164814814815,759.6341295827942,114.41,2894.43,54,5,4,2.0205167945007587,1,5,6,3,4,0.0,0,0,0.49548020193824294,0,1.0526831298258732,0,0.0,0,0.008238777170787876,0,0.0
TXN00002358,CUST000107,2026-01-07 17:42:57.003505,22241.74,EUR,DE,ES,web,desktop,0,Normal,17,2,7,1,8391.43761904762,6394.4847395277075,641.04,24787.14,42,6,4,2.1659762972253773,1,1,4,3,1,0.0,0,0,0.5338730308981684,0,1.0989472215595615,0,0.0,0,0.33787350414819095,0,0.0
TXN00007670,CUST000011,2025-02-16 06:34:57.003505,1676.76,EUR,ES,GB,sucursal,atm,0,Normal,6,6,16,2,5832.329,15831.358716522058,120.51,81442.3,60,11,4,-0.26248972524390085,1,2,6,2,0,0.0,0,0,0.4886184724615725,0,1.01473424304595,0,0.048854335831011786,1,0.6510336873247147,0,0.0
TXN00001788,CUST000173,2025-02-15 20:28:57.003505,3080.91,EUR,DE,GB,web,desktop,0,Normal,20,5,15,2,5416.205952380952,3884.0417916518163,1118.22,14676.84,42,6,4,-0.6012540742478821,1,1,6,3,1,0.0,0,0,0.44826208784511995,0,1.0172395221795585,0,0.0,0,0.007631940928566248,0,0.0
TXN00001479,CUST000098,2025-04-22 23:23:57.003505,815.52,EUR,IT,GB,sucursal,desktop,0,Normal,23,1,22,4,859.0164814814815,759.6341295827942,114.41,2894.43,54,5,4,-0.05725977774078008,1,5,6,2,1,0.0,0,0,0.4566483781098849,0,0.9971141453074637,0,0.0,0,0.014913955942209248,0,0.0
TXN00006727,CUST000114,2025-09-03 21:33:57.003505,8792.67,EUR,ES,FR,web,pos,0,Normal,21,2,3,9,5335.650000000001,3328.235785762344,1233.85,12763.92,56,6,4,1.0386944379811909,1,2,5,3,3,0.0,0,0,0.4664719776204728,0,1.0556677556969256,0,0.0,0,0.02328994099872416,0,0.0
TXN00005496,CUST000067,2025-10-09 02:22:57.003505,7644.87,EUR,DE,GB,app,atm,0,Normal,2,3,9,10,8442.174444444445,6077.338718064163,531.49,24134.52,54,6,4,-0.13119302400298335,1,1,6,0,0,0.0,0,0,0.4737255479333757,0,1.0501713578400025,0,0.0,0,0.014033482789896926,0,0.0
TXN00002100,CUST000013,2025-02-27 03:48:57.003505,956.85,USD,GB,ES,cajero,mobile,0,Normal,3,3,27,2,2119.490634920635,8304.770612994731,104.65,66232.6,63,9,4,-0.1399967186283771,3,4,4,1,2,0.0,0,0,0.5069028861651486,0,1.0270723972035511,0,0.07702370210904876,0,0.35136685004352847,0,0.0
TXN00004613,CUST000166,2025-10-23 01:47:57.003505,2032.1,USD,GB,US,sucursal,pos,0,Normal,1,3,23,10,5381.796428571428,3789.6021120618175,1121.03,14682.41,56,6,4,-0.8839177118425854,3,4,14,2,3,0.0,0,0,0.52204465412345,0,1.1001240449172587,0,0.0,0,0.028763774342517246,0,0.0
TXN00000257,CUST000039,2025-05-18 00:28:57.107482,49570.67,EUR,DE,PK,web,desktop,1,Fraude,0,6,18,5,14481.797272727272,22909.14968209796,681.03,99400.06,44,9,4,1.5316532133517287,1,1,11,3,1,1.0,1,1,0.6124758955737888,0,1.0637931743559275,1,0.8795293125887489,1,0.9999988039296073,1,1.0
TXN00003603,CUST000083,2025-12-30 02:19:57.003505,57.1,EUR,ES,FR,app,desktop,0,Normal,2,1,30,12,158.37742857142857,131.01619648393864,23.45,495.8,70,3,4,-0.7730145624463284,1,2,5,0,1,0.0,0,0,0.515351399217616,1,1.183718018712511,0,0.0,0,0.008710054549412241,0,0.0
TXN00007562,CUST000106,2025-02-11 22:32:57.003505,116.75,EUR,FR,IT,app,atm,0,Normal,22,1,11,2,187.99303571428572,139.00723410762927,11.88,497.63,56,3,4,-0.5125131483920553,1,3,8,0,0,0.0,0,0,0.4840979940203986,0,1.0216446407614765,0,0.0,0,0.026913183883531908,0,0.0
TXN00007526,CUST000086,2025-09-19 04:48:57.003505,4672.47,EUR,ES,DE,app,desktop,0,Normal,4,4,19,9,5910.098163265306,4295.407110007479,1124.83,14315.23,49,6,4,-0.2881282568289603,1,2,3,0,1,0.0,0,0,0.43442238612871886,0,0.9870406535510501,0,0.0,0,0.008576644380795875,0,0.0
TXN00008505,CUST000005,2025-08-18 02:37:57.003505,699.98,EUR,GB,DE,sucursal,mobile,0,Normal,2,0,18,8,2003.046231884058,5943.958813233152,101.43,49162.75,69,9,4,-0.2192253130630365,1,4,3,2,2,0.0,0,0,0.4800816051105793,0,1.012980380248867,0,0.02546316102198455,0,0.09532013175503289,0,0.0
TXN00003219,CUST000056,2025-08-20 02:31:57.003505,1155.96,EUR,GB,GB,cajero,atm,0,Normal,2,2,20,8,850.786111111111,607.7213774215593,107.86,2433.3,54,5,4,0.5021608581246889,1,4,6,1,0,0.0,0,0,0.4451806633326199,0,1.0122181907947436,0,0.0,0,0.014332421080733033,0,0.0
TXN00008410,CUST000014,2025-11-04 19:22:57.003505,962.44,EUR,IT,IT,app,mobile,0,Normal,19,1,4,11,6809.598301886793,18922.663397876047,109.06,89409.3,53,9,4,-0.3090029230364103,1,5,8,0,2,0.0,0,0,0.496320985702581,0,1.0532436066099653,0,0.09107004223500359,1,0.8815706443023262,0,0.0
TXN00004700,CUST000015,2025-09-17 08:17:57.003505,2624.8,EUR,FR,ES,app,atm,0,Normal,8,2,17,9,16429.753191489363,24433.972081401258,1004.49,91371.5,47,12,4,-0.5649901352483119,1,3,4,0,0,0.0,0,0,0.5383871007553255,0,1.0248024077146298,0,0.03398054326625755,0,0.07396120668220825,0,0.0
TXN00006453,CUST000030,2025-11-16 20:51:57.003505,2331.96,USD,GB,FR,app,pos,0,Normal,20,6,16,11,5147.489833333334,15805.705911525396,117.06,96740.03,60,7,4,-0.17813376061249742,3,4,5,0,3,0.0,0,0,0.5182616237750661,0,1.0415510435288393,0,0.20305890110262184,1,0.7801504294976662,0,0.0
TXN00007516,CUST000064,2025-11-11 07:01:57.003505,1179.35,EUR,ES,ES,cajero,desktop,0,Normal,7,1,11,11,729.9651020408163,552.4964489294722,103.76,2307.86,49,5,4,0.8133715574399599,1,2,4,1,1,0.0,0,0,0.4356833575695279,0,0.9985812196637746,0,0.0,0,0.015614506210226035,0,0.0
TXN00005864,CUST000092,2025-02-12 08:22:57.003505,4231.09,EUR,FR,ES,cajero,tablet,0,Normal,8,2,12,2,4959.88603773585,3492.984458604319,1165.1,14228.99,53,6,4,-0.20864565707756014,1,3,4,1,4,0.0,0,0,0.43228666309641467,0,0.986877839185882,0,0.0,0,0.010189257928653613,0,0.0
TXN00001710,CUST000124,2025-08-13 00:55:57.003505,847.33,EUR,DE,GB,app,atm,0,Normal,0,2,13,8,909.7118867924529,685.5308862425715,105.13,2668.3,53,5,4,-0.09099792285563256,1,1,6,0,0,0.0,0,0,0.45592032879343103,0,0.9867263228765608,0,0.0,0,0.025824354011217528,0,0.0
TXN00003707,CUST000099,2025-05-31 21:59:57.003505,74.51,EUR,IT,FR,sucursal,desktop,0,Normal,21,5,31,5,135.7517777777778,119.34773310276017,10.87,491.1,45,3,4,-0.5131373313300419,1,5,5,2,1,0.0,0,0,0.48722144302329673,0,1.0461043865938797,0,0.0,0,0.007853267550142084,0,0.0
TXN00007412,CUST000159,2025-08-08 01:20:57.003505,7043.06,CHF,GB,DE,sucursal,mobile,0,Normal,1,4,8,8,5364.320277777778,2907.7495496055617,1837.52,14914.47,36,6,4,0.5773329831218139,0,4,3,2,2,0.0,0,0,0.5037778356934899,0,1.133529968093129,0,0.0,0,0.009426351283650951,0,0.0
TXN00005191,CUST000069,2025-09-26 22:36:57.003505,281.45,EUR,FR,IT,web,tablet,0,Normal,22,4,26,9,169.07313725490195,120.3676959236189,15.12,478.18,51,3,4,0.9336131338992757,1,3,8,3,4,0.0,0,0,0.4935373964140663,0,1.0304885385185836,0,0.0,0,0.005571493753354234,0,0.0
TXN00009035,CUST000105,2025-12-15 02:17:57.003505,1332.36,EUR,US,US,web,tablet,0,Normal,2,0,15,12,4980.748490566038,3710.328094247605,1074.39,14077.93,53,6,4,-0.9833061650906553,1,6,14,3,4,0.0,0,0,0.5293785740293889,1,1.1624294909998358,0,0.0,0,0.02151313147183134,0,0.0
TXN00005470,CUST000025,2025-10-07 00:07:57.003505,193.11,EUR,ES,ES,web,atm,0,Normal,0,1,7,10,4343.914923076923,14920.775001268592,113.57,85819.96,65,10,4,-0.2781896330750798,1,2,4,3,0,0.0,0,0,0.4792318237207677,0,1.0262557105133463,0,0.0,1,0.616467881564828,0,0.0
TXN00002236,CUST000113,2025-04-12 05:43:57.003505,3977.92,GBP,CH,ES,cajero,desktop,0,Normal,5,5,12,4,5951.366734693877,5946.201402798187,518.29,22408.12,49,6,4,-0.33188360108914594,2,0,4,1,1,0.0,0,0,0.4766324550875092,0,1.0605524432189724,0,0.0,0,0.019498231261711733,0,0.0
TXN00006582,CUST000180,2025-12-19 04:39:57.003505,371.32,EUR,GB,GB,cajero,atm,0,Normal,4,4,19,12,934.9624,733.4398987565374,127.9,2829.87,50,5,4,-0.7684915971807627,1,4,6,1,0,0.0,0,0,0.44946430634566065,0,0.9955221253355534,0,0.0,0,0.024787832237381544,0,0.0
TXN00000005,CUST000177,2025-10-04 06:40:57.003505,352.34,EUR,FR,IT,app,desktop,0,Normal,6,5,4,10,882.1804000000001,714.9039851529658,108.09,2740.13,50,5,4,-0.741135047870095,1,3,8,0,1,0.0,0,0,0.4497776603313234,0,0.9999195220958417,0,0.0,0,0.05996334557781861,0,0.0
TXN00009970,CUST000043,2025-04-14 00:36:57.003505,19963.5,USD,CH,US,cajero,mobile,0,Normal,0,0,14,4,14802.66984375,19505.427795265667,654.06,90854.63,64,10,4,0.2645843100779387,3,0,14,1,2,0.0,0,1,0.5977034376172758,1,1.2090985444418112,0,0.45217334993853453,1,0.9662791098032533,0,0.0
TXN00006991,CUST000050,2026-01-07 02:51:57.003505,1389.74,EUR,FR,GB,sucursal,pos,0,Normal,2,2,7,1,5331.105348837209,3804.6606136073424,1083.57,14257.64,43,6,4,-1.0359308616660872,1,3,6,2,3,0.0,0,0,0.44959313861428135,0,1.0076599804630588,0,0.0,0,0.007553565790740826,0,0.0
TXN00007075,CUST000109,2025-04-06 03:42:57.003505,2908.93,USD,CH,ES,sucursal,pos,0,Normal,3,6,6,4,7309.252040816326,6747.518800021043,807.42,24185.66,49,6,4,-0.6521392782411314,3,0,4,2,3,0.0,0,0,0.5195987249895208,0,1.0433599718723872,0,0.009743589743589744,0,0.009922063520496382,0,0.0
TXN00001255,CUST000189,2025-11-16 01:57:57.003505,6297.29,EUR,DE,US,sucursal,pos,0,Normal,1,6,16,11,7299.777222222222,5820.825465841291,680.44,24792.93,54,6,4,-0.17222423656798427,1,1,14,2,3,0.0,0,0,0.48654430305795743,0,1.0080492400378547,0,0.0,0,0.03347976138122889,0,0.0
TXN00001671,CUST000165,2025-12-30 18:01:57.003505,456.27,EUR,FR,IT,app,mobile,0,Normal,18,1,30,12,796.1411538461538,546.07482260668,145.49,2657.6,52,5,4,-0.6223893487734787,1,3,8,0,2,0.0,0,0,0.48466899042999345,0,1.0431166246562464,0,0.0,0,0.030805913188483518,0,0.0
TXN00009340,CUST000123,2025-09-26 08:46:57.003505,1613.35,EUR,FR,GB,app,tablet,0,Normal,8,4,26,9,860.7267272727273,600.9941789822697,130.73,2418.83,55,5,4,1.2522971066865842,1,3,6,0,4,0.0,0,0,0.4661101958925207,0,1.0319112106288402,0,0.0,0,0.010800546974070657,0,0.0
TXN00005105,CUST000112,2025-03-27 04:20:57.003505,2947.1,CHF,US,GB,cajero,mobile,0,Normal,4,3,27,3,7212.2430952380955,6561.998481108902,680.3,24787.28,42,6,4,-0.6499762392306071,0,6,6,1,2,0.0,0,0,0.4957592872622751,0,1.0696515493969652,0,0.0,0,0.004374240461059453,0,0.0
TXN00003396,CUST000176,2025-01-27 23:49:57.003505,565.95,EUR,ES,DE,cajero,desktop,0,Normal,23,0,27,1,999.8185454545454,731.9722641436783,123.88,2909.03,55,5,4,-0.5927390505286175,1,2,3,1,1,0.0,0,0,0.4708155879193749,0,1.0080313990602332,0,0.0,0,0.009670289090410447,0,0.0
TXN00003387,CUST000011,2025-07-25 08:50:57.003505,771.33,EUR,ES,DE,app,pos,0,Normal,8,4,25,7,5832.329,15831.358716522058,120.51,81442.3,60,11,4,-0.31968191046031413,1,2,3,0,3,0.0,0,0,0.47877123768602703,0,0.9954274985796401,0,0.02642339544513457,1,0.5241151586440682,0,0.0
TXN00008752,CUST000173,2025-01-24 20:44:57.003505,2712.07,EUR,DE,US,web,atm,0,Normal,20,4,24,1,5416.205952380952,3884.0417916518163,1118.22,14676.84,42,6,4,-0.6962170071127666,1,1,14,3,0,0.0,0,0,0.5153641691204275,0,1.0560295691178438,0,0.0,0,0.01846046357742729,0,0.0
TXN00009505,CUST000130,2025-02-04 02:30:57.003505,4633.29,EUR,IT,FR,cajero,mobile,0,Normal,2,1,4,2,5477.731875,3585.6029816829373,1158.54,14850.38,64,6,4,-0.23550902848930155,1,5,5,1,2,0.0,0,0,0.45976595196616094,0,1.076797574404816,0,0.0,0,0.009930837087099013,0,0.0
TXN00001882,CUST000179,2025-09-24 22:25:57.003505,12053.45,EUR,DE,FR,cajero,desktop,0,Normal,22,2,24,9,5704.412033898305,3719.034007330203,1121.58,14726.16,59,6,4,1.707173946750847,1,1,5,1,1,0.0,0,0,0.48029202739428367,0,1.0340078533460748,0,0.009313725490196078,0,0.03425747265666418,0,0.0
TXN00004653,CUST000128,2025-03-12 06:26:57.003505,3206.45,EUR,FR,IT,sucursal,mobile,0,Normal,6,2,12,3,5858.723846153846,3432.153469589081,1187.74,13901.43,52,6,4,-0.7727725082464395,1,3,8,2,2,0.0,0,0,0.4205144708350865,0,0.9904126757284628,0,0.0,0,0.007372277891410189,0,0.0
TXN00007410,CUST000077,2025-07-06 05:19:57.003505,4258.25,GBP,CH,CH,sucursal,tablet,0,Normal,5,6,6,7,6464.85641509434,5759.730942651314,662.88,21657.81,53,6,4,-0.3831092869930983,2,0,1,2,4,0.0,0,0,0.5134715538943722,0,1.1238474167422603,0,0.0,0,0.007970413737575987,0,0.0
TXN00006071,CUST000021,2025-09-25 21:49:57.003505,460.36,EUR,FR,FR,sucursal,mobile,0,Normal,21,3,25,9,2655.973768115942,10838.616564582062,16.24,71242.61,69,5,4,-0.2025732486088765,1,3,5,2,2,0.0,0,0,0.45225583897816485,0,0.9990172175422819,0,0.3131295540603961,0,0.1564975876543757,0,0.0
TXN00007473,CUST000028,2025-05-11 01:23:57.003505,198.79,EUR,ES,IT,sucursal,tablet,0,Normal,1,6,11,5,4253.581489361702,17241.301652205857,19.11,90310.44,47,6,4,-0.2351789656558646,1,2,8,2,4,0.0,0,0,0.4655392865290878,0,1.1054802765322076,0,0.008444444444444442,1,0.7714359650881986,0,0.0
TXN00004373,CUST000116,2025-07-12 01:12:57.003505,2007.59,EUR,FR,ES,sucursal,desktop,0,Normal,1,5,12,7,5575.545263157895,3962.8441770423206,1145.06,14589.34,57,6,4,-0.9003521468059578,1,3,4,2,1,0.0,0,0,0.4320141427274146,0,0.991704167268433,0,0.0,0,0.003928596395066676,0,0.0
TXN00002440,CUST000095,2025-09-25 06:20:57.003505,233.59,EUR,IT,FR,web,desktop,0,Normal,6,3,25,9,175.85649999999998,142.59839717673157,10.78,490.31,60,3,4,0.4048678017297719,1,5,5,3,1,0.0,0,0,0.46801874585900394,0,1.0559889426419562,0,0.0,0,0.003735680222381756,0,0.0
TXN00002018,CUST000034,2025-05-10 02:54:57.003505,12.03,EUR,FR,FR,app,mobile,0,Normal,2,5,10,5,4461.999242424243,17455.08561943105,12.03,89753.64,66,6,4,-0.2549382649384192,1,3,5,0,2,0.0,0,0,0.46875599484874503,0,0.995591356119823,0,0.015833333333333335,1,0.664686246150145,0,0.0
TXN00009980,CUST000164,2025-12-24 09:01:57.003505,8058.54,CHF,US,DE,sucursal,atm,0,Normal,9,2,24,12,5759.409827586207,3931.2540620704726,1054.44,14842.44,58,6,4,0.5848337796357218,0,6,3,2,0,0.0,0,0,0.5206093230985414,0,1.1076112794276114,0,0.009268292682926829,0,0.007325798779334362,0,0.0
TXN00003879,CUST000038,2025-10-20 08:13:57.003505,2256.15,EUR,ES,FR,sucursal,mobile,0,Normal,8,0,20,10,7141.748709677419,18776.16760796677,143.24,94991.86,62,10,4,-0.2602021249184123,1,2,5,2,2,0.0,0,0,0.470002437949808,0,0.9858258825366871,0,0.09614169633130193,1,0.6870151428323392,0,0.0
TXN00000220,CUST000184,2025-02-20 04:28:57.003505,22.39,EUR,FR,ES,sucursal,pos,0,Normal,4,3,20,2,141.98777777777778,127.80667248159469,12.93,486.33,54,3,4,-0.9357709931711894,1,3,4,2,3,0.0,0,0,0.447079812299533,0,0.9970935120350184,0,0.0,0,0.008177680642175658,0,0.0
TXN00001585,CUST000120,2025-02-04 19:35:57.003505,16.49,EUR,IT,ES,app,mobile,0,Normal,19,1,4,2,170.5298113207547,129.18067867988032,11.93,494.78,53,3,4,-1.1924369162825061,1,5,4,0,2,0.0,0,0,0.4912161089937274,0,1.0754589285925054,0,0.0,0,0.025995233052279833,0,0.0
TXN00009062,CUST000083,2025-05-02 00:12:57.003505,86.19,EUR,ES,FR,sucursal,desktop,0,Normal,0,4,2,5,158.37742857142857,131.01619648393864,23.45,495.8,70,3,4,-0.5509809470716632,1,2,5,2,1,0.0,0,0,0.48620075279607483,0,1.1391852426088385,0,0.0,0,0.010129792824283688,0,0.0
TXN00009015,CUST000049,2025-05-20 20:23:57.003505,250.78,EUR,ES,ES,web,mobile,0,Normal,20,1,20,5,15183.687118644068,29088.486775127054,121.09,99885.0,59,10,4,-0.5133614283057005,1,2,4,3,2,0.0,0,0,0.49839140418048816,0,0.9977174608740939,0,0.01840555462606659,0,0.13193202356658462,0,0.0
TXN00005032,CUST000162,2025-12-16 01:40:57.003505,4055.83,EUR,CH,CH,web,desktop,0,Normal,1,1,16,12,8187.689791666667,6409.234849582279,610.75,24295.17,48,6,4,-0.6446728647010473,1,0,1,3,1,0.0,0,0,0.4946368662872544,0,1.0607776940374465,0,0.0,0,0.001803862578337324,0,0.0
TXN00003761,CUST000021,2025-05-17 22:53:57.003505,173.82,EUR,FR,IT,app,atm,0,Normal,22,5,17,5,2655.973768115942,10838.616564582062,16.24,71242.61,69,5,4,-0.22901020191063876,1,3,8,0,0,0.0,0,0,0.497783668697821,0,1.030155479597537,0,0.03293333333333333,0,0.3163122205063671,0,0.0
TXN00001547,CUST000174,2025-06-08 20:03:57.003505,737.03,EUR,IT,DE,sucursal,tablet,0,Normal,20,6,8,6,953.0994444444445,735.2875712941743,105.45,2963.0,54,5,4,-0.2938570602659382,1,5,3,2,4,0.0,0,0,0.4750705395745818,0,1.020920588488129,0,0.0,0,0.013157264044392672,0,0.0
TXN00001485,CUST000009,2025-05-22 03:37:57.003505,1591.8,EUR,FR,DE,web,tablet,0,Normal,3,3,22,5,17673.34349206349,20853.679531958067,673.65,79519.37,63,12,4,-0.7711609582686603,1,3,3,3,4,0.0,0,0,0.533026369511151,0,1.0221131190237487,0,0.02456279434850863,0,0.0011218776962420044,0,0.0
TXN00007249,CUST000033,2025-09-03 08:43:57.003505,8733.35,EUR,IT,IT,app,tablet,0,Normal,8,2,3,9,13515.900317460317,21277.432782527,1113.58,86099.77,63,10,4,-0.22477102224301088,1,5,8,0,4,0.0,0,0,0.5245892812572395,0,1.040467748285152,0,0.15306444078575474,1,0.6202463443450366,0,0.0
TXN00009718,CUST000089,2025-09-26 19:13:57.003505,134.86,EUR,ES,FR,web,mobile,0,Normal,19,4,26,9,167.74181818181816,126.83528642226571,11.15,491.57,55,3,4,-0.2592481859748268,1,2,5,3,2,0.0,0,0,0.4450616280579503,0,1.007504203347149,0,0.0,0,0.005738396915817764,0,0.0
TXN00001790,CUST000024,2025-09-06 03:43:57.107482,73708.1,EUR,FR,DE,app,pos,1,Fraude,3,5,6,9,13902.334629629631,16284.919332654581,520.55,73708.1,54,9,4,3.6724631019065086,1,3,3,0,3,1.0,1,1,0.5867983960698964,0,1.0040676856675392,1,0.9558640735528308,1,0.9999999891217498,1,1.0
TXN00009364,CUST000095,2025-08-28 20:15:57.003505,468.73,EUR,IT,IT,web,atm,0,Normal,20,3,28,8,175.85649999999998,142.59839717673157,10.78,490.31,60,3,4,2.0538344311345114,1,5,8,3,0,0.0,0,0,0.5357043712363977,1,1.1589834571715847,0,0.0,0,0.002651107261398561,0,0.0
TXN00002715,CUST000118,2025-02-11 19:18:57.003505,9509.84,EUR,DE,DE,sucursal,tablet,0,Normal,19,1,11,2,7784.2775,6565.419604910623,714.7,24795.08,44,6,4,0.262825927903608,1,1,3,2,4,0.0,0,0,0.48491157656215206,0,1.0524725815676406,0,0.0,0,0.021504238404401858,0,0.0
TXN00008969,CUST000014,2025-07-25 02:14:57.003505,289.92,EUR,IT,ES,web,desktop,0,Normal,2,4,25,7,6809.598301886793,18922.663397876047,109.06,89409.3,53,9,4,-0.3445433744952649,1,5,4,3,1,0.0,0,0,0.4875705897903832,0,1.040608302540226,0,0.016345975948196114,0,0.4199480583092327,0,0.0
TXN00000993,CUST000124,2025-03-23 22:13:57.003505,2033.66,EUR,DE,ES,app,desktop,0,Normal,22,6,23,3,909.7118867924529,685.5308862425715,105.13,2668.3,53,5,4,1.639529500601253,1,1,4,0,1,0.0,0,0,0.4961185778441024,0,1.0371549780776694,0,0.0,0,0.008070683307260313,0,0.0
TXN00008077,CUST000006,2025-12-18 05:25:57.003505,396.66,EUR,FR,IT,web,desktop,0,Normal,5,3,18,12,5953.340833333334,18691.661854483864,13.39,88596.57,60,9,4,-0.29728126243109215,1,3,8,3,1,0.0,0,0,0.4715895297046193,0,1.0100173918512165,0,0.13469752624928508,1,0.7494629343104731,0,0.0
TXN00004870,CUST000132,2025-10-10 19:45:57.003505,4924.25,EUR,ES,GB,cajero,atm,0,Normal,19,4,10,10,4842.353035714286,3440.9431400374256,1071.04,14203.76,56,6,4,0.023800731639239528,1,2,6,1,0,0.0,0,0,0.4369530575347452,0,0.9800024594172655,0,0.008735632183908043,0,0.021188638881278882,0,0.0
TXN00004277,CUST000125,2025-11-09 02:01:57.003505,14967.8,GBP,US,FR,web,desktop,0,Normal,2,6,9,11,8174.718545454546,5978.903488843214,693.97,24865.54,55,6,4,1.1361751307886705,2,6,5,3,1,0.0,0,0,0.559015043528264,1,1.1862180133696023,0,0.0,0,0.06979958742535,0,0.0
TXN00001388,CUST000120,2025-05-20 06:49:57.003505,132.21,EUR,IT,ES,sucursal,mobile,0,Normal,6,1,20,5,170.5298113207547,129.18067867988032,11.93,494.78,53,3,4,-0.296637325455433,1,5,4,2,2,0.0,0,0,0.4498953061081923,0,0.980329842918344,0,0.0,0,0.00694835043632556,0,0.0
TXN00003068,CUST000102,2025-02-06 02:57:57.003505,4188.29,EUR,FR,US,app,tablet,0,Normal,2,3,6,2,5521.343448275862,4623.42696228088,838.24,21094.3,58,6,4,-0.28832583684417057,1,3,14,0,4,0.0,0,0,0.4943994200475648,0,1.0255113484075085,0,0.0,0,0.062404075841481686,0,0.0
TXN00004497,CUST000092,2025-07-01 01:29:57.003505,3486.67,EUR,FR,GB,web,tablet,0,Normal,1,1,1,7,4959.88603773585,3492.984458604319,1165.1,14228.99,53,6,4,-0.42176426914385234,1,3,6,3,4,0.0,0,0,0.45742692566553556,0,1.0184265212662773,0,0.0,0,0.012388536151360752,0,0.0
TXN00000576,CUST000000,2025-03-02 03:08:57.107482,11066.62,EUR,DE,FR,web,pos,1,Fraude,3,6,2,3,4670.333709677419,14778.584927606773,159.16,93045.57,62,10,4,0.4328077634781763,1,1,5,3,3,0.0,0,0,0.5038466235434561,0,1.1351204802950048,1,0.5156898746203882,1,0.9785094002029093,0,0.0
TXN00005643,CUST000101,2025-05-15 20:01:57.003505,82.29,EUR,FR,FR,cajero,mobile,0,Normal,20,3,15,5,125.60097560975608,111.09659308018581,10.12,468.78,41,3,4,-0.38984971563120696,1,3,5,1,2,0.0,0,0,0.44392055733812624,0,0.9868554288727504,0,0.0,0,0.016256843947094618,0,0.0
TXN00006485,CUST000015,2025-02-07 23:10:57.003505,1361.88,EUR,FR,US,cajero,pos,0,Normal,23,4,7,2,16429.753191489363,24433.972081401258,1004.49,91371.5,47,12,4,-0.6166771878380799,1,3,14,1,3,0.0,0,1,0.5674632993640492,0,1.08417443526947,0,0.08810497602276866,0,0.19683407575113152,0,0.0
TXN00007223,CUST000134,2025-02-07 00:44:57.003505,11.1,EUR,FR,ES,cajero,tablet,0,Normal,0,4,7,2,159.77609756097561,110.03255829249015,11.1,483.71,41,3,4,-1.3512009401304814,1,3,4,1,4,0.0,0,0,0.481597064862389,0,1.137304994312175,0,0.0,0,0.022308476632399134,0,0.0
TXN00008577,CUST000105,2025-02-10 21:13:57.003505,7005.54,USD,US,FR,sucursal,pos,0,Normal,21,0,10,2,4980.748490566038,3710.328094247605,1074.39,14077.93,53,6,4,0.5457176447623131,3,6,5,2,3,0.0,0,0,0.5370751565142895,0,1.03451936098589,0,0.0,0,0.04259751923201848,0,0.0
TXN00004349,CUST000045,2025-01-30 00:22:57.003505,966.45,CHF,GB,FR,web,atm,0,Normal,0,3,30,1,6149.803333333333,15824.94547276264,125.29,85657.33,60,9,4,-0.3275432033511397,0,4,5,3,0,0.0,0,0,0.5375597026018768,1,1.2283087535721395,0,0.00826086956521739,0,0.17890303045276762,0,0.0
TXN00009424,CUST000011,2025-08-23 22:33:57.003505,601.32,EUR,ES,GB,app,mobile,0,Normal,22,5,23,8,5832.329,15831.358716522058,120.51,81442.3,60,11,4,-0.3304207234095674,1,2,6,0,2,0.0,0,0,0.47472729900245353,0,0.9864482976958369,0,0.006551724137931034,1,0.6615223053650068,0,0.0
TXN00003266,CUST000131,2025-11-16 05:33:57.003505,1437.16,EUR,DE,ES,app,pos,0,Normal,5,6,16,11,890.2438181818181,592.6132155358536,134.89,2885.62,55,5,4,0.9228889376028506,1,1,4,0,3,0.0,0,0,0.49157248185350944,0,1.0612968421176212,0,0.0,0,0.011562918994471169,0,0.0
TXN00009085,CUST000140,2025-12-23 02:24:57.003505,208.38,EUR,DE,IT,web,atm,0,Normal,2,1,23,12,680.5558695652173,567.6112813520499,132.76,2321.13,46,5,4,-0.8318648417428028,1,1,8,3,0,0.0,0,0,0.48877041864194537,0,1.0637596838827388,0,0.0,0,0.025361682067671556,0,0.0
TXN00009633,CUST000102,2026-01-12 22:54:57.003505,3099.25,EUR,FR,DE,web,pos,0,Normal,22,0,12,1,5521.343448275862,4623.42696228088,838.24,21094.3,58,6,4,-0.5238740586824571,1,3,3,3,3,0.0,0,0,0.47202989104731363,0,1.0105468970351934,0,0.0,0,0.005020341463198845,0,0.0
TXN00001570,CUST000185,2025-02-27 21:20:57.003505,517.97,EUR,GB,FR,cajero,desktop,0,Normal,21,3,27,2,845.7542857142857,659.7552020194057,107.93,2962.75,49,5,4,-0.49682713257002453,1,4,5,1,1,0.0,0,0,0.44925096739639286,0,0.9877910162754224,0,0.0,0,0.014616590449864825,0,0.0
TXN00009041,CUST000088,2025-08-31 22:09:57.003505,818.1,EUR,DE,FR,sucursal,desktop,0,Normal,22,6,31,8,999.984909090909,775.2614145011627,168.78,2889.91,55,5,4,-0.23461106854302904,1,1,5,2,1,0.0,0,0,0.4835066328954358,0,1.041576633874563,0,0.0,0,0.009030465109358682,0,0.0
TXN00002553,CUST000037,2025-09-09 15:14:57.107482,1426.92,EUR,ES,FR,cajero,desktop,1,Fraude,15,1,9,9,3344.5771604938273,14448.411660449672,10.52,94457.02,81,9,4,-0.13272442711543148,1,2,5,1,1,1.0,1,0,0.49344237763663074,0,1.0162546864697348,1,0.7890433190289682,1,0.7903617791912679,1,1.0
TXN00003632,CUST000136,2025-12-17 00:40:57.003505,135.76,EUR,FR,FR,cajero,pos,0,Normal,0,2,17,12,156.8698245614035,118.19619667695422,10.52,475.76,57,3,4,-0.17859986172397396,1,3,5,1,3,0.0,0,0,0.4509469940168336,0,0.9974088887947801,0,0.0,0,0.010095320295560662,0,0.0
TXN00004208,CUST000024,2025-07-06 21:13:57.003505,3971.32,EUR,FR,ES,sucursal,atm,0,Normal,21,6,6,7,13902.334629629631,16284.919332654581,520.55,73708.1,54,9,4,-0.609828911409226,1,3,4,2,0,0.0,0,0,0.5002994429701695,0,1.0084422820903636,0,0.0,0,0.0082312070481923,0,0.0
TXN00002028,CUST000003,2025-11-11 20:30:57.003505,122.11,EUR,ES,FR,cajero,mobile,0,Normal,20,1,11,11,8320.49358490566,25653.022108616926,14.93,99303.62,53,6,4,-0.31958743690600927,1,2,5,1,2,0.0,0,0,0.47358597703460437,0,1.0374185790458708,0,0.037439196862173604,1,0.8524080309114508,0,0.0
TXN00008782,CUST000092,2025-09-12 01:29:57.003505,3615.33,EUR,FR,FR,web,mobile,0,Normal,1,4,12,9,4959.88603773585,3492.984458604319,1165.1,14228.99,53,6,4,-0.3849304379350601,1,3,5,3,2,0.0,0,0,0.4192316744050661,0,0.9805156236589279,0,0.0,0,0.007770698625510342,0,0.0
TXN00004320,CUST000174,2025-06-23 01:00:57.003505,847.68,EUR,IT,IT,sucursal,tablet,0,Normal,1,0,23,6,953.0994444444445,735.2875712941743,105.45,2963.0,54,5,4,-0.14337172069361226,1,5,8,2,4,0.0,0,0,0.4692494309796724,0,1.0621038367164577,0,0.0,0,0.017288550699055355,0,0.0
TXN00005876,CUST000109,2025-06-17 21:48:57.003505,15816.55,GBP,CH,FR,web,pos,0,Normal,21,1,17,6,7309.252040816326,6747.518800021043,807.42,24185.66,49,6,4,1.2608038910386345,2,0,5,3,3,0.0,0,0,0.5376795493911392,0,1.1420954055455,0,0.0,0,0.20182122078943251,0,0.0
TXN00001812,CUST000127,2025-11-18 23:43:57.003505,3479.81,EUR,FR,IT,app,atm,0,Normal,23,1,18,11,5175.683538461539,3408.1231986798057,1026.86,14073.5,65,6,4,-0.49759748668148696,1,3,8,0,0,0.0,0,0,0.47076316204136504,0,1.1163065713217155,0,0.0,0,0.015072985138603234,0,0.0
TXN00009453,CUST000017,2025-07-19 04:58:57.003505,10094.76,EUR,FR,IT,app,mobile,0,Normal,4,5,19,7,15977.346615384617,23735.85855892997,1012.73,95316.24,65,9,4,-0.2478354259034636,1,3,8,0,2,0.0,0,0,0.509347224897882,0,0.9955459207491442,0,0.1466999374147082,0,0.30878549467906785,0,0.0
TXN00005205,CUST000097,2025-04-16 21:59:57.003505,17487.56,GBP,GB,FR,sucursal,tablet,0,Normal,21,2,16,4,6028.589047619047,4895.208384788782,512.34,20827.36,42,6,4,2.3408545764154494,2,4,5,2,4,0.0,0,0,0.531401090887125,0,1.1380022601035726,0,0.0,0,0.30065599812025406,0,0.0
TXN00007807,CUST000148,2025-05-29 06:46:57.003505,3416.92,EUR,ES,DE,cajero,atm,0,Normal,6,3,29,5,4870.1898,2933.4540342801783,1010.54,12132.54,50,6,4,-0.49541250093635647,1,2,3,1,0,0.0,0,0,0.4472791203794921,0,0.9791442982696996,0,0.006785714285714285,0,0.0042652831302235185,0,0.0
TXN00009438,CUST000005,2025-11-29 18:20:57.003505,2656.76,USD,GB,DE,app,pos,0,Normal,18,5,29,11,2003.046231884058,5943.958813233152,101.43,49162.75,69,9,4,0.10997952518624236,3,4,3,0,3,1.0,1,0,0.5590864927391813,0,1.0808497254862228,0,0.4301244801501435,0,0.2667366838838961,1,1.0
TXN00004425,CUST000121,2025-04-01 23:41:57.003505,1860.69,EUR,ES,DE,cajero,atm,0,Normal,23,1,1,4,981.1530612244898,662.239680117164,101.46,2575.07,49,5,4,1.328124792056823,1,2,3,1,0,0.0,0,0,0.49159845504398897,0,1.0570481173106505,0,0.0,0,0.014671421454828313,0,0.0
TXN00006976,CUST000062,2025-01-24 07:39:57.003505,342.87,EUR,IT,DE,sucursal,mobile,0,Normal,7,4,24,1,897.1857692307692,674.5982232769489,119.34,2822.56,52,5,4,-0.821697640584362,1,5,3,2,2,0.0,0,0,0.4581260682421174,0,1.0110652523121,0,0.0,0,0.008604507346045011,0,0.0
TXN00002447,CUST000166,2025-04-21 00:03:57.003505,2844.39,EUR,GB,FR,sucursal,desktop,0,Normal,0,0,21,4,5381.796428571428,3789.6021120618175,1121.03,14682.41,56,6,4,-0.6695706707112122,1,4,5,2,1,0.0,0,0,0.44349344214343595,0,1.003690754916437,0,0.0,0,0.004739294090781249,0,0.0
TXN00006091,CUST000178,2025-02-09 03:21:57.003505,107.12,EUR,ES,IT,app,atm,0,Normal,3,6,9,2,161.7709523809524,128.74485480241623,12.77,487.7,42,3,4,-0.42449037703552833,1,2,8,0,0,0.0,0,0,0.5010598390442248,0,1.0509844650992246,0,0.0,0,0.029712802321786528,0,0.0
TXN00008612,CUST000006,2025-05-05 06:12:57.003505,98.24,EUR,FR,FR,web,pos,0,Normal,6,0,5,5,5953.340833333334,18691.661854483864,13.39,88596.57,60,9,4,-0.313246670018029,1,3,5,3,3,0.0,0,0,0.4631548179266587,0,1.0056981545023613,0,0.024158164209487385,1,0.6963117615553606,0,0.0
TXN00008648,CUST000008,2025-04-06 08:04:57.003505,6185.06,EUR,IT,GB,cajero,pos,0,Normal,8,6,6,4,12268.12043478261,18777.04859567871,1067.78,84173.34,46,9,4,-0.32396254413798464,1,5,6,1,3,0.0,0,0,0.5125139469342996,0,1.0841597012243709,0,0.025301927027072405,0,0.22715569573003458,0,0.0
TXN00000368,CUST000029,2026-01-04 09:13:57.003505,9694.54,CHF,GB,IT,cajero,tablet,0,Normal,9,6,4,1,10163.8975,15853.056272274882,1036.43,93521.66,60,11,4,-0.029606751651493356,0,4,8,1,4,0.0,0,0,0.5340017360901749,1,1.159889599679412,0,0.35651132667317964,1,0.6298168533146746,0,0.0
TXN00007977,CUST000002,2025-02-25 01:41:57.003505,21.06,EUR,ES,IT,app,mobile,0,Normal,1,1,25,2,5083.588301886793,15511.3779006517,21.06,83708.16,53,7,4,-0.3263751508076996,1,2,8,0,2,0.0,0,0,0.4711797931193729,0,1.0617004926597167,0,0.015979262672811058,0,0.48628633092008683,0,0.0
TXN00009639,CUST000004,2025-05-18 02:21:57.003505,3175.95,EUR,DE,CH,web,pos,0,Normal,2,6,18,5,14062.081549295775,19520.768114931096,601.38,95541.67,71,12,4,-0.5576692210390786,1,1,1,3,3,0.0,0,0,0.5566805050230413,0,1.066094253289209,0,0.007307692307692308,0,0.01098576690473063,0,0.0
TXN00009072,CUST000182,2025-06-01 07:12:57.003505,4947.85,EUR,FR,FR,app,pos,0,Normal,7,6,1,6,5969.300425531915,3942.2714577699544,1117.5,14812.85,47,6,4,-0.25910200152747004,1,3,5,0,3,0.0,0,0,0.44669247648132876,0,1.011332651652015,0,0.0,0,0.01701138262488623,0,0.0
TXN00003506,CUST000052,2025-07-27 21:54:57.003505,118.3,EUR,ES,IT,sucursal,atm,0,Normal,21,6,27,7,177.9474,132.6302616653853,34.91,487.78,50,3,4,-0.44972692356408306,1,2,8,2,0,0.0,0,0,0.4731494941120042,0,1.0325359373232335,0,0.0,0,0.012383730332480207,0,0.0
TXN00005157,CUST000165,2025-03-12 19:16:57.003505,501.03,EUR,FR,ES,sucursal,mobile,0,Normal,19,2,12,3,796.1411538461538,546.07482260668,145.49,2657.6,52,5,4,-0.5404225594892337,1,3,4,2,2,0.0,0,0,0.4241870125774612,0,0.9678053185057098,0,0.0,0,0.015735000598634325,0,0.0
TXN00007208,CUST000097,2025-11-24 01:15:57.003505,626.23,GBP,GB,ES,app,desktop,0,Normal,1,0,24,11,6028.589047619047,4895.208384788782,512.34,20827.36,42,6,4,-1.1036014448950873,2,4,4,0,1,0.0,0,0,0.514698908086503,1,1.2076757328872032,0,0.009047619047619047,0,0.006465497406109759,0,0.0
TXN00005585,CUST000031,2025-10-04 22:58:57.003505,2891.75,EUR,ES,GB,app,mobile,0,Normal,22,5,4,10,11309.0796,15599.351809179214,650.1,79046.03,50,9,4,-0.5395948307613235,1,2,6,0,2,0.0,0,0,0.4871501856872097,0,1.0130073961878474,0,0.0,0,0.071629654982748,0,0.0
TXN00003486,CUST000011,2025-10-05 23:06:57.003505,666.83,EUR,ES,ES,app,pos,0,Normal,23,6,5,10,5832.329,15831.358716522058,120.51,81442.3,60,11,4,-0.3262827336659901,1,2,4,0,3,0.0,0,0,0.49141933786207836,0,1.0474778416815702,0,0.00890625,1,0.7231468814026282,0,0.0
TXN00006077,CUST000078,2025-10-30 03:25:57.003505,5626.66,EUR,DE,ES,cajero,mobile,0,Normal,3,3,30,10,8590.456956521739,6556.444835127875,848.73,24850.13,46,6,4,-0.45204329947083133,1,1,4,1,2,0.0,0,0,0.46660892161945816,0,1.0212834763931407,0,0.0,0,0.003275339862169156,0,0.0
TXN00009898,CUST000146,2025-06-02 23:37:57.003505,2350.73,EUR,IT,IT,cajero,atm,0,Normal,23,0,2,6,904.4364285714286,643.5872499374547,113.72,2383.09,42,5,4,2.247237758861581,1,5,8,1,0,0.0,0,0,0.5271165545507515,0,1.1305524157016782,0,0.0,0,0.02957744418899941,0,0.0
TXN00007332,CUST000151,2025-09-04 18:21:57.003505,1150.36,EUR,ES,ES,sucursal,pos,0,Normal,18,3,4,9,4647.714285714285,3516.3390907388803,1030.42,14338.55,49,6,4,-0.9946009740445122,1,2,4,2,3,0.0,0,0,0.4361030558041853,0,0.9920974525756165,0,0.0,0,0.009242947499516561,0,0.0
TXN00006415,CUST000161,2025-06-11 21:08:57.003505,87.38,EUR,ES,ES,cajero,desktop,0,Normal,21,2,11,6,139.16267857142856,120.75959945266268,10.61,487.09,56,3,4,-0.4288079653901073,1,2,4,1,1,0.0,0,0,0.4373853312856999,0,0.9725135518527275,0,0.0,0,0.012304325639149693,0,0.0
TXN00007308,CUST000026,2025-08-16 00:28:57.003505,131.81,EUR,FR,ES,sucursal,atm,0,Normal,0,5,16,8,7883.520307692308,20808.794176314088,16.14,93951.45,65,7,4,-0.3725208794723571,1,3,4,2,0,0.0,0,0,0.48091840735006,0,1.0047215425177298,0,0.008636363636363635,0,0.31998306811843624,0,0.0
TXN00000513,CUST000165,2025-09-23 05:29:57.003505,1588.97,EUR,FR,IT,app,pos,0,Normal,5,1,23,9,796.1411538461538,546.07482260668,145.49,2657.6,52,5,4,1.4518685203566448,1,3,8,0,3,0.0,0,0,0.4735671788876747,0,1.021490824503681,0,0.0,0,0.01657719032910198,0,0.0
TXN00009714,CUST000030,2025-04-13 21:21:57.003505,468.72,EUR,GB,DE,web,pos,0,Normal,21,6,13,4,5147.489833333334,15805.705911525396,117.06,96740.03,60,7,4,-0.29601777100164783,1,4,3,3,3,0.0,0,0,0.47033476257800727,0,1.0202868232647386,0,0.0095,0,0.28898186765612155,0,0.0
TXN00003851,CUST000072,2025-05-25 20:10:57.003505,4582.52,EUR,GB,ES,cajero,desktop,0,Normal,20,6,25,5,5567.7047999999995,3639.3995975049706,1298.32,14110.12,50,6,4,-0.2706998155422953,1,4,4,1,1,0.0,0,0,0.4415551387289758,0,1.0194923150912296,0,0.0,0,0.006180505120299683,0,0.0
TXN00001420,CUST000166,2025-04-30 06:12:57.003505,1121.03,EUR,GB,ES,sucursal,desktop,0,Normal,6,2,30,4,5381.796428571428,3789.6021120618175,1121.03,14682.41,56,6,4,-1.124330814014913,1,4,4,2,1,0.0,0,0,0.4572561668751548,0,1.0123159243903763,0,0.0,0,0.0020881443891268953,0,0.0
TXN00003563,CUST000004,2025-03-23 09:02:57.107482,32921.48,EUR,DE,GB,sucursal,atm,1,Fraude,9,6,23,3,14062.081549295775,19520.768114931096,601.38,95541.67,71,12,4,0.9661196905111987,1,1,6,2,0,1.0,1,1,0.5959756773133753,0,1.0799862769260096,1,0.9775214168172905,1,0.9981847989484032,1,1.0
TXN00007960,CUST000017,2026-01-05 21:42:57.003505,1305.37,EUR,FR,FR,sucursal,pos,0,Normal,21,0,5,1,15977.346615384617,23735.85855892997,1012.73,95316.24,65,9,4,-0.6181354922696298,1,3,5,2,3,0.0,0,0,0.528703857819193,0,1.0052016210851102,0,0.02798024316109422,0,0.01564994188837882,0,0.0
TXN00009650,CUST000030,2025-11-17 19:45:57.003505,938.0,EUR,GB,ES,app,tablet,0,Normal,19,0,17,11,5147.489833333334,15805.705911525396,117.06,96740.03,60,7,4,-0.2663272274348392,1,4,4,0,4,0.0,0,0,0.48834950919039005,0,1.0409370415212678,0,0.05566285553534996,1,0.5297193990403822,0,0.0
TXN00003294,CUST000141,2025-11-01 03:40:57.003505,564.84,USD,GB,IT,sucursal,pos,0,Normal,3,5,1,11,881.8225000000001,797.0668304624176,106.03,2971.69,48,5,4,-0.39768622590707575,3,4,8,2,3,0.0,0,0,0.5274270637315411,0,1.0401233131437357,0,0.0,0,0.07764253767555447,0,0.0
TXN00007667,CUST000010,2025-05-17 08:25:57.003505,441.14,EUR,FR,ES,app,atm,0,Normal,8,5,17,5,2649.5095,9608.349775436482,124.77,72985.19,60,8,4,-0.22983858325139306,1,3,4,0,0,0.0,0,0,0.4598097785745554,0,1.0259878633982056,0,0.0098015873015873,0,0.2990127020732827,0,0.0
TXN00008898,CUST000009,2025-02-05 02:37:57.003505,4825.21,EUR,FR,US,sucursal,pos,0,Normal,2,2,5,2,17673.34349206349,20853.679531958067,673.65,79519.37,63,12,4,-0.6161087050253045,1,3,14,2,3,0.0,0,1,0.562852765695076,0,1.016486114759528,0,0.057849415791302955,0,0.03549650068106198,0,0.0
TXN00006605,CUST000169,2025-05-28 05:43:57.003505,635.51,EUR,DE,FR,web,tablet,0,Normal,5,2,28,5,1003.1623076923078,777.0232421375961,108.39,2916.08,52,5,4,-0.4731548392397363,1,1,5,3,4,0.0,0,0,0.4426586869271524,0,1.001265777513949,0,0.0,0,0.008219016583634548,0,0.0
TXN00002651,CUST000053,2025-10-03 22:53:57.003505,3967.07,EUR,FR,DE,sucursal,atm,0,Normal,22,4,3,10,5120.007843137255,3842.5661514010735,1060.21,14819.86,51,6,4,-0.30004372011053804,1,3,3,2,0,0.0,0,0,0.44151773969555247,0,0.9991393464476277,0,0.0,0,0.01262067596555303,0,0.0
TXN00000653,CUST000074,2025-06-13 02:21:57.003505,8935.93,EUR,IT,ES,app,pos,0,Normal,2,4,13,6,5339.021777777778,3544.830265405901,1289.22,14680.96,45,6,4,1.014691241019312,1,5,4,0,3,0.0,0,0,0.47583792554527715,0,1.0351178866686241,0,0.0,0,0.031055453615132206,0,0.0
TXN00000518,CUST000082,2025-02-25 00:47:57.003505,17990.5,EUR,ES,CH,app,desktop,0,Normal,0,1,25,2,7972.279090909091,6295.064813947002,670.79,24431.66,55,6,4,1.5914404702082883,1,2,1,0,1,0.0,0,0,0.5144470095934962,0,1.0880566566253456,0,0.0,0,0.08266051039132448,0,0.0
TXN00004086,CUST000115,2025-01-25 21:21:57.003505,6716.35,EUR,DE,DE,web,desktop,0,Normal,21,5,25,1,6975.763859649122,5678.052922748995,582.15,24541.97,57,6,4,-0.045687115483566375,1,1,3,3,1,0.0,0,0,0.4809507155726824,0,1.0453048749538558,0,0.0,0,0.004522269822243031,0,0.0
TXN00002528,CUST000114,2025-11-26 05:28:57.003505,4654.16,EUR,ES,DE,web,desktop,0,Normal,5,2,26,11,5335.650000000001,3328.235785762344,1233.85,12763.92,56,6,4,-0.20476013229307397,1,2,3,3,1,0.0,0,0,0.4400885780863102,0,1.0181942324185587,0,0.0,0,0.0035449961033699857,0,0.0
TXN00009108,CUST000167,2025-07-20 07:40:57.003505,11628.13,EUR,US,GB,cajero,mobile,0,Normal,7,6,20,7,5069.928793103448,3997.779061335983,1022.26,14648.94,58,6,4,1.6404611422084097,1,6,6,1,2,0.0,0,0,0.4908502870378147,0,1.0445701767883295,0,0.0,0,0.06089065360775597,0,0.0
TXN00008401,CUST000019,2025-11-28 17:04:57.003505,7000.43,EUR,DE,ES,cajero,desktop,0,Normal,17,4,28,11,14691.315714285713,15933.619614941443,687.1,70887.77,56,11,4,-0.4826828994079318,1,1,4,1,1,0.0,0,0,0.5098867614026492,0,1.0097493303815885,0,0.017467822432361436,0,0.012083758142093429,0,0.0
TXN00004513,CUST000133,2025-09-10 02:10:57.003505,223.18,EUR,IT,FR,sucursal,mobile,0,Normal,2,2,10,9,145.8703846153846,109.73602561372553,11.7,462.02,52,3,4,0.7045053276509439,1,5,5,2,2,0.0,0,0,0.4629896481205133,0,1.0234367675188105,0,0.0,0,0.007232457577204222,0,0.0
TXN00001424,CUST000034,2025-12-06 01:27:57.003505,83.83,EUR,FR,ES,web,atm,0,Normal,1,5,6,12,4461.999242424243,17455.08561943105,12.03,89753.64,66,6,4,-0.2508248505696029,1,3,4,3,0,0.0,0,0,0.490763608692211,0,1.053988120120424,0,0.0,1,0.5649385566382852,0,0.0
TXN00009845,CUST000005,2025-12-09 03:48:57.003505,763.33,GBP,GB,DE,sucursal,tablet,0,Normal,3,1,9,12,2003.046231884058,5943.958813233152,101.43,49162.75,69,9,4,-0.20856743302384362,2,4,3,2,4,0.0,0,0,0.5204052276837882,1,1.165460381978924,0,0.07849363436378413,0,0.1687174479684561,0,0.0
TXN00001748,CUST000105,2025-09-15 22:14:57.003505,1261.21,EUR,US,IT,cajero,pos,0,Normal,22,0,15,9,4980.748490566038,3710.328094247605,1074.39,14077.93,53,6,4,-1.0024823668101561,1,6,8,1,3,0.0,0,0,0.48851210052064115,0,1.028110971737083,0,0.008444444444444444,0,0.013220396922595997,0,0.0
TXN00002878,CUST000157,2025-09-20 05:34:57.003505,3452.38,EUR,IT,US,app,tablet,0,Normal,5,5,20,9,4468.6006,3061.342828385575,1001.7,14281.22,50,6,4,-0.3319525635108171,1,5,14,0,4,0.0,0,0,0.49482613957493904,0,1.1099974359669549,0,0.0,0,0.04986167121339248,0,0.0
TXN00005104,CUST000032,2026-01-06 01:50:57.003505,34.67,EUR,FR,IT,app,mobile,0,Normal,1,1,6,1,5279.0388,17558.788655810717,10.88,75146.84,50,4,4,-0.2986748631982543,1,3,8,0,2,0.0,0,0,0.5049684449564078,0,1.148598854393951,0,0.044244795912951475,1,0.6108609825044328,0,0.0
TXN00001298,CUST000065,2025-11-23 18:02:57.003505,647.39,EUR,DE,GB,app,tablet,0,Normal,18,6,23,11,923.64,646.6474119934588,157.06,2903.34,38,5,4,-0.4272034410857442,1,1,6,0,4,0.0,0,0,0.5003786353589408,0,1.1263997989861765,0,0.0,0,0.02969336861620673,0,0.0
TXN00005695,CUST000011,2025-07-27 22:07:57.003505,121.66,EUR,ES,DE,app,mobile,0,Normal,22,6,27,7,5832.329,15831.358716522058,120.51,81442.3,60,11,4,-0.3607188177524816,1,2,3,0,2,0.0,0,0,0.4929818512177626,0,0.9946048232321354,0,0.0,0,0.46927352641509124,0,0.0
TXN00006992,CUST000154,2026-01-12 01:55:57.003505,4162.52,EUR,ES,DE,cajero,pos,0,Normal,1,0,12,1,5306.762553191489,3600.2821194151297,1232.6,14459.85,47,6,4,-0.31782024711428786,1,2,3,1,3,0.0,0,0,0.4500144043973487,0,1.022375083214719,0,0.0,0,0.0080394506526582,0,0.0
TXN00009500,CUST000005,2025-10-19 01:16:57.003505,839.19,USD,GB,ES,sucursal,mobile,0,Normal,1,6,19,10,2003.046231884058,5943.958813233152,101.43,49162.75,69,9,4,-0.19580489506373044,3,4,4,2,2,0.0,0,0,0.5225020127389605,0,1.0463446989356981,0,0.06839720165259734,0,0.17304747665199932,0,0.0
TXN00003246,CUST000029,2025-06-19 09:31:57.003505,2948.86,USD,GB,US,sucursal,atm,0,Normal,9,3,19,6,10163.8975,15853.056272274882,1036.43,93521.66,60,11,4,-0.4551196548871857,3,4,14,2,0,0.0,0,0,0.5495700107101261,0,1.128513391587538,0,0.07904094681250229,0,0.42915538664416736,0,0.0
TXN00002671,CUST000163,2025-06-01 05:23:57.003505,480.82,EUR,ES,FR,cajero,tablet,0,Normal,5,6,1,6,168.95499999999998,140.93004795235706,16.1,480.82,42,3,4,2.2129063483503746,1,2,5,1,4,0.0,0,0,0.5177365662975396,0,1.0739496777500566,0,0.0,0,0.005994964220288771,0,0.0
TXN00004606,CUST000059,2025-04-19 01:14:57.003505,343.74,EUR,FR,IT,cajero,pos,0,Normal,1,5,19,4,141.4556862745098,127.69645729236034,11.48,485.42,51,3,4,1.5841027733311241,1,3,8,1,3,0.0,0,0,0.4835699566008241,0,1.0427137414857661,0,0.0,0,0.005889460677009627,0,0.0
TXN00006165,CUST000125,2025-12-20 21:32:57.003505,19974.97,GBP,US,DE,sucursal,desktop,0,Normal,21,5,20,12,8174.718545454546,5978.903488843214,693.97,24865.54,55,6,4,1.9736480902545717,2,6,3,2,1,0.0,0,1,0.5660185195896689,1,1.1916071049758938,0,0.0,0,0.17890859030107653,0,0.0
TXN00003402,CUST000030,2025-10-07 15:55:57.107482,8921.09,USD,GB,ES,web,desktop,1,Fraude,15,1,7,10,5147.489833333334,15805.705911525396,117.06,96740.03,60,7,4,0.23874923319155505,3,4,4,3,1,1.0,1,0,0.5132633346010381,0,1.062012310521694,1,0.8063284239911636,1,0.9545433668698666,1,1.0
TXN00000378,CUST000141,2025-04-22 00:55:57.003505,956.92,CHF,GB,ES,cajero,mobile,0,Normal,0,1,22,4,881.8225000000001,797.0668304624176,106.03,2971.69,48,5,4,0.09421731909508115,0,4,4,1,2,0.0,0,0,0.46843605811944006,0,1.0741305140365167,0,0.007916666666666666,0,0.009244320289227986,0,0.0
TXN00005082,CUST000005,2025-08-15 23:16:57.107482,49162.75,EUR,GB,ES,web,desktop,1,Fraude,23,4,15,8,2003.046231884058,5943.958813233152,101.43,49162.75,69,9,4,7.93405628168037,1,4,4,3,1,1.0,1,1,0.5636139599460173,1,1.3194989193694957,1,0.7452459920851703,1,0.9999844061184896,1,1.0
TXN00007523,CUST000035,2026-01-02 19:33:57.003505,1751.66,EUR,DE,FR,app,mobile,0,Normal,19,4,2,1,6047.965897435898,17026.815534224974,102.61,89843.04,39,8,4,-0.2523258614359054,1,1,5,0,2,0.0,0,0,0.5179915044154344,0,1.1296904237703376,0,0.12782696455451364,1,0.7888632685009718,0,0.0
TXN00009412,CUST000129,2025-11-02 07:22:57.003505,4118.6,EUR,US,DE,app,mobile,0,Normal,7,6,2,11,5171.594634146341,3069.580435637823,1448.31,14426.04,41,6,4,-0.34304187685653503,1,6,3,0,2,0.0,0,0,0.4914667648788384,0,1.118270765008338,0,0.0,0,0.015433046677044803,0,0.0
TXN00000214,CUST000169,2025-06-24 21:45:57.003505,2433.16,EUR,DE,DE,web,pos,0,Normal,21,1,24,6,1003.1623076923078,777.0232421375961,108.39,2916.08,52,5,4,1.8403538181604517,1,1,3,3,3,0.0,0,0,0.4897055247731669,0,1.0771331601842402,0,0.0,0,0.0044449021330449185,0,0.0
TXN00007550,CUST000057,2025-05-24 05:37:57.003505,266.12,EUR,ES,FR,sucursal,mobile,0,Normal,5,5,24,5,180.91574074074074,140.8073723895602,11.53,490.57,54,3,4,0.6051121983756607,1,2,5,2,2,0.0,0,0,0.45147312652260274,0,0.9969595159347697,0,0.0,0,0.004110677545734107,0,0.0
TXN00003662,CUST000125,2025-07-07 19:41:57.003505,2763.86,CHF,US,DE,web,pos,0,Normal,19,0,7,7,8174.718545454546,5978.903488843214,693.97,24865.54,55,6,4,-0.9049917856420251,0,6,3,3,3,0.0,0,0,0.5411699744945139,0,1.0690590223171217,0,0.0,0,0.00128267717007832,0,0.0
TXN00002911,CUST000037,2025-02-07 02:18:57.003505,177.57,EUR,ES,IT,app,pos,0,Normal,2,4,7,2,3344.5771604938273,14448.411660449672,10.52,94457.02,81,9,4,-0.2191941394460564,1,2,8,0,3,0.0,0,0,0.5263134954223846,0,1.0699699908189868,0,0.00826086956521739,1,0.790923311311382,0,0.0
TXN00004095,CUST000002,2025-10-12 13:26:57.107482,37998.09,EUR,ES,SY,web,desktop,1,Fraude,13,6,12,10,5083.588301886793,15511.3779006517,21.06,83708.16,53,7,4,2.1219585975407362,1,2,13,3,1,1.0,1,1,0.5719823566885287,0,1.1245060361263228,1,0.9987101531480431,1,0.9999980659507919,1,1.0
TXN00000493,CUST000040,2025-09-08 02:15:57.107482,598.89,EUR,IT,AF,sucursal,pos,1,Fraude,2,0,8,9,3874.694230769231,15635.620503928736,12.24,90189.11,78,9,4,-0.20950906487763735,1,5,0,2,3,1.0,1,0,0.5261383639308734,0,1.0947768558303008,0,0.2806310306088264,1,0.5584088775125987,1,1.0
TXN00007564,CUST000096,2025-12-18 02:53:57.003505,4836.56,EUR,ES,FR,app,mobile,0,Normal,2,3,18,12,8049.057142857143,6639.965843385416,600.14,24951.57,49,6,4,-0.4838122993619835,1,2,5,0,2,0.0,0,0,0.44192480087709646,0,1.0088987693042415,0,0.0,0,0.007998889011835047,0,0.0
TXN00007936,CUST000106,2025-07-25 20:15:57.003505,44.66,EUR,FR,ES,cajero,desktop,0,Normal,20,4,25,7,187.99303571428572,139.00723410762927,11.88,497.63,56,3,4,-1.0311192478816453,1,3,4,1,1,0.0,0,0,0.4460813402542774,0,0.984586589080263,0,0.0,0,0.010270908597705604,0,0.0
TXN00006931,CUST000007,2025-06-24 20:11:57.003505,1084.09,EUR,DE,GB,cajero,pos,0,Normal,20,1,24,6,13983.354109589041,17914.50554094098,1084.09,95095.19,73,10,4,-0.7200457796275547,1,1,6,1,3,0.0,0,0,0.5149593898686015,0,0.9969251731324048,0,0.0,0,0.00525146450185147,0,0.0
TXN00008744,CUST000019,2025-09-23 18:58:57.003505,1686.86,EUR,DE,GB,app,desktop,0,Normal,18,1,23,9,14691.315714285713,15933.619614941443,687.1,70887.77,56,11,4,-0.8161645644706411,1,1,6,0,1,0.0,0,0,0.5117296903145666,0,1.007081850156409,0,0.006551724137931034,0,0.0042192532054582885,0,0.0
TXN00009138,CUST000174,2025-11-02 22:17:57.003505,930.62,EUR,IT,ES,sucursal,atm,0,Normal,22,6,2,11,953.0994444444445,735.2875712941743,105.45,2963.0,54,5,4,-0.030572316589421354,1,5,4,2,0,0.0,0,0,0.48306368337023314,0,1.1236747724895977,0,0.0,0,0.02015448165765622,0,0.0
TXN00000741,CUST000016,2025-06-05 05:22:57.003505,217.05,EUR,IT,GB,sucursal,pos,0,Normal,5,3,5,6,4814.0977192982455,14760.960342710358,109.06,82531.17,57,9,4,-0.31143283446710474,1,5,6,2,3,0.0,0,0,0.44764208430556685,0,0.9929363513796255,0,0.0,1,0.596065747622515,0,0.0
TXN00008630,CUST000128,2025-06-29 18:40:57.003505,5007.36,EUR,FR,DE,web,tablet,0,Normal,18,6,29,6,5858.723846153846,3432.153469589081,1187.74,13901.43,52,6,4,-0.24805529631742315,1,3,3,3,4,0.0,0,0,0.4756607337681285,0,1.025341558382599,0,0.0,0,0.002479495395088282,0,0.0
TXN00002091,CUST000118,2025-06-12 17:24:57.003505,6476.86,EUR,DE,CH,cajero,atm,0,Normal,17,3,12,6,7784.2775,6565.419604910623,714.7,24795.08,44,6,4,-0.19913692931720267,1,1,1,1,0,0.0,0,0,0.47022865359189064,0,1.0285073397941216,0,0.0,0,0.008601839596251548,0,0.0
TXN00006953,CUST000087,2025-06-08 20:10:57.003505,171.47,EUR,ES,IT,cajero,atm,0,Normal,20,6,8,6,1085.5852631578948,805.6519024148467,125.39,2969.7,57,5,4,-1.1346280686277954,1,2,8,1,0,0.0,0,0,0.4744462598389931,0,1.049188669775994,0,0.0,0,0.03876375390384484,0,0.0
TXN00001170,CUST000052,2025-04-14 05:19:57.003505,305.55,EUR,ES,ES,sucursal,desktop,0,Normal,5,0,14,4,177.9474,132.6302616653853,34.91,487.78,50,3,4,0.9620926433805713,1,2,4,2,1,0.0,0,0,0.4620776478231118,0,1.0044291403641499,0,0.0,0,0.004798000118346468,0,0.0
TXN00004484,CUST000022,2025-11-12 21:47:57.003505,6180.09,EUR,IT,IT,cajero,atm,0,Normal,21,2,12,11,10301.100588235295,13087.105408488525,1670.97,67315.05,51,12,4,-0.314890914322998,1,5,8,1,0,0.0,0,0,0.5166114816391157,0,1.05893560187435,0,0.029500000000000002,0,0.27403656770059176,0,0.0
TXN00006174,CUST000154,2025-06-23 04:13:57.003505,4233.85,EUR,ES,ES,cajero,mobile,0,Normal,4,0,23,6,5306.762553191489,3600.2821194151297,1232.6,14459.85,47,6,4,-0.2980079108544352,1,2,4,1,2,0.0,0,0,0.42418243981054465,0,0.9959619371512719,0,0.0,0,0.00776717982095411,0,0.0
TXN00003682,CUST000047,2025-11-13 03:13:57.003505,3463.75,EUR,ES,DE,cajero,desktop,0,Normal,3,3,13,11,14563.28859375,20712.60540698934,564.29,99973.8,64,9,4,-0.5358832640855817,1,2,3,1,1,0.0,0,0,0.4851880253191949,0,0.986795410701361,0,0.0,0,0.019293415230171078,0,0.0
TXN00002202,CUST000121,2025-09-04 01:24:57.003505,954.12,EUR,ES,IT,sucursal,atm,0,Normal,1,3,4,9,981.1530612244898,662.239680117164,101.46,2575.07,49,5,4,-0.04082066054828727,1,2,8,2,0,0.0,0,0,0.4511259770959948,0,1.011258377096151,0,0.0,0,0.032868514878483,0,0.0
TXN00008604,CUST000069,2025-05-25 06:16:57.003505,98.54,EUR,FR,ES,web,atm,0,Normal,6,6,25,5,169.07313725490195,120.3676959236189,15.12,478.18,51,3,4,-0.5859806165408298,1,3,4,3,0,0.0,0,0,0.4695284873942053,0,1.0130532476232446,0,0.0,0,0.00536858287953612,0,0.0
TXN00009912,CUST000119,2025-04-03 09:48:57.003505,4066.8,GBP,US,IT,sucursal,mobile,0,Normal,9,3,3,4,5182.4826530612245,3810.198553881289,1035.0,14102.78,49,6,4,-0.29281483287318727,2,6,8,2,2,0.0,0,0,0.4883079831908835,0,1.0564189799115802,0,0.01837995337995338,0,0.030470870504939372,0,0.0
TXN00006895,CUST000025,2025-05-07 04:00:57.003505,506.19,EUR,ES,ES,web,mobile,0,Normal,4,2,7,5,4343.914923076923,14920.775001268592,113.57,85819.96,65,10,4,-0.2572068087946789,1,2,4,3,2,0.0,0,0,0.45124139344143316,0,0.9804370464117834,0,0.0,1,0.6113437308174826,0,0.0
TXN00002259,CUST000014,2025-08-16 23:54:57.003505,584.75,EUR,IT,IT,sucursal,desktop,0,Normal,23,5,16,8,6809.598301886793,18922.663397876047,109.06,89409.3,53,9,4,-0.3289625868553224,1,5,8,2,1,0.0,0,0,0.4871802415703856,0,1.0381227842920606,0,0.04045194170078128,1,0.7324285001556188,0,0.0
TXN00005219,CUST000153,2025-05-05 06:41:57.003505,1955.01,EUR,ES,ES,cajero,mobile,0,Normal,6,0,5,5,824.5297916666667,674.6234349951362,103.35,2648.6,48,5,4,1.6757203322854675,1,2,4,1,2,0.0,0,0,0.4571566723860771,0,0.9956744891286702,0,0.0,0,0.013924765137440953,0,0.0
TXN00009022,CUST000127,2025-07-11 19:34:57.003505,7412.23,EUR,FR,IT,web,tablet,0,Normal,19,4,11,7,5175.683538461539,3408.1231986798057,1026.86,14073.5,65,6,4,0.6562399099154002,1,3,8,3,4,0.0,0,0,0.4683572139708098,0,1.1536089873252218,0,0.0,0,0.018956512760834272,0,0.0
TXN00005685,CUST000182,2025-06-13 04:56:57.003505,10959.76,EUR,FR,GB,cajero,mobile,0,Normal,4,4,13,6,5969.300425531915,3942.2714577699544,1117.5,14812.85,47,6,4,1.265884307222512,1,3,6,1,2,0.0,0,0,0.4468113459333748,0,1.0050812148177077,0,0.0,0,0.04426302914442919,0,0.0
TXN00008480,CUST000008,2025-11-03 10:25:57.107482,54444.42,EUR,IT,RU,sucursal,desktop,1,Fraude,10,0,3,11,12268.12043478261,18777.04859567871,1067.78,84173.34,46,9,4,2.246162348042149,1,5,12,2,1,1.0,1,1,0.6124602719862313,0,1.0568808971050245,1,0.9978971340071388,1,0.9999998907246042,1,1.0
TXN00009395,CUST000051,2025-09-26 08:11:57.003505,401.52,EUR,DE,IT,sucursal,pos,0,Normal,8,4,26,9,819.4428260869565,649.2779453436051,154.15,2996.29,46,5,4,-0.6436732195209771,1,1,8,2,3,0.0,0,0,0.4457341585475303,0,1.0006054117472356,0,0.0,0,0.022499283188991415,0,0.0
TXN00001353,CUST000147,2026-01-02 18:43:57.003505,2610.3,EUR,US,GB,sucursal,tablet,0,Normal,18,4,2,1,5159.978620689655,3565.2608325444103,1101.13,13831.0,58,6,4,-0.7151450454060854,1,6,6,2,4,0.0,0,0,0.49969785399959554,0,1.12432133942619,0,0.0,0,0.009173910568118915,0,0.0
TXN00004647,CUST000030,2025-04-23 06:13:57.003505,904.02,CHF,GB,GB,cajero,tablet,0,Normal,6,2,23,4,5147.489833333334,15805.705911525396,117.06,96740.03,60,7,4,-0.2684770839605811,0,4,6,1,4,0.0,0,0,0.4772376318877037,0,1.0894147665202325,0,0.03701298701298701,0,0.368219425599906,0,0.0
TXN00006449,CUST000094,2025-01-17 20:52:57.003505,13074.25,CHF,GB,GB,app,desktop,0,Normal,20,4,17,1,7811.610638297872,6082.503451203796,699.35,22965.89,47,6,4,0.8652094327698872,0,4,6,0,1,0.0,0,0,0.5222121246449957,1,1.1785094623816326,0,0.0,0,0.05621578746714975,0,0.0
TXN00004717,CUST000083,2025-11-26 04:14:57.003505,32.81,EUR,ES,IT,sucursal,mobile,0,Normal,4,2,26,11,158.37742857142857,131.01619648393864,23.45,495.8,70,3,4,-0.9584114863875663,1,2,8,2,2,0.0,0,0,0.48937180708911865,0,1.0817166212193299,0,0.0,0,0.011228073990376597,0,0.0
TXN00007560,CUST000182,2025-09-19 21:29:57.003505,6644.75,EUR,FR,GB,web,tablet,0,Normal,21,4,19,9,5969.300425531915,3942.2714577699544,1117.5,14812.85,47,6,4,0.17133512532869447,1,3,6,3,4,0.0,0,0,0.4390563820554443,0,0.9992513754527554,0,0.0,0,0.011270702414722396,0,0.0
TXN00004869,CUST000000,2025-02-07 19:53:57.003505,315.33,EUR,DE,ES,cajero,mobile,0,Normal,19,4,7,2,4670.333709677419,14778.584927606773,159.16,93045.57,62,10,4,-0.2946834037707817,1,1,4,1,2,0.0,0,0,0.4687461175097586,0,0.9934589402385937,0,0.009382716049382716,1,0.6263866088130317,0,0.0
TXN00004998,CUST000038,2025-12-17 05:27:57.003505,895.13,EUR,ES,FR,cajero,mobile,0,Normal,5,2,17,12,7141.748709677419,18776.16760796677,143.24,94991.86,62,10,4,-0.3326886955724807,1,2,5,1,2,0.0,0,0,0.46668350010900006,0,0.9687483681082844,0,0.06519654995720138,1,0.6462400500606117,0,0.0
TXN00005808,CUST000027,2025-07-15 20:46:57.107482,625.86,EUR,FR,KP,app,mobile,1,Fraude,20,1,15,7,4851.360625,18687.684437621316,10.99,94066.9,64,5,4,-0.2261115141834949,1,3,9,0,2,1.0,1,0,0.47649516389172075,0,1.0108736349971044,1,0.5652242747505918,1,0.8305584319349741,1,1.0
TXN00005749,CUST000090,2025-02-01 05:03:57.003505,3861.03,CHF,GB,DE,app,tablet,0,Normal,5,5,1,2,7876.1302173913045,6513.608792365749,504.72,24011.29,46,6,4,-0.6164171574873779,0,4,3,0,4,0.0,0,0,0.5203408378685741,1,1.1959618417200655,0,0.0,0,0.004989041083435381,0,0.0
TXN00008428,CUST000174,2025-12-25 20:56:57.003505,109.75,EUR,IT,GB,sucursal,tablet,0,Normal,20,3,25,12,953.0994444444445,735.2875712941743,105.45,2963.0,54,5,4,-1.146965454363802,1,5,6,2,4,0.0,0,0,0.4779650376762075,0,1.0193371950308956,0,0.0,0,0.01871272532780595,0,0.0
TXN00007010,CUST000104,2025-08-11 03:46:57.003505,1070.16,EUR,ES,IT,sucursal,atm,0,Normal,3,0,11,8,878.7486666666667,742.4299771714012,115.19,2937.85,45,5,4,0.2578173551191694,1,2,8,2,0,0.0,0,0,0.4484114634535569,0,1.0388137547356162,0,0.007037037037037036,0,0.03040151341074021,0,0.0
TXN00007449,CUST000132,2025-03-07 18:15:57.003505,14203.76,EUR,ES,GB,web,pos,0,Normal,18,4,7,3,4842.353035714286,3440.9431400374256,1071.04,14203.76,56,6,4,2.7205933317059405,1,2,6,3,3,0.0,0,0,0.49427790170287805,0,1.0390479482813033,0,0.0,0,0.08379055032646049,0,0.0
TXN00003763,CUST000172,2025-05-25 01:31:57.003505,577.51,EUR,FR,GB,web,desktop,0,Normal,1,6,25,5,1225.615576923077,816.7534839489807,107.05,2891.9,52,5,4,-0.7935143086209929,1,3,6,3,1,0.0,0,0,0.4571613999479628,0,0.998981049014677,0,0.0,0,0.009754925965444208,0,0.0
TXN00003892,CUST000137,2025-08-23 02:51:57.003505,1340.18,EUR,FR,GB,sucursal,mobile,0,Normal,2,5,23,8,911.4923636363636,700.4321115012415,100.69,2786.35,55,5,4,0.6120330988720575,1,3,6,2,2,0.0,0,0,0.432733398310876,0,0.9936909881171111,0,0.0,0,0.009719250337353196,0,0.0
TXN00002037,CUST000184,2025-08-07 22:47:57.003505,362.94,EUR,FR,FR,app,mobile,0,Normal,22,3,7,8,141.98777777777778,127.80667248159469,12.93,486.33,54,3,4,1.7288003529333804,1,3,5,0,2,0.0,0,0,0.47507768512729237,0,1.0288169143051746,0,0.0,0,0.007429665255034755,0,0.0
TXN00006810,CUST000156,2025-11-23 02:37:57.003505,292.66,EUR,FR,IT,cajero,pos,0,Normal,2,6,23,11,105.78857142857143,88.03691067704752,12.77,375.54,56,3,4,2.1226486142192633,1,3,8,1,3,0.0,0,0,0.5100999307720735,0,1.044393258942741,0,0.0,0,0.003995543303233396,0,0.0
TXN00003588,CUST000085,2025-07-31 08:10:57.003505,644.85,EUR,FR,FR,app,desktop,0,Normal,8,3,31,7,924.8436363636364,611.0956308904902,141.58,2746.59,44,5,4,-0.4581830105665228,1,3,5,0,1,0.0,0,0,0.45600614641067194,0,0.9955711819471563,0,0.0,0,0.016771012232097364,0,0.0
TXN00007996,CUST000068,2025-02-11 01:44:57.003505,2320.43,EUR,ES,FR,web,tablet,0,Normal,1,1,11,2,759.856590909091,491.71454812415806,146.29,2320.43,44,5,4,3.1737385275066647,1,2,5,3,4,0.0,0,0,0.502521301708183,0,1.110744707888466,0,0.0,0,0.004376728864526764,0,0.0
TXN00003108,CUST000155,2025-08-26 23:42:57.003505,1874.53,EUR,IT,DE,web,mobile,0,Normal,23,1,26,8,955.0666666666667,767.1100594112946,122.32,2967.61,45,5,4,1.1986067981436102,1,5,3,3,2,0.0,0,0,0.4925937769900084,0,1.074956223140118,0,0.0,0,0.006263995195799266,0,0.0
TXN00001121,CUST000138,2025-03-09 09:17:57.003505,10042.54,EUR,FR,ES,app,tablet,0,Normal,9,6,9,3,5327.873421052632,3712.6738556531113,1167.12,14039.05,38,6,4,1.269884390867969,1,3,4,0,4,0.0,0,0,0.4984311671975421,0,1.1228706379374942,0,0.0,0,0.05223776542574896,0,0.0
TXN00007080,CUST000143,2025-04-02 04:01:57.003505,10605.19,EUR,ES,US,web,mobile,0,Normal,4,2,2,4,5239.2824390243895,3581.701917241844,1357.73,14883.52,41,6,4,1.498144648399324,1,2,14,3,2,0.0,0,0,0.5139639326225718,0,1.0737774934565596,0,0.0,0,0.17052108059294205,0,0.0
TXN00002071,CUST000037,2025-06-20 20:48:57.003505,334.47,EUR,ES,IT,app,desktop,0,Normal,20,4,20,6,3344.5771604938273,14448.411660449672,10.52,94457.02,81,9,4,-0.20833481430524314,1,2,8,0,1,0.0,0,0,0.5157614721720223,0,1.0362751642786354,0,0.14698806359968258,1,0.7676301121176319,0,0.0
TXN00003433,CUST000088,2025-08-20 19:12:57.003505,2263.28,EUR,DE,IT,web,tablet,0,Normal,19,2,20,8,999.984909090909,775.2614145011627,168.78,2889.91,55,5,4,1.6295085317672393,1,1,8,3,4,0.0,0,0,0.48683220431158836,0,1.0628955521797274,0,0.0,0,0.010801907912897377,0,0.0
TXN00003527,CUST000152,2025-11-26 05:42:57.003505,559.8,USD,GB,DE,web,desktop,0,Normal,5,2,26,11,951.1576086956521,716.2417846887702,125.83,2743.37,46,5,4,-0.5464043239522882,3,4,3,3,1,0.0,0,0,0.5038458883801351,0,1.0019789893526352,0,0.0,0,0.016208874383197357,0,0.0
TXN00000468,CUST000044,2025-07-07 02:26:57.003505,417.8,EUR,ES,DE,web,mobile,0,Normal,2,0,7,7,1931.648222222222,3870.370479347076,127.53,24725.19,45,7,4,-0.3911378070676241,1,2,3,3,2,0.0,0,0,0.46027874518912687,0,1.0167809367623981,0,0.0,0,0.04350086145858069,0,0.0
TXN00002516,CUST000112,2025-12-16 05:14:57.003505,3942.65,CHF,US,GB,app,atm,0,Normal,5,1,16,12,7212.2430952380955,6561.998481108902,680.3,24787.28,42,6,4,-0.49826178780024805,0,6,6,0,0,0.0,0,0,0.5392675495224589,0,1.139579656912585,0,0.0,0,0.012759286672928643,0,0.0
TXN00008451,CUST000095,2025-06-05 04:32:57.003505,82.37,EUR,IT,ES,cajero,atm,0,Normal,4,3,5,6,175.85649999999998,142.59839717673157,10.78,490.31,60,3,4,-0.6555929182608069,1,5,4,1,0,0.0,0,0,0.4665992098013792,0,1.0360046147852242,0,0.0,0,0.013552450190960703,0,0.0
TXN00005284,CUST000139,2025-08-06 01:11:57.003505,3281.45,CHF,US,GB,sucursal,pos,0,Normal,1,2,6,8,5999.512857142858,5088.7018853137615,532.86,19230.71,49,6,4,-0.5341367833814712,0,6,6,2,3,0.0,0,0,0.4993976125589399,0,1.0295254529340916,0,0.0,0,0.009402408301778999,0,0.0
TXN00000133,CUST000057,2025-07-15 00:17:57.003505,17.9,EUR,ES,FR,cajero,tablet,0,Normal,0,1,15,7,180.91574074074074,140.8073723895602,11.53,490.57,54,3,4,-1.1577216222174564,1,2,5,1,4,0.0,0,0,0.4577070307291089,0,0.9910592125769746,0,0.0,0,0.016460078266866338,0,0.0
TXN00002145,CUST000095,2025-10-09 23:44:57.003505,34.39,EUR,IT,ES,cajero,pos,0,Normal,23,3,9,10,175.85649999999998,142.59839717673157,10.78,490.31,60,3,4,-0.9920623359644705,1,5,4,1,3,0.0,0,0,0.48270192603413375,0,1.0301361434540783,0,0.0,0,0.01671912993950598,0,0.0
TXN00006858,CUST000151,2025-08-20 03:33:57.003505,4495.36,EUR,ES,ES,web,tablet,0,Normal,3,2,20,8,4647.714285714285,3516.3390907388803,1030.42,14338.55,49,6,4,-0.04332752949572456,1,2,4,3,4,0.0,0,0,0.43229548843930987,0,0.9808089428814972,0,0.0,0,0.008423960898344287,0,0.0
TXN00007514,CUST000169,2025-07-20 04:39:57.003505,108.39,EUR,DE,FR,app,tablet,0,Normal,4,6,20,7,1003.1623076923078,777.0232421375961,108.39,2916.08,52,5,4,-1.1515386645053816,1,1,5,0,4,0.0,0,0,0.4672095753369406,0,1.0161311083352875,0,0.0,0,0.021107582993958065,0,0.0
TXN00009757,CUST000048,2025-09-05 01:59:57.003505,1302.6,EUR,FR,US,sucursal,desktop,0,Normal,1,4,5,9,14978.963214285715,24570.676906037716,1239.7,91202.35,56,8,4,-0.5566132046760351,1,3,14,2,1,0.0,0,0,0.5334682173091074,0,1.059909059214836,0,0.10271519950340371,0,0.1513814419490185,0,0.0
TXN00002150,CUST000088,2025-06-13 18:13:57.003505,741.81,EUR,DE,ES,web,mobile,0,Normal,18,4,13,6,999.984909090909,775.2614145011627,168.78,2889.91,55,5,4,-0.333016585023793,1,1,4,3,2,0.0,0,0,0.4265252405772328,0,0.9593083701693497,0,0.0,0,0.011004431119610183,0,0.0
TXN00008712,CUST000182,2025-08-04 21:59:57.003505,2271.41,EUR,FR,GB,cajero,desktop,0,Normal,21,0,4,8,5969.300425531915,3942.2714577699544,1117.5,14812.85,47,6,4,-0.93801009499374,1,3,6,1,1,0.0,0,0,0.4576549495094822,0,0.983684045140554,0,0.0,0,0.010763925468932707,0,0.0
TXN00005453,CUST000128,2025-08-10 22:15:57.003505,7712.27,EUR,FR,ES,web,atm,0,Normal,22,6,10,8,5858.723846153846,3432.153469589081,1187.74,13901.43,52,6,4,0.5400534007962118,1,3,4,3,0,0.0,0,0,0.4782733669509162,0,1.019615428881679,0,0.0,0,0.010141551889737794,0,0.0
TXN00007119,CUST000103,2025-06-13 06:12:57.003505,9753.83,EUR,ES,GB,sucursal,mobile,0,Normal,6,4,13,6,5214.038510638298,3364.444087380351,1126.94,12261.04,47,6,4,1.349343716259278,1,2,6,2,2,0.0,0,0,0.4444302886595987,0,0.9930225492554732,0,0.0,0,0.03226433552706626,0,0.0
TXN00009763,CUST000014,2025-04-23 20:50:57.003505,1362.2,EUR,IT,FR,cajero,tablet,0,Normal,20,2,23,4,6809.598301886793,18922.663397876047,109.06,89409.3,53,9,4,-0.2878769329168722,1,5,5,1,4,0.0,0,0,0.4924988559656682,0,1.0279295888762776,0,0.13089384970188983,1,0.6681822284531271,0,0.0
TXN00002933,CUST000104,2025-12-22 18:18:57.003505,1362.4,EUR,ES,ES,cajero,atm,0,Normal,18,0,22,12,878.7486666666667,742.4299771714012,115.19,2937.85,45,5,4,0.6514437018351044,1,2,4,1,0,0.0,0,0,0.4667930842703913,0,1.067582783079534,0,0.0,0,0.015363910797484273,0,0.0
TXN00005507,CUST000144,2025-11-15 03:50:57.003505,1097.2,EUR,DE,IT,cajero,mobile,0,Normal,3,5,15,11,1031.58,698.9801338879382,106.4,2623.56,41,5,4,0.09387963509223397,1,1,8,1,2,0.0,0,0,0.4558359954031391,0,1.0341577945627836,0,0.0,0,0.03189054007921486,0,0.0
TXN00003972,CUST000115,2025-02-07 21:29:57.003505,4294.03,EUR,DE,US,sucursal,tablet,0,Normal,21,4,7,2,6975.763859649122,5678.052922748995,582.15,24541.97,57,6,4,-0.47229814439251105,1,1,14,2,4,0.0,0,0,0.5025235487049998,0,1.0401128346978643,0,0.0,0,0.027695613177065134,0,0.0
TXN00004421,CUST000033,2025-03-06 08:30:57.003505,4369.87,EUR,IT,DE,sucursal,atm,0,Normal,8,3,6,3,13515.900317460317,21277.432782527,1113.58,86099.77,63,10,4,-0.42984651440380434,1,5,3,2,0,0.0,0,0,0.5248604848827907,0,1.0186116212675909,0,0.029191574357015533,0,0.08680287000947803,0,0.0
TXN00006028,CUST000119,2025-08-16 20:59:57.003505,2835.16,GBP,US,FR,cajero,tablet,0,Normal,20,5,16,8,5182.4826530612245,3810.198553881289,1035.0,14102.78,49,6,4,-0.6160630789316852,2,6,5,1,4,0.0,0,0,0.49803470283181916,0,1.0514226918025371,0,0.0,0,0.013129944697529155,0,0.0
TXN00003377,CUST000173,2025-10-18 20:54:57.003505,9396.4,EUR,DE,US,cajero,mobile,0,Normal,20,5,18,10,5416.205952380952,3884.0417916518163,1118.22,14676.84,42,6,4,1.024755720998971,1,1,14,1,2,0.0,0,0,0.5054147433475822,0,1.0008947599504925,0,0.0,0,0.1491574633205595,0,0.0
TXN00004666,CUST000081,2025-05-03 19:22:57.003505,14325.33,GBP,CH,US,cajero,atm,0,Normal,19,5,3,5,7762.277592592593,5260.794077166913,692.26,19011.44,54,6,4,1.247540259111274,2,0,14,1,0,0.0,0,1,0.5700511422820637,1,1.1760804505872529,0,0.0,0,0.2898119433713411,0,0.0
TXN00008276,CUST000081,2025-03-20 17:12:57.003505,4517.04,CHF,CH,ES,sucursal,tablet,0,Normal,17,3,20,3,7762.277592592593,5260.794077166913,692.26,19011.44,54,6,4,-0.6168721954088294,0,0,4,2,4,0.0,0,0,0.5020525139755739,0,1.1098283493534622,0,0.0,0,0.001652264854981876,0,0.0
TXN00005696,CUST000050,2025-03-26 02:52:57.003505,13389.23,EUR,FR,IT,app,pos,0,Normal,2,2,26,3,5331.105348837209,3804.6606136073424,1083.57,14257.64,43,6,4,2.117961486558092,1,3,8,0,3,0.0,0,0,0.4991220637114972,0,1.0653529585354762,0,0.0,0,0.11260347313253175,0,0.0
TXN00009713,CUST000137,2026-01-08 02:41:57.003505,987.25,EUR,FR,GB,cajero,atm,0,Normal,2,3,8,1,911.4923636363636,700.4321115012415,100.69,2786.35,55,5,4,0.1081584282209821,1,3,6,1,0,0.0,0,0,0.44175116389981706,0,0.9883316298456943,0,0.0,0,0.01960776815658541,0,0.0
TXN00006780,CUST000187,2025-02-16 18:42:57.003505,7579.27,CHF,GB,GB,web,atm,0,Normal,18,6,16,2,4876.589272727273,3027.9590817394396,1272.52,14739.26,55,6,4,0.8925750492069305,0,4,6,3,0,0.0,0,0,0.53875395594618,0,1.126115446771236,0,0.0,0,0.009789442000815867,0,0.0
TXN00005329,CUST000048,2025-09-12 19:17:57.003505,1965.41,EUR,FR,FR,sucursal,atm,0,Normal,19,4,12,9,14978.963214285715,24570.676906037716,1239.7,91202.35,56,8,4,-0.5296375538827046,1,3,5,2,0,0.0,0,0,0.497549544848651,0,0.9936514247925338,0,0.0,0,0.04744871025368317,0,0.0
TXN00001937,CUST000056,2025-12-30 00:51:57.003505,645.35,USD,GB,ES,app,desktop,0,Normal,0,1,30,12,850.786111111111,607.7213774215593,107.86,2433.3,54,5,4,-0.338043252065103,3,4,4,0,1,0.0,0,0,0.5308829960003757,0,1.0691563093906584,0,0.0,0,0.02404470321604181,0,0.0
TXN00000195,CUST000115,2025-03-31 18:29:57.003505,16286.03,EUR,DE,DE,app,pos,0,Normal,18,0,31,3,6975.763859649122,5678.052922748995,582.15,24541.97,57,6,4,1.6396934416390885,1,1,3,0,3,0.0,0,0,0.5433444654323194,0,1.12581773911017,0,0.0,0,0.08901959264726864,0,0.0
TXN00006988,CUST000003,2025-01-19 06:46:57.003505,143.9,EUR,ES,FR,cajero,mobile,0,Normal,6,6,19,1,8320.49358490566,25653.022108616926,14.93,99303.62,53,6,4,-0.31873802431411696,1,2,5,1,2,0.0,0,0,0.48572999115421706,0,1.0453683925620763,0,0.02432147001934236,1,0.7510070230400557,0,0.0
TXN00004578,CUST000022,2025-05-18 00:07:57.003505,4533.3,EUR,IT,ES,sucursal,mobile,0,Normal,0,6,18,5,10301.100588235295,13087.105408488525,1670.97,67315.05,51,12,4,-0.44072393457253534,1,5,4,2,2,0.0,0,0,0.518250591097632,0,1.0224832674197784,0,0.0061290322580645155,0,0.053519883418686076,0,0.0
TXN00003233,CUST000024,2025-08-31 04:17:57.003505,5355.8,EUR,FR,FR,sucursal,pos,0,Normal,4,6,31,8,13902.334629629631,16284.919332654581,520.55,73708.1,54,9,4,-0.524812831707878,1,3,5,2,3,0.0,0,0,0.4972541698195085,0,1.0157192356278313,0,0.009715909090909091,0,0.006220329554636084,0,0.0
TXN00002000,CUST000028,2025-01-30 21:15:57.003505,404.18,EUR,ES,FR,app,tablet,0,Normal,21,3,30,1,4253.581489361702,17241.301652205857,19.11,90310.44,47,6,4,-0.22326629199982367,1,2,5,0,4,0.0,0,0,0.4957815876629266,0,1.1164743456172717,0,0.21417328044093809,1,0.6705011320646284,0,0.0
TXN00003398,CUST000072,2025-05-10 01:27:57.003505,2533.1,USD,GB,FR,web,tablet,0,Normal,1,5,10,5,5567.7047999999995,3639.3995975049706,1298.32,14110.12,50,6,4,-0.8338201722192269,3,4,5,3,4,0.0,0,0,0.49919797931708204,0,0.9941489168812842,0,0.0,0,0.008136553556369733,0,0.0
TXN00005568,CUST000013,2025-02-25 18:42:57.003505,745.13,GBP,GB,IT,sucursal,tablet,0,Normal,18,1,25,2,2119.490634920635,8304.770612994731,104.65,66232.6,63,9,4,-0.16549049923240983,2,4,8,2,4,0.0,0,0,0.5175329317210812,0,1.1019187138328894,0,0.12562613711780055,0,0.4079635850623663,0,0.0
TXN00006310,CUST000100,2025-06-30 03:28:57.003505,3543.9,EUR,GB,GB,cajero,tablet,0,Normal,3,0,30,6,5226.1033333333335,3597.2253919944915,1045.25,14117.6,48,6,4,-0.467639124478934,1,4,6,1,4,0.0,0,0,0.4570266289046588,0,1.0256202404553703,0,0.0,0,0.007452456042471864,0,0.0
TXN00002727,CUST000013,2025-08-23 19:00:57.003505,105.77,EUR,GB,IT,sucursal,desktop,0,Normal,19,5,23,8,2119.490634920635,8304.770612994731,104.65,66232.6,63,9,4,-0.24247757445909782,1,4,8,2,1,0.0,0,0,0.46343296779960136,0,1.0024965690023995,0,0.014468390804597699,0,0.32702588301039004,0,0.0
TXN00009398,CUST000035,2025-10-21 06:48:57.107482,1425.97,EUR,DE,RU,sucursal,atm,1,Fraude,6,1,21,10,6047.965897435898,17026.815534224974,102.61,89843.04,39,8,4,-0.2714539244213893,1,1,12,2,0,0.0,0,0,0.516338125634938,1,1.2178998135787988,1,0.6201338759111767,1,0.8203577583409478,0,0.0
TXN00003637,CUST000178,2025-03-31 07:04:57.003505,237.91,EUR,ES,FR,sucursal,desktop,0,Normal,7,0,31,3,161.7709523809524,128.74485480241623,12.77,487.7,42,3,4,0.5913948727854232,1,2,5,2,1,0.0,0,0,0.49192452305868567,0,1.0741941024533284,0,0.0,0,0.004667321619517977,0,0.0
TXN00007718,CUST000141,2025-10-26 23:37:57.003505,143.17,USD,GB,DE,web,tablet,0,Normal,23,6,26,10,881.8225000000001,797.0668304624176,106.03,2971.69,48,5,4,-0.926713383173602,3,4,3,3,4,0.0,0,0,0.5391087694011774,0,1.1031463234444092,0,0.0,0,0.01751662173014718,0,0.0
TXN00003378,CUST000053,2025-03-16 22:45:57.003505,5591.06,EUR,FR,US,app,atm,0,Normal,22,6,16,3,5120.007843137255,3842.5661514010735,1060.21,14819.86,51,6,4,0.12258791083359825,1,3,14,0,0,0.0,0,0,0.4935897920834526,0,1.0127417445786722,0,0.0,0,0.07651157521407534,0,0.0
TXN00007757,CUST000109,2025-05-23 03:12:57.003505,7111.96,GBP,CH,US,app,tablet,0,Normal,3,4,23,5,7309.252040816326,6747.518800021043,807.42,24185.66,49,6,4,-0.029239198383037013,2,0,14,0,4,0.0,0,0,0.5421108016656232,0,1.1366396470235955,0,0.0,0,0.09564976101313176,0,0.0
TXN00003253,CUST000132,2025-07-31 19:22:57.003505,9384.05,EUR,ES,ES,sucursal,desktop,0,Normal,19,3,31,7,4842.353035714286,3440.9431400374256,1071.04,14203.76,56,6,4,1.319898870202318,1,2,4,2,1,0.0,0,0,0.48582563419471625,0,1.017564813532165,0,0.0,0,0.01591296094447647,0,0.0
TXN00003796,CUST000008,2025-03-11 19:33:57.003505,2208.68,EUR,IT,IT,sucursal,desktop,0,Normal,19,1,11,3,12268.12043478261,18777.04859567871,1067.78,84173.34,46,9,4,-0.5357306492012769,1,5,8,2,1,0.0,0,0,0.5126892099555291,0,1.0485157471594673,0,0.007599999999999999,0,0.08171671649428047,0,0.0
TXN00005341,CUST000037,2025-10-25 01:40:57.003505,95.52,EUR,ES,FR,sucursal,desktop,0,Normal,1,5,25,10,3344.5771604938273,14448.411660449672,10.52,94457.02,81,9,4,-0.22487296435238993,1,2,5,2,1,0.0,0,0,0.5084538459751888,0,1.0843022960244655,0,0.008382352941176471,1,0.5132164051343849,0,0.0
TXN00007775,CUST000176,2025-12-24 08:25:57.003505,476.58,EUR,ES,IT,cajero,desktop,0,Normal,8,2,24,12,999.8185454545454,731.9722641436783,123.88,2909.03,55,5,4,-0.7148338405306098,1,2,8,1,1,0.0,0,0,0.44976060714578175,0,1.0012225866635849,0,0.0,0,0.026129432507658392,0,0.0
TXN00003587,CUST000132,2025-10-28 01:27:57.003505,4012.53,EUR,ES,US,app,mobile,0,Normal,1,1,28,10,4842.353035714286,3440.9431400374256,1071.04,14203.76,56,6,4,-0.24116150767434624,1,2,14,0,2,0.0,0,0,0.4868805931155679,0,1.0831491301635892,0,0.0095,0,0.03874912854470608,0,0.0
TXN00003052,CUST000023,2025-06-11 04:36:57.003505,921.97,EUR,FR,US,web,atm,0,Normal,4,2,11,6,15815.222833333333,23024.490626082472,808.61,96461.99,60,12,4,-0.6468439660426277,1,3,14,3,0,0.0,0,1,0.5612772136127848,0,1.0246193726955666,0,0.060683442397634006,0,0.07968850849193868,0,0.0
TXN00001643,CUST000021,2025-11-07 05:35:57.003505,31.75,EUR,FR,FR,cajero,atm,0,Normal,5,4,7,11,2655.973768115942,10838.616564582062,16.24,71242.61,69,5,4,-0.24211796332468696,1,3,5,1,0,0.0,0,0,0.46941933177695044,0,1.0283969468693663,0,0.006333333333333334,0,0.24585627262617837,0,0.0
TXN00006096,CUST000001,2025-05-29 05:14:57.003505,119.94,EUR,FR,IT,web,pos,0,Normal,5,3,29,5,3927.4848484848485,13285.312321840493,105.88,98285.28,66,11,4,-0.2865980682997424,1,3,8,3,3,0.0,0,0,0.48321770540760545,0,1.0168740325397614,0,0.0,1,0.5294810318192203,0,0.0
TXN00009855,CUST000115,2025-05-05 17:52:57.003505,7019.88,EUR,DE,ES,sucursal,mobile,0,Normal,17,0,5,5,6975.763859649122,5678.052922748995,582.15,24541.97,57,6,4,0.007769589495433856,1,1,4,2,2,0.0,0,0,0.4607469864804662,0,1.0111281846064244,0,0.0,0,0.015007626956137148,0,0.0
TXN00009448,CUST000185,2025-06-29 18:22:57.003505,216.89,GBP,GB,FR,cajero,tablet,0,Normal,18,6,29,6,845.7542857142857,659.7552020194057,107.93,2962.75,49,5,4,-0.9531782134286384,2,4,5,1,4,0.0,0,0,0.5007008515338719,0,1.0938583152704568,0,0.0,0,0.020684633969991453,0,0.0
TXN00000777,CUST000007,2025-07-26 01:01:57.003505,2444.02,EUR,DE,US,sucursal,atm,0,Normal,1,5,26,7,13983.354109589041,17914.50554094098,1084.09,95095.19,73,10,4,-0.6441335532579143,1,1,14,2,0,0.0,0,0,0.5494545863997078,0,1.054069697182378,0,0.034692670107416654,0,0.018918745467489975,0,0.0
TXN00009666,CUST000180,2025-09-02 05:38:57.003505,2328.09,USD,GB,ES,app,tablet,0,Normal,5,1,2,9,934.9624,733.4398987565374,127.9,2829.87,50,5,4,1.8994434315101258,3,4,4,0,4,0.0,0,0,0.5417066235933775,1,1.1792691291944861,0,0.0,0,0.03223055845762492,0,0.0
TXN00004218,CUST000138,2025-08-06 00:18:57.003505,2737.4,EUR,FR,FR,app,mobile,0,Normal,0,2,6,8,5327.873421052632,3712.6738556531113,1167.12,14039.05,38,6,4,-0.6977379433451995,1,3,5,0,2,0.0,0,0,0.4488229953081037,0,1.0268301480106494,0,0.0,0,0.016456902328267128,0,0.0
TXN00005613,CUST000142,2025-05-06 23:09:57.003505,16341.21,EUR,DE,DE,cajero,mobile,0,Normal,23,1,6,5,6533.238913043478,5298.543436216841,666.85,19029.58,46,6,4,1.8510692991710833,1,1,3,1,2,0.0,0,0,0.5117970435931184,0,1.0457362718995082,0,0.0,0,0.20547350973763742,0,0.0
TXN00000662,CUST000162,2025-01-23 04:00:57.003505,2161.32,GBP,CH,FR,cajero,atm,0,Normal,4,3,23,1,8187.689791666667,6409.234849582279,610.75,24295.17,48,6,4,-0.9402635310077879,2,0,5,1,0,0.0,0,0,0.506787931315941,1,1.1627907608064376,0,0.0,0,0.002479113881416065,0,0.0
TXN00005334,CUST000182,2025-02-12 06:04:57.003505,11306.07,EUR,FR,FR,app,desktop,0,Normal,6,2,12,2,5969.300425531915,3942.2714577699544,1117.5,14812.85,47,6,4,1.3537296024087682,1,3,5,0,1,0.0,0,0,0.4709357711883382,0,1.0441615041372543,0,0.0,0,0.04981902009981033,0,0.0
TXN00000045,CUST000168,2025-06-07 06:23:57.003505,851.99,EUR,IT,GB,sucursal,pos,0,Normal,6,5,7,6,805.7724074074074,573.1593417914204,118.62,2763.92,54,5,4,0.08063655102872806,1,5,6,2,3,0.0,0,0,0.4448664220474539,0,1.004906134166416,0,0.0,0,0.01817751261461776,0,0.0
TXN00000024,CUST000023,2025-06-12 19:50:57.003505,6017.64,EUR,FR,FR,cajero,atm,0,Normal,19,3,12,6,15815.222833333333,23024.490626082472,808.61,96461.99,60,12,4,-0.42552875509910143,1,3,5,1,0,0.0,0,0,0.5179050513202242,0,0.9866679693883205,0,0.0,0,0.15510988509362916,0,0.0
TXN00001450,CUST000149,2025-04-25 22:51:57.003505,4403.04,EUR,ES,FR,web,tablet,0,Normal,22,4,25,4,6270.26275,3614.0108901244885,1298.13,14063.89,40,6,4,-0.516662181230732,1,2,5,3,4,0.0,0,0,0.4643083920901128,0,1.052144761278766,0,0.0,0,0.0036694835111551628,0,0.0
TXN00000754,CUST000110,2025-11-27 22:39:57.003505,126.14,EUR,ES,FR,web,atm,0,Normal,22,3,27,11,182.09387755102043,131.0415090377906,13.74,460.63,49,3,4,-0.42699353460505823,1,2,5,3,0,0.0,0,0,0.4719029114037787,0,1.0273436600807226,0,0.0,0,0.007554406722764469,0,0.0
TXN00006617,CUST000145,2025-08-23 01:46:57.003505,1989.13,EUR,DE,IT,app,mobile,0,Normal,1,5,23,8,825.7344444444445,658.4965368085764,114.16,2750.31,45,5,4,1.7667451364698783,1,1,8,0,2,0.0,0,0,0.4918820069620839,0,1.1071850785802315,0,0.0,0,0.01700242673796098,0,0.0
TXN00001793,CUST000149,2025-04-30 06:35:57.003505,1923.46,EUR,ES,GB,web,mobile,0,Normal,6,2,30,4,6270.26275,3614.0108901244885,1298.13,14063.89,40,6,4,-1.202764153443795,1,2,6,3,2,0.0,0,0,0.47571188671857634,0,1.0229630865163555,0,0.0,0,0.002076400117939765,0,0.0
TXN00009386,CUST000102,2025-11-05 20:27:57.003505,6478.3,EUR,FR,CH,web,atm,0,Normal,20,2,5,11,5521.343448275862,4623.42696228088,838.24,21094.3,58,6,4,0.20697992189003064,1,3,1,3,0,0.0,0,0,0.47463770935369637,0,1.0680124102980444,0,0.0,0,0.012664594099636372,0,0.0
TXN00003188,CUST000023,2025-01-28 00:05:57.003505,3967.7,EUR,FR,CH,cajero,mobile,0,Normal,0,1,28,1,15815.222833333333,23024.490626082472,808.61,96461.99,60,12,4,-0.5145617779442959,1,3,1,1,2,0.0,0,0,0.546198749409659,0,1.0216912788445904,0,0.04424439059117406,0,0.023664165818130325,0,0.0
TXN00008080,CUST000021,2025-06-16 10:54:57.107482,280.51,EUR,FR,FR,cajero,atm,1,Fraude,10,0,16,6,2655.973768115942,10838.616564582062,16.24,71242.61,69,5,4,-0.2191666947292155,1,3,5,1,0,1.0,1,0,0.45326022683974215,0,1.0102943512477633,0,0.3302105767931529,0,0.2110483160420094,1,1.0
TXN00007487,CUST000054,2025-10-28 01:00:57.003505,180.86,EUR,GB,FR,cajero,desktop,0,Normal,1,1,28,10,796.5148076923076,585.8445766532963,106.32,2706.89,52,5,4,-1.0508841955291648,1,4,5,1,1,0.0,0,0,0.45019798586045984,0,0.9985630430350317,0,0.0,0,0.017337884792070376,0,0.0
TXN00009178,CUST000007,2026-01-13 23:26:57.003505,9220.25,EUR,DE,FR,web,atm,0,Normal,23,1,13,1,13983.354109589041,17914.50554094098,1084.09,95095.19,73,10,4,-0.2658797418906028,1,1,5,3,0,0.0,0,0,0.5585407499863062,0,1.043860906974782,0,0.06757077462586981,0,0.05735799739526799,0,0.0
TXN00003997,CUST000097,2025-03-23 03:31:57.003505,15339.14,EUR,GB,US,sucursal,atm,0,Normal,3,6,23,3,6028.589047619047,4895.208384788782,512.34,20827.36,42,6,4,1.9019723408323732,1,4,14,2,0,0.0,0,0,0.5331963891424923,0,1.1136096833957736,0,0.0,0,0.3355547743375083,0,0.0
TXN00004032,CUST000154,2025-12-25 18:53:57.003505,5040.03,EUR,ES,DE,web,mobile,0,Normal,18,3,25,12,5306.762553191489,3600.2821194151297,1232.6,14459.85,47,6,4,-0.07408656996044906,1,2,3,3,2,0.0,0,0,0.44660551563969264,0,1.0049844481118377,0,0.009047619047619047,0,0.005896818978399113,0,0.0
TXN00008552,CUST000090,2025-12-30 20:00:57.003505,4716.79,CHF,GB,FR,app,mobile,0,Normal,20,1,30,12,7876.1302173913045,6513.608792365749,504.72,24011.29,46,6,4,-0.48503683865834263,0,4,5,0,2,0.0,0,0,0.532276249291457,0,1.1198204803451293,0,0.0,0,0.005296521306363361,0,0.0
TXN00004607,CUST000065,2025-11-10 02:53:57.003505,1629.4,EUR,DE,DE,sucursal,mobile,0,Normal,2,0,10,11,923.64,646.6474119934588,157.06,2903.34,38,5,4,1.0914139387535742,1,1,3,2,2,0.0,0,0,0.4952184127774147,0,1.0918852309124618,0,0.0,0,0.012768034381313102,0,0.0
TXN00002938,CUST000124,2025-04-13 06:54:57.003505,743.57,EUR,DE,FR,web,tablet,0,Normal,6,6,13,4,909.7118867924529,685.5308862425715,105.13,2668.3,53,5,4,-0.24235507091552014,1,1,5,3,4,0.0,0,0,0.4551531095563404,0,1.0072430323075252,0,0.0,0,0.011037760671545717,0,0.0
TXN00007615,CUST000109,2025-03-05 17:23:57.003505,1736.44,USD,CH,US,web,desktop,0,Normal,17,2,5,3,7309.252040816326,6747.518800021043,807.42,24185.66,49,6,4,-0.8259053742796599,3,0,14,3,1,0.0,0,0,0.5548229561680301,0,1.1163043545912008,0,0.0,0,0.03331537820865879,0,0.0
TXN00002687,CUST000144,2025-12-24 05:06:57.003505,1808.71,EUR,DE,GB,web,desktop,0,Normal,5,2,24,12,1031.58,698.9801338879382,106.4,2623.56,41,5,4,1.1118055595737224,1,1,6,3,1,0.0,0,0,0.4862757287596196,0,1.0479165089789262,0,0.0,0,0.010221969563375444,0,0.0
TXN00008221,CUST000119,2025-03-13 04:39:57.003505,6950.34,GBP,US,US,web,pos,0,Normal,4,3,13,3,5182.4826530612245,3810.198553881289,1035.0,14102.78,49,6,4,0.46398037306322354,2,6,14,3,3,0.0,0,0,0.5141010853997915,0,1.0371990411881318,0,0.0,0,0.07936944446767068,0,0.0
TXN00002721,CUST000029,2026-01-01 14:40:57.107482,25613.08,EUR,GB,FR,sucursal,mobile,1,Fraude,14,3,1,1,10163.8975,15853.056272274882,1036.43,93521.66,60,11,4,0.9745239172615736,1,4,5,2,2,1.0,1,0,0.5272923428797589,0,1.090647212698618,1,0.9029549269279422,1,0.9963556674773139,1,1.0
TXN00001526,CUST000072,2025-05-15 07:47:57.003505,1816.41,USD,GB,GB,cajero,pos,0,Normal,7,3,15,5,5567.7047999999995,3639.3995975049706,1298.32,14110.12,50,6,4,-1.030745511303841,3,4,6,1,3,0.0,0,0,0.4728760935412787,0,0.9739485161290847,0,0.0,0,0.011186826885570579,0,0.0
TXN00008982,CUST000189,2025-02-02 04:20:57.003505,680.44,EUR,DE,ES,web,tablet,0,Normal,4,6,2,2,7299.777222222222,5820.825465841291,680.44,24792.93,54,6,4,-1.1371818756514356,1,1,4,3,4,0.0,0,0,0.4983919495489625,0,1.0878892150089763,0,0.0,0,0.0016803209863948084,0,0.0
TXN00000232,CUST000084,2025-04-17 04:05:57.003505,185.13,EUR,ES,FR,cajero,desktop,0,Normal,4,3,17,4,147.96942857142858,102.41184253992486,13.22,384.01,70,3,4,0.3628542377921799,1,2,5,1,1,0.0,0,0,0.4587601751515816,0,1.0929601677208614,0,0.0,0,0.005021736375999006,0,0.0
TXN00001846,CUST000021,2025-08-02 03:07:57.003505,447.34,EUR,FR,IT,web,mobile,0,Normal,3,5,2,8,2655.973768115942,10838.616564582062,16.24,71242.61,69,5,4,-0.20377450892851404,1,3,8,3,2,0.0,0,0,0.48629970575436615,0,1.0358084793620859,0,0.2843255317375703,0,0.29494665168985973,0,0.0
TXN00000478,CUST000034,2025-10-29 06:22:57.003505,172.84,EUR,FR,IT,sucursal,mobile,0,Normal,6,2,29,10,4461.999242424243,17455.08561943105,12.03,89753.64,66,6,4,-0.24572547712993242,1,3,8,2,2,0.0,0,0,0.4590381344645207,0,0.997934561265796,0,0.0,1,0.6037612169843987,0,0.0
TXN00006902,CUST000095,2025-03-29 01:49:57.003505,53.48,EUR,IT,FR,cajero,desktop,0,Normal,1,5,29,3,175.85649999999998,142.59839717673157,10.78,490.31,60,3,4,-0.8581898644354389,1,5,5,1,1,0.0,0,0,0.4834098217538899,0,1.1182093110502804,0,0.0,0,0.007263588159808292,0,0.0
TXN00009893,CUST000103,2025-08-07 02:31:57.003505,5325.93,EUR,ES,FR,app,tablet,0,Normal,2,3,7,8,5214.038510638298,3364.444087380351,1126.94,12261.04,47,6,4,0.03325705121631752,1,2,5,0,4,0.0,0,0,0.4431096445833494,0,1.0030406806320955,0,0.008837209302325582,0,0.02052890452865105,0,0.0
TXN00000837,CUST000150,2025-11-10 08:08:57.003505,2317.15,EUR,ES,FR,web,pos,0,Normal,8,0,10,11,4437.8133333333335,2736.3486113014974,1220.08,12025.36,48,6,4,-0.7749974998798412,1,2,5,3,3,0.0,0,0,0.4397014004070402,0,0.9922288639024732,0,0.0,0,0.008897184750897128,0,0.0
TXN00003325,CUST000053,2025-10-27 23:58:57.003505,1060.21,EUR,FR,IT,web,atm,0,Normal,23,0,27,10,5120.007843137255,3842.5661514010735,1060.21,14819.86,51,6,4,-1.0565329735703943,1,3,8,3,0,0.0,0,0,0.4803965701756972,0,1.0442599282147025,0,0.008444444444444444,0,0.006168325844874056,0,0.0
TXN00003725,CUST000181,2025-10-26 05:27:57.003505,167.37,EUR,IT,IT,sucursal,mobile,0,Normal,5,6,26,10,859.3886956521739,767.5902422592371,109.88,2932.89,46,5,4,-0.9015470190368996,1,5,8,2,2,0.0,0,0,0.46107643680229315,0,1.0345926226060969,0,0.0,0,0.02394329865016518,0,0.0
TXN00005367,CUST000189,2025-08-16 19:57:57.003505,19324.2,EUR,DE,FR,web,atm,0,Normal,19,5,16,8,7299.777222222222,5820.825465841291,680.44,24792.93,54,6,4,2.0657590313050407,1,1,5,3,0,0.0,0,0,0.5079719819466482,0,1.051197427519431,0,0.0,0,0.20759561200044874,0,0.0
TXN00008133,CUST000165,2025-11-25 00:33:57.003505,467.46,EUR,FR,IT,cajero,mobile,0,Normal,0,1,25,11,796.1411538461538,546.07482260668,145.49,2657.6,52,5,4,-0.6018976514524175,1,3,8,1,2,0.0,0,0,0.44211855116780047,0,0.9935307102345797,0,0.0,0,0.02589481252555144,0,0.0
TXN00006011,CUST000043,2025-06-04 19:26:57.003505,3815.61,GBP,CH,CH,cajero,atm,0,Normal,19,2,4,6,14802.66984375,19505.427795265667,654.06,90854.63,64,10,4,-0.5632821775820515,2,0,1,1,0,0.0,0,1,0.5682089349585311,0,1.1349938184226565,0,0.009559748427672958,0,0.01918813163837411,0,0.0
TXN00008424,CUST000132,2025-02-25 03:27:57.003505,4617.11,EUR,ES,DE,app,mobile,0,Normal,3,1,25,2,4842.353035714286,3440.9431400374256,1071.04,14203.76,56,6,4,-0.0654596796523575,1,2,3,0,2,0.0,0,0,0.45771684180313404,0,1.0102813832320963,0,0.0,0,0.007607519875936424,0,0.0
TXN00000038,CUST000049,2025-04-02 06:04:57.003505,765.3,EUR,ES,FR,sucursal,mobile,0,Normal,6,2,2,4,15183.687118644068,29088.486775127054,121.09,99885.0,59,10,4,-0.4956733304696087,1,2,5,2,2,0.0,0,0,0.5144820552802727,0,0.9902358643338134,0,0.058537272974479936,0,0.28385594886272025,0,0.0
TXN00001013,CUST000057,2025-07-12 20:30:57.003505,77.95,EUR,ES,FR,sucursal,desktop,0,Normal,20,5,12,7,180.91574074074074,140.8073723895602,11.53,490.57,54,3,4,-0.7312524782056256,1,2,5,2,1,0.0,0,0,0.4386450203173784,0,0.981316693656759,0,0.0,0,0.013077952460020796,0,0.0
TXN00007989,CUST000046,2025-04-21 01:37:57.003505,15541.09,USD,GB,US,sucursal,tablet,0,Normal,1,0,21,4,14390.02703125,20397.40065692597,666.14,92261.44,64,10,4,0.05643184580495669,3,4,14,2,4,0.0,0,1,0.5921149184959807,1,1.2798506392850508,0,0.4791486906095717,1,0.8986503720564739,0,0.0
TXN00007862,CUST000188,2025-11-17 09:31:57.003505,4407.97,EUR,IT,GB,web,desktop,0,Normal,9,0,17,11,4936.442647058823,3552.9495258458055,1054.79,14763.77,34,6,4,-0.14874195174058216,1,5,6,3,1,0.0,0,0,0.4795308144730976,0,1.1338339582585657,0,0.0,0,0.017272580718971108,0,0.0
TXN00009628,CUST000031,2025-07-20 02:37:57.003505,6596.12,EUR,ES,FR,web,desktop,0,Normal,2,6,20,7,11309.0796,15599.351809179214,650.1,79046.03,50,9,4,-0.30212534837021887,1,2,5,3,1,0.0,0,0,0.4943575543005843,0,1.0524667396597283,0,0.02820733917245545,0,0.0581975766823903,0,0.0
TXN00003215,CUST000047,2025-08-21 02:26:57.107482,79093.55,EUR,ES,FR,app,desktop,1,Fraude,2,3,21,8,14563.28859375,20712.60540698934,564.29,99973.8,64,9,4,3.115506723328933,1,2,5,0,1,1.0,1,1,0.6109039212799777,0,0.9771016439797661,1,0.9340944817082867,1,0.9999999996245426,1,1.0
TXN00009737,CUST000019,2025-11-28 21:06:57.003505,7759.33,EUR,DE,DE,sucursal,atm,0,Normal,21,4,28,11,14691.315714285713,15933.619614941443,687.1,70887.77,56,11,4,-0.4350540480676671,1,1,3,2,0,0.0,0,0,0.5175940486573812,0,1.0371485108013299,0,0.008636363636363636,0,0.0113275116654265,0,0.0
TXN00000906,CUST000072,2025-09-23 03:57:57.003505,2090.17,USD,GB,DE,sucursal,mobile,0,Normal,3,1,23,9,5567.7047999999995,3639.3995975049706,1298.32,14110.12,50,6,4,-0.955524312699418,3,4,3,2,2,0.0,0,0,0.49446672902058897,0,0.9948118413358387,0,0.0,0,0.005369551436688289,0,0.0
TXN00001946,CUST000169,2025-02-24 08:38:57.003505,852.03,EUR,DE,FR,sucursal,atm,0,Normal,8,0,24,2,1003.1623076923078,777.0232421375961,108.39,2916.08,52,5,4,-0.19450165619504528,1,1,5,2,0,0.0,0,0,0.45585913277163465,0,1.00239431950421,0,0.0,0,0.010874573541884577,0,0.0
TXN00000472,CUST000153,2025-12-18 00:55:57.003505,164.59,EUR,ES,GB,app,pos,0,Normal,0,3,18,12,824.5297916666667,674.6234349951362,103.35,2648.6,48,5,4,-0.9782343103648486,1,2,6,0,3,0.0,0,0,0.45822654201321683,0,1.0022085826893012,0,0.0,0,0.033905783429116695,0,0.0
TXN00005909,CUST000007,2025-03-08 19:30:57.107482,35386.74,EUR,DE,NG,app,desktop,1,Fraude,19,5,8,3,13983.354109589041,17914.50554094098,1084.09,95095.19,73,10,4,1.194751696623828,1,1,10,0,1,1.0,1,1,0.5888875885236273,0,1.062709236442801,1,0.9349653749141058,1,0.9993533609532019,1,1.0
TXN00006225,CUST000110,2025-07-24 06:45:57.003505,255.35,EUR,ES,FR,cajero,desktop,0,Normal,6,3,24,7,182.09387755102043,131.0415090377906,13.74,460.63,49,3,4,0.5590299015010853,1,2,5,1,1,0.0,0,0,0.4353702596493707,0,0.9679799269776987,0,0.0,0,0.006223531126976668,0,0.0
TXN00005526,CUST000052,2025-03-27 02:50:57.003505,487.78,EUR,ES,ES,web,tablet,0,Normal,2,3,27,3,177.9474,132.6302616653853,34.91,487.78,50,3,4,2.336062628343585,1,2,4,3,4,0.0,0,0,0.5129872712392213,0,1.0698521669902052,0,0.0,0,0.0011894999340086184,0,0.0
TXN00002487,CUST000168,2026-01-07 23:49:57.003505,1156.83,EUR,IT,DE,sucursal,pos,0,Normal,23,2,7,1,805.7724074074074,573.1593417914204,118.62,2763.92,54,5,4,0.6124956297194071,1,5,3,2,3,0.0,0,0,0.4893820047528901,0,1.0626917450964193,0,0.0,0,0.010237525760304081,0,0.0
TXN00009812,CUST000122,2025-07-16 23:23:57.003505,933.07,GBP,GB,FR,sucursal,pos,0,Normal,23,2,16,7,879.8508333333334,604.8507573398664,120.9,2731.71,48,5,4,0.08798726947575838,2,4,5,2,3,0.0,0,0,0.4698249742101897,0,1.0414879326457953,0,0.0,0,0.02132358147901014,0,0.0
TXN00009846,CUST000179,2025-02-19 09:30:57.003505,5005.04,EUR,DE,US,sucursal,tablet,0,Normal,9,2,19,2,5704.412033898305,3719.034007330203,1121.58,14726.16,59,6,4,-0.18805206737335364,1,1,14,2,4,0.0,0,0,0.48273603800505294,0,1.0038071187695308,0,0.0,0,0.022403505409550366,0,0.0
TXN00002762,CUST000113,2025-02-11 20:34:57.003505,22408.12,CHF,CH,CH,web,tablet,0,Normal,20,1,11,2,5951.366734693877,5946.201402798187,518.29,22408.12,49,6,4,2.767607779782607,0,0,1,3,4,0.0,0,1,0.5802289674687758,1,1.274215414084248,0,0.0,0,0.4435382052542896,0,0.0
TXN00005130,CUST000017,2025-09-14 18:13:57.003505,1684.01,EUR,FR,GB,app,pos,0,Normal,18,6,14,9,15977.346615384617,23735.85855892997,1012.73,95316.24,65,9,4,-0.6021832570031453,1,3,6,0,3,0.0,0,0,0.5250517674017978,0,1.00972658432603,0,0.009432624113475176,0,0.02368046479174284,0,0.0
TXN00008944,CUST000130,2025-10-19 01:48:57.003505,1795.41,EUR,IT,ES,cajero,pos,0,Normal,1,6,19,10,5477.731875,3585.6029816829373,1158.54,14850.38,64,6,4,-1.0269742335624379,1,5,4,1,3,0.0,0,0,0.481083232296905,0,1.030330823600255,0,0.0,0,0.003086521499255594,0,0.0
TXN00005418,CUST000075,2025-08-09 04:06:57.003505,1140.6,EUR,FR,FR,app,desktop,0,Normal,4,5,9,8,8798.873684210526,6988.470284473828,1140.6,24612.74,57,6,4,-1.0958440647775158,1,3,5,0,1,0.0,0,0,0.4725237532331245,0,1.0402268908783936,0,0.0,0,0.001905827812515742,0,0.0
TXN00006620,CUST000076,2025-03-14 05:09:57.003505,145.96,EUR,ES,ES,sucursal,desktop,0,Normal,5,4,14,3,157.1376595744681,106.39921381723207,16.86,457.19,47,3,4,-0.10505396673902709,1,2,4,2,1,0.0,0,0,0.43053953640129555,0,0.9659799802913612,0,0.009268292682926829,0,0.007704150463797811,0,0.0
TXN00005363,CUST000184,2025-05-08 20:07:57.003505,354.64,EUR,FR,IT,web,desktop,0,Normal,20,3,8,5,141.98777777777778,127.80667248159469,12.93,486.33,54,3,4,1.663858517159873,1,3,8,3,1,0.0,0,0,0.48742135801183073,0,1.017596617877361,0,0.0,0,0.006215583966358542,0,0.0
TXN00003384,CUST000065,2025-11-04 07:19:57.003505,696.46,EUR,DE,IT,cajero,desktop,0,Normal,7,1,4,11,923.64,646.6474119934588,157.06,2903.34,38,5,4,-0.3513197384465497,1,1,8,1,1,0.0,0,0,0.4743061115589538,0,1.1033724468039152,0,0.0,0,0.06100051031085191,0,0.0
TXN00009988,CUST000035,2025-05-01 20:20:57.003505,1837.01,EUR,DE,IT,cajero,desktop,0,Normal,20,3,1,5,6047.965897435898,17026.815534224974,102.61,89843.04,39,8,4,-0.24731318012603692,1,1,8,1,1,0.0,0,0,0.4920518865708533,1,1.1601173960851128,0,0.14037803219131517,1,0.8551873917084226,0,0.0
TXN00003447,CUST000067,2025-06-18 22:47:57.003505,8451.38,EUR,DE,US,app,pos,0,Normal,22,2,18,6,8442.174444444445,6077.338718064163,531.49,24134.52,54,6,4,0.0015147346529620332,1,1,14,0,3,0.0,0,0,0.4902237524537485,0,0.9975728235659587,0,0.0,0,0.045946130914095405,0,0.0
TXN00000923,CUST000115,2025-09-25 23:05:57.003505,2700.59,EUR,DE,FR,web,mobile,0,Normal,23,3,25,9,6975.763859649122,5678.052922748995,582.15,24541.97,57,6,4,-0.7529295547365896,1,1,5,3,2,0.0,0,0,0.45296889875938146,0,1.0036628121725333,0,0.0,0,0.002620374653550539,0,0.0
TXN00002658,CUST000171,2025-02-26 00:29:57.003505,3045.11,EUR,IT,FR,sucursal,desktop,0,Normal,0,2,26,2,5145.970204081633,3309.986413680884,1048.73,12932.63,49,6,4,-0.6347035730308811,1,5,5,2,1,0.0,0,0,0.4504339179051597,0,1.0221293035313068,0,0.0,0,0.004462938541213181,0,0.0
TXN00000713,CUST000090,2025-04-08 20:52:57.003505,19190.61,CHF,GB,FR,web,mobile,0,Normal,20,1,8,4,7876.1302173913045,6513.608792365749,504.72,24011.29,46,6,4,1.7370523992986404,0,4,5,3,2,0.0,0,0,0.5280993536025999,0,1.148808655783918,0,0.0,0,0.22336468454347475,0,0.0
TXN00005720,CUST000063,2025-11-25 05:03:57.003505,62.19,EUR,FR,IT,sucursal,tablet,0,Normal,5,1,25,11,174.46065217391305,124.88230844193839,11.36,468.38,46,3,4,-0.8990116588619873,1,3,8,2,4,0.0,0,0,0.46676839878854737,0,1.0268566899014684,0,0.0,0,0.018752119522150258,0,0.0
TXN00009313,CUST000130,2026-01-10 22:52:57.003505,6365.66,EUR,IT,IT,web,pos,0,Normal,22,5,10,1,5477.731875,3585.6029816829373,1158.54,14850.38,64,6,4,0.24763704439346623,1,5,8,3,3,0.0,0,0,0.4825766638796105,0,1.1173677120877517,0,0.0,0,0.013030582400861782,0,0.0
TXN00002957,CUST000027,2025-07-21 19:32:57.003505,58.94,EUR,FR,IT,app,tablet,0,Normal,19,0,21,7,4851.360625,18687.684437621316,10.99,94066.9,64,5,4,-0.25644807096034,1,3,8,0,4,0.0,0,0,0.4977666340633893,0,1.0355706655104366,0,0.040928229011018724,1,0.741081228186901,0,0.0
TXN00004875,CUST000135,2025-08-23 01:50:57.003505,537.31,EUR,ES,ES,app,atm,0,Normal,1,5,23,8,1076.0898113207547,785.7308155211804,135.69,2994.76,53,5,4,-0.6857053331651162,1,2,4,0,0,0.0,0,0,0.4525608228438413,0,1.0134887841285323,0,0.0,0,0.014959526826696084,0,0.0
TXN00009601,CUST000121,2025-10-04 19:22:57.003505,200.6,EUR,ES,ES,app,pos,0,Normal,19,5,4,10,981.1530612244898,662.239680117164,101.46,2575.07,49,5,4,-1.1786564343407167,1,2,4,0,3,0.0,0,0,0.4509663674318712,0,1.0123473832021248,0,0.0,0,0.03835794119560789,0,0.0
TXN00004501,CUST000085,2025-03-15 04:34:57.003505,1080.75,EUR,FR,GB,app,tablet,0,Normal,4,5,15,3,924.8436363636364,611.0956308904902,141.58,2746.59,44,5,4,0.2551259663795182,1,3,6,0,4,0.0,0,0,0.4552863108437769,0,1.0304459685084524,0,0.0,0,0.021434097947214497,0,0.0
TXN00008804,CUST000005,2025-06-22 20:04:57.003505,1660.26,EUR,GB,ES,sucursal,tablet,0,Normal,20,6,22,6,2003.046231884058,5943.958813233152,101.43,49162.75,69,9,4,-0.05766968490145601,1,4,4,2,4,0.0,0,0,0.4877322708839321,0,1.0420612032864383,0,0.3318571768943794,0,0.11592765932490769,0,0.0
TXN00005570,CUST000067,2025-10-24 02:23:57.003505,6736.31,EUR,DE,US,app,atm,0,Normal,2,4,24,10,8442.174444444445,6077.338718064163,531.49,24134.52,54,6,4,-0.2806926721219723,1,1,14,0,0,0.0,0,0,0.4958700331245175,0,1.0287599578277582,0,0.0,0,0.023181576820719908,0,0.0
TXN00006698,CUST000087,2025-10-31 20:00:57.003505,827.41,EUR,ES,IT,web,desktop,0,Normal,20,4,31,10,1085.5852631578948,805.6519024148467,125.39,2969.7,57,5,4,-0.32045510233835456,1,2,8,3,1,0.0,0,0,0.47317859897793607,0,1.0417901839428274,0,0.0,0,0.012195247894043098,0,0.0
TXN00003768,CUST000063,2025-02-18 23:40:57.003505,338.76,EUR,FR,FR,sucursal,mobile,0,Normal,23,1,18,2,174.46065217391305,124.88230844193839,11.36,468.38,46,3,4,1.315633483719924,1,3,5,2,2,0.0,0,0,0.48993720022375353,0,1.0190128315586757,0,0.0,0,0.004716962272298483,0,0.0
TXN00002140,CUST000128,2025-09-24 02:27:57.003505,1576.89,EUR,FR,ES,sucursal,desktop,0,Normal,2,2,24,9,5858.723846153846,3432.153469589081,1187.74,13901.43,52,6,4,-1.247564796517951,1,3,4,2,1,0.0,0,0,0.43127969154687745,0,0.9980666027421534,0,0.0,0,0.002185738399911467,0,0.0
TXN00004667,CUST000083,2025-10-16 07:39:57.003505,67.85,EUR,ES,ES,web,pos,0,Normal,7,3,16,10,158.37742857142857,131.01619648393864,23.45,495.8,70,3,4,-0.6909636389235491,1,2,4,3,3,0.0,0,0,0.46333020767960365,0,1.057278622984883,0,0.0,0,0.005779358195984089,0,0.0
TXN00005178,CUST000125,2025-08-11 21:05:57.003505,6751.61,CHF,US,GB,sucursal,atm,0,Normal,21,0,11,8,8174.718545454546,5978.903488843214,693.97,24865.54,55,6,4,-0.23802166197733102,0,6,6,2,0,0.0,0,0,0.5358812187999906,0,1.0468216049303425,0,0.0,0,0.006910396878425818,0,0.0
TXN00002837,CUST000119,2025-07-01 02:50:57.003505,1599.74,EUR,US,US,web,atm,0,Normal,2,1,1,7,5182.4826530612245,3810.198553881289,1035.0,14102.78,49,6,4,-0.940303399273335,1,6,14,3,0,0.0,0,0,0.5319702097042713,0,1.0868291343425378,0,0.0,0,0.03152148930284507,0,0.0
TXN00003854,CUST000157,2025-02-03 20:44:57.003505,4844.48,EUR,IT,US,app,pos,0,Normal,20,0,3,2,4468.6006,3061.342828385575,1001.7,14281.22,50,6,4,0.12278252418904695,1,5,14,0,3,0.0,0,0,0.5190331106977989,0,1.1196704113556706,0,0.0,0,0.10905708986597687,0,0.0
TXN00001103,CUST000145,2025-06-23 21:20:57.003505,363.17,EUR,DE,DE,web,atm,0,Normal,21,0,23,6,825.7344444444445,658.4965368085764,114.16,2750.31,45,5,4,-0.7024553932869896,1,1,3,3,0,0.0,0,0,0.4741700683073756,0,1.0157605775476861,0,0.0,0,0.01114068471019614,0,0.0
TXN00007808,CUST000072,2025-08-22 22:08:57.003505,3454.76,USD,GB,DE,app,desktop,0,Normal,22,4,22,8,5567.7047999999995,3639.3995975049706,1298.32,14110.12,50,6,4,-0.5805751038902066,3,4,3,0,1,0.0,0,0,0.4879757036765971,0,1.0055390001107487,0,0.0,0,0.0113881008447579,0,0.0
TXN00003128,CUST000125,2025-09-03 17:23:57.003505,693.97,EUR,US,FR,web,mobile,0,Normal,17,2,3,9,8174.718545454546,5978.903488843214,693.97,24865.54,55,6,4,-1.2511907171879628,1,6,5,3,2,0.0,0,0,0.5019772828343362,0,1.1136886862856072,0,0.0,0,0.001529946798450522,0,0.0
TXN00006253,CUST000061,2025-05-23 00:36:57.003505,3888.37,EUR,IT,FR,app,atm,0,Normal,0,4,23,5,4214.0417391304345,2941.5094806452344,1120.02,13214.78,46,6,4,-0.1107158556389494,1,5,5,0,0,0.0,0,0,0.47400756168069136,0,0.9987259415849706,0,0.017230392156862742,0,0.014328844166773328,0,0.0
TXN00008672,CUST000026,2025-09-17 02:37:57.003505,96.14,EUR,FR,FR,web,desktop,0,Normal,2,2,17,9,7883.520307692308,20808.794176314088,16.14,93951.45,65,7,4,-0.3742350585687551,1,3,5,3,1,0.0,0,0,0.4696632759021009,0,0.9844539290390288,0,0.0,0,0.32116199868449413,0,0.0
TXN00006297,CUST000075,2025-07-06 18:06:57.003505,15591.74,EUR,FR,DE,sucursal,pos,0,Normal,18,6,6,7,8798.873684210526,6988.470284473828,1140.6,24612.74,57,6,4,0.9720104741532728,1,3,3,2,3,0.0,0,0,0.4907420147577381,0,1.0551315019505065,0,0.0,0,0.062372848206001766,0,0.0
TXN00000895,CUST000126,2026-01-07 23:38:57.003505,1576.95,EUR,DE,DE,app,desktop,0,Normal,23,2,7,1,912.0479310344828,667.0118958084857,109.66,2772.03,58,5,4,0.9968368962336901,1,1,3,0,1,0.0,0,0,0.4930232302092381,0,1.0526258254176057,0,0.0,0,0.012581877609718425,0,0.0
TXN00001719,CUST000100,2025-03-16 23:54:57.003505,7486.67,USD,GB,ES,sucursal,mobile,0,Normal,23,6,16,3,5226.1033333333335,3597.2253919944915,1045.25,14117.6,48,6,4,0.6284195232995589,3,4,4,2,2,0.0,0,0,0.5047335383023093,0,1.0405922033885537,0,0.0,0,0.02788144090173546,0,0.0
TXN00007322,CUST000153,2025-08-09 20:14:57.003505,1960.75,EUR,ES,FR,cajero,tablet,0,Normal,20,5,9,8,824.5297916666667,674.6234349951362,103.35,2648.6,48,5,4,1.6842287826204794,1,2,5,1,4,0.0,0,0,0.4634578631630321,0,1.0053549047886325,0,0.0,0,0.014754318820784778,0,0.0
TXN00005156,CUST000050,2025-12-08 23:24:57.003505,4614.75,EUR,FR,IT,app,atm,0,Normal,23,0,8,12,5331.105348837209,3804.6606136073424,1083.57,14257.64,43,6,4,-0.18828363983028748,1,3,8,0,0,0.0,0,0,0.48727417431136555,0,1.0554609240465829,0,0.0,0,0.04508274744096135,0,0.0
TXN00007242,CUST000142,2025-11-16 18:35:57.003505,3323.99,EUR,DE,DE,cajero,tablet,0,Normal,18,6,16,11,6533.238913043478,5298.543436216841,666.85,19029.58,46,6,4,-0.6056851191408172,1,1,3,1,4,0.0,0,0,0.47524503552134517,0,1.0467780774763682,0,0.0,0,0.006104108499424626,0,0.0
TXN00009329,CUST000043,2025-02-02 00:12:57.003505,4993.71,GBP,CH,DE,cajero,pos,0,Normal,0,6,2,2,14802.66984375,19505.427795265667,654.06,90854.63,64,10,4,-0.5028836048203943,2,0,3,1,3,0.0,0,1,0.5728199368965832,0,1.1378671268162894,0,0.037318893082004576,0,0.029814202755430577,0,0.0
TXN00008025,CUST000105,2025-08-19 00:38:57.003505,6420.25,EUR,US,GB,app,desktop,0,Normal,0,1,19,8,4980.748490566038,3710.328094247605,1074.39,14077.93,53,6,4,0.38797148728646297,1,6,6,0,1,0.0,0,0,0.48307761735586696,0,1.029800439733926,0,0.0,0,0.026872273381369452,0,0.0
TXN00007043,CUST000014,2025-11-24 08:36:57.003505,169.21,EUR,IT,DE,web,atm,0,Normal,8,0,24,11,6809.598301886793,18922.663397876047,109.06,89409.3,53,9,4,-0.35092249763747385,1,5,3,3,0,0.0,0,0,0.5175177520743511,0,1.0880706313240815,0,0.00826086956521739,0,0.4324907874342017,0,0.0
TXN00002870,CUST000027,2025-08-02 21:27:57.003505,147.83,EUR,FR,FR,web,tablet,0,Normal,21,5,2,8,4851.360625,18687.684437621316,10.99,94066.9,64,5,4,-0.25169146238788925,1,3,5,3,4,0.0,0,0,0.48781237880114503,0,1.0807036795742935,0,0.0747461356431344,1,0.6355335321650344,0,0.0
TXN00005079,CUST000035,2025-07-17 08:34:57.003505,204.61,EUR,DE,GB,app,pos,0,Normal,8,3,17,7,6047.965897435898,17026.815534224974,102.61,89843.04,39,8,4,-0.3431854820619392,1,1,6,0,3,0.0,0,0,0.48588030388961884,0,1.0993374175022088,0,0.016887524240465416,1,0.6379172027265839,0,0.0
TXN00003556,CUST000026,2025-02-12 19:22:57.003505,146.55,EUR,FR,FR,cajero,tablet,0,Normal,19,2,12,2,7883.520307692308,20808.794176314088,16.14,93951.45,65,7,4,-0.3718125251162902,1,3,5,1,4,0.0,0,0,0.47489598694166596,0,1.0015975988275292,0,0.021751955846104384,0,0.4345227489812252,0,0.0
TXN00004057,CUST000030,2025-07-15 15:24:57.107482,6008.98,GBP,GB,IT,web,pos,1,Fraude,15,1,15,7,5147.489833333334,15805.705911525396,117.06,96740.03,60,7,4,0.0545050104964922,2,4,8,3,3,1.0,1,0,0.4862374733602373,0,1.1021393144758604,1,0.8822441744706805,1,0.8882713623769395,1,1.0
TXN00003801,CUST000098,2025-08-16 06:52:57.003505,393.69,EUR,IT,GB,app,tablet,0,Normal,6,5,16,8,859.0164814814815,759.6341295827942,114.41,2894.43,54,5,4,-0.6125665800778083,1,5,6,0,4,0.0,0,0,0.4566193807220837,0,0.995198783325778,0,0.0,0,0.026491513153447895,0,0.0
TXN00008120,CUST000083,2025-07-16 04:02:57.003505,129.71,EUR,ES,ES,app,mobile,0,Normal,4,2,16,7,158.37742857142857,131.01619648393864,23.45,495.8,70,3,4,-0.21880827807525796,1,2,4,0,2,0.0,0,0,0.460933670560967,0,1.0988816275598976,0,0.0,0,0.007770274287873502,0,0.0
TXN00002291,CUST000124,2025-09-28 20:17:57.003505,793.86,EUR,DE,ES,web,mobile,0,Normal,20,6,28,9,909.7118867924529,685.5308862425715,105.13,2668.3,53,5,4,-0.1689958672153299,1,1,4,3,2,0.0,0,0,0.4603369522938157,0,1.0266372556012986,0,0.0,0,0.007212473353134278,0,0.0
TXN00001004,CUST000121,2025-06-25 03:53:57.003505,2045.67,EUR,ES,FR,web,pos,0,Normal,3,2,25,6,981.1530612244898,662.239680117164,101.46,2575.07,49,5,4,1.607449642672764,1,2,5,3,3,0.0,0,0,0.4474272112311905,0,1.0177665394352555,0,0.0,0,0.0052465996913007,0,0.0
TXN00004723,CUST000182,2025-07-01 09:42:57.003505,7303.11,EUR,FR,GB,sucursal,desktop,0,Normal,9,1,1,7,5969.300425531915,3942.2714577699544,1117.5,14812.85,47,6,4,0.3383352943645978,1,3,6,2,1,0.0,0,0,0.4410017466859913,0,1.020729358132717,0,0.00987012987012987,0,0.026688446500710727,0,0.0
TXN00009753,CUST000106,2025-09-21 22:17:57.003505,249.4,EUR,FR,IT,web,atm,0,Normal,22,6,21,9,187.99303571428572,139.00723410762927,11.88,497.63,56,3,4,0.44175372769747306,1,3,8,3,0,0.0,0,0,0.48872341180052,0,1.0588720192810448,0,0.0,0,0.0074428888563841675,0,0.0
TXN00003096,CUST000189,2025-06-13 19:41:57.003505,7207.83,EUR,DE,ES,sucursal,tablet,0,Normal,19,4,13,6,7299.777222222222,5820.825465841291,680.44,24792.93,54,6,4,-0.015796251364347785,1,1,4,2,4,0.0,0,0,0.4531284823865949,0,0.9905395659401955,0,0.0,0,0.0104676876425205,0,0.0
TXN00000171,CUST000150,2025-05-03 20:34:57.003505,6789.99,EUR,ES,IT,app,tablet,0,Normal,20,5,3,5,4437.8133333333335,2736.3486113014974,1220.08,12025.36,48,6,4,0.8596041659649096,1,2,8,0,4,0.0,0,0,0.47553498204626243,0,1.0351490597450221,0,0.0,0,0.053895891424236106,0,0.0
TXN00000203,CUST000184,2025-04-13 20:03:57.003505,60.09,EUR,FR,ES,app,pos,0,Normal,20,6,13,4,141.98777777777778,127.80667248159469,12.93,486.33,54,3,4,-0.6407942210433307,1,3,4,0,3,0.0,0,0,0.4631260939295849,0,0.9912966772010863,0,0.0,0,0.01400063778983653,0,0.0
TXN00009979,CUST000019,2025-01-20 00:07:57.003505,16081.88,EUR,DE,DE,web,desktop,0,Normal,0,0,20,1,14691.315714285713,15933.619614941443,687.1,70887.77,56,11,4,0.08727234107704188,1,1,3,3,1,0.0,0,0,0.5462242341836653,0,1.1041604734533532,0,0.1729800471561526,0,0.12423486700646101,0,0.0
TXN00003498,CUST000134,2025-06-08 20:34:57.003505,202.74,EUR,FR,FR,sucursal,desktop,0,Normal,20,6,8,6,159.77609756097561,110.03255829249015,11.1,483.71,41,3,4,0.39046535602991045,1,3,5,2,1,0.0,0,0,0.46465426777159835,0,1.0360714699193398,0,0.0,0,0.010895600478448317,0,0.0
TXN00009587,CUST000048,2025-10-30 21:00:57.003505,3610.85,EUR,FR,FR,cajero,desktop,0,Normal,21,3,30,10,14978.963214285715,24570.676906037716,1239.7,91202.35,56,8,4,-0.4626699238810786,1,3,5,1,1,0.0,0,0,0.5140410468883182,0,1.0093803271452244,0,0.0,0,0.05939113062193873,0,0.0
TXN00008534,CUST000117,2025-09-18 09:20:57.003505,10275.82,EUR,ES,ES,web,tablet,0,Normal,9,3,18,9,4614.202641509434,3046.091732833902,1227.93,13885.08,53,6,4,1.8586496577254046,1,2,4,3,4,0.0,0,0,0.47076496795594175,0,1.0206972777022307,0,0.015978003384094754,0,0.020674312529397363,0,0.0
TXN00008902,CUST000091,2025-08-24 01:47:57.003505,2101.48,CHF,GB,GB,web,atm,0,Normal,1,6,24,8,7200.981951219513,5225.722639258717,656.16,24278.3,41,6,4,-0.9758462708933675,0,4,6,3,0,0.0,0,0,0.5377459672721415,1,1.2018552248145489,0,0.0,0,0.0016873508242003215,0,0.0
TXN00008180,CUST000153,2025-01-24 22:56:57.003505,1205.38,EUR,ES,FR,cajero,atm,0,Normal,22,4,24,1,824.5297916666667,674.6234349951362,103.35,2648.6,48,5,4,0.5645374708507447,1,2,5,1,0,0.0,0,0,0.45943937210944025,0,1.009039324560286,0,0.0,0,0.011835199496214739,0,0.0
TXN00004463,CUST000073,2025-09-24 08:49:57.003505,107.24,EUR,DE,IT,cajero,desktop,0,Normal,8,2,24,9,870.7014285714286,670.8365566182797,100.07,2635.22,42,5,4,-1.1380736781579133,1,1,8,1,1,0.0,0,0,0.45641730744840275,0,1.0211275910339972,0,0.0,0,0.03759908136321904,0,0.0
TXN00007984,CUST000178,2025-03-01 05:19:57.003505,234.19,EUR,ES,ES,web,desktop,0,Normal,5,5,1,3,161.7709523809524,128.74485480241623,12.77,487.7,42,3,4,0.5625005144297849,1,2,4,3,1,0.0,0,0,0.4728413785827869,0,1.0237832216855962,0,0.0,0,0.007558137409454014,0,0.0
TXN00006872,CUST000071,2025-10-20 05:51:57.003505,4353.79,EUR,FR,CH,app,tablet,0,Normal,5,0,20,10,8737.374901960784,6519.461954884734,915.99,24253.24,51,6,4,-0.6723844592733577,1,3,1,0,4,0.0,0,0,0.49620855753175036,0,1.1210032791740807,0,0.0,0,0.00202384404375806,0,0.0
TXN00008226,CUST000006,2025-04-17 05:47:57.003505,275.54,EUR,FR,ES,web,tablet,0,Normal,5,3,17,4,5953.340833333334,18691.661854483864,13.39,88596.57,60,9,4,-0.3037611570994448,1,3,4,3,4,0.0,0,0,0.46123841902352614,0,0.9877681363710439,0,0.08686742697800968,1,0.5643203437114309,0,0.0
TXN00003213,CUST000048,2025-08-20 20:37:57.003505,1296.19,EUR,FR,US,app,mobile,0,Normal,20,2,20,8,14978.963214285715,24570.676906037716,1239.7,91202.35,56,8,4,-0.5568740847496388,1,3,14,0,2,0.0,0,0,0.52369523227959,0,1.0028716237435256,0,0.0802384345666945,0,0.15730649524541027,0,0.0
TXN00008433,CUST000057,2025-07-25 04:47:57.003505,153.33,EUR,ES,FR,sucursal,atm,0,Normal,4,4,25,7,180.91574074074074,140.8073723895602,11.53,490.57,54,3,4,-0.19591119468169846,1,2,5,2,0,0.0,0,0,0.4531044071827057,0,0.9765090177045159,0,0.0,0,0.006323077699517548,0,0.0
TXN00006677,CUST000102,2025-05-19 01:31:57.003505,4900.1,EUR,FR,DE,cajero,tablet,0,Normal,1,0,19,5,5521.343448275862,4623.42696228088,838.24,21094.3,58,6,4,-0.1343686086553889,1,3,3,1,4,0.0,0,0,0.45190120267385964,0,1.018366874622099,0,0.0,0,0.008745983020185474,0,0.0
TXN00003354,CUST000131,2025-12-15 01:10:57.003505,134.89,EUR,DE,IT,web,mobile,0,Normal,1,0,15,12,890.2438181818181,592.6132155358536,134.89,2885.62,55,5,4,-1.2746152078707793,1,1,8,3,2,0.0,0,0,0.4806365829004889,0,1.097486786456334,0,0.0,0,0.028128579268195703,0,0.0
TXN00006740,CUST000000,2025-06-21 13:16:57.107482,15671.32,EUR,DE,PK,sucursal,mobile,1,Fraude,13,5,21,6,4670.333709677419,14778.584927606773,159.16,93045.57,62,10,4,0.7443869858627716,1,1,11,2,2,1.0,1,0,0.5140815085543254,0,1.1508961535477709,1,0.8496203963213305,1,0.9975661228040849,1,1.0
TXN00006193,CUST000018,2025-10-18 20:33:57.003505,110.26,EUR,FR,IT,cajero,atm,0,Normal,20,5,18,10,1260.8659574468084,4033.3930453795238,15.89,17120.41,47,4,4,-0.2852699809356843,1,3,8,1,0,0.0,0,0,0.45450834149197383,0,1.004074126740471,0,0.030850064686271585,0,0.06532038591997949,0,0.0
TXN00002161,CUST000145,2025-08-22 18:54:57.003505,422.33,EUR,DE,FR,sucursal,desktop,0,Normal,18,4,22,8,825.7344444444445,658.4965368085764,114.16,2750.31,45,5,4,-0.6126143742333744,1,1,5,2,1,0.0,0,0,0.4345357301273134,0,0.9923542820649744,0,0.0,0,0.017242585152630604,0,0.0
TXN00005141,CUST000018,2025-01-30 01:25:57.003505,267.06,EUR,FR,FR,app,tablet,0,Normal,1,3,30,1,1260.8659574468084,4033.3930453795238,15.89,17120.41,47,4,4,-0.24639452342460746,1,3,5,0,4,0.0,0,0,0.4765554273036505,0,1.0312156634825809,0,0.10837482922551424,0,0.026947484527762033,0,0.0
TXN00000408,CUST000042,2025-05-09 23:47:57.003505,4857.47,EUR,ES,GB,cajero,mobile,0,Normal,23,4,9,5,10704.279047619048,15707.05132958625,1001.04,76105.74,63,9,4,-0.37224103522432567,1,2,6,1,2,0.0,0,0,0.46073132457186644,0,0.9706943115533498,0,0.01890021624961384,0,0.10690503874272331,0,0.0
TXN00001297,CUST000136,2025-05-21 20:57:57.003505,10.52,EUR,FR,FR,sucursal,pos,0,Normal,20,2,21,5,156.8698245614035,118.19619667695422,10.52,475.76,57,3,4,-1.2381940150172754,1,3,5,2,3,0.0,0,0,0.4515389245969723,0,0.9882646869745552,0,0.0,0,0.012000078264610877,0,0.0
TXN00007395,CUST000159,2025-05-06 03:35:57.003505,4969.52,GBP,GB,FR,sucursal,pos,0,Normal,3,1,6,5,5364.320277777778,2907.7495496055617,1837.52,14914.47,36,6,4,-0.1357752003419817,2,4,5,2,3,0.0,0,0,0.4767934954898009,0,1.1141592028053793,0,0.0,0,0.017266157580606126,0,0.0
TXN00007337,CUST000055,2025-04-10 01:13:57.003505,4978.18,CHF,CH,US,web,pos,0,Normal,1,3,10,4,7358.3737037037035,4642.129487846006,544.87,19628.1,54,6,4,-0.5127374644379856,0,0,14,3,3,0.0,0,0,0.5408787963109322,0,1.1085804178720873,0,0.0,0,0.009577537828884429,0,0.0
TXN00002473,CUST000117,2025-10-28 02:05:57.003505,1227.93,EUR,ES,GB,app,tablet,0,Normal,2,1,28,10,4614.202641509434,3046.091732833902,1227.93,13885.08,53,6,4,-1.1116778276560209,1,2,6,0,4,0.0,0,0,0.46294607963217543,0,1.0330081413796122,0,0.0,0,0.007031921127924352,0,0.0
TXN00002883,CUST000100,2025-10-08 02:43:57.003505,5844.02,GBP,GB,GB,sucursal,pos,0,Normal,2,2,8,10,5226.1033333333335,3597.2253919944915,1045.25,14117.6,48,6,4,0.17177591036415027,2,4,6,2,3,0.0,0,0,0.46747835420133343,0,1.0338239155640412,0,0.0,0,0.02784718721254187,0,0.0
TXN00002768,CUST000129,2025-03-20 22:55:57.003505,4548.67,CHF,US,DE,web,pos,0,Normal,22,3,20,3,5171.594634146341,3069.580435637823,1448.31,14426.04,41,6,4,-0.20293478115486166,0,6,3,3,3,0.0,0,0,0.5091075577975662,0,1.0716225938637374,0,0.0,0,0.0038727201981489626,0,0.0
TXN00003850,CUST000166,2025-09-11 09:28:57.003505,8967.21,GBP,GB,US,cajero,mobile,0,Normal,9,3,11,9,5381.796428571428,3789.6021120618175,1121.03,14682.41,56,6,4,0.9461187387115236,2,4,14,1,2,0.0,0,0,0.5012715148979251,0,1.0552686490290302,0,0.0,0,0.15677868146485777,0,0.0
TXN00000168,CUST000095,2025-12-23 20:22:57.003505,67.47,EUR,IT,ES,app,desktop,0,Normal,20,1,23,12,175.85649999999998,142.59839717673157,10.78,490.31,60,3,4,-0.7600821705280972,1,5,4,0,1,0.0,0,0,0.48841449185607266,0,1.0945508538374962,0,0.0,0,0.012820943959438674,0,0.0
TXN00001501,CUST000005,2025-04-25 06:36:57.003505,2408.82,EUR,GB,IT,cajero,atm,0,Normal,6,4,25,4,2003.046231884058,5943.958813233152,101.43,49162.75,69,9,4,0.06826658474555602,1,4,8,1,0,0.0,0,0,0.48308914079811516,0,1.0326000634885437,0,0.30937849337273277,0,0.2399158830991929,0,0.0
TXN00005076,CUST000080,2025-04-17 04:57:57.003505,65.32,EUR,ES,IT,sucursal,desktop,0,Normal,4,3,17,4,146.3564,118.60946270815987,13.78,474.86,50,3,4,-0.6832203558342624,1,2,8,2,1,0.0,0,0,0.4388784318952178,0,0.9720241514221696,0,0.0,0,0.01691902637210153,0,0.0
TXN00003000,CUST000113,2025-10-23 17:17:57.003505,20814.22,CHF,CH,CH,sucursal,tablet,0,Normal,17,3,23,10,5951.366734693877,5946.201402798187,518.29,22408.12,49,6,4,2.499554296262543,0,0,1,2,4,0.0,0,0,0.5600239404428261,1,1.1964406240954064,0,0.0,0,0.32554489533440856,0,0.0
TXN00009016,CUST000167,2025-06-14 06:32:57.003505,3362.17,USD,US,FR,cajero,tablet,0,Normal,6,5,14,6,5069.928793103448,3997.779061335983,1022.26,14648.94,58,6,4,-0.42717688158223777,3,6,5,1,4,0.0,0,0,0.49748964427812725,0,0.9956620162522298,0,0.0,0,0.017756519909549726,0,0.0
TXN00003176,CUST000035,2025-12-02 05:05:57.003505,1254.83,EUR,DE,ES,web,pos,0,Normal,5,1,2,12,6047.965897435898,17026.815534224974,102.61,89843.04,39,8,4,-0.28150512863194455,1,1,4,3,3,0.0,0,0,0.5000006717087849,1,1.182817969336088,0,0.2024458733166269,1,0.6501322516510508,0,0.0
TXN00007394,CUST000035,2025-02-07 00:01:57.003505,1246.97,EUR,DE,DE,web,mobile,0,Normal,0,4,7,2,6047.965897435898,17026.815534224974,102.61,89843.04,39,8,4,-0.28196675341338057,1,1,3,3,2,0.0,0,0,0.489722050792069,1,1.1613045668261346,0,0.13553673200376998,1,0.50119537701427,0,0.0
TXN00007013,CUST000169,2025-05-29 23:41:57.003505,2502.31,EUR,DE,GB,web,tablet,0,Normal,23,3,29,5,1003.1623076923078,777.0232421375961,108.39,2916.08,52,5,4,1.929347295010352,1,1,6,3,4,0.0,0,0,0.5089273290152797,0,1.081370384607474,0,0.0,0,0.0055864328250343044,0,0.0
TXN00002972,CUST000033,2025-07-03 07:07:57.003505,2609.4,EUR,IT,DE,cajero,tablet,0,Normal,7,3,3,7,13515.900317460317,21277.432782527,1113.58,86099.77,63,10,4,-0.5125853493897128,1,5,3,1,4,0.0,0,0,0.5099826902050539,0,1.0036295339338344,0,0.016051724137931035,0,0.06794566017634855,0,0.0
TXN00004067,CUST000099,2025-10-25 01:47:57.003505,151.23,EUR,IT,IT,web,desktop,0,Normal,1,5,25,10,135.7517777777778,119.34773310276017,10.87,491.1,45,3,4,0.12969012221794862,1,5,8,3,1,0.0,0,0,0.48968174801177416,0,1.0751129548313867,0,0.0,0,0.008936204312106323,0,0.0
TXN00003741,CUST000129,2025-06-28 07:18:57.003505,1940.81,USD,US,IT,app,desktop,0,Normal,7,5,28,6,5171.594634146341,3069.580435637823,1448.31,14426.04,41,6,4,-1.052516687813234,3,6,8,0,1,0.0,0,0,0.5342089918210794,0,1.0827621966856704,0,0.0,0,0.016877276034360705,0,0.0
TXN00001291,CUST000034,2025-02-17 20:20:57.003505,100.46,EUR,FR,ES,app,desktop,0,Normal,20,0,17,2,4461.999242424243,17455.08561943105,12.03,89753.64,66,6,4,-0.24987211963710407,1,3,4,0,1,0.0,0,0,0.4865981784095646,0,1.0167702628763724,0,0.028405940594059403,1,0.6223062519592758,0,0.0
TXN00005934,CUST000153,2025-05-19 23:31:57.003505,218.79,EUR,ES,ES,web,atm,0,Normal,23,0,19,5,824.5297916666667,674.6234349951362,103.35,2648.6,48,5,4,-0.8978931939610736,1,2,4,3,0,0.0,0,0,0.46607133630781694,0,0.999252719074104,0,0.0,0,0.014574118944639546,0,0.0
TXN00002076,CUST000091,2025-05-04 17:21:57.003505,13349.69,EUR,GB,DE,sucursal,tablet,0,Normal,17,6,4,5,7200.981951219513,5225.722639258717,656.16,24278.3,41,6,4,1.1766234972769383,1,4,3,2,4,0.0,0,0,0.5135681557812205,0,1.1381593150766502,0,0.0,0,0.05691926341492395,0,0.0
TXN00003082,CUST000104,2025-06-26 21:57:57.003505,188.12,EUR,ES,GB,cajero,desktop,0,Normal,21,3,26,6,878.7486666666667,742.4299771714012,115.19,2937.85,45,5,4,-0.9302273439546168,1,2,6,1,1,0.0,0,0,0.4438624313720168,0,0.9888162054248895,0,0.0,0,0.023264761916706667,0,0.0
TXN00004529,CUST000056,2025-04-02 22:39:57.003505,1091.49,USD,GB,DE,web,desktop,0,Normal,22,2,2,4,850.786111111111,607.7213774215593,107.86,2433.3,54,5,4,0.3960760595818952,3,4,3,3,1,0.0,0,0,0.5086380465465103,0,1.0479309586707724,0,0.0,0,0.020766465633160175,0,0.0
TXN00005784,CUST000175,2025-05-06 18:32:57.003505,13732.92,CHF,CH,US,sucursal,desktop,0,Normal,18,1,6,5,7860.104426229508,5731.840249814343,861.98,23359.66,61,6,4,1.0245951242161921,0,0,14,2,1,0.0,0,1,0.5614009841638712,0,1.144033050821337,0,0.009779411764705882,0,0.13715922347700754,0,0.0
TXN00006667,CUST000123,2025-10-17 20:38:57.003505,936.08,EUR,FR,DE,web,tablet,0,Normal,20,4,17,10,860.7267272727273,600.9941789822697,130.73,2418.83,55,5,4,0.12538103568572956,1,3,3,3,4,0.0,0,0,0.449637008286712,0,1.0028524899726867,0,0.0,0,0.007898797627045871,0,0.0
TXN00002898,CUST000133,2025-08-24 20:51:57.003505,361.37,EUR,IT,FR,cajero,tablet,0,Normal,20,6,24,8,145.8703846153846,109.73602561372553,11.7,462.02,52,3,4,1.9638000575980505,1,5,5,1,4,0.0,0,0,0.5155793741680618,0,1.1059670986635928,0,0.0,0,0.0030234647238247883,0,0.0
TXN00006020,CUST000132,2025-12-01 23:15:57.003505,10827.68,EUR,ES,FR,app,atm,0,Normal,23,0,1,12,4842.353035714286,3440.9431400374256,1071.04,14203.76,56,6,4,1.7394437277685357,1,2,5,0,0,0.0,0,0,0.5261220008790298,0,1.1268371305284475,0,0.0,0,0.10519157238953233,0,0.0
TXN00001536,CUST000128,2025-03-09 09:44:57.003505,4218.97,EUR,FR,DE,app,pos,0,Normal,9,6,9,3,5858.723846153846,3432.153469589081,1187.74,13901.43,52,6,4,-0.47776239034917206,1,3,3,0,3,0.0,0,0,0.4483094542448931,0,0.9938746446698206,0,0.00957983193277311,0,0.00626360653019333,0,0.0
TXN00006609,CUST000128,2025-10-10 18:24:57.003505,6906.02,EUR,FR,US,cajero,mobile,0,Normal,18,4,10,10,5858.723846153846,3432.153469589081,1187.74,13901.43,52,6,4,0.3051425767584922,1,3,14,1,2,0.0,0,0,0.46194328779221755,0,0.9827461764052889,0,0.0,0,0.059576754952036105,0,0.0
TXN00008137,CUST000070,2025-09-27 21:09:57.003505,270.95,EUR,ES,FR,cajero,tablet,0,Normal,21,5,27,9,161.0876,115.33640442617927,12.75,451.5,50,3,4,0.9525387894138689,1,2,5,1,4,0.0,0,0,0.4855869926475635,0,1.025028870394721,0,0.0,0,0.004885135683338511,0,0.0
TXN00004841,CUST000132,2025-03-07 05:41:57.003505,11789.86,EUR,ES,US,cajero,pos,0,Normal,5,4,7,3,4842.353035714286,3440.9431400374256,1071.04,14203.76,56,6,4,2.0190705511603073,1,2,14,1,3,0.0,0,0,0.4985652388479469,0,1.0442433394298176,0,0.0095,0,0.2080372812253128,0,0.0
TXN00001740,CUST000059,2025-05-12 00:23:57.003505,46.1,EUR,FR,IT,sucursal,mobile,0,Normal,0,0,12,5,141.4556862745098,127.69645729236034,11.48,485.42,51,3,4,-0.7467371260696477,1,3,8,2,2,0.0,0,0,0.4557265536043919,0,1.0051819839398262,0,0.0,0,0.02104659629042891,0,0.0
TXN00009142,CUST000133,2025-04-02 20:08:57.003505,93.5,EUR,IT,IT,sucursal,desktop,0,Normal,20,2,2,4,145.8703846153846,109.73602561372553,11.7,462.02,52,3,4,-0.477239665326412,1,5,8,2,1,0.0,0,0,0.46810329498482606,0,1.0285694634483566,0,0.0,0,0.026435100895423527,0,0.0
TXN00006610,CUST000157,2025-06-13 06:23:57.003505,4193.98,EUR,IT,FR,app,pos,0,Normal,6,4,13,6,4468.6006,3061.342828385575,1001.7,14281.22,50,6,4,-0.08970592818417458,1,5,5,0,3,0.0,0,0,0.44619777410966976,0,0.9887071355423075,0,0.0,0,0.01757986817574546,0,0.0
TXN00007867,CUST000128,2025-02-15 09:44:57.003505,13901.43,EUR,FR,FR,sucursal,desktop,0,Normal,9,5,15,2,5858.723846153846,3432.153469589081,1187.74,13901.43,52,6,4,2.34334106058076,1,3,5,2,1,0.0,0,0,0.4751902631022137,0,1.0132757296191257,0,0.006333333333333334,0,0.03529085724874751,0,0.0
TXN00002318,CUST000142,2025-09-22 18:47:57.003505,11118.03,EUR,DE,CH,sucursal,atm,0,Normal,18,0,22,9,6533.238913043478,5298.543436216841,666.85,19029.58,46,6,4,0.8652927245538955,1,1,1,2,0,0.0,0,0,0.49855439245813093,0,1.1007927953421044,0,0.0,0,0.025888396774449415,0,0.0
TXN00001239,CUST000027,2025-03-22 04:07:57.003505,454.36,EUR,FR,FR,cajero,desktop,0,Normal,4,5,22,3,4851.360625,18687.684437621316,10.99,94066.9,64,5,4,-0.2352886811333801,1,3,5,1,1,0.0,0,0,0.46997491243296635,0,0.9997289386090504,0,0.033079645770176615,1,0.5588251577430732,0,0.0
TXN00007813,CUST000096,2025-06-16 18:39:57.003505,11068.18,EUR,ES,ES,web,mobile,0,Normal,18,0,16,6,8049.057142857143,6639.965843385416,600.14,24951.57,49,6,4,0.45468951616607334,1,2,4,3,2,0.0,0,0,0.4648304462556122,0,1.0305787517001554,0,0.0,0,0.023966083232439508,0,0.0
TXN00007540,CUST000169,2025-12-10 23:17:57.003505,207.07,EUR,DE,IT,sucursal,mobile,0,Normal,23,2,10,12,1003.1623076923078,777.0232421375961,108.39,2916.08,52,5,4,-1.024541176500347,1,1,8,2,2,0.0,0,0,0.4822365267537633,0,1.015577474971871,0,0.0,0,0.04124505461847767,0,0.0
TXN00005001,CUST000027,2025-07-05 01:54:57.003505,10.99,EUR,FR,IT,sucursal,tablet,0,Normal,1,5,5,7,4851.360625,18687.684437621316,10.99,94066.9,64,5,4,-0.25901393192387934,1,3,8,2,4,0.0,0,0,0.4796659294332565,0,1.0081733962835995,0,0.013260869565217392,1,0.7175001811360198,0,0.0
TXN00001881,CUST000125,2025-01-25 21:20:57.003505,10059.98,USD,US,FR,sucursal,pos,0,Normal,21,5,25,1,8174.718545454546,5978.903488843214,693.97,24865.54,55,6,4,0.3153189305945614,3,6,5,2,3,0.0,0,0,0.5381888167924305,0,1.0728633910099301,0,0.0,0,0.0175052571945684,0,0.0
TXN00008929,CUST000035,2025-12-14 21:57:57.003505,2004.6,EUR,DE,ES,web,atm,0,Normal,21,6,14,12,6047.965897435898,17026.815534224974,102.61,89843.04,39,8,4,-0.23747047056867487,1,1,4,3,0,0.0,0,0,0.5224748436822656,1,1.233944496361964,0,0.12318628494976323,1,0.6271470789297464,0,0.0
TXN00004344,CUST000109,2025-05-29 20:47:57.003505,3165.55,USD,CH,FR,web,mobile,0,Normal,20,3,29,5,7309.252040816326,6747.518800021043,807.42,24185.66,49,6,4,-0.6141075205584157,3,0,5,3,2,0.0,0,0,0.5229514666508709,0,1.0214376583849165,0,0.0,0,0.006145528406235267,0,0.0
TXN00004340,CUST000092,2025-11-17 04:52:57.003505,5286.33,EUR,FR,ES,cajero,atm,0,Normal,4,0,17,11,4959.88603773585,3492.984458604319,1165.1,14228.99,53,6,4,0.09345703252889062,1,3,4,1,0,0.0,0,0,0.44707609678321397,0,1.0068603529604718,0,0.0,0,0.013923081047946782,0,0.0
TXN00005350,CUST000102,2025-04-14 03:10:57.003505,3692.7,EUR,FR,GB,app,mobile,0,Normal,3,0,14,4,5521.343448275862,4623.42696228088,838.24,21094.3,58,6,4,-0.3955168888356828,1,3,6,0,2,0.0,0,0,0.4478527506632995,0,1.0189599600754486,0,0.009661016949152543,0,0.014778854786946898,0,0.0
TXN00004119,CUST000121,2025-06-05 02:01:57.003505,938.87,EUR,ES,DE,sucursal,atm,0,Normal,2,3,5,6,981.1530612244898,662.239680117164,101.46,2575.07,49,5,4,-0.06384857692785854,1,2,3,2,0,0.0,0,0,0.435767651448935,0,0.9709160453448323,0,0.0,0,0.014121271848164883,0,0.0
TXN00007150,CUST000157,2025-05-15 01:32:57.003505,4395.34,EUR,IT,DE,web,tablet,0,Normal,1,3,15,5,4468.6006,3061.342828385575,1001.7,14281.22,50,6,4,-0.0239308708899824,1,5,3,3,4,0.0,0,0,0.46238535221223653,0,1.0207511707042323,0,0.0,0,0.006805069680863626,0,0.0
TXN00009382,CUST000040,2026-01-14 05:22:57.003505,56.09,EUR,IT,ES,cajero,pos,0,Normal,5,2,14,1,3874.694230769231,15635.620503928736,12.24,90189.11,78,9,4,-0.24422466825448416,1,5,4,1,3,0.0,0,0,0.49632960741316406,0,1.0101292034946199,0,0.0,1,0.6205000865712699,0,0.0
TXN00007011,CUST000113,2025-10-22 02:36:57.003505,6771.99,CHF,CH,CH,web,desktop,0,Normal,2,2,22,10,5951.366734693877,5946.201402798187,518.29,22408.12,49,6,4,0.13800798351396948,0,0,1,3,1,0.0,0,0,0.5113873730421853,0,1.1484102145339223,0,0.0,0,0.008486962643182862,0,0.0
TXN00002306,CUST000003,2025-04-27 19:18:57.003505,17.8,EUR,ES,ES,cajero,tablet,0,Normal,19,6,27,4,8320.49358490566,25653.022108616926,14.93,99303.62,53,6,4,-0.3236536244902353,1,2,4,1,4,0.0,0,0,0.5049653901113409,0,1.1107840857791051,0,0.05700681003584229,1,0.6860484282829973,0,0.0
TXN00000196,CUST000131,2025-06-06 19:28:57.003505,448.18,EUR,DE,FR,cajero,pos,0,Normal,19,4,6,6,890.2438181818181,592.6132155358536,134.89,2885.62,55,5,4,-0.7459567317211072,1,1,5,1,3,0.0,0,0,0.4391595134634095,0,0.9849936463390607,0,0.0,0,0.026051763265577055,0,0.0
TXN00001152,CUST000123,2026-01-08 05:43:57.003505,963.3,EUR,FR,ES,sucursal,pos,0,Normal,5,3,8,1,860.7267272727273,600.9941789822697,130.73,2418.83,55,5,4,0.17067265564917572,1,3,4,2,3,0.0,0,0,0.43585176689020577,0,0.9879583520618604,0,0.0,0,0.011258484737747307,0,0.0
TXN00005665,CUST000033,2025-08-12 04:13:57.003505,2681.28,EUR,IT,FR,sucursal,desktop,0,Normal,4,1,12,8,13515.900317460317,21277.432782527,1113.58,86099.77,63,10,4,-0.5092071222919564,1,5,5,2,1,0.0,0,0,0.495741282667795,0,0.9857235452464301,0,0.0,0,0.06399636988416574,0,0.0
TXN00001992,CUST000010,2025-05-27 22:33:57.003505,337.72,EUR,FR,FR,web,atm,0,Normal,22,1,27,5,2649.5095,9608.349775436482,124.77,72985.19,60,8,4,-0.2406021381183929,1,3,5,3,0,0.0,0,0,0.46875236708585316,0,1.015333527557503,0,0.018004459308807133,0,0.1899163478914024,0,0.0
TXN00006765,CUST000167,2025-05-25 09:15:57.003505,5587.46,CHF,US,FR,app,pos,0,Normal,9,6,25,5,5069.928793103448,3997.779061335983,1022.26,14648.94,58,6,4,0.12945467941746344,0,6,5,0,3,0.0,0,0,0.5116253913422495,0,1.1218796210738966,0,0.006333333333333333,0,0.010131736674142935,0,0.0
TXN00003666,CUST000012,2025-08-03 03:58:57.003505,14856.92,EUR,IT,GB,sucursal,atm,0,Normal,3,6,3,8,11848.529666666667,20090.907636760738,1017.21,83759.47,60,12,4,0.14973889619994477,1,5,6,2,0,0.0,0,0,0.5481969168266759,0,1.0373534052720785,0,0.16435857239292756,1,0.959125491856858,0,0.0
TXN00001887,CUST000151,2025-12-21 19:37:57.003505,13620.39,EUR,ES,GB,app,pos,0,Normal,19,6,21,12,4647.714285714285,3516.3390907388803,1030.42,14338.55,49,6,4,2.5517094569649696,1,2,6,0,3,0.0,0,0,0.5126986440422596,0,1.1220763749568972,0,0.009644670050761422,0,0.13339732289191994,0,0.0
TXN00007512,CUST000127,2025-08-31 23:39:57.003505,4045.13,EUR,FR,GB,sucursal,desktop,0,Normal,23,6,31,8,5175.683538461539,3408.1231986798057,1026.86,14073.5,65,6,4,-0.3317232013701132,1,3,6,2,1,0.0,0,0,0.48001688469513987,0,1.0551353650506161,0,0.0,0,0.0047419149420162105,0,0.0
TXN00000613,CUST000031,2025-12-03 03:46:57.003505,964.01,EUR,ES,FR,web,mobile,0,Normal,3,2,3,12,11309.0796,15599.351809179214,650.1,79046.03,50,9,4,-0.6631730424368927,1,2,5,3,2,0.0,0,0,0.47851982885255934,0,1.0474874737428919,0,0.01749206349206349,0,0.019575637662151577,0,0.0
TXN00002119,CUST000081,2025-06-30 21:06:57.003505,5176.71,EUR,CH,CH,app,atm,0,Normal,21,0,30,6,7762.277592592593,5260.794077166913,692.26,19011.44,54,6,4,-0.49147857798180833,1,0,1,0,0,0.0,0,0,0.5184334319946425,0,1.1456715933491624,0,0.0,0,0.0021743272184652908,0,0.0
TXN00003141,CUST000136,2025-08-17 21:42:57.003505,135.84,EUR,FR,IT,web,desktop,0,Normal,21,6,17,8,156.8698245614035,118.19619667695422,10.52,475.76,57,3,4,-0.17792302100005605,1,3,8,3,1,0.0,0,0,0.4639197960987334,0,1.0271877350449812,0,0.0,0,0.010743037080706147,0,0.0
TXN00006554,CUST000171,2025-11-20 03:23:57.003505,10228.27,EUR,IT,ES,sucursal,tablet,0,Normal,3,3,20,11,5145.970204081633,3309.986413680884,1048.73,12932.63,49,6,4,1.5354443067731902,1,5,4,2,4,0.0,0,0,0.48287070676469174,0,1.0285975919752308,0,0.0,0,0.0225609570116285,0,0.0
TXN00005651,CUST000005,2025-04-26 06:35:57.003505,1008.21,CHF,GB,GB,web,pos,0,Normal,6,5,26,4,2003.046231884058,5943.958813233152,101.43,49162.75,69,9,4,-0.16736930099546873,0,4,6,3,3,0.0,0,0,0.5041741135389105,0,1.104265322003473,0,0.09043567509147352,0,0.06782092730763475,0,0.0
TXN00000910,CUST000002,2025-02-01 20:12:57.003505,218.58,EUR,ES,IT,app,mobile,0,Normal,20,5,1,2,5083.588301886793,15511.3779006517,21.06,83708.16,53,7,4,-0.31364127240873624,1,2,8,0,2,0.0,0,0,0.47472942709510885,0,1.0870786999646522,0,0.15941189993954444,1,0.6889500139904203,0,0.0
TXN00003193,CUST000040,2025-05-29 19:18:57.107482,342.0,EUR,IT,AF,app,desktop,1,Fraude,19,3,29,5,3874.694230769231,15635.620503928736,12.24,90189.11,78,9,4,-0.2259388573453569,1,5,0,0,1,1.0,1,0,0.5427736871271466,1,1.1601024658363417,0,0.21159974328834688,0,0.4650328542724787,1,1.0
TXN00002845,CUST000114,2025-07-25 09:15:57.003505,1962.14,EUR,ES,US,sucursal,mobile,0,Normal,9,4,25,7,5335.650000000001,3328.235785762344,1233.85,12763.92,56,6,4,-1.0136030666510254,1,2,14,2,2,0.0,0,0,0.45888136516706846,0,0.9850401325394191,0,0.0,0,0.012710631727444941,0,0.0
TXN00002299,CUST000120,2025-06-10 06:53:57.003505,83.11,EUR,IT,IT,web,atm,0,Normal,6,1,10,6,170.5298113207547,129.18067867988032,11.93,494.78,53,3,4,-0.6767251228077429,1,5,8,3,0,0.0,0,0,0.47048305100812426,0,1.023493799110788,0,0.0,0,0.018114862274693375,0,0.0
TXN00003742,CUST000090,2025-05-30 17:16:57.003505,9474.91,EUR,GB,FR,web,pos,0,Normal,17,4,30,5,7876.1302173913045,6513.608792365749,504.72,24011.29,46,6,4,0.2454522267651516,1,4,5,3,3,0.0,0,0,0.4851629264670482,0,1.057602909629264,0,0.0,0,0.011891899357537788,0,0.0
TXN00003772,CUST000117,2025-10-10 18:58:57.003505,3682.27,EUR,ES,FR,app,tablet,0,Normal,18,4,10,10,4614.202641509434,3046.091732833902,1227.93,13885.08,53,6,4,-0.3059437216411326,1,2,5,0,4,0.0,0,0,0.4377270943075482,0,0.9986980160032578,0,0.0,0,0.01716885057435569,0,0.0
TXN00007878,CUST000152,2025-11-12 22:28:57.003505,890.4,EUR,GB,DE,web,mobile,0,Normal,22,2,12,11,951.1576086956521,716.2417846887702,125.83,2743.37,46,5,4,-0.08482834974117702,1,4,3,3,2,0.0,0,0,0.4538864426321479,0,0.9980791714987516,0,0.0,0,0.013270617857768547,0,0.0
TXN00002460,CUST000070,2025-06-23 19:24:57.003505,225.64,EUR,ES,IT,app,desktop,0,Normal,19,0,23,6,161.0876,115.33640442617927,12.75,451.5,50,3,4,0.5596879819643464,1,2,8,0,1,0.0,0,0,0.4812522950713561,0,1.0433549851758992,0,0.0,0,0.013633907358897971,0,0.0
TXN00001766,CUST000106,2025-04-09 02:50:57.003505,71.69,EUR,FR,FR,app,mobile,0,Normal,2,2,9,4,187.99303571428572,139.00723410762927,11.88,497.63,56,3,4,-0.8366689375861311,1,3,5,0,2,0.0,0,0,0.45433028073765247,0,0.9795545291060194,0,0.0,0,0.018718570093819126,0,0.0
TXN00007961,CUST000106,2025-09-12 03:51:57.003505,198.69,EUR,FR,IT,app,pos,0,Normal,3,4,12,9,187.99303571428572,139.00723410762927,11.88,497.63,56,3,4,0.07695257212642151,1,3,8,0,3,0.0,0,0,0.46390876599003467,0,1.0229621678627976,0,0.008636363636363636,0,0.018663571156815738,0,0.0
TXN00004918,CUST000102,2025-05-29 21:14:57.003505,900.61,EUR,FR,DE,app,tablet,0,Normal,21,3,29,5,5521.343448275862,4623.42696228088,838.24,21094.3,58,6,4,-0.9994174202325657,1,3,3,0,4,0.0,0,0,0.470984619938351,0,1.0362938813452236,0,0.0,0,0.003101741840982677,0,0.0
TXN00002520,CUST000075,2025-11-13 20:17:57.003505,1468.64,EUR,FR,US,web,mobile,0,Normal,20,3,13,11,8798.873684210526,6988.470284473828,1140.6,24612.74,57,6,4,-1.0489038923792928,1,3,14,3,2,0.0,0,0,0.49226656407497427,0,0.9978323308524834,0,0.0,0,0.005112024539618961,0,0.0
TXN00001885,CUST000031,2026-01-01 04:04:57.003505,24751.03,EUR,ES,GB,web,pos,0,Normal,4,3,1,1,11309.0796,15599.351809179214,650.1,79046.03,50,9,4,0.8616992913275139,1,2,6,3,3,1.0,1,0,0.5273874509645295,1,1.1682746827560844,1,0.7639690782381185,1,0.9790525678881479,1,1.0
TXN00009293,CUST000161,2025-01-16 19:07:57.003505,302.28,EUR,ES,ES,app,pos,0,Normal,19,3,16,1,139.16267857142856,120.75959945266268,10.61,487.09,56,3,4,1.3507606916314103,1,2,4,0,3,0.0,0,0,0.49425930538428975,0,1.0144276515690323,0,0.0,0,0.0045829504160812854,0,0.0
TXN00006032,CUST000011,2025-09-02 03:11:57.003505,584.01,EUR,ES,IT,sucursal,desktop,0,Normal,3,1,2,9,5832.329,15831.358716522058,120.51,81442.3,60,11,4,-0.33151412292813437,1,2,8,2,1,0.0,0,0,0.4766508344207108,0,1.0408862114099062,0,0.01758510638297872,1,0.7755527931241908,0,0.0
TXN00008053,CUST000131,2025-06-10 19:35:57.003505,328.0,EUR,DE,ES,sucursal,tablet,0,Normal,19,1,10,6,890.2438181818181,592.6132155358536,134.89,2885.62,55,5,4,-0.9487534238072498,1,1,4,2,4,0.0,0,0,0.4552247602722106,0,1.0023776198879146,0,0.0,0,0.018355452680478807,0,0.0
TXN00003410,CUST000104,2025-08-10 08:30:57.003505,501.63,EUR,ES,IT,sucursal,mobile,0,Normal,8,6,10,8,878.7486666666667,742.4299771714012,115.19,2937.85,45,5,4,-0.5079518308184522,1,2,8,2,2,0.0,0,0,0.433193602980564,0,1.0140030067291537,0,0.0,0,0.034202690975471566,0,0.0
TXN00004227,CUST000027,2025-04-15 22:16:57.003505,37.43,EUR,FR,ES,web,tablet,0,Normal,22,1,15,4,4851.360625,18687.684437621316,10.99,94066.9,64,5,4,-0.257599096389448,1,3,4,3,4,0.0,0,0,0.4835042447583205,0,1.037820733525847,0,0.022775755369493993,0,0.48981540263438095,0,0.0
TXN00002115,CUST000139,2025-10-25 22:07:57.003505,12708.24,CHF,US,GB,cajero,pos,0,Normal,22,5,25,10,5999.512857142858,5088.7018853137615,532.86,19230.71,49,6,4,1.3183572731781545,0,6,6,1,3,0.0,0,0,0.5402806862368837,0,1.0763823432927333,0,0.0,0,0.07463751660958567,0,0.0
TXN00000540,CUST000016,2025-03-28 23:26:57.003505,2354.77,EUR,IT,ES,sucursal,desktop,0,Normal,23,4,28,3,4814.0977192982455,14760.960342710358,109.06,82531.17,57,9,4,-0.16661027887295723,1,5,4,2,1,0.0,0,0,0.47380017523470797,0,1.0154375135276303,0,0.1585378935386677,1,0.5256794266611206,0,0.0
TXN00000986,CUST000030,2025-07-14 08:09:57.003505,901.93,USD,GB,DE,web,pos,0,Normal,8,0,14,7,5147.489833333334,15805.705911525396,117.06,96740.03,60,7,4,-0.26860931468862115,3,4,3,3,3,0.0,0,0,0.4962702644358141,0,1.0504960582675862,0,0.02677272727272727,0,0.48197129917843234,0,0.0
TXN00006703,CUST000136,2025-08-15 19:14:57.003505,129.35,EUR,FR,ES,cajero,desktop,0,Normal,19,4,15,8,156.8698245614035,118.19619667695422,10.52,475.76,57,3,4,-0.2328317247278869,1,3,4,1,1,0.0,0,0,0.4337974588644233,0,0.9774769920070847,0,0.0,0,0.009546133314651619,0,0.0
TXN00004633,CUST000026,2025-08-27 01:58:57.003505,337.71,EUR,FR,IT,cajero,desktop,0,Normal,1,2,27,8,7883.520307692308,20808.794176314088,16.14,93951.45,65,7,4,-0.36262602452566955,1,3,8,1,1,0.0,0,0,0.481411177726127,0,1.0028887018840489,0,0.053275192033576176,0,0.46221870954756233,0,0.0
TXN00004161,CUST000082,2026-01-12 20:38:57.003505,14860.37,EUR,ES,GB,app,mobile,0,Normal,20,0,12,1,7972.279090909091,6295.064813947002,670.79,24431.66,55,6,4,1.0942049226778137,1,2,6,0,2,0.0,0,0,0.49879454127254447,0,1.0760038475461053,0,0.0,0,0.12188194519572869,0,0.0
TXN00004834,CUST000084,2025-02-20 04:53:57.003505,95.66,EUR,ES,ES,cajero,atm,0,Normal,4,3,20,2,147.96942857142858,102.41184253992486,13.22,384.01,70,3,4,-0.5107751873545363,1,2,4,1,0,0.0,0,0,0.47799263460139574,1,1.1740704950826288,0,0.0,0,0.005832377776579461,0,0.0
TXN00006570,CUST000047,2025-04-24 21:35:57.003505,7099.63,EUR,ES,FR,sucursal,tablet,0,Normal,21,3,24,4,14563.28859375,20712.60540698934,564.29,99973.8,64,9,4,-0.36034378325341393,1,2,5,2,4,0.0,0,0,0.4961233990094039,0,0.9913213453579983,0,0.016051724137931035,0,0.04748403469441907,0,0.0
TXN00008181,CUST000007,2025-08-14 03:02:57.107482,10334.74,EUR,DE,RU,cajero,desktop,1,Fraude,3,3,14,8,13983.354109589041,17914.50554094098,1084.09,95095.19,73,10,4,-0.2036681448475929,1,1,12,1,1,1.0,1,0,0.5233010710758726,0,1.0224833224622558,1,0.5528428780317775,0,0.26814152078154124,1,1.0
TXN00005258,CUST000115,2025-09-11 00:49:57.003505,2933.63,EUR,DE,ES,app,mobile,0,Normal,0,3,11,9,6975.763859649122,5678.052922748995,582.15,24541.97,57,6,4,-0.7118873166437941,1,1,4,0,2,0.0,0,0,0.4480239782729637,0,1.0216596075069508,0,0.0,0,0.005700203826071642,0,0.0
TXN00003231,CUST000078,2026-01-14 22:40:57.003505,6001.16,EUR,DE,DE,sucursal,pos,0,Normal,22,2,14,1,8590.456956521739,6556.444835127875,848.73,24850.13,46,6,4,-0.39492392923890346,1,1,3,2,3,0.0,0,0,0.4747878337797877,0,1.026405054927889,0,0.0,0,0.003953934439209631,0,0.0
TXN00003665,CUST000084,2025-12-31 02:25:57.003505,329.52,EUR,ES,ES,app,mobile,0,Normal,2,2,31,12,147.96942857142858,102.41184253992486,13.22,384.01,70,3,4,1.77274976363251,1,2,4,0,2,0.0,0,0,0.5521771489096782,1,1.1736112485574384,0,0.0,0,0.00199208613661311,0,0.0
TXN00004386,CUST000032,2025-09-19 06:35:57.003505,384.72,EUR,FR,FR,app,atm,0,Normal,6,4,19,9,5279.0388,17558.788655810717,10.88,75146.84,50,4,4,-0.27873897770855555,1,3,5,0,0,0.0,0,0,0.46887447181970043,0,1.0446722007698543,0,0.13126659094556958,0,0.46399991942846336,0,0.0
TXN00003533,CUST000044,2025-01-27 14:13:57.107482,24725.19,EUR,ES,SY,sucursal,tablet,1,Fraude,14,0,27,1,1931.648222222222,3870.370479347076,127.53,24725.19,45,7,4,5.88924029198718,1,2,13,2,4,0.0,0,1,0.5679812840048142,1,1.6721886281459628,1,0.7616243470385445,1,0.9683051832055384,0,0.0
TXN00005052,CUST000120,2025-05-31 00:00:57.003505,38.6,EUR,IT,FR,cajero,atm,0,Normal,0,5,31,5,170.5298113207547,129.18067867988032,11.93,494.78,53,3,4,-1.0212812910389306,1,5,5,1,0,0.0,0,0,0.4925889059199214,0,1.1142508905826392,0,0.0,0,0.008985279268562924,0,0.0
TXN00008841,CUST000053,2025-08-02 07:29:57.003505,3449.62,EUR,FR,FR,app,mobile,0,Normal,7,5,2,8,5120.007843137255,3842.5661514010735,1060.21,14819.86,51,6,4,-0.4347063334468538,1,3,5,0,2,0.0,0,0,0.4327760630930546,0,0.9808844085164801,0,0.0,0,0.019415016123344897,0,0.0
TXN00007328,CUST000120,2025-10-11 19:19:57.003505,21.89,EUR,IT,IT,sucursal,tablet,0,Normal,19,5,11,10,170.5298113207547,129.18067867988032,11.93,494.78,53,3,4,-1.1506349996694212,1,5,8,2,4,0.0,0,0,0.4914041559466897,0,1.0324853228986022,0,0.0,0,0.027825885657339507,0,0.0
TXN00007964,CUST000043,2025-08-07 04:26:57.003505,1812.55,EUR,CH,CH,app,mobile,0,Normal,4,3,7,8,14802.66984375,19505.427795265667,654.06,90854.63,64,10,4,-0.66597461893335,1,0,1,0,2,0.0,0,0,0.5260661340927233,0,1.0199885858783801,0,0.009193548387096772,0,0.00738783348044794,0,0.0
TXN00003857,CUST000095,2025-10-17 22:28:57.003505,34.72,EUR,IT,IT,sucursal,desktop,0,Normal,22,4,17,10,175.85649999999998,142.59839717673157,10.78,490.31,60,3,4,-0.9897481444713022,1,5,8,2,1,0.0,0,0,0.4775212463453673,0,1.0691110998124251,0,0.0,0,0.019817809970567868,0,0.0
TXN00001645,CUST000098,2025-03-29 19:53:57.003505,390.41,EUR,IT,ES,sucursal,mobile,0,Normal,19,5,29,3,859.0164814814815,759.6341295827942,114.41,2894.43,54,5,4,-0.6168844482039857,1,5,4,2,2,0.0,0,0,0.4666508445993462,0,1.0163847287787746,0,0.0,0,0.008875424248276285,0,0.0
TXN00003078,CUST000029,2025-03-19 09:31:57.003505,4333.81,CHF,GB,GB,app,tablet,0,Normal,9,2,19,3,10163.8975,15853.056272274882,1036.43,93521.66,60,11,4,-0.367757951495345,0,4,6,0,4,1.0,1,0,0.5142996224774348,0,1.1237907765500494,0,0.17840649903598282,0,0.15565710396920782,1,1.0
TXN00003739,CUST000042,2025-02-19 06:23:57.003505,5354.79,EUR,ES,FR,cajero,desktop,0,Normal,6,2,19,2,10704.279047619048,15707.05132958625,1001.04,76105.74,63,9,4,-0.3405788225318917,1,2,5,1,1,0.0,0,0,0.4559424453514075,0,0.9786002632319413,0,0.027623883484098534,0,0.0725617949398098,0,0.0
TXN00000552,CUST000010,2025-10-14 05:14:57.003505,1200.73,EUR,FR,ES,web,tablet,0,Normal,5,1,14,10,2649.5095,9608.349775436482,124.77,72985.19,60,8,4,-0.15078338463000038,1,3,4,3,4,0.0,0,0,0.45233765146777205,0,1.003408130499958,0,0.032572295201605546,0,0.2741239373739996,0,0.0
TXN00002764,CUST000078,2025-02-20 02:26:57.003505,7254.06,EUR,DE,FR,sucursal,atm,0,Normal,2,3,20,2,8590.456956521739,6556.444835127875,848.73,24850.13,46,6,4,-0.2038295127807392,1,1,5,2,0,0.0,0,0,0.46563206215268593,0,1.0129037426981993,0,0.0,0,0.0057865719293612415,0,0.0
TXN00007920,CUST000079,2025-09-02 22:19:57.003505,6660.41,EUR,FR,FR,sucursal,tablet,0,Normal,22,1,2,9,8145.75744680851,6052.306858239896,540.85,22648.11,47,6,4,-0.24541839687802178,1,3,5,2,4,0.0,0,0,0.4663489940362412,0,1.0104922582417921,0,0.0,0,0.012300017646295444,0,0.0
TXN00003620,CUST000067,2025-08-25 20:49:57.003505,1651.04,EUR,DE,GB,cajero,desktop,0,Normal,20,0,25,8,8442.174444444445,6077.338718064163,531.49,24134.52,54,6,4,-1.117452022731785,1,1,6,1,1,0.0,0,0,0.4752275930331596,0,1.0289605821625074,0,0.0,0,0.0015485672383042308,0,0.0
TXN00008436,CUST000059,2025-01-19 19:26:57.003505,131.9,EUR,FR,FR,app,tablet,0,Normal,19,6,19,1,141.4556862745098,127.69645729236034,11.48,485.42,51,3,4,-0.07483125532449844,1,3,5,0,4,0.0,0,0,0.4846078738880035,0,1.0314071012760955,0,0.009500000000000001,0,0.010169452463628527,0,0.0
TXN00002495,CUST000063,2025-11-05 22:05:57.003505,440.83,EUR,FR,FR,cajero,atm,0,Normal,22,2,5,11,174.46065217391305,124.88230844193839,11.36,468.38,46,3,4,2.1329630194733884,1,3,5,1,0,0.0,0,0,0.5006364970820092,0,1.038772286675248,0,0.0,0,0.006939649942060882,0,0.0
TXN00000578,CUST000005,2025-09-07 04:12:57.003505,1864.97,GBP,GB,IT,web,mobile,0,Normal,4,6,7,9,2003.046231884058,5943.958813233152,101.43,49162.75,69,9,4,-0.02322967506999316,2,4,8,3,2,1.0,1,0,0.503165400671573,1,1.2178534652752988,0,0.2559580417308386,0,0.31280336572223744,1,1.0
TXN00002961,CUST000033,2025-01-31 15:04:57.107482,26522.49,EUR,IT,US,app,desktop,1,Fraude,15,4,31,1,13515.900317460317,21277.432782527,1113.58,86099.77,63,10,4,0.6112856665964604,1,5,14,0,1,0.0,0,1,0.5961082606042706,0,1.0901422539314907,1,0.9136722168222089,1,0.9983577254177828,0,0.0
TXN00006199,CUST000110,2025-12-03 06:43:57.003505,378.01,EUR,ES,FR,sucursal,atm,0,Normal,6,2,3,12,182.09387755102043,131.0415090377906,13.74,460.63,49,3,4,1.4950691761143473,1,2,5,2,0,0.0,0,0,0.47780093837093807,0,1.0363920135372444,0,0.0,0,0.007192153690239245,0,0.0
TXN00002391,CUST000022,2025-05-07 22:00:57.003505,4524.97,EUR,IT,US,sucursal,pos,0,Normal,22,2,7,5,10301.100588235295,13087.105408488525,1670.97,67315.05,51,12,4,-0.4413604389590562,1,5,14,2,3,0.0,0,0,0.5421988919222859,0,1.0577563780278125,0,0.043193740652678586,0,0.3185327487998157,0,0.0
TXN00002924,CUST000010,2025-04-18 02:18:57.003505,431.16,EUR,FR,FR,app,pos,0,Normal,2,4,18,4,2649.5095,9608.349775436482,124.77,72985.19,60,8,4,-0.23087726317377422,1,3,5,0,3,0.0,0,0,0.45578820977661616,0,1.0097504403424729,0,0.01951749639249639,0,0.3103653405370385,0,0.0
TXN00000899,CUST000189,2026-01-01 01:39:57.003505,7265.37,EUR,DE,ES,sucursal,mobile,0,Normal,1,3,1,1,7299.777222222222,5820.825465841291,680.44,24792.93,54,6,4,-0.0059110554711226245,1,1,4,2,2,0.0,0,0,0.46273753826816477,0,1.0383572184057583,0,0.0,0,0.012874784154886245,0,0.0
TXN00004940,CUST000158,2025-01-20 08:28:57.003505,188.74,CHF,GB,ES,app,tablet,0,Normal,8,0,20,1,800.725,537.8160320696686,170.04,2304.86,44,5,4,-1.137907690306294,0,4,4,0,4,0.0,0,0,0.5155517001197113,1,1.2075055404552018,0,0.0,0,0.017640249169360068,0,0.0
TXN00002305,CUST000161,2025-08-13 06:02:57.003505,341.44,EUR,ES,IT,app,desktop,0,Normal,6,2,13,8,139.16267857142856,120.75959945266268,10.61,487.09,56,3,4,1.6750413273176024,1,2,8,0,1,0.0,0,0,0.47806044928867425,0,1.0323112916486696,0,0.008636363636363636,0,0.008920082341075563,0,0.0
TXN00004597,CUST000069,2025-07-16 07:02:57.003505,145.22,EUR,FR,ES,sucursal,desktop,0,Normal,7,2,16,7,169.07313725490195,120.3676959236189,15.12,478.18,51,3,4,-0.1981689262530155,1,3,4,2,1,0.0,0,0,0.42320653696173494,0,0.9620879721366953,0,0.0,0,0.00804021388396786,0,0.0
TXN00002758,CUST000137,2025-05-19 01:15:57.003505,100.69,EUR,FR,ES,cajero,tablet,0,Normal,1,0,19,5,911.4923636363636,700.4321115012415,100.69,2786.35,55,5,4,-1.1575745160241016,1,3,4,1,4,0.0,0,0,0.4528936782100398,0,1.0023390569119424,0,0.0,0,0.016132254396777193,0,0.0
TXN00004267,CUST000007,2025-08-03 09:12:57.107482,20021.85,EUR,DE,CN,cajero,pos,1,Fraude,9,6,3,8,13983.354109589041,17914.50554094098,1084.09,95095.19,73,10,4,0.33707298681918885,1,1,2,1,3,1.0,1,0,0.5587520453719644,0,1.054900984104982,0,0.41273461644115517,1,0.7219033416996248,1,1.0
TXN00000516,CUST000048,2025-08-01 04:06:57.003505,2367.31,EUR,FR,GB,app,mobile,0,Normal,4,4,1,8,14978.963214285715,24570.676906037716,1239.7,91202.35,56,8,4,-0.5132806581601906,1,3,6,0,2,0.0,0,0,0.5067328323384288,0,1.0077186099602704,0,0.016964285714285713,0,0.10800643437161081,0,0.0
TXN00002554,CUST000007,2025-07-18 23:14:57.003505,5946.44,EUR,DE,CH,web,mobile,0,Normal,23,4,18,7,13983.354109589041,17914.50554094098,1084.09,95095.19,73,10,4,-0.4486260639889404,1,1,1,3,2,0.0,0,0,0.5230528072375056,0,1.00303560544919,0,0.02835095721888175,0,0.00975867082807625,0,0.0
TXN00007063,CUST000053,2025-02-02 09:09:57.003505,1851.34,EUR,FR,GB,sucursal,atm,0,Normal,9,6,2,2,5120.007843137255,3842.5661514010735,1060.21,14819.86,51,6,4,-0.8506471231717868,1,3,6,2,0,0.0,0,0,0.4609872636449971,0,1.0276638781112164,0,0.006333333333333333,0,0.009673588091846354,0,0.0
TXN00000011,CUST000164,2025-08-28 09:15:57.003505,13806.07,EUR,US,DE,web,tablet,0,Normal,9,3,28,8,5759.409827586207,3931.2540620704726,1054.44,14842.44,58,6,4,2.0468430794139563,1,6,3,3,4,0.0,0,0,0.5326186694415583,0,1.1241129348818,0,0.01969387755102041,0,0.022583354722428582,0,0.0
TXN00009950,CUST000037,2025-03-29 05:09:57.107482,870.27,EUR,ES,AF,web,mobile,1,Fraude,5,5,29,3,3344.5771604938273,14448.411660449672,10.52,94457.02,81,9,4,-0.17125115330812557,1,2,0,3,2,1.0,1,0,0.5439591127261135,1,1.2125399452375392,0,0.3627557704762352,0,0.28271572641535925,1,1.0
TXN00002673,CUST000062,2025-10-18 07:06:57.003505,957.68,EUR,IT,DE,cajero,pos,0,Normal,7,5,18,10,897.1857692307692,674.5982232769489,119.34,2822.56,52,5,4,0.0896744589478722,1,5,3,1,3,0.0,0,0,0.45782668814306815,0,0.9869201950425184,0,0.0,0,0.011375810086633327,0,0.0
TXN00002543,CUST000175,2025-09-06 19:20:57.003505,14945.43,USD,CH,GB,web,pos,0,Normal,19,5,6,9,7860.104426229508,5731.840249814343,861.98,23359.66,61,6,4,1.2361345159198835,3,0,6,3,3,0.0,0,0,0.5563472105421153,0,1.1095910849171484,0,0.0,0,0.11403411062209069,0,0.0
TXN00009421,CUST000080,2025-08-17 01:01:57.003505,72.52,EUR,ES,FR,web,atm,0,Normal,1,6,17,8,146.3564,118.60946270815987,13.78,474.86,50,3,4,-0.6225169366052901,1,2,5,3,0,0.0,0,0,0.47932366813979593,0,1.0150126068655387,0,0.0,0,0.008680039288594744,0,0.0
TXN00005306,CUST000141,2025-03-26 07:02:57.003505,233.72,EUR,GB,ES,web,desktop,0,Normal,7,2,26,3,881.8225000000001,797.0668304624176,106.03,2971.69,48,5,4,-0.8131093584849023,1,4,4,3,1,0.0,0,0,0.4465808907959541,0,1.0007233280679688,0,0.0,0,0.009488614867679148,0,0.0
TXN00007134,CUST000153,2025-12-07 06:41:57.003505,588.44,EUR,ES,GB,cajero,pos,0,Normal,6,6,7,12,824.5297916666667,674.6234349951362,103.35,2648.6,48,5,4,-0.34995788623680246,1,2,6,1,3,0.0,0,0,0.4446629232680703,0,0.9988924782198148,0,0.0,0,0.032108217774759966,0,0.0
TXN00009798,CUST000144,2025-02-07 07:14:57.003505,1305.39,EUR,DE,IT,sucursal,pos,0,Normal,7,4,7,2,1031.58,698.9801338879382,106.4,2623.56,41,5,4,0.39172787084127636,1,1,8,2,3,0.0,0,0,0.4548620467418958,0,1.0431528656541664,0,0.0,0,0.02659638804598215,0,0.0
TXN00005111,CUST000090,2025-02-23 02:39:57.003505,7401.85,CHF,GB,US,sucursal,atm,0,Normal,2,6,23,2,7876.1302173913045,6513.608792365749,504.72,24011.29,46,6,4,-0.07281374003829778,0,4,14,2,0,0.0,0,0,0.544314796237318,0,1.0913948377099412,0,0.0,0,0.025115886565431737,0,0.0
TXN00001049,CUST000145,2025-07-21 22:14:57.003505,717.4,EUR,DE,ES,cajero,atm,0,Normal,22,0,21,7,825.7344444444445,658.4965368085764,114.16,2750.31,45,5,4,-0.1645178649002057,1,1,4,1,0,0.0,0,0,0.45870575874030994,0,1.017786423009938,0,0.0,0,0.017794597891662874,0,0.0
TXN00006342,CUST000025,2025-08-16 06:35:57.003505,755.57,EUR,ES,DE,cajero,tablet,0,Normal,6,5,16,8,4343.914923076923,14920.775001268592,113.57,85819.96,65,10,4,-0.2404931997521135,1,2,3,1,4,0.0,0,0,0.4679531902979736,0,0.9956746014614648,0,0.0,1,0.6178934015823627,0,0.0
TXN00007602,CUST000075,2025-03-11 00:22:57.003505,1991.41,EUR,FR,CH,web,tablet,0,Normal,0,1,11,3,8798.873684210526,6988.470284473828,1140.6,24612.74,57,6,4,-0.9740992529309969,1,3,1,3,4,0.0,0,0,0.5020071681487013,0,1.124963973999825,0,0.0,0,0.0006317646850479003,0,0.0
TXN00001081,CUST000172,2025-07-31 00:29:57.003505,808.13,EUR,FR,IT,sucursal,tablet,0,Normal,0,3,31,7,1225.615576923077,816.7534839489807,107.05,2891.9,52,5,4,-0.5111524892350544,1,3,8,2,4,0.0,0,0,0.4600721827996949,0,0.992128948911005,0,0.0,0,0.013395286939577852,0,0.0
TXN00007438,CUST000065,2025-01-24 19:25:57.003505,891.6,EUR,DE,ES,sucursal,atm,0,Normal,19,4,24,1,923.64,646.6474119934588,157.06,2903.34,38,5,4,-0.04954786697696734,1,1,4,2,0,0.0,0,0,0.47922859866978595,0,1.1081436349864497,0,0.0,0,0.011426161720000735,0,0.0
TXN00001379,CUST000055,2025-12-08 04:59:57.003505,2922.89,GBP,CH,ES,cajero,tablet,0,Normal,4,0,8,12,7358.3737037037035,4642.129487846006,544.87,19628.1,54,6,4,-0.9554847003646008,2,0,4,1,4,0.0,0,0,0.5207219710945619,1,1.2055609577971906,0,0.0,0,0.004474246590511698,0,0.0
TXN00001024,CUST000168,2025-04-22 02:19:57.003505,2011.15,EUR,IT,GB,cajero,mobile,0,Normal,2,1,22,4,805.7724074074074,573.1593417914204,118.62,2763.92,54,5,4,2.1030409915715955,1,5,6,1,2,0.0,0,0,0.4724366752262678,0,1.009268292724705,0,0.0,0,0.007399115214694674,0,0.0
TXN00004199,CUST000184,2025-03-25 05:26:57.003505,87.98,EUR,FR,ES,web,mobile,0,Normal,5,1,25,3,141.98777777777778,127.80667248159469,12.93,486.33,54,3,4,-0.4225740042092198,1,3,4,3,2,0.0,0,0,0.4516527469167831,0,0.9993979048422259,0,0.0,0,0.004874712495156846,0,0.0
TXN00006316,CUST000072,2025-08-18 05:13:57.003505,4663.26,EUR,GB,ES,app,desktop,0,Normal,5,0,18,8,5567.7047999999995,3639.3995975049706,1298.32,14110.12,50,6,4,-0.24851483754945083,1,4,4,0,1,0.0,0,0,0.4464354633186235,0,1.0086515682249575,0,0.0,0,0.010396532490326635,0,0.0
TXN00006002,CUST000118,2025-12-09 20:41:57.003505,16322.25,EUR,DE,CH,web,pos,0,Normal,20,1,9,12,7784.2775,6565.419604910623,714.7,24795.08,44,6,4,1.3004458225813251,1,1,1,3,3,0.0,0,0,0.5311616953422187,0,1.107867141622153,0,0.0,0,0.10771752392439786,0,0.0
TXN00007203,CUST000015,2025-09-29 21:45:57.107482,5352.09,EUR,FR,NG,cajero,atm,1,Fraude,21,0,29,9,16429.753191489363,24433.972081401258,1004.49,91371.5,47,12,4,-0.45337136156704244,1,3,10,1,0,1.0,1,0,0.5581499698559695,0,1.1074489303205692,0,0.26262030070933207,0,0.24829550831509883,1,1.0
TXN00008946,CUST000046,2025-02-23 20:23:57.003505,5716.11,USD,GB,CH,web,atm,0,Normal,20,6,23,2,14390.02703125,20397.40065692597,666.14,92261.44,64,10,4,-0.42524619566559874,3,4,1,3,0,0.0,0,1,0.579200593020387,1,1.169487282114205,0,0.0675682211398389,0,0.03185768811237124,0,0.0
TXN00000949,CUST000013,2025-11-16 07:49:57.003505,373.07,GBP,GB,GB,web,tablet,0,Normal,7,6,16,11,2119.490634920635,8304.770612994731,104.65,66232.6,63,9,4,-0.2102912550019943,2,4,6,3,4,0.0,0,0,0.5029913075770199,0,1.1319945918424081,0,0.04509037204625441,0,0.335169408613791,0,0.0
TXN00006911,CUST000140,2025-04-23 21:21:57.003505,290.67,EUR,DE,ES,cajero,desktop,0,Normal,21,2,23,4,680.5558695652173,567.6112813520499,132.76,2321.13,46,5,4,-0.6868888651219553,1,1,4,1,1,0.0,0,0,0.4469390229160596,0,0.9861868469878186,0,0.0,0,0.017654440328949122,0,0.0
TXN00009775,CUST000068,2025-11-16 01:07:57.003505,472.11,EUR,ES,IT,sucursal,atm,0,Normal,1,6,16,11,759.856590909091,491.71454812415806,146.29,2320.43,44,5,4,-0.5851903130009579,1,2,8,2,0,0.0,0,0,0.47119414908081736,0,1.026154646287749,0,0.0,0,0.030676014239751564,0,0.0
TXN00001045,CUST000132,2025-04-21 01:08:57.003505,2398.31,EUR,ES,FR,sucursal,atm,0,Normal,1,0,21,4,4842.353035714286,3440.9431400374256,1071.04,14203.76,56,6,4,-0.7102828891782911,1,2,5,2,0,0.0,0,0,0.44205021882325896,0,0.9976004852933785,0,0.0,0,0.005434806049185422,0,0.0
TXN00006186,CUST000011,2025-11-23 01:02:57.107482,4295.23,EUR,ES,AF,web,atm,1,Fraude,1,6,23,11,5832.329,15831.358716522058,120.51,81442.3,60,11,4,-0.09709204544135228,1,2,0,3,0,1.0,1,0,0.5380764356727813,1,1.1627041828427562,0,0.4931459015087266,1,0.5741403560016022,1,1.0
TXN00006853,CUST000049,2025-02-02 08:39:57.003505,885.35,EUR,ES,DE,web,desktop,0,Normal,8,6,2,2,15183.687118644068,29088.486775127054,121.09,99885.0,59,10,4,-0.49154626807121243,1,2,3,3,1,0.0,0,0,0.552003747202558,0,1.0444439746696883,0,0.1193618740999221,0,0.18340762015632836,0,0.0
TXN00005174,CUST000012,2025-10-07 19:41:57.003505,3155.35,EUR,IT,ES,sucursal,mobile,0,Normal,19,1,7,10,11848.529666666667,20090.907636760738,1017.21,83759.47,60,12,4,-0.43269223189936373,1,5,4,2,2,0.0,0,0,0.4983890114916276,0,0.9968198604421381,0,0.0,0,0.27234060063969245,0,0.0
TXN00009649,CUST000065,2025-03-13 00:46:57.003505,236.09,EUR,DE,FR,app,tablet,0,Normal,0,3,13,3,923.64,646.6474119934588,157.06,2903.34,38,5,4,-1.06325330649232,1,1,5,0,4,0.0,0,0,0.4885118696233346,0,1.0783889526822599,0,0.0,0,0.03341735431966199,0,0.0
TXN00009387,CUST000172,2025-04-27 08:51:57.003505,955.24,EUR,FR,IT,web,desktop,0,Normal,8,6,27,4,1225.615576923077,816.7534839489807,107.05,2891.9,52,5,4,-0.3310369430991363,1,3,8,3,1,0.0,0,0,0.46403845347326245,0,1.0134912116093189,0,0.0,0,0.011451297517130539,0,0.0
TXN00009425,CUST000184,2025-12-19 07:11:57.003505,61.62,EUR,FR,ES,app,mobile,0,Normal,7,4,19,12,141.98777777777778,127.80667248159469,12.93,486.33,54,3,4,-0.6288230151718287,1,3,4,0,2,0.0,0,0,0.4450480613286462,0,0.9977764176339179,0,0.0,0,0.013330354277298385,0,0.0
TXN00002314,CUST000060,2025-08-03 08:13:57.003505,245.72,EUR,IT,GB,sucursal,tablet,0,Normal,8,6,3,8,793.8452000000001,702.8669137539191,101.28,2914.93,50,5,4,-0.7798420846027506,1,5,6,2,4,0.0,0,0,0.46378933819207707,0,1.0278505841617582,0,0.0,0,0.030879754692586827,0,0.0
TXN00001333,CUST000181,2025-08-10 00:55:57.003505,1681.49,EUR,IT,ES,app,desktop,0,Normal,0,6,10,8,859.3886956521739,767.5902422592371,109.88,2932.89,46,5,4,1.0710158337306785,1,5,4,0,1,0.0,0,0,0.4855518954641315,0,1.0542518153360108,0,0.0,0,0.017728484807693616,0,0.0
TXN00009009,CUST000103,2025-02-11 08:39:57.003505,4561.03,EUR,ES,FR,web,pos,0,Normal,8,1,11,2,5214.038510638298,3364.444087380351,1126.94,12261.04,47,6,4,-0.19409105738852028,1,2,5,3,3,0.0,0,0,0.4343515592957537,0,0.998239210953208,0,0.0,0,0.008424442542471162,0,0.0
TXN00003051,CUST000033,2025-01-29 11:35:57.107482,41747.22,EUR,IT,IT,web,atm,1,Fraude,11,2,29,1,13515.900317460317,21277.432782527,1113.58,86099.77,63,10,4,1.3268198268917284,1,5,8,3,0,1.0,1,1,0.6123416709137384,0,1.08210034270096,1,0.97722499400205,1,0.9999594790767677,1,1.0
TXN00000294,CUST000178,2025-09-13 21:16:57.003505,149.09,EUR,ES,IT,app,pos,0,Normal,21,5,13,9,161.7709523809524,128.74485480241623,12.77,487.7,42,3,4,-0.09849676945860854,1,2,8,0,3,0.0,0,0,0.47105804691345093,0,1.0159651778582677,0,0.009500000000000001,0,0.02890880886029477,0,0.0
TXN00006529,CUST000009,2025-10-09 05:21:57.003505,7352.9,EUR,FR,FR,web,desktop,0,Normal,5,3,9,10,17673.34349206349,20853.679531958067,673.65,79519.37,63,12,4,-0.4948979615684901,1,3,5,3,1,0.0,0,0,0.5162247298526671,0,0.9864551654537767,0,0.023932638272700382,0,0.01827764806639152,0,0.0
TXN00004409,CUST000045,2025-07-27 18:12:57.003505,1482.92,GBP,GB,GB,app,tablet,0,Normal,18,6,27,7,6149.803333333333,15824.94547276264,125.29,85657.33,60,9,4,-0.29490675598667354,2,4,6,0,4,0.0,0,0,0.5041333585720184,0,1.0764592879604051,0,0.1653997238854444,1,0.5566437245258083,0,0.0
TXN00006261,CUST000114,2025-03-29 07:55:57.003505,10876.17,EUR,ES,IT,app,pos,0,Normal,7,5,29,3,5335.650000000001,3328.235785762344,1233.85,12763.92,56,6,4,1.6647017684374252,1,2,8,0,3,0.0,0,0,0.5031383330644698,0,1.0970874585354828,0,0.0,0,0.03366808054683228,0,0.0
TXN00007130,CUST000084,2025-01-16 22:04:57.003505,40.6,EUR,ES,ES,web,pos,0,Normal,22,3,16,1,147.96942857142858,102.41184253992486,13.22,384.01,70,3,4,-1.0484083174381196,1,2,4,3,3,0.0,0,0,0.4891730272121928,1,1.1681387293317607,0,0.0,0,0.006225720181789761,0,0.0
TXN00004471,CUST000017,2025-02-02 09:34:57.003505,2360.7,EUR,FR,FR,sucursal,pos,0,Normal,9,6,2,2,15977.346615384617,23735.85855892997,1012.73,95316.24,65,9,4,-0.5736740712792986,1,3,5,2,3,0.0,0,0,0.5307240632195651,0,1.0074503427446284,0,0.17936923153263237,0,0.020506660376211943,0,0.0
TXN00003454,CUST000075,2025-01-16 00:50:57.003505,14484.67,EUR,FR,CH,sucursal,mobile,0,Normal,0,3,16,1,8798.873684210526,6988.470284473828,1140.6,24612.74,57,6,4,0.8135966933433085,1,3,1,2,2,0.0,0,0,0.4919971510967143,0,1.0609271980151767,0,0.0,0,0.02141396547805155,0,0.0
TXN00004939,CUST000062,2025-11-25 19:19:57.003505,780.66,EUR,IT,DE,app,pos,0,Normal,19,1,25,11,897.1857692307692,674.5982232769489,119.34,2822.56,52,5,4,-0.17273358428368893,1,5,3,0,3,0.0,0,0,0.4690503374688693,0,1.045111567459306,0,0.0,0,0.014278230154916591,0,0.0
TXN00002802,CUST000129,2025-07-18 06:55:57.003505,1448.31,EUR,US,ES,web,desktop,0,Normal,6,4,18,7,5171.594634146341,3069.580435637823,1448.31,14426.04,41,6,4,-1.2129620679445476,1,6,4,3,1,0.0,0,0,0.47379206032316196,0,1.053242454793883,0,0.0,0,0.003594718279772823,0,0.0
TXN00003426,CUST000052,2025-12-21 05:16:57.003505,37.64,EUR,ES,FR,sucursal,tablet,0,Normal,5,6,21,12,177.9474,132.6302616653853,34.91,487.78,50,3,4,-1.057883752775062,1,2,5,2,4,0.0,0,0,0.47147883951990743,0,1.0184906954605073,0,0.0,0,0.012175772570460333,0,0.0
TXN00005662,CUST000166,2025-04-07 23:45:57.003505,10917.79,CHF,GB,DE,app,desktop,0,Normal,23,0,7,4,5381.796428571428,3789.6021120618175,1121.03,14682.41,56,6,4,1.4608376832880101,0,4,3,0,1,0.0,0,0,0.5437713603970802,0,1.1545645020777193,0,0.0,0,0.0388395973296988,0,0.0
TXN00009283,CUST000000,2025-03-19 01:19:57.003505,358.97,EUR,DE,DE,web,mobile,0,Normal,1,2,19,3,4670.333709677419,14778.584927606773,159.16,93045.57,62,10,4,-0.2917304823503062,1,1,3,3,2,0.0,0,0,0.47536543047778224,0,0.9966381087415763,0,0.0,0,0.3925645709176277,0,0.0
TXN00002457,CUST000143,2025-12-28 23:20:57.003505,1717.65,EUR,ES,DE,sucursal,atm,0,Normal,23,6,28,12,5239.2824390243895,3581.701917241844,1357.73,14883.52,41,6,4,-0.9832287888303834,1,2,3,2,0,0.0,0,0,0.5100642081410579,0,1.07700967248949,0,0.0,0,0.0037474700290548732,0,0.0
TXN00009287,CUST000073,2025-02-21 04:53:57.003505,328.66,EUR,DE,DE,sucursal,mobile,0,Normal,4,4,21,2,870.7014285714286,670.8365566182797,100.07,2635.22,42,5,4,-0.808008183835237,1,1,3,2,2,0.0,0,0,0.4432951847121066,0,1.0047254133410557,0,0.0,0,0.01157727933936993,0,0.0
TXN00008050,CUST000139,2025-07-30 04:18:57.003505,3359.09,CHF,US,CH,app,pos,0,Normal,4,2,30,7,5999.512857142858,5088.7018853137615,532.86,19230.71,49,6,4,-0.518879454157919,0,6,1,0,3,0.0,0,0,0.525529808061945,0,1.1385164139565662,0,0.0,0,0.0030708148418200523,0,0.0
TXN00006935,CUST000148,2025-06-02 02:40:57.003505,5117.76,EUR,ES,US,web,atm,0,Normal,2,0,2,6,4870.1898,2933.4540342801783,1010.54,12132.54,50,6,4,0.08439545908083552,1,2,14,3,0,0.0,0,0,0.5037450153741156,0,1.060406480510299,0,0.0,0,0.051426995028884114,0,0.0
TXN00006783,CUST000020,2025-11-28 00:46:57.003505,370.08,EUR,IT,FR,cajero,pos,0,Normal,0,4,28,11,3059.5745588235295,12108.493253395596,10.07,69036.33,68,7,4,-0.2221163692557037,1,5,5,1,3,0.0,0,0,0.4789396180071514,0,1.0215908049289282,0,0.09765141934219028,0,0.29853400255944407,0,0.0
TXN00006070,CUST000165,2025-06-13 03:36:57.003505,878.34,EUR,FR,IT,cajero,atm,0,Normal,3,4,13,6,796.1411538461538,546.07482260668,145.49,2657.6,52,5,4,0.15052670916220712,1,3,8,1,0,0.0,0,0,0.44024333318336006,0,1.010550363415025,0,0.0,0,0.02564724512639503,0,0.0
TXN00008325,CUST000158,2025-04-29 01:42:57.003505,847.8,EUR,GB,ES,cajero,mobile,0,Normal,1,1,29,4,800.725,537.8160320696686,170.04,2304.86,44,5,4,0.08752993050674233,1,4,4,1,2,0.0,0,0,0.45085808821401513,0,1.0216989071296263,0,0.0,0,0.010110832185756645,0,0.0
TXN00001109,CUST000170,2025-02-16 20:08:57.003505,4727.47,GBP,US,ES,sucursal,mobile,0,Normal,20,6,16,2,8912.418965517241,6940.298442880395,530.84,24700.95,58,6,4,-0.602992652168628,2,6,4,2,2,0.0,0,0,0.5199450284707199,0,1.0941590526620475,0,0.0,0,0.002838754163264231,0,0.0
TXN00008288,CUST000041,2025-04-25 03:40:57.003505,10419.9,EUR,DE,IT,web,tablet,0,Normal,3,4,25,4,12242.410327868853,18392.8926295824,1042.59,80913.59,61,9,4,-0.09908774897312846,1,1,8,3,4,0.0,0,0,0.5103898000297465,0,1.0365486462653475,0,0.22377478067744783,0,0.27502653850385256,0,0.0
TXN00006668,CUST000106,2025-11-27 06:15:57.003505,150.52,EUR,FR,FR,cajero,desktop,0,Normal,6,3,27,11,187.99303571428572,139.00723410762927,11.88,497.63,56,3,4,-0.26957615325037887,1,3,5,1,1,0.0,0,0,0.44544087221290646,0,0.9932781730136014,0,0.0,0,0.007982173897171903,0,0.0
TXN00002704,CUST000162,2025-04-15 21:57:57.003505,888.73,GBP,CH,GB,web,mobile,0,Normal,21,1,15,4,8187.689791666667,6409.234849582279,610.75,24295.17,48,6,4,-1.138819213498403,2,0,6,3,2,0.0,0,0,0.511464437357078,1,1.1722743743381179,0,0.0,0,0.002147995978426203,0,0.0
TXN00008818,CUST000144,2025-12-29 21:59:57.003505,2569.98,EUR,DE,ES,sucursal,pos,0,Normal,21,0,29,12,1031.58,698.9801338879382,106.4,2623.56,41,5,4,2.200920917797813,1,1,4,2,3,0.0,0,0,0.5420824324774427,0,1.1482424443801533,0,0.0,0,0.006486296775968165,0,0.0
TXN00000025,CUST000014,2025-06-10 20:47:57.107482,89409.3,EUR,IT,DE,app,desktop,1,Fraude,20,1,10,6,6809.598301886793,18922.663397876047,109.06,89409.3,53,9,4,4.3651202770440545,1,5,3,0,1,1.0,1,1,0.6072691529841245,0,1.0074585729820367,1,0.9648076298701298,1,0.9999999999999427,1,1.0
TXN00001460,CUST000015,2025-01-19 09:18:57.003505,4506.63,EUR,FR,DE,app,mobile,0,Normal,9,6,19,1,16429.753191489363,24433.972081401258,1004.49,91371.5,47,12,4,-0.48797318550089835,1,3,3,0,2,0.0,0,1,0.5674450727950239,0,1.0827866077364476,0,0.161769322875614,0,0.08511133292324748,0,0.0
TXN00007185,CUST000084,2025-02-18 23:25:57.003505,152.96,EUR,ES,IT,web,atm,0,Normal,23,1,18,2,147.96942857142858,102.41184253992486,13.22,384.01,70,3,4,0.048730412968553516,1,2,8,3,0,0.0,0,0,0.5110344996504661,1,1.1577591678067372,0,0.009268292682926829,0,0.006988550255406627,0,0.0
TXN00004363,CUST000079,2025-07-10 17:30:57.003505,2476.07,EUR,FR,GB,cajero,desktop,0,Normal,17,3,10,7,8145.75744680851,6052.306858239896,540.85,22648.11,47,6,4,-0.936781227170058,1,3,6,1,1,0.0,0,0,0.4426481460568552,0,0.9648150039773,0,0.0,0,0.003995567819603749,0,0.0
TXN00001917,CUST000020,2025-05-24 20:57:57.107482,736.04,EUR,IT,NG,web,atm,1,Fraude,20,5,24,5,3059.5745588235295,12108.493253395596,10.07,69036.33,68,7,4,-0.1918929556309614,1,5,10,3,0,1.0,1,0,0.4960712905458126,0,1.0603592345854944,1,0.6477029754105516,0,0.44633198452549644,1,1.0
TXN00006638,CUST000039,2025-04-04 00:25:57.003505,4400.19,EUR,DE,US,web,atm,0,Normal,0,4,4,4,14481.797272727272,22909.14968209796,681.03,99400.06,44,9,4,-0.4400690297189571,1,1,14,3,0,0.0,0,1,0.5711093886185669,1,1.1751108883936323,0,0.09773486636145126,0,0.3233466052034699,0,0.0
TXN00004424,CUST000177,2025-04-26 02:21:57.003505,1552.75,EUR,FR,DE,sucursal,mobile,0,Normal,2,5,26,4,882.1804000000001,714.9039851529658,108.09,2740.13,50,5,4,0.9379855379020369,1,3,3,2,2,0.0,0,0,0.45272974600603916,0,1.020246562853274,0,0.0,0,0.005310007326592599,0,0.0
TXN00003140,CUST000037,2025-09-24 06:29:57.107482,945.99,EUR,ES,IR,sucursal,tablet,1,Fraude,6,2,24,9,3344.5771604938273,14448.411660449672,10.52,94457.02,81,9,4,-0.1660104388424635,1,2,7,2,4,0.0,0,0,0.49900701030375916,0,1.050614996618534,0,0.2671511925534123,1,0.6714433553743515,0,0.0
TXN00007827,CUST000036,2025-04-08 01:26:57.003505,4508.59,EUR,FR,DE,web,pos,0,Normal,1,1,8,4,9097.943035714286,14723.247345472018,1593.82,84621.7,56,7,4,-0.31170793560117604,1,3,3,3,3,0.0,0,0,0.46760671658359804,0,1.023139080186984,0,0.07757789948219733,0,0.05622061742694298,0,0.0
TXN00008931,CUST000144,2025-02-13 03:56:57.003505,2226.54,EUR,DE,FR,app,pos,0,Normal,3,3,13,2,1031.58,698.9801338879382,106.4,2623.56,41,5,4,1.7095764820148691,1,1,5,0,3,0.0,0,0,0.48737923296577634,0,1.0677779388567843,0,0.0,0,0.01416986556202581,0,0.0
TXN00002293,CUST000005,2025-04-12 19:44:57.003505,329.53,GBP,GB,ES,sucursal,pos,0,Normal,19,5,12,4,2003.046231884058,5943.958813233152,101.43,49162.75,69,9,4,-0.281549096180937,2,4,4,2,3,0.0,0,0,0.4981390842233612,0,1.07207574684123,0,0.014636830520909756,0,0.1422943346728899,0,0.0
TXN00008750,CUST000144,2025-04-27 08:16:57.003505,313.47,EUR,DE,IT,app,tablet,0,Normal,8,6,27,4,1031.58,698.9801338879382,106.4,2623.56,41,5,4,-1.027368252911978,1,1,8,0,4,0.0,0,0,0.4949099011908095,0,1.136112276345798,0,0.0,0,0.03105443287767538,0,0.0
TXN00002873,CUST000109,2025-10-15 17:13:57.003505,21978.25,GBP,CH,CH,web,tablet,0,Normal,17,2,15,10,7309.252040816326,6747.518800021043,807.42,24185.66,49,6,4,2.173984006826916,2,0,1,3,4,0.0,0,1,0.5662187563482727,1,1.1735270756155178,0,0.0,0,0.459777253310037,0,0.0
TXN00005229,CUST000014,2025-01-15 19:49:57.003505,863.51,EUR,IT,DE,app,pos,0,Normal,19,2,15,1,6809.598301886793,18922.663397876047,109.06,89409.3,53,9,4,-0.3142310454161528,1,5,3,0,3,0.0,0,0,0.5149916591379804,0,1.023523251733264,0,0.03292858022532584,1,0.6463252018575306,0,0.0
TXN00005040,CUST000012,2025-08-02 22:20:57.003505,2623.43,EUR,IT,GB,sucursal,mobile,0,Normal,22,5,2,8,11848.529666666667,20090.907636760738,1017.21,83759.47,60,12,4,-0.45916788992290963,1,5,6,2,2,0.0,0,0,0.5153276763401397,0,1.0023579390861426,0,0.0,0,0.3100251836723044,0,0.0
TXN00004392,CUST000011,2025-09-25 01:26:57.003505,340.07,EUR,ES,DE,sucursal,pos,0,Normal,1,3,25,9,5832.329,15831.358716522058,120.51,81442.3,60,11,4,-0.3469227814237573,1,2,3,2,3,0.0,0,0,0.47220472947394465,0,0.9668944183242616,0,0.0,0,0.39839018173540663,0,0.0
TXN00006664,CUST000093,2025-09-28 09:59:57.003505,8643.89,EUR,FR,US,cajero,mobile,0,Normal,9,6,28,9,5332.117045454545,3968.6959699562376,1106.74,14810.24,44,6,4,0.8344738369433471,1,3,14,1,2,0.0,0,0,0.49162342515019414,0,0.9902173642576064,0,0.006333333333333333,0,0.0940683408420196,0,0.0
TXN00003993,CUST000010,2025-10-24 19:35:57.107482,19316.11,EUR,FR,DE,web,pos,1,Fraude,19,4,24,10,2649.5095,9608.349775436482,124.77,72985.19,60,8,4,1.7345955224145955,1,3,3,3,3,1.0,1,0,0.5124180933210595,0,1.145026560196309,1,0.7067791572888558,1,0.9844718184134403,1,1.0
TXN00005845,CUST000168,2025-07-25 02:53:57.003505,703.79,EUR,IT,GB,web,desktop,0,Normal,2,4,25,7,805.7724074074074,573.1593417914204,118.62,2763.92,54,5,4,-0.17793028882811052,1,5,6,3,1,0.0,0,0,0.44364391511217954,0,0.9995942829737933,0,0.0,0,0.009725897375063047,0,0.0
TXN00008536,CUST000095,2025-04-29 21:06:57.003505,234.79,EUR,IT,ES,sucursal,tablet,0,Normal,21,1,29,4,175.85649999999998,142.59839717673157,10.78,490.31,60,3,4,0.4132830435231106,1,5,4,2,4,0.0,0,0,0.5084719457526767,0,1.119377489732576,0,0.0,0,0.0033997720972751776,0,0.0
TXN00008634,CUST000157,2025-03-17 04:16:57.003505,3822.86,EUR,IT,DE,web,mobile,0,Normal,4,0,17,3,4468.6006,3061.342828385575,1001.7,14281.22,50,6,4,-0.21093377513997758,1,5,3,3,2,0.0,0,0,0.45706968242948026,0,1.0101042634821649,0,0.0,0,0.006082147600433643,0,0.0
TXN00001752,CUST000071,2025-03-07 17:04:57.003505,22971.96,EUR,FR,CH,cajero,tablet,0,Normal,17,4,7,3,8737.374901960784,6519.461954884734,915.99,24253.24,51,6,4,2.18339875197684,1,3,1,1,4,0.0,0,0,0.5236667369492342,0,1.101457181979053,0,0.0,0,0.28339019634219204,0,0.0
TXN00009082,CUST000063,2025-12-27 05:06:57.003505,77.65,EUR,FR,IT,web,tablet,0,Normal,5,5,27,12,174.46065217391305,124.88230844193839,11.36,468.38,46,3,4,-0.7752151013744928,1,3,8,3,4,0.0,0,0,0.47885827458491736,0,1.0728478239254642,0,0.0,0,0.012936278764899264,0,0.0
TXN00002130,CUST000054,2025-06-10 04:45:57.003505,853.48,GBP,GB,ES,cajero,pos,0,Normal,4,1,10,6,796.5148076923076,585.8445766532963,106.32,2706.89,52,5,4,0.09723601528561812,2,4,4,1,3,0.0,0,0,0.4638095010440004,0,1.1083799775623455,0,0.0,0,0.022232682586572995,0,0.0
TXN00004725,CUST000181,2025-06-23 03:38:57.003505,238.14,EUR,IT,FR,sucursal,tablet,0,Normal,3,0,23,6,859.3886956521739,767.5902422592371,109.88,2932.89,46,5,4,-0.8093493906518565,1,5,5,2,4,0.0,0,0,0.4586169390901606,0,1.0167048704715065,0,0.0,0,0.01627502240798119,0,0.0
TXN00009383,CUST000132,2026-01-11 21:44:57.003505,5341.25,EUR,ES,IT,cajero,atm,0,Normal,21,6,11,1,4842.353035714286,3440.9431400374256,1071.04,14203.76,56,6,4,0.14498843597145258,1,2,8,1,0,0.0,0,0,0.46743893241949513,0,1.0480626273548925,0,0.0,0,0.02438065567860284,0,0.0
TXN00003626,CUST000113,2025-10-31 17:44:57.003505,592.47,USD,CH,FR,cajero,mobile,0,Normal,17,4,31,10,5951.366734693877,5946.201402798187,518.29,22408.12,49,6,4,-0.9012302764031564,3,0,5,1,2,0.0,0,0,0.5264507599537396,0,1.0263379090748834,0,0.0,0,0.008524603516206179,0,0.0
TXN00005798,CUST000140,2025-05-05 20:11:57.003505,216.21,EUR,DE,GB,sucursal,desktop,0,Normal,20,0,5,5,680.5558695652173,567.6112813520499,132.76,2321.13,46,5,4,-0.8180701899389233,1,1,6,2,1,0.0,0,0,0.4620552819318501,0,1.0117225039439575,0,0.0,0,0.037726728016381134,0,0.0
TXN00006942,CUST000184,2025-03-31 01:38:57.003505,30.71,EUR,FR,IT,sucursal,desktop,0,Normal,1,0,31,3,141.98777777777778,127.80667248159469,12.93,486.33,54,3,4,-0.8706726710464205,1,3,8,2,1,0.0,0,0,0.49367346718896044,0,1.0262988738311232,0,0.0,0,0.011385354051681893,0,0.0
TXN00000743,CUST000011,2025-07-07 05:20:57.003505,571.35,EUR,ES,GB,web,pos,0,Normal,5,0,7,7,5832.329,15831.358716522058,120.51,81442.3,60,11,4,-0.33231380160549184,1,2,6,3,3,0.0,0,0,0.4694733825812915,0,1.01889926962699,0,0.0,1,0.6326849742322878,0,0.0
TXN00002856,CUST000001,2026-01-01 09:00:57.003505,935.34,EUR,FR,IT,sucursal,desktop,0,Normal,9,3,1,1,3927.4848484848485,13285.312321840493,105.88,98285.28,66,11,4,-0.2252220178023716,1,3,8,2,1,1.0,1,0,0.4826020862556074,0,1.0292374917393174,0,0.3467616063119356,1,0.803144916342674,1,1.0
TXN00008090,CUST000113,2025-04-09 19:05:57.003505,596.49,EUR,CH,GB,sucursal,pos,0,Normal,19,2,9,4,5951.366734693877,5946.201402798187,518.29,22408.12,49,6,4,-0.9005542145399589,1,0,6,2,3,0.0,0,0,0.4634988771147315,0,1.0212232624371014,0,0.0,0,0.008144987546879243,0,0.0
TXN00008290,CUST000098,2025-11-29 03:07:57.003505,472.45,EUR,IT,DE,web,atm,0,Normal,3,5,29,11,859.0164814814815,759.6341295827942,114.41,2894.43,54,5,4,-0.5088850881211804,1,5,3,3,0,0.0,0,0,0.49124969841929694,0,1.0635631259887304,0,0.0,0,0.006693049643501228,0,0.0
TXN00002908,CUST000028,2025-04-01 05:30:57.003505,450.89,EUR,ES,IT,app,pos,0,Normal,5,1,1,4,4253.581489361702,17241.301652205857,19.11,90310.44,47,6,4,-0.220557099797313,1,2,8,0,3,0.0,0,0,0.478880965444224,0,1.117801056787282,0,0.14922702466093546,1,0.8923952537783595,0,0.0
TXN00000208,CUST000152,2025-10-10 05:07:57.003505,1108.87,USD,GB,FR,app,tablet,0,Normal,5,4,10,10,951.1576086956521,716.2417846887702,125.83,2743.37,46,5,4,0.2201943456184764,3,4,5,0,4,0.0,0,0,0.5016521183474807,0,1.0315430373238894,0,0.0,0,0.046703409087459374,0,0.0
TXN00000600,CUST000010,2025-03-02 20:46:57.003505,845.22,EUR,FR,FR,cajero,atm,0,Normal,20,6,2,3,2649.5095,9608.349775436482,124.77,72985.19,60,8,4,-0.1877834947708544,1,3,5,1,0,0.0,0,0,0.480440878580458,0,1.0731479082249833,0,0.1231456433147102,0,0.428881906641814,0,0.0
TXN00008626,CUST000116,2025-09-09 19:11:57.003505,1750.35,EUR,FR,FR,sucursal,atm,0,Normal,19,1,9,9,5575.545263157895,3962.8441770423206,1145.06,14589.34,57,6,4,-0.9652651205295623,1,3,5,2,0,0.0,0,0,0.44445936755830123,0,0.9987109910087639,0,0.0,0,0.006083355166750633,0,0.0
TXN00003342,CUST000000,2025-09-03 13:43:57.107482,6576.96,EUR,DE,GB,sucursal,desktop,1,Fraude,13,2,3,9,4670.333709677419,14778.584927606773,159.16,93045.57,62,10,4,0.12901277757872076,1,1,6,2,1,1.0,1,0,0.4752559311914458,0,1.018591999217405,1,0.8564106339552312,1,0.9510924394472371,1,1.0
TXN00006974,CUST000101,2025-03-30 00:00:57.003505,50.13,EUR,FR,FR,cajero,mobile,0,Normal,0,6,30,3,125.60097560975608,111.09659308018581,10.12,468.78,41,3,4,-0.6793275368575533,1,3,5,1,2,0.0,0,0,0.48023783457632796,0,1.0522767395092922,0,0.0,0,0.009393044375431764,0,0.0
TXN00002941,CUST000189,2025-04-02 18:06:57.003505,14559.13,EUR,DE,DE,sucursal,tablet,0,Normal,18,2,2,4,7299.777222222222,5820.825465841291,680.44,24792.93,54,6,4,1.2471345892659298,1,1,3,2,4,0.0,0,0,0.5051440602508507,0,1.0771175686708845,0,0.007916666666666666,0,0.08460749956676425,0,0.0
TXN00003936,CUST000179,2025-07-15 05:37:57.003505,1390.42,EUR,DE,IT,cajero,pos,0,Normal,5,1,15,7,5704.412033898305,3719.034007330203,1121.58,14726.16,59,6,4,-1.1599764950348572,1,1,8,1,3,0.0,0,0,0.44880521153492026,0,1.0322172727180159,0,0.0,0,0.0062360657103478195,0,0.0
TXN00006649,CUST000185,2025-04-07 07:32:57.003505,478.54,GBP,GB,ES,web,desktop,0,Normal,7,0,7,4,845.7542857142857,659.7552020194057,107.93,2962.75,49,5,4,-0.5565917237692245,2,4,4,3,1,0.0,0,0,0.4816678211579039,0,1.0471247660808964,0,0.0,0,0.022094783865444584,0,0.0
TXN00009162,CUST000133,2025-11-05 01:49:57.003505,57.7,EUR,IT,FR,app,pos,0,Normal,1,2,5,11,145.8703846153846,109.73602561372553,11.7,462.02,52,3,4,-0.803477101697397,1,5,5,0,3,0.0,0,0,0.4794067380441854,0,1.0232873204070592,0,0.0,0,0.026422182960268784,0,0.0
TXN00000494,CUST000045,2025-04-16 08:33:57.003505,1994.23,CHF,GB,FR,web,pos,0,Normal,8,2,16,4,6149.803333333333,15824.94547276264,125.29,85657.33,60,9,4,-0.2625963760964086,0,4,5,3,3,0.0,0,0,0.47750067289145853,0,1.0877943811062878,0,0.07492737220910266,0,0.3445016292763547,0,0.0
TXN00002606,CUST000166,2025-01-23 04:53:57.003505,4613.55,USD,GB,GB,app,atm,0,Normal,4,3,23,1,5381.796428571428,3789.6021120618175,1121.03,14682.41,56,6,4,-0.20272482589226798,3,4,6,0,0,0.0,0,0,0.5094879269165385,0,1.0393565796614999,0,0.0,0,0.01876886627670292,0,0.0
TXN00006722,CUST000134,2025-05-16 03:57:57.003505,96.79,EUR,FR,IT,sucursal,mobile,0,Normal,3,4,16,5,159.77609756097561,110.03255829249015,11.1,483.71,41,3,4,-0.5724314508903228,1,3,8,2,2,0.0,0,0,0.4480621286779353,0,0.997759163755326,0,0.0,0,0.0196288819933075,0,0.0
TXN00003522,CUST000007,2025-07-15 02:37:57.003505,4799.29,EUR,DE,US,sucursal,desktop,0,Normal,2,1,15,7,13983.354109589041,17914.50554094098,1084.09,95095.19,73,10,4,-0.5126607646573079,1,1,14,2,1,0.0,0,0,0.5438289930653297,0,1.030894835414863,0,0.011264167393199652,0,0.06045332358452972,0,0.0
TXN00009883,CUST000188,2025-07-02 06:28:57.003505,2814.92,EUR,IT,GB,web,tablet,0,Normal,6,2,2,7,4936.442647058823,3552.9495258458055,1054.79,14763.77,34,6,4,-0.5971158979402229,1,5,6,3,4,0.0,0,0,0.48116828505680237,0,1.1393084998821636,0,0.0,0,0.016506730451067,0,0.0
TXN00006388,CUST000050,2025-07-04 04:54:57.003505,4569.42,EUR,FR,IT,web,desktop,0,Normal,4,4,4,7,5331.105348837209,3804.6606136073424,1083.57,14257.64,43,6,4,-0.20019797453492924,1,3,8,3,1,0.0,0,0,0.4407478766711654,0,1.0183717626180737,0,0.0,0,0.021066690433641243,0,0.0
TXN00009194,CUST000037,2025-08-28 20:06:57.003505,10.52,EUR,ES,IT,cajero,tablet,0,Normal,20,3,28,8,3344.5771604938273,14448.411660449672,10.52,94457.02,81,9,4,-0.23075596395066353,1,2,8,1,4,0.0,0,0,0.5129959336349056,0,1.0432979926588422,0,0.01470238095238095,1,0.6638790460820038,0,0.0
TXN00005974,CUST000061,2025-02-24 07:06:57.003505,2407.8,EUR,IT,DE,web,tablet,0,Normal,7,0,24,2,4214.0417391304345,2941.5094806452344,1120.02,13214.78,46,6,4,-0.6140526659530514,1,5,3,3,4,0.0,0,0,0.4821348112483261,0,1.0476220251248731,0,0.0,0,0.004488853185288054,0,0.0
TXN00000258,CUST000080,2025-05-25 07:11:57.003505,132.75,EUR,ES,ES,sucursal,atm,0,Normal,7,6,25,5,146.3564,118.60946270815987,13.78,474.86,50,3,4,-0.1147159726940401,1,2,4,2,0,0.0,0,0,0.4637746803967634,0,1.0051470068777828,0,0.0,0,0.005341691521810295,0,0.0
TXN00007169,CUST000004,2025-07-26 21:05:57.003505,7375.71,EUR,DE,FR,web,tablet,0,Normal,21,5,26,7,14062.081549295775,19520.768114931096,601.38,95541.67,71,12,4,-0.3425260476220175,1,1,5,3,4,0.0,0,0,0.5435589809630635,0,1.0264897672405096,0,0.033503999504840544,0,0.0727093281301399,0,0.0
TXN00002602,CUST000047,2025-07-24 05:25:57.003505,1638.12,EUR,ES,US,web,pos,0,Normal,5,3,24,7,14563.28859375,20712.60540698934,564.29,99973.8,64,9,4,-0.6240242759978645,1,2,14,3,3,0.0,0,0,0.5193832951330914,0,0.9941060927004044,0,0.0347069737087451,0,0.0253424628420732,0,0.0
TXN00009748,CUST000084,2025-09-23 21:08:57.003505,141.24,EUR,ES,FR,cajero,mobile,0,Normal,21,1,23,9,147.96942857142858,102.41184253992486,13.22,384.01,70,3,4,-0.06570947596315,1,2,5,1,2,0.0,0,0,0.46874832559532453,0,1.0584756743060688,0,0.0,0,0.0065783884963532945,0,0.0
TXN00007175,CUST000101,2025-08-17 22:43:57.003505,150.13,EUR,FR,ES,web,mobile,0,Normal,22,6,17,8,125.60097560975608,111.09659308018581,10.12,468.78,41,3,4,0.22079006645820023,1,3,4,3,2,0.0,0,0,0.4604079633278514,0,1.034218092983659,0,0.0,0,0.006732139695656435,0,0.0
TXN00009668,CUST000181,2025-05-08 19:09:57.003505,747.68,EUR,IT,FR,app,tablet,0,Normal,19,3,8,5,859.3886956521739,767.5902422592371,109.88,2932.89,46,5,4,-0.1455316773932035,1,5,5,0,4,0.0,0,0,0.45338717237839143,0,1.0107940699402413,0,0.0,0,0.03231268494902397,0,0.0
TXN00001709,CUST000052,2025-11-26 23:06:57.003505,99.63,EUR,ES,ES,cajero,pos,0,Normal,23,2,26,11,177.9474,132.6302616653853,34.91,487.78,50,3,4,-0.5904941936033712,1,2,4,1,3,0.0,0,0,0.4704595891616325,0,0.9888960911789049,0,0.0,0,0.010370229942869898,0,0.0
TXN00003494,CUST000033,2025-11-03 11:59:57.107482,55102.07,EUR,IT,PK,cajero,atm,1,Fraude,11,0,3,11,13515.900317460317,21277.432782527,1113.58,86099.77,63,10,4,1.9544730844942775,1,5,11,1,0,1.0,1,1,0.6300836264998283,0,1.0253140665902931,1,0.9994249447856717,1,0.999999934504609,1,1.0
TXN00008991,CUST000074,2025-08-28 19:25:57.003505,2511.8,EUR,IT,GB,web,tablet,0,Normal,19,3,28,8,5339.021777777778,3544.830265405901,1289.22,14680.96,45,6,4,-0.7975619607435519,1,5,6,3,4,0.0,0,0,0.45827420898874754,0,1.0445011357279719,0,0.0,0,0.004601770704240684,0,0.0
TXN00009300,CUST000014,2025-06-08 20:03:57.003505,210.24,EUR,IT,DE,cajero,pos,0,Normal,20,6,8,6,6809.598301886793,18922.663397876047,109.06,89409.3,53,9,4,-0.34875419822131254,1,5,3,1,3,0.0,0,0,0.496144829077977,0,1.0258579406782977,0,0.03164585064395513,1,0.6086986100716674,0,0.0
TXN00007254,CUST000038,2025-12-01 05:00:57.003505,531.51,EUR,ES,GB,sucursal,tablet,0,Normal,5,0,1,12,7141.748709677419,18776.16760796677,143.24,94991.86,62,10,4,-0.3520547348821399,1,2,6,2,4,0.0,0,0,0.49711318573460145,0,1.021301880448909,0,0.008837209302325582,1,0.7239993656697172,0,0.0
TXN00002179,CUST000170,2025-06-11 02:25:57.003505,1489.56,EUR,US,FR,app,tablet,0,Normal,2,2,11,6,8912.418965517241,6940.298442880395,530.84,24700.95,58,6,4,-1.069530226335201,1,6,5,0,4,0.0,0,0,0.5047305446963148,0,1.0678970561285381,0,0.0,0,0.0017365781820202594,0,0.0
TXN00001789,CUST000180,2025-02-12 22:21:57.003505,732.6,CHF,GB,GB,cajero,mobile,0,Normal,22,2,12,2,934.9624,733.4398987565374,127.9,2829.87,50,5,4,-0.2759086328234575,0,4,6,1,2,0.0,0,0,0.47996302735496965,0,1.0410347486355411,0,0.0,0,0.018457797450887336,0,0.0
TXN00008730,CUST000054,2025-08-18 18:02:57.003505,965.59,EUR,GB,DE,app,mobile,0,Normal,18,0,18,8,796.5148076923076,585.8445766532963,106.32,2706.89,52,5,4,0.28860076333718565,1,4,3,0,2,0.0,0,0,0.45492788720333605,0,1.0256399827630598,0,0.0,0,0.014761967336036921,0,0.0
TXN00006177,CUST000162,2026-01-05 23:31:57.003505,5193.41,USD,CH,DE,app,pos,0,Normal,23,0,5,1,8187.689791666667,6409.234849582279,610.75,24295.17,48,6,4,-0.46718209918530856,3,0,3,0,3,0.0,0,0,0.5495302221940395,0,1.1220921596331894,0,0.0,0,0.014025862417483171,0,0.0
TXN00008567,CUST000046,2025-06-17 04:09:57.003505,13347.38,CHF,GB,DE,cajero,atm,0,Normal,4,1,17,6,14390.02703125,20397.40065692597,666.14,92261.44,64,10,4,-0.05111666181077104,0,4,3,1,0,0.0,0,0,0.5372593324823207,0,1.0970994006009607,0,0.041204417952314165,0,0.31267556436713423,0,0.0
TXN00008261,CUST000122,2025-05-16 04:04:57.003505,1227.26,CHF,GB,DE,app,tablet,0,Normal,4,4,16,5,879.8508333333334,604.8507573398664,120.9,2731.71,48,5,4,0.574371713809536,0,4,3,0,4,0.0,0,0,0.4907294238354143,0,1.1230584800248946,0,0.0,0,0.008771741291936653,0,0.0
TXN00009146,CUST000185,2025-10-16 18:06:57.003505,847.77,USD,GB,GB,sucursal,tablet,0,Normal,18,3,16,10,845.7542857142857,659.7552020194057,107.93,2962.75,49,5,4,0.0030552457585619826,3,4,6,2,4,0.0,0,0,0.48822304285454093,0,1.0108757447471302,0,0.0,0,0.03497466431965928,0,0.0
TXN00006290,CUST000179,2025-05-12 04:11:57.003505,6517.39,EUR,DE,IT,cajero,pos,0,Normal,4,0,12,5,5704.412033898305,3719.034007330203,1121.58,14726.16,59,6,4,0.21859922879993018,1,1,8,1,3,0.0,0,0,0.46684785949550534,0,1.0452324737271992,0,0.0,0,0.020133702975912424,0,0.0
TXN00008488,CUST000172,2025-10-31 23:35:57.003505,548.01,EUR,FR,GB,web,pos,0,Normal,23,4,31,10,1225.615576923077,816.7534839489807,107.05,2891.9,52,5,4,-0.8296329178998291,1,3,6,3,3,0.0,0,0,0.4805962473442152,0,1.012699578038055,0,0.0,0,0.010650837690711906,0,0.0
TXN00009197,CUST000118,2025-08-05 17:17:57.003505,2765.05,EUR,DE,ES,app,pos,0,Normal,17,1,5,8,7784.2775,6565.419604910623,714.7,24795.08,44,6,4,-0.7644945489061141,1,1,4,0,3,0.0,0,0,0.47792586758330835,0,1.010554780528442,0,0.0,0,0.007732359443932708,0,0.0
TXN00002355,CUST000131,2026-01-15 19:55:57.003505,609.13,EUR,DE,DE,web,pos,0,Normal,19,3,15,1,890.2438181818181,592.6132155358536,134.89,2885.62,55,5,4,-0.4743630589696957,1,1,3,3,3,0.0,0,0,0.46467690532507433,0,0.9979438877789798,0,0.0,0,0.008358093721417267,0,0.0
TXN00004118,CUST000121,2025-06-02 05:56:57.003505,811.49,EUR,ES,GB,web,desktop,0,Normal,5,0,2,6,981.1530612244898,662.239680117164,101.46,2575.07,49,5,4,-0.2561958548576808,1,2,6,3,1,0.0,0,0,0.44403563584250555,0,1.0081087429716153,0,0.0,0,0.02297166614723813,0,0.0
TXN00000818,CUST000155,2025-10-23 06:58:57.003505,1074.76,EUR,IT,ES,app,pos,0,Normal,6,3,23,10,955.0666666666667,767.1100594112946,122.32,2967.61,45,5,4,0.15603149992474138,1,5,4,0,3,0.0,0,0,0.45529214163080645,0,1.0075334890817973,0,0.0,0,0.016570003207056108,0,0.0
TXN00000971,CUST000142,2025-11-20 01:18:57.003505,666.85,EUR,DE,US,app,pos,0,Normal,1,3,20,11,6533.238913043478,5298.543436216841,666.85,19029.58,46,6,4,-1.1071701086449728,1,1,14,0,3,0.0,0,0,0.510428291245886,0,1.0236480906093413,0,0.026748630121282986,0,0.017366690643803785,0,0.0
TXN00001178,CUST000176,2025-02-10 02:39:57.003505,944.97,EUR,ES,IT,app,atm,0,Normal,2,0,10,2,999.8185454545454,731.9722641436783,123.88,2909.03,55,5,4,-0.07493254603544193,1,2,8,0,0,0.0,0,0,0.4620576793607914,0,1.0351099327196156,0,0.0,0,0.03347804364986383,0,0.0
TXN00005801,CUST000136,2025-10-15 20:07:57.003505,217.91,EUR,FR,ES,app,atm,0,Normal,20,2,15,10,156.8698245614035,118.19619667695422,10.52,475.76,57,3,4,0.5164309566491075,1,3,4,0,0,0.0,0,0,0.46593501097921153,0,1.0341271556927472,0,0.0,0,0.00887700636843293,0,0.0
TXN00000419,CUST000144,2025-11-28 22:30:57.003505,703.94,EUR,DE,FR,web,desktop,0,Normal,22,4,28,11,1031.58,698.9801338879382,106.4,2623.56,41,5,4,-0.4687400737826801,1,1,5,3,1,0.0,0,0,0.46751488478581804,0,1.0507928168865,0,0.0,0,0.012525673602734867,0,0.0
TXN00006943,CUST000085,2025-02-26 19:53:57.003505,789.65,EUR,FR,ES,app,desktop,0,Normal,19,2,26,2,924.8436363636364,611.0956308904902,141.58,2746.59,44,5,4,-0.22123155412746176,1,3,4,0,1,0.0,0,0,0.46575968473527074,0,1.0078539261669888,0,0.0,0,0.0153017357615618,0,0.0
TXN00003345,CUST000042,2025-10-18 09:25:57.003505,3016.53,EUR,ES,GB,web,desktop,0,Normal,9,5,18,10,10704.279047619048,15707.05132958625,1001.04,76105.74,63,9,4,-0.4894457200027568,1,2,6,3,1,0.0,0,0,0.4657717380095759,0,1.014355914234216,0,0.05535814144504794,0,0.03277009949675232,0,0.0
TXN00005392,CUST000152,2025-08-31 07:12:57.003505,582.93,CHF,GB,DE,web,pos,0,Normal,7,6,31,8,951.1576086956521,716.2417846887702,125.83,2743.37,46,5,4,-0.5141107598763566,0,4,3,3,3,0.0,0,0,0.506751845376368,0,1.1146895513236872,0,0.0,0,0.004772619303455666,0,0.0
TXN00009292,CUST000063,2025-02-07 06:23:57.003505,66.08,EUR,FR,ES,web,atm,0,Normal,6,4,7,2,174.46065217391305,124.88230844193839,11.36,468.38,46,3,4,-0.86786233100776,1,3,4,3,0,0.0,0,0,0.46340359836155337,0,0.9956809435125843,0,0.0,0,0.011653262678252235,0,0.0
TXN00004034,CUST000127,2025-03-04 07:22:57.003505,1887.18,EUR,FR,IT,app,atm,0,Normal,7,1,4,3,5175.683538461539,3408.1231986798057,1026.86,14073.5,65,6,4,-0.9649016029615639,1,3,8,0,0,0.0,0,0,0.47431115067602936,0,1.1170066061165569,0,0.009047619047619047,0,0.012819147887589985,0,0.0
TXN00000954,CUST000146,2025-12-02 06:08:57.003505,1747.22,EUR,IT,GB,cajero,mobile,0,Normal,6,1,2,12,904.4364285714286,643.5872499374547,113.72,2383.09,42,5,4,1.309509425801965,1,5,6,1,2,0.0,0,0,0.48266929352338295,0,1.0456431773026331,0,0.0,0,0.02825420191776301,0,0.0
TXN00005548,CUST000044,2025-10-20 21:03:57.003505,605.82,EUR,ES,DE,cajero,atm,0,Normal,21,0,20,10,1931.648222222222,3870.370479347076,127.53,24725.19,45,7,4,-0.3425584783044666,1,2,3,1,0,0.0,0,0,0.45952075634168676,0,1.03906196119391,0,0.00890625,0,0.05400970737410617,0,0.0
TXN00005605,CUST000052,2025-12-19 19:12:57.003505,58.02,EUR,ES,IT,cajero,pos,0,Normal,19,4,19,12,177.9474,132.6302616653853,34.91,487.78,50,3,4,-0.9042234976384421,1,2,8,1,3,0.0,0,0,0.45749064767911757,0,0.9855182743534787,0,0.0,0,0.026402570125193713,0,0.0
TXN00006567,CUST000027,2025-09-20 20:20:57.107482,83387.26,EUR,FR,IT,cajero,mobile,1,Fraude,20,5,20,9,4851.360625,18687.684437621316,10.99,94066.9,64,5,4,4.202548455532138,1,3,8,1,2,1.0,1,1,0.583602856263325,0,0.9899235137101068,1,0.9147826966957721,1,0.9999999999996425,1,1.0
TXN00004238,CUST000002,2025-07-09 02:15:57.003505,21.33,EUR,ES,FR,app,desktop,0,Normal,2,2,9,7,5083.588301886793,15511.3779006517,21.06,83708.16,53,7,4,-0.3263577442303013,1,2,5,0,1,0.0,0,0,0.4534917058227191,0,1.0095151380145224,0,0.027416920164573026,1,0.5199983172811227,0,0.0
TXN00004039,CUST000107,2025-04-14 02:06:57.003505,2398.06,EUR,DE,CH,app,mobile,0,Normal,2,0,14,4,8391.43761904762,6394.4847395277075,641.04,24787.14,42,6,4,-0.9372729566562409,1,1,1,0,2,0.0,0,0,0.505879629912537,0,1.1145458637356003,0,0.0,0,0.0018178588324965354,0,0.0
TXN00002138,CUST000016,2025-05-11 01:22:57.003505,486.12,EUR,IT,DE,cajero,pos,0,Normal,1,6,11,5,4814.0977192982455,14760.960342710358,109.06,82531.17,57,9,4,-0.2932043456876026,1,5,3,1,3,0.0,0,0,0.48748581775159017,0,1.0139236518994317,0,0.0,0,0.4765853800953908,0,0.0
TXN00000612,CUST000129,2025-03-12 01:23:57.003505,3758.29,GBP,US,GB,web,tablet,0,Normal,1,2,12,3,5171.594634146341,3069.580435637823,1448.31,14426.04,41,6,4,-0.46042273962833963,2,6,6,3,4,0.0,0,0,0.5084902243785037,1,1.2000045456374209,0,0.0,0,0.011078618793425855,0,0.0
TXN00008652,CUST000036,2025-03-27 18:51:57.003505,7898.95,EUR,FR,DE,sucursal,mobile,0,Normal,18,3,27,3,9097.943035714286,14723.247345472018,1593.82,84621.7,56,7,4,-0.08143536595556748,1,3,3,2,2,0.0,0,0,0.4620974184298911,0,1.0110909407505295,0,0.1516643611686557,0,0.11290798089444579,0,0.0
TXN00009219,CUST000105,2025-08-14 07:23:57.003505,2087.14,CHF,US,US,web,atm,0,Normal,7,3,14,8,4980.748490566038,3710.328094247605,1074.39,14077.93,53,6,4,-0.7798794112769523,0,6,14,3,0,0.0,0,0,0.5351617819844147,0,1.0491169445218373,0,0.0,0,0.017918289166356235,0,0.0
TXN00003242,CUST000175,2025-04-01 19:03:57.003505,4857.39,EUR,CH,DE,app,tablet,0,Normal,19,1,1,4,7860.104426229508,5731.840249814343,861.98,23359.66,61,6,4,-0.5238656862083518,1,0,3,0,4,0.0,0,0,0.49945056801126975,0,1.1402056656094874,0,0.0,0,0.005809192687623614,0,0.0
TXN00009538,CUST000006,2025-02-21 01:31:57.003505,67.17,EUR,FR,ES,sucursal,desktop,0,Normal,1,4,21,2,5953.340833333334,18691.661854483864,13.39,88596.57,60,9,4,-0.31490890851989256,1,3,4,2,1,0.0,0,0,0.461486502638507,0,0.985331265332908,0,0.009568345323741007,1,0.5495092411734775,0,0.0
TXN00000403,CUST000103,2025-10-29 18:40:57.003505,2241.95,EUR,ES,FR,app,desktop,0,Normal,18,2,29,10,5214.038510638298,3364.444087380351,1126.94,12261.04,47,6,4,-0.8833817512090287,1,2,5,0,1,0.0,0,0,0.46702360348423333,0,0.99581885961405,0,0.0,0,0.006786689912561211,0,0.0
TXN00002795,CUST000184,2025-11-27 03:35:57.003505,148.74,EUR,FR,ES,app,mobile,0,Normal,3,3,27,11,141.98777777777778,127.80667248159469,12.93,486.33,54,3,4,0.05283153092310638,1,3,4,0,2,0.0,0,0,0.4624814127779079,0,1.0048984928816684,0,0.0,0,0.007302746993993349,0,0.0
TXN00006321,CUST000145,2025-08-26 08:46:57.003505,1955.36,EUR,DE,DE,web,pos,0,Normal,8,1,26,8,825.7344444444445,658.4965368085764,114.16,2750.31,45,5,4,1.715461647398874,1,1,3,3,3,0.0,0,0,0.4782951089774815,0,1.0715057644878325,0,0.0,0,0.004581618243956364,0,0.0
TXN00007496,CUST000072,2025-11-28 21:35:57.003505,10119.71,USD,GB,FR,cajero,pos,0,Normal,21,4,28,11,5567.7047999999995,3639.3995975049706,1298.32,14110.12,50,6,4,1.2507571858473354,3,4,5,1,3,0.0,0,0,0.5227241869633926,0,1.0743982561265506,0,0.0,0,0.04495144615843414,0,0.0
TXN00004827,CUST000101,2025-03-10 23:37:57.003505,128.48,EUR,FR,FR,app,mobile,0,Normal,23,0,10,3,125.60097560975608,111.09659308018581,10.12,468.78,41,3,4,0.0259146053403395,1,3,5,0,2,0.0,0,0,0.49899004551118536,0,1.0568582341218067,0,0.009500000000000001,0,0.019433419525207236,0,0.0
TXN00009756,CUST000185,2025-02-02 20:07:57.003505,699.11,GBP,GB,IT,sucursal,atm,0,Normal,20,6,2,2,845.7542857142857,659.7552020194057,107.93,2962.75,49,5,4,-0.22227075291435391,2,4,8,2,0,0.0,0,0,0.49400426481100823,1,1.1852848565988574,0,0.0,0,0.04787655243533251,0,0.0
TXN00005342,CUST000063,2025-11-08 19:52:57.003505,217.69,EUR,FR,IT,app,mobile,0,Normal,19,5,8,11,174.46065217391305,124.88230844193839,11.36,468.38,46,3,4,0.34616070137768873,1,3,8,0,2,0.0,0,0,0.46899037845677616,0,1.0227629401226832,0,0.0,0,0.0260108481548486,0,0.0
TXN00008674,CUST000058,2025-05-16 18:29:57.003505,2086.53,EUR,FR,DE,cajero,pos,0,Normal,18,4,16,5,5591.0198,3793.973079900562,1030.04,14421.18,50,6,4,-0.9236991737348204,1,3,3,1,3,0.0,0,0,0.42780641623209287,0,0.9864387183612585,0,0.0,0,0.004252657551726424,0,0.0
TXN00009478,CUST000097,2025-02-01 18:59:57.003505,6260.41,USD,GB,GB,cajero,tablet,0,Normal,18,5,1,2,6028.589047619047,4895.208384788782,512.34,20827.36,42,6,4,0.047356707643733675,3,4,6,1,4,0.0,0,0,0.5192581545981154,0,1.0694816128859121,0,0.0,0,0.06366195439961683,0,0.0
TXN00004029,CUST000156,2026-01-12 22:11:57.003505,303.37,EUR,FR,IT,cajero,desktop,0,Normal,22,0,12,1,105.78857142857143,88.03691067704752,12.77,375.54,56,3,4,2.2443021319992633,1,3,8,1,1,0.0,0,0,0.5181028332530826,0,1.0685951657749795,0,0.0,0,0.005569750184439195,0,0.0
TXN00007653,CUST000145,2025-05-29 22:44:57.003505,394.34,EUR,DE,DE,cajero,pos,0,Normal,22,3,29,5,825.7344444444445,658.4965368085764,114.16,2750.31,45,5,4,-0.6551202924773009,1,1,3,1,3,0.0,0,0,0.47170814871771205,0,0.9954371406427223,0,0.0,0,0.012047065545061502,0,0.0
TXN00008668,CUST000092,2025-09-01 22:17:57.003505,2464.78,EUR,FR,GB,web,atm,0,Normal,22,0,1,9,4959.88603773585,3492.984458604319,1165.1,14228.99,53,6,4,-0.7143192495103434,1,3,6,3,0,0.0,0,0,0.468270428021876,0,1.0544760207770005,0,0.0,0,0.012645781135099095,0,0.0
TXN00005337,CUST000028,2025-12-03 19:45:57.003505,19.11,EUR,ES,FR,app,atm,0,Normal,19,2,3,12,4253.581489361702,17241.301652205857,19.11,90310.44,47,6,4,-0.24560045259543045,1,2,5,0,0,0.0,0,0,0.47520032855567196,0,1.1270389258504927,0,0.05766719835666681,1,0.8470545675279334,0,0.0
TXN00001717,CUST000064,2025-12-03 03:49:57.003505,872.8,EUR,ES,GB,web,mobile,0,Normal,3,2,3,12,729.9651020408163,552.4964489294722,103.76,2307.86,49,5,4,0.2585263633411888,1,2,6,3,2,0.0,0,0,0.44451554855743447,0,0.9962037617709798,0,0.0,0,0.021500850409992382,0,0.0
TXN00008772,CUST000007,2025-11-01 20:39:57.003505,6204.12,EUR,DE,DE,web,desktop,0,Normal,20,5,1,11,13983.354109589041,17914.50554094098,1084.09,95095.19,73,10,4,-0.4342421894579506,1,1,3,3,1,0.0,0,0,0.5336315459469889,0,1.0571529414307101,0,0.007307692307692308,0,0.025729808353522763,0,0.0
TXN00009961,CUST000051,2025-03-14 01:00:57.003505,2337.13,EUR,DE,IT,web,atm,0,Normal,1,4,14,3,819.4428260869565,649.2779453436051,154.15,2996.29,46,5,4,2.337499960471269,1,1,8,3,0,0.0,0,0,0.511642034325473,0,1.0491279897864323,0,0.0,0,0.009714321716970549,0,0.0
TXN00006944,CUST000046,2025-11-26 12:14:57.107482,19330.86,GBP,GB,ES,web,pos,1,Fraude,12,2,26,11,14390.02703125,20397.40065692597,666.14,92261.44,64,10,4,0.24222855900171303,2,4,4,3,3,1.0,1,0,0.5451475013435433,0,1.138735872228459,0,0.4130857039338345,1,0.806772205704782,1,1.0
TXN00003816,CUST000171,2025-01-30 23:10:57.003505,2525.91,EUR,IT,GB,sucursal,desktop,0,Normal,23,3,30,1,5145.970204081633,3309.986413680884,1048.73,12932.63,49,6,4,-0.7915622228722148,1,5,6,2,1,0.0,0,0,0.4849543730812905,0,1.0817307676651264,0,0.0,0,0.004591325654692025,0,0.0
TXN00008327,CUST000079,2025-08-21 17:17:57.003505,10576.39,EUR,FR,ES,web,tablet,0,Normal,17,3,21,8,8145.75744680851,6052.306858239896,540.85,22648.11,47,6,4,0.40160431546538433,1,3,4,3,4,0.0,0,0,0.4588963643219765,0,1.0210833043525185,0,0.0,0,0.012750306840953818,0,0.0
TXN00006287,CUST000115,2025-07-07 17:50:57.003505,3160.45,EUR,DE,FR,web,tablet,0,Normal,17,0,7,7,6975.763859649122,5678.052922748995,582.15,24541.97,57,6,4,-0.6719405244870491,1,1,5,3,4,0.0,0,0,0.47759257135591837,0,1.038280568840995,0,0.0,0,0.004988266272970472,0,0.0
TXN00009872,CUST000102,2025-10-23 23:12:57.003505,1717.19,EUR,FR,CH,cajero,tablet,0,Normal,23,3,23,10,5521.343448275862,4623.42696228088,838.24,21094.3,58,6,4,-0.822799511809819,1,3,1,1,4,0.0,0,0,0.4645707461944343,0,1.0500316155351093,0,0.0,0,0.0031135180287503545,0,0.0
TXN00004696,CUST000034,2025-04-22 23:13:57.003505,157.51,EUR,FR,IT,cajero,tablet,0,Normal,23,1,22,4,4461.999242424243,17455.08561943105,12.03,89753.64,66,6,4,-0.2466037312006003,1,3,8,1,4,0.0,0,0,0.48334213667530895,0,1.0156697586660655,0,0.0,1,0.6910635417887047,0,0.0
TXN00005487,CUST000091,2025-09-22 03:18:57.003505,5279.72,EUR,GB,CH,sucursal,desktop,0,Normal,3,0,22,9,7200.981951219513,5225.722639258717,656.16,24278.3,41,6,4,-0.3676547883384017,1,4,1,2,1,0.0,0,0,0.48232666227943766,0,1.0637826066627396,0,0.0,0,0.003582240175472845,0,0.0
TXN00009631,CUST000156,2025-10-17 07:46:57.003505,152.72,EUR,FR,FR,web,atm,0,Normal,7,4,17,10,105.78857142857143,88.03691067704752,12.77,375.54,56,3,4,0.5330880840480944,1,3,5,3,0,0.0,0,0,0.4689357206048517,0,1.0196532794792013,0,0.0,0,0.004921669142340543,0,0.0
TXN00009984,CUST000121,2025-09-21 06:19:57.003505,102.11,EUR,ES,ES,cajero,atm,0,Normal,6,6,21,9,981.1530612244898,662.239680117164,101.46,2575.07,49,5,4,-1.3273790234701577,1,2,4,1,0,0.0,0,0,0.45487512266359875,0,1.0183214876617341,0,0.0,0,0.018057080648381713,0,0.0
TXN00005785,CUST000154,2025-03-26 04:11:57.003505,2944.1,EUR,ES,GB,sucursal,desktop,0,Normal,4,2,26,3,5306.762553191489,3600.2821194151297,1232.6,14459.85,47,6,4,-0.6562437259553046,1,2,6,2,1,0.0,0,0,0.4202995450076918,0,0.9792006237456141,0,0.0,0,0.0055005990954327,0,0.0
TXN00005824,CUST000040,2025-08-20 19:37:57.003505,101.35,EUR,IT,ES,web,pos,0,Normal,19,2,20,8,3874.694230769231,15635.620503928736,12.24,90189.11,78,9,4,-0.24132999579900136,1,5,4,3,3,0.0,0,0,0.4878900562258469,0,1.0144648586337073,0,0.009432624113475176,1,0.5427499615128566,0,0.0
TXN00000561,CUST000032,2025-08-20 23:49:57.003505,148.1,EUR,FR,FR,web,pos,0,Normal,23,2,20,8,5279.0388,17558.788655810717,10.88,75146.84,50,4,4,-0.29221485036838274,1,3,5,3,3,0.0,0,0,0.46542350105321684,0,1.076836698115595,0,0.024657226123183443,0,0.32328327889635633,0,0.0
TXN00003093,CUST000082,2025-02-26 01:59:57.003505,4050.02,EUR,ES,ES,sucursal,desktop,0,Normal,1,2,26,2,7972.279090909091,6295.064813947002,670.79,24431.66,55,6,4,-0.623068897018515,1,2,4,2,1,0.0,0,0,0.4443613590813206,0,0.9991905268993,0,0.0,0,0.0019479435027719642,0,0.0
TXN00004052,CUST000117,2025-05-29 01:22:57.003505,8641.04,EUR,ES,DE,sucursal,tablet,0,Normal,1,3,29,5,4614.202641509434,3046.091732833902,1227.93,13885.08,53,6,4,1.3219685125576535,1,2,3,2,4,0.0,0,0,0.4821746276589659,0,1.018991095372994,0,0.0,0,0.009889486758722806,0,0.0
TXN00005895,CUST000165,2025-07-22 22:57:57.003505,903.7,EUR,FR,GB,app,mobile,0,Normal,22,1,22,7,796.1411538461538,546.07482260668,145.49,2657.6,52,5,4,0.19696723141976866,1,3,6,0,2,0.0,0,0,0.44018980524985335,0,0.9929743152970634,0,0.0,0,0.020432837277960594,0,0.0
TXN00008097,CUST000031,2025-03-13 21:49:57.003505,6102.36,EUR,ES,ES,app,tablet,0,Normal,21,3,13,3,11309.0796,15599.351809179214,650.1,79046.03,50,9,4,-0.3337779456068426,1,2,4,0,4,0.0,0,0,0.49110992404152226,0,1.0096927325031015,0,0.007307692307692308,0,0.0963354610606561,0,0.0
TXN00004441,CUST000106,2025-03-18 23:46:57.003505,238.98,EUR,FR,FR,app,tablet,0,Normal,23,1,18,3,187.99303571428572,139.00723410762927,11.88,497.63,56,3,4,0.36679360068011235,1,3,5,0,4,0.0,0,0,0.4911451412664466,0,1.016340611433913,0,0.0,0,0.00891315176771459,0,0.0
TXN00006947,CUST000000,2025-05-28 21:46:57.003505,553.03,EUR,DE,IT,cajero,tablet,0,Normal,21,2,28,5,4670.333709677419,14778.584927606773,159.16,93045.57,62,10,4,-0.2785993198650293,1,1,8,1,4,0.0,0,0,0.48682325011116967,0,1.0247379907062093,0,0.00826086956521739,1,0.659834952325317,0,0.0
TXN00001444,CUST000043,2025-03-16 00:20:57.003505,7681.37,CHF,CH,US,sucursal,tablet,0,Normal,0,6,16,3,14802.66984375,19505.427795265667,654.06,90854.63,64,10,4,-0.36509324061651083,0,0,14,2,4,0.0,0,1,0.5877566370569337,1,1.2004509759058606,0,0.06370455253393321,0,0.10975683167846241,0,0.0
TXN00003287,CUST000131,2025-12-01 18:36:57.003505,606.23,EUR,DE,ES,web,desktop,0,Normal,18,0,1,12,890.2438181818181,592.6132155358536,134.89,2885.62,55,5,4,-0.4792566386589103,1,1,4,3,1,0.0,0,0,0.48185714154795184,0,1.096685947721857,0,0.0,0,0.020479691735128622,0,0.0
TXN00008279,CUST000036,2025-06-12 20:15:57.003505,12750.84,EUR,FR,ES,sucursal,tablet,0,Normal,20,3,12,6,9097.943035714286,14723.247345472018,1593.82,84621.7,56,7,4,0.24810402748283789,1,3,4,2,4,0.0,0,0,0.4595849299993466,0,1.031507285055423,0,0.20884153856434665,1,0.5503935907779621,0,0.0
TXN00001091,CUST000150,2025-08-17 10:00:57.003505,4325.72,EUR,ES,IT,app,tablet,0,Normal,10,6,17,8,4437.8133333333335,2736.3486113014974,1220.08,12025.36,48,6,4,-0.040964566002083126,1,2,8,0,4,0.0,0,0,0.45607072203841115,0,1.044681800398632,0,0.03969771607702642,0,0.023377420793884985,0,0.0
TXN00005351,CUST000120,2025-02-09 03:07:57.003505,139.53,EUR,IT,FR,cajero,pos,0,Normal,3,6,9,2,170.5298113207547,129.18067867988032,11.93,494.78,53,3,4,-0.2399725051576956,1,5,5,1,3,0.0,0,0,0.47709823208842594,0,1.0390038916750235,0,0.0,0,0.011057363631807022,0,0.0
TXN00009078,CUST000125,2025-08-10 05:02:57.003505,1884.93,USD,US,FR,app,mobile,0,Normal,5,6,10,8,8174.718545454546,5978.903488843214,693.97,24865.54,55,6,4,-1.0519970018147062,3,6,5,0,2,0.0,0,0,0.530090718038562,0,1.0158286262926293,0,0.0,0,0.0046657630528410396,0,0.0
TXN00008229,CUST000077,2025-04-01 05:44:57.003505,5797.52,USD,CH,CH,app,pos,0,Normal,5,1,1,4,6464.85641509434,5759.730942651314,662.88,21657.81,53,6,4,-0.11586242857922278,3,0,1,0,3,0.0,0,0,0.5400020925517819,0,1.0550874998700865,0,0.009661016949152543,0,0.028941579171270358,0,0.0
TXN00000856,CUST000157,2025-06-16 19:25:57.003505,12708.08,EUR,IT,ES,cajero,mobile,0,Normal,19,0,16,6,4468.6006,3061.342828385575,1001.7,14281.22,50,6,4,2.691459225314435,1,5,4,1,2,0.0,0,0,0.49638706428194745,0,1.0447607600623752,0,0.009644670050761422,0,0.06338760618256814,0,0.0
TXN00001796,CUST000103,2025-02-08 22:41:57.003505,1578.7,EUR,ES,DE,app,atm,0,Normal,22,5,8,2,5214.038510638298,3364.444087380351,1126.94,12261.04,47,6,4,-1.080516844727343,1,2,3,0,0,0.0,0,0,0.4762454289902077,0,1.010859865918094,0,0.0,0,0.006837619239954544,0,0.0
TXN00002084,CUST000110,2025-08-14 02:46:57.003505,192.28,EUR,ES,IT,app,atm,0,Normal,2,3,14,8,182.09387755102043,131.0415090377906,13.74,460.63,49,3,4,0.07773202892764311,1,2,8,0,0,0.0,0,0,0.46937836819253476,0,1.0224548106181475,0,0.008636363636363636,0,0.02066331704986689,0,0.0
TXN00002157,CUST000176,2025-12-05 05:06:57.003505,216.58,EUR,ES,IT,web,tablet,0,Normal,5,4,5,12,999.8185454545454,731.9722641436783,123.88,2909.03,55,5,4,-1.0700385557652297,1,2,8,3,4,0.0,0,0,0.4636619414163882,0,1.0521118470864095,0,0.0,0,0.032081625283901204,0,0.0
TXN00007053,CUST000025,2025-08-09 18:47:57.107482,1906.35,EUR,ES,KP,cajero,desktop,1,Fraude,18,5,9,8,4343.914923076923,14920.775001268592,113.57,85819.96,65,10,4,-0.16336717916504398,1,2,9,1,1,1.0,1,0,0.4746681004077046,0,1.0181713790785007,1,0.8620494183586601,1,0.8924852919498926,1,1.0
TXN00002865,CUST000014,2026-01-04 07:36:57.003505,794.73,EUR,IT,IT,web,mobile,0,Normal,7,6,4,1,6809.598301886793,18922.663397876047,109.06,89409.3,53,9,4,-0.31786584029413417,1,5,8,3,2,0.0,0,0,0.5134280233485352,0,1.0860983063214342,0,0.033121970381049616,1,0.7262313944060772,0,0.0
TXN00000933,CUST000162,2025-09-03 05:30:57.003505,15062.94,USD,CH,CH,sucursal,desktop,0,Normal,5,2,3,9,8187.689791666667,6409.234849582279,610.75,24295.17,48,6,4,1.0727099831126827,3,0,1,2,1,0.0,0,0,0.5522266266754666,0,1.0475782997752991,0,0.0,0,0.10939141739651548,0,0.0
TXN00009181,CUST000041,2025-10-19 09:24:57.003505,4671.72,EUR,DE,FR,app,desktop,0,Normal,9,6,19,10,12242.410327868853,18392.8926295824,1042.59,80913.59,61,9,4,-0.41160955375125957,1,1,5,0,1,0.0,0,0,0.5104258122410481,0,1.0244376387002618,0,0.11235513721925436,0,0.08099939684310568,0,0.0
TXN00005923,CUST000084,2025-06-30 01:21:57.003505,146.24,EUR,ES,FR,sucursal,tablet,0,Normal,1,0,30,6,147.96942857142858,102.41184253992486,13.22,384.01,70,3,4,-0.0168869977499659,1,2,5,2,4,0.0,0,0,0.49914514184272707,0,1.1378379176584745,0,0.0,0,0.003529793120076559,0,0.0
TXN00004547,CUST000145,2025-02-28 19:02:57.003505,1802.52,EUR,DE,FR,cajero,pos,0,Normal,19,4,28,2,825.7344444444445,658.4965368085764,114.16,2750.31,45,5,4,1.4833571620683375,1,1,5,1,3,0.0,0,0,0.4857736940725228,0,1.0257563519473305,0,0.0,0,0.008173585508211434,0,0.0
TXN00009945,CUST000085,2025-04-18 06:39:57.003505,1149.96,EUR,FR,DE,cajero,tablet,0,Normal,6,4,18,4,924.8436363636364,611.0956308904902,141.58,2746.59,44,5,4,0.36838156237501146,1,3,3,1,4,0.0,0,0,0.44153789738168814,0,1.0202433304890959,0,0.0,0,0.010380715535814987,0,0.0
TXN00007850,CUST000118,2025-04-18 21:28:57.003505,9535.22,EUR,DE,DE,cajero,desktop,0,Normal,21,4,18,4,7784.2775,6565.419604910623,714.7,24795.08,44,6,4,0.26669163665086776,1,1,3,1,1,0.0,0,0,0.46542510254129593,0,1.0071552710500664,0,0.0,0,0.021632980489044985,0,0.0
TXN00004167,CUST000069,2025-06-20 07:08:57.003505,105.59,EUR,FR,FR,app,mobile,0,Normal,7,4,20,6,169.07313725490195,120.3676959236189,15.12,478.18,51,3,4,-0.5274100849099581,1,3,5,0,2,0.0,0,0,0.4332023279931889,0,0.9872716086050038,0,0.0,0,0.01328014957284165,0,0.0
TXN00005286,CUST000047,2025-12-23 05:47:57.003505,21769.31,EUR,ES,DE,app,atm,0,Normal,5,1,23,12,14563.28859375,20712.60540698934,564.29,99973.8,64,9,4,0.3479051169231694,1,2,3,0,0,0.0,0,0,0.5449514823139556,0,1.0407738832143623,0,0.28768626431047495,1,0.9000194826316692,0,0.0
TXN00009994,CUST000025,2025-10-27 06:14:57.003505,571.52,EUR,ES,IT,cajero,tablet,0,Normal,6,0,27,10,4343.914923076923,14920.775001268592,113.57,85819.96,65,10,4,-0.25282834990162095,1,2,8,1,4,0.0,0,0,0.4794278464644024,0,1.054390117616192,0,0.008837209302325582,1,0.7319256885498264,0,0.0
TXN00006355,CUST000093,2025-07-26 04:06:57.003505,3623.45,EUR,FR,US,sucursal,pos,0,Normal,4,5,26,7,5332.117045454545,3968.6959699562376,1106.74,14810.24,44,6,4,-0.43053614032390863,1,3,14,2,3,0.0,0,0,0.4591370979210512,0,0.9987167375812689,0,0.0,0,0.026502557866684276,0,0.0
TXN00005815,CUST000083,2025-07-28 21:35:57.003505,73.31,EUR,ES,IT,app,pos,0,Normal,21,0,28,7,158.37742857142857,131.01619648393864,23.45,495.8,70,3,4,-0.6492894024180257,1,2,8,0,3,0.0,0,0,0.49749862008365964,0,1.1548268005793276,0,0.0,0,0.014027078378701966,0,0.0
TXN00000656,CUST000117,2026-01-07 08:31:57.003505,3424.06,EUR,ES,DE,app,mobile,0,Normal,8,2,7,1,4614.202641509434,3046.091732833902,1227.93,13885.08,53,6,4,-0.3907113591787616,1,2,3,0,2,0.0,0,0,0.44055975583682805,0,1.0070425878070064,0,0.0,0,0.010867090442623266,0,0.0
TXN00001056,CUST000062,2025-05-02 23:34:57.003505,944.88,EUR,IT,DE,web,desktop,0,Normal,23,4,2,5,897.1857692307692,674.5982232769489,119.34,2822.56,52,5,4,0.07070020206523764,1,5,3,3,1,0.0,0,0,0.4619941909090391,0,1.02062027785295,0,0.0,0,0.013186063257897314,0,0.0
TXN00007982,CUST000040,2025-10-25 20:07:57.003505,223.27,EUR,IT,ES,sucursal,desktop,0,Normal,20,5,25,10,3874.694230769231,15635.620503928736,12.24,90189.11,78,9,4,-0.23353241591008245,1,5,4,2,1,0.0,0,0,0.49950682867641305,0,1.0250240843789449,0,0.0,1,0.5638128538129137,0,0.0
TXN00005673,CUST000029,2025-05-07 07:53:57.003505,3038.85,GBP,GB,DE,web,atm,0,Normal,7,2,7,5,10163.8975,15853.056272274882,1036.43,93521.66,60,11,4,-0.44944314693510673,2,4,3,3,0,0.0,0,0,0.5091842208694888,0,1.1431632416239248,0,0.01781375661375661,0,0.10802655275022095,0,0.0
TXN00007479,CUST000134,2025-04-02 07:43:57.003505,343.3,EUR,FR,ES,cajero,desktop,0,Normal,7,2,2,4,159.77609756097561,110.03255829249015,11.1,483.71,41,3,4,1.6679054238044078,1,3,4,1,1,0.0,0,0,0.4795381932297147,0,1.0621977335327126,0,0.0,0,0.006987025557190518,0,0.0
TXN00002429,CUST000018,2025-06-18 00:56:57.003505,105.15,EUR,FR,ES,web,mobile,0,Normal,0,2,18,6,1260.8659574468084,4033.3930453795238,15.89,17120.41,47,4,4,-0.28653690432778633,1,3,4,3,2,0.0,0,0,0.43220815103909055,0,0.9768498564167901,0,0.04878628210091624,0,0.020964176497184253,0,0.0
TXN00005760,CUST000128,2025-07-21 06:40:57.003505,3186.4,EUR,FR,DE,web,pos,0,Normal,6,0,21,7,5858.723846153846,3432.153469589081,1187.74,13901.43,52,6,4,-0.7786143216070054,1,3,3,3,3,0.0,0,0,0.4397830653526767,0,0.9874520945864003,0,0.0,0,0.0023665476110412533,0,0.0
TXN00008602,CUST000115,2025-04-21 05:07:57.003505,7412.59,EUR,DE,FR,web,desktop,0,Normal,5,0,21,4,6975.763859649122,5678.052922748995,582.15,24541.97,57,6,4,0.07693238267008941,1,1,5,3,1,0.0,0,0,0.46144652857156165,0,1.0358338780640728,0,0.0,0,0.008992754356958224,0,0.0
TXN00007488,CUST000075,2025-09-19 21:44:57.003505,7712.0,EUR,FR,ES,web,mobile,0,Normal,21,4,19,9,8798.873684210526,6988.470284473828,1140.6,24612.74,57,6,4,-0.15552383280067633,1,3,4,3,2,0.0,0,0,0.44966047110847707,0,0.9958869258078746,0,0.0,0,0.005002877596653586,0,0.0
TXN00007204,CUST000019,2025-01-28 05:00:57.107482,70887.77,EUR,DE,FR,app,atm,1,Fraude,5,1,28,1,14691.315714285713,15933.619614941443,687.1,70887.77,56,11,4,3.526910748483681,1,1,5,0,0,1.0,1,1,0.6152315564430009,0,1.035925274598337,1,0.8831985527189983,1,0.9999999456454006,1,1.0
TXN00008406,CUST000037,2025-05-17 12:30:57.107482,631.42,EUR,ES,ES,app,pos,1,Fraude,12,5,17,5,3344.5771604938273,14448.411660449672,10.52,94457.02,81,9,4,-0.18778238217927437,1,2,4,0,3,1.0,1,0,0.5177143251148421,0,1.034003518543498,1,0.7753202222942883,1,0.656665356190887,1,1.0
TXN00003813,CUST000105,2025-08-17 06:02:57.003505,13100.75,EUR,US,ES,sucursal,tablet,0,Normal,6,6,17,8,4980.748490566038,3710.328094247605,1074.39,14077.93,53,6,4,2.1884861125447403,1,6,4,2,4,0.0,0,0,0.5202237845537,0,1.0783573297469624,0,0.0,0,0.054035038801349855,0,0.0
TXN00000023,CUST000096,2025-02-01 17:21:57.003505,5005.19,EUR,ES,DE,sucursal,atm,0,Normal,17,5,1,2,8049.057142857143,6639.965843385416,600.14,24951.57,49,6,4,-0.4584160843885905,1,2,3,2,0,0.0,0,0,0.46978179467604686,0,1.0123141705858603,0,0.0,0,0.006141830502756754,0,0.0
TXN00006124,CUST000120,2025-04-17 23:38:57.003505,75.01,EUR,IT,FR,sucursal,desktop,0,Normal,23,3,17,4,170.5298113207547,129.18067867988032,11.93,494.78,53,3,4,-0.7394279977273703,1,5,5,2,1,0.0,0,0,0.45670894459668904,0,1.0030622391332975,0,0.0,0,0.011616232408210423,0,0.0
TXN00007453,CUST000020,2025-10-26 00:06:57.003505,29.71,EUR,IT,IT,sucursal,mobile,0,Normal,0,6,26,10,3059.5745588235295,12108.493253395596,10.07,69036.33,68,7,4,-0.25022639028383115,1,5,8,2,2,0.0,0,0,0.48380144615700615,0,1.0357159228639519,0,0.0,0,0.3366372308747347,0,0.0
TXN00004164,CUST000065,2025-12-23 21:44:57.003505,723.01,EUR,DE,IT,app,atm,0,Normal,21,1,23,12,923.64,646.6474119934588,157.06,2903.34,38,5,4,-0.31026181496844474,1,1,8,0,0,0.0,0,0,0.510395236864829,0,1.1378019948153972,0,0.0,0,0.04624880314075316,0,0.0
TXN00004474,CUST000160,2025-08-31 04:35:57.003505,2851.37,EUR,DE,GB,web,mobile,0,Normal,4,6,31,8,904.2335714285715,637.0384111964836,114.49,2851.37,56,5,4,3.056544772328215,1,1,6,3,2,0.0,0,0,0.5258019024428772,0,1.0943526545936793,0,0.009743589743589744,0,0.0027727683015117666,0,0.0
TXN00006556,CUST000064,2026-01-09 23:27:57.003505,1009.14,EUR,ES,GB,cajero,pos,0,Normal,23,4,9,1,729.9651020408163,552.4964489294722,103.76,2307.86,49,5,4,0.5052971797281615,1,2,6,1,3,0.0,0,0,0.45163164314993953,0,1.0090149305075429,0,0.0,0,0.020536194434392835,0,0.0
TXN00007021,CUST000143,2025-03-04 22:54:57.003505,11807.97,EUR,ES,IT,web,mobile,0,Normal,22,1,4,3,5239.2824390243895,3581.701917241844,1357.73,14883.52,41,6,4,1.8339570715030336,1,2,8,3,2,0.0,0,0,0.5025357852170095,0,1.125266139162245,0,0.0,0,0.09856073252537112,0,0.0
TXN00009987,CUST000067,2025-06-04 19:55:57.003505,6356.15,EUR,DE,DE,sucursal,tablet,0,Normal,19,2,4,6,8442.174444444445,6077.338718064163,531.49,24134.52,54,6,4,-0.34324636833236566,1,1,3,2,4,0.0,0,0,0.465096156113379,0,0.9997384167602867,0,0.0,0,0.004942319638581761,0,0.0
TXN00002159,CUST000173,2025-04-03 04:25:57.003505,2393.09,EUR,DE,FR,app,mobile,0,Normal,4,3,3,4,5416.205952380952,3884.0417916518163,1118.22,14676.84,42,6,4,-0.778342796954543,1,1,5,0,2,0.0,0,0,0.4603404960457424,0,1.0126160004454599,0,0.0,0,0.014082966089097614,0,0.0
TXN00007599,CUST000134,2025-05-24 07:58:57.003505,86.92,EUR,FR,IT,app,desktop,0,Normal,7,5,24,5,159.77609756097561,110.03255829249015,11.1,483.71,41,3,4,-0.6621321727808628,1,3,8,0,1,0.0,0,0,0.4785385366360293,0,1.0582591598932671,0,0.0,0,0.023782635306417683,0,0.0
TXN00001443,CUST000174,2025-03-03 04:24:57.003505,148.02,EUR,IT,GB,cajero,desktop,0,Normal,4,0,3,3,953.0994444444445,735.2875712941743,105.45,2963.0,54,5,4,-1.0949177910521626,1,5,6,1,1,0.0,0,0,0.48010938881259396,0,1.0209971274127494,0,0.0,0,0.03566670518773873,0,0.0
TXN00003257,CUST000061,2025-07-27 08:40:57.003505,10908.34,EUR,IT,GB,app,tablet,0,Normal,8,6,27,7,4214.0417391304345,2941.5094806452344,1120.02,13214.78,46,6,4,2.275803733641319,1,5,6,0,4,0.0,0,0,0.5181137966680057,0,1.1243881129288864,0,0.009313725490196078,0,0.05128828803191854,0,0.0
TXN00009218,CUST000069,2025-01-20 05:16:57.003505,382.68,EUR,FR,IT,sucursal,pos,0,Normal,5,0,20,1,169.07313725490195,120.3676959236189,15.12,478.18,51,3,4,1.774619505103977,1,3,8,2,3,0.0,0,0,0.5013449195060217,0,1.025887586898542,0,0.0,0,0.004481788276132371,0,0.0
TXN00006330,CUST000163,2025-10-08 22:08:57.003505,52.0,EUR,ES,ES,web,atm,0,Normal,22,2,8,10,168.95499999999998,140.93004795235706,16.1,480.82,42,3,4,-0.8298797940497268,1,2,4,3,0,0.0,0,0,0.47022760919386863,0,1.055279138394377,0,0.0,0,0.016472173268649096,0,0.0
TXN00001265,CUST000040,2025-07-24 05:10:57.003505,303.29,EUR,IT,ES,sucursal,pos,0,Normal,5,3,24,7,3874.694230769231,15635.620503928736,12.24,90189.11,78,9,4,-0.22841461454269985,1,5,4,2,3,0.0,0,0,0.4833328405307326,0,1.0018795649358534,0,0.016129032258064516,1,0.5440480413933901,0,0.0
TXN00001144,CUST000108,2025-07-15 04:02:57.003505,48.75,EUR,ES,FR,web,pos,0,Normal,4,1,15,7,161.04898305084745,113.9917943612899,19.95,497.52,59,3,4,-0.9851497004229367,1,2,5,3,3,0.0,0,0,0.4484525265768819,0,1.0049346249816078,0,0.0,0,0.009690147924630198,0,0.0
TXN00007766,CUST000183,2025-05-23 00:39:57.003505,253.14,EUR,IT,IT,web,atm,0,Normal,0,4,23,5,130.27577777777776,87.83114664174686,10.48,389.78,45,3,4,1.3988684597788845,1,5,8,3,0,0.0,0,0,0.5236628613822428,0,1.0935197675481039,0,0.0,0,0.004584367049955976,0,0.0
TXN00004840,CUST000095,2026-01-05 19:54:57.003505,342.49,EUR,IT,IT,cajero,atm,0,Normal,19,0,5,1,175.85649999999998,142.59839717673157,10.78,490.31,60,3,4,1.1685509944752688,1,5,8,1,0,0.0,0,0,0.5243474070450272,0,1.1531679682789535,0,0.0,0,0.011043104341098665,0,0.0
TXN00001007,CUST000017,2025-10-22 04:21:57.003505,3317.04,EUR,FR,FR,app,pos,0,Normal,4,2,22,10,15977.346615384617,23735.85855892997,1012.73,95316.24,65,9,4,-0.5333831335158566,1,3,5,0,3,0.0,0,0,0.505489574525055,0,1.0098072744738862,0,0.0,0,0.027825379941040902,0,0.0
TXN00008124,CUST000038,2025-11-18 18:26:57.003505,309.06,EUR,ES,DE,app,desktop,0,Normal,18,1,18,11,7141.748709677419,18776.16760796677,143.24,94991.86,62,10,4,-0.3639022004902849,1,2,3,0,1,0.0,0,0,0.48610597837109315,0,1.0193535880734257,0,0.0581321586073654,1,0.5859183454532203,0,0.0
TXN00005714,CUST000076,2025-11-30 22:48:57.003505,441.4,EUR,ES,ES,web,pos,0,Normal,22,6,30,11,157.1376595744681,106.39921381723207,16.86,457.19,47,3,4,2.6716582534356608,1,2,4,3,3,0.0,0,0,0.5564526137330635,1,1.1788298765132832,0,0.015473294553146482,0,0.0012210412408536527,0,0.0
TXN00005590,CUST000144,2025-10-22 00:42:57.003505,562.78,EUR,DE,FR,cajero,tablet,0,Normal,0,2,22,10,1031.58,698.9801338879382,106.4,2623.56,41,5,4,-0.6706914497293386,1,1,5,1,4,0.0,0,0,0.4554320051368411,0,1.0368526996554768,0,0.0,0,0.02015341085655622,0,0.0
TXN00000792,CUST000175,2025-07-12 02:48:57.003505,16462.07,EUR,CH,GB,sucursal,desktop,0,Normal,2,5,12,7,7860.104426229508,5731.840249814343,861.98,23359.66,61,6,4,1.50073365574841,1,0,6,2,1,0.0,0,0,0.49624126105825855,0,1.1122703101943021,0,0.0,0,0.08508121300998646,0,0.0
TXN00000231,CUST000135,2025-05-23 04:15:57.003505,688.77,EUR,ES,DE,cajero,mobile,0,Normal,4,4,23,5,1076.0898113207547,785.7308155211804,135.69,2994.76,53,5,4,-0.49294211602341304,1,2,3,1,2,0.0,0,0,0.41778848597178475,0,0.9889562473883929,0,0.0,0,0.009654747953697848,0,0.0
TXN00003055,CUST000151,2025-04-17 02:17:57.003505,4068.76,EUR,ES,GB,web,mobile,0,Normal,2,3,17,4,4647.714285714285,3516.3390907388803,1030.42,14338.55,49,6,4,-0.1646468871771931,1,2,6,3,2,0.0,0,0,0.42187181721964884,0,0.9751196346101473,0,0.0,0,0.01049917664297658,0,0.0
TXN00005717,CUST000175,2025-11-24 02:20:57.003505,6118.69,USD,CH,DE,sucursal,desktop,0,Normal,2,0,24,11,7860.104426229508,5731.840249814343,861.98,23359.66,61,6,4,-0.3038141940508721,3,0,3,2,1,0.0,0,0,0.5286160498141306,0,1.0282493715836154,0,0.0,0,0.005473045328899063,0,0.0
TXN00003138,CUST000173,2025-04-24 05:30:57.003505,14379.48,EUR,DE,US,app,desktop,0,Normal,5,3,24,4,5416.205952380952,3884.0417916518163,1118.22,14676.84,42,6,4,2.307718229133524,1,1,14,0,1,0.0,0,0,0.5340047196606699,0,1.0527717968948802,0,0.0,0,0.3127638459866372,0,0.0
TXN00007928,CUST000043,2025-05-12 00:45:57.003505,5595.2,USD,CH,GB,app,desktop,0,Normal,0,0,12,5,14802.66984375,19505.427795265667,654.06,90854.63,64,10,4,-0.4720465472442896,3,0,6,0,1,0.0,0,1,0.5704716206841907,1,1.2111853097251248,0,0.0061290322580645155,0,0.08183008277229041,0,0.0
TXN00002258,CUST000179,2025-09-05 04:32:57.003505,7512.3,EUR,DE,ES,web,atm,0,Normal,4,4,5,9,5704.412033898305,3719.034007330203,1121.58,14726.16,59,6,4,0.4861176214178835,1,1,4,3,0,0.0,0,0,0.4655215262923491,0,1.0413708994253879,0,0.0,0,0.01181211573310144,0,0.0
TXN00007421,CUST000002,2025-07-13 20:17:57.003505,46.68,EUR,ES,ES,web,desktop,0,Normal,20,6,13,7,5083.588301886793,15511.3779006517,21.06,83708.16,53,7,4,-0.32472346001901264,1,2,4,3,1,0.0,0,0,0.4504232689941967,0,1.0342770396085412,0,0.0,0,0.3222764901689333,0,0.0
TXN00004209,CUST000051,2025-08-31 08:53:57.003505,760.91,EUR,DE,FR,cajero,tablet,0,Normal,8,6,31,8,819.4428260869565,649.2779453436051,154.15,2996.29,46,5,4,-0.09015064567737581,1,1,5,1,4,0.0,0,0,0.4719545101777202,0,1.0296247478169982,0,0.0,0,0.011654789673396322,0,0.0
TXN00008150,CUST000129,2025-06-03 08:56:57.003505,4604.42,GBP,US,DE,web,mobile,0,Normal,8,1,3,6,5171.594634146341,3069.580435637823,1448.31,14426.04,41,6,4,-0.1847726899014185,2,6,3,3,2,0.0,0,0,0.5103015392352014,0,1.0560637418005847,0,0.0,0,0.01248606082784977,0,0.0
TXN00009879,CUST000167,2025-05-23 09:28:57.003505,11195.86,CHF,US,GB,web,desktop,0,Normal,9,4,23,5,5069.928793103448,3997.779061335983,1022.26,14648.94,58,6,4,1.5323336060790331,0,6,6,3,1,0.0,0,0,0.5398621242930448,0,1.081432595477685,0,0.0,0,0.026590577660465218,0,0.0
TXN00001358,CUST000184,2025-10-10 05:30:57.003505,128.64,EUR,FR,IT,app,pos,0,Normal,5,4,10,10,141.98777777777778,127.80667248159469,12.93,486.33,54,3,4,-0.10443725209466463,1,3,8,0,3,0.0,0,0,0.4530744348727529,0,1.0112163860148313,0,0.008636363636363636,0,0.02365776267928094,0,0.0
TXN00007908,CUST000160,2025-06-17 00:11:57.003505,814.39,EUR,DE,IT,app,desktop,0,Normal,0,1,17,6,904.2335714285715,637.0384111964836,114.49,2851.37,56,5,4,-0.14103320884339515,1,1,8,0,1,0.0,0,0,0.4552472067077266,0,1.0272644900794041,0,0.0,0,0.028130485569382743,0,0.0
TXN00004970,CUST000005,2025-03-26 23:03:57.003505,845.91,USD,GB,IT,cajero,pos,0,Normal,23,2,26,3,2003.046231884058,5943.958813233152,101.43,49162.75,69,9,4,-0.19467433541316412,3,4,8,1,3,0.0,0,0,0.5295663546173212,0,1.0850649831714148,0,0.14622235171273792,0,0.2881632661160737,0,0.0
TXN00001724,CUST000019,2025-05-25 00:55:57.107482,55498.75,EUR,DE,US,app,desktop,1,Fraude,0,6,25,5,14691.315714285713,15933.619614941443,687.1,70887.77,56,11,4,2.5610900265804526,1,1,14,0,1,1.0,1,1,0.6286449116664147,0,1.0536963021176673,1,0.8306020576589694,1,0.9999979760600471,1,1.0
TXN00000991,CUST000022,2025-04-03 12:10:57.107482,27204.88,EUR,IT,DE,web,pos,1,Fraude,12,3,3,4,10301.100588235295,13087.105408488525,1670.97,67315.05,51,12,4,1.2916362238137842,1,5,3,3,3,1.0,1,0,0.5556776807953631,0,1.1435687597746627,1,0.9461427471803706,1,0.9904217291257551,1,1.0
TXN00005396,CUST000003,2025-03-30 04:41:57.003505,373.46,EUR,ES,FR,cajero,mobile,0,Normal,4,6,30,3,8320.49358490566,25653.022108616926,14.93,99303.62,53,6,4,-0.3097893710513912,1,2,5,1,2,0.0,0,0,0.5039202724889619,0,1.0372928829950396,0,0.03173683052090975,1,0.7047432572514613,0,0.0
TXN00008060,CUST000138,2025-02-26 08:30:57.003505,3555.43,EUR,FR,ES,cajero,pos,0,Normal,8,2,26,2,5327.873421052632,3712.6738556531113,1167.12,14039.05,38,6,4,-0.47740348047982006,1,3,4,1,3,0.0,0,0,0.4491925167488434,0,1.0291861795040913,0,0.0,0,0.006857333328381782,0,0.0
TXN00002332,CUST000125,2025-03-03 04:19:57.003505,4734.58,CHF,US,CH,cajero,tablet,0,Normal,4,0,3,3,8174.718545454546,5978.903488843214,693.97,24865.54,55,6,4,-0.5753795075131338,0,6,1,1,4,0.0,0,0,0.5481491564079282,1,1.2106324728770566,0,0.0,0,0.002215084100889729,0,0.0
TXN00009816,CUST000136,2025-08-29 01:30:57.003505,18.32,EUR,FR,IT,sucursal,pos,0,Normal,1,4,29,8,156.8698245614035,118.19619667695422,10.52,475.76,57,3,4,-1.172202044435291,1,3,8,2,3,0.0,0,0,0.4792149207540013,0,1.0099862352283049,0,0.0,0,0.013134952409964143,0,0.0
TXN00005505,CUST000164,2025-08-30 09:41:57.003505,2847.0,GBP,US,DE,web,tablet,0,Normal,9,5,30,8,5759.409827586207,3931.2540620704726,1054.44,14842.44,58,6,4,-0.7408348025493662,2,6,3,3,4,0.0,0,0,0.5331720204346413,0,1.1210496919937962,0,0.015913165266106442,0,0.002355456651124434,0,0.0
TXN00001940,CUST000098,2025-06-15 21:35:57.003505,2605.58,EUR,IT,ES,app,tablet,0,Normal,21,6,15,6,859.0164814814815,759.6341295827942,114.41,2894.43,54,5,4,2.2992167521205875,1,5,4,0,4,0.0,0,0,0.5113512090168192,0,1.0792646622586202,0,0.0,0,0.00987559901290624,0,0.0
TXN00001060,CUST000023,2025-12-06 22:11:57.003505,2795.06,EUR,FR,ES,web,pos,0,Normal,22,5,6,12,15815.222833333333,23024.490626082472,808.61,96461.99,60,12,4,-0.5654918948790301,1,3,4,3,3,0.0,0,0,0.5316679791424049,0,1.0162376509924544,0,0.014702380952380951,0,0.04453900280988893,0,0.0
TXN00007745,CUST000099,2025-01-25 04:32:57.003505,26.89,EUR,IT,ES,cajero,tablet,0,Normal,4,5,25,1,135.7517777777778,119.34773310276017,10.87,491.1,45,3,4,-0.912139460344058,1,5,4,1,4,0.0,0,0,0.4888281000977399,0,1.0314031713761986,0,0.0,0,0.00955252595879099,0,0.0
TXN00009202,CUST000176,2025-06-11 23:26:57.003505,464.06,EUR,ES,FR,web,desktop,0,Normal,23,2,11,6,999.8185454545454,731.9722641436783,123.88,2909.03,55,5,4,-0.7319383137411384,1,2,5,3,1,0.0,0,0,0.4403673266119463,0,0.9757079203402477,0,0.0,0,0.016302225003048974,0,0.0
TXN00006843,CUST000037,2025-04-21 00:58:57.003505,22.99,EUR,ES,IT,web,tablet,0,Normal,0,0,21,4,3344.5771604938273,14448.411660449672,10.52,94457.02,81,9,4,-0.22989289330371682,1,2,8,3,4,0.0,0,0,0.525165389200171,0,1.1381353832228198,0,0.0,1,0.5904557432320314,0,0.0
TXN00001741,CUST000078,2025-07-21 02:27:57.003505,22782.82,EUR,DE,CH,web,desktop,0,Normal,2,0,21,7,8590.456956521739,6556.444835127875,848.73,24850.13,46,6,4,2.1646430951838878,1,1,1,3,1,0.0,0,0,0.5306599122189802,0,1.1304224154016573,0,0.007916666666666666,0,0.18627704272396103,0,0.0
TXN00006857,CUST000187,2025-04-23 21:14:57.003505,13140.17,USD,GB,US,sucursal,atm,0,Normal,21,2,23,4,4876.589272727273,3027.9590817394396,1272.52,14739.26,55,6,4,2.729092600484067,3,4,14,2,0,0.0,0,1,0.5669226523562085,0,1.0979957544820373,0,0.0,0,0.21438926743866085,0,0.0
TXN00008592,CUST000097,2025-06-02 18:08:57.003505,4936.51,EUR,GB,GB,sucursal,desktop,0,Normal,18,0,2,6,6028.589047619047,4895.208384788782,512.34,20827.36,42,6,4,-0.22309143177427296,1,4,6,2,1,0.0,0,0,0.45641657093165017,0,1.046166910450499,0,0.0,0,0.025611612515407493,0,0.0
TXN00003713,CUST000123,2025-02-11 08:56:57.003505,272.89,EUR,FR,FR,web,mobile,0,Normal,8,1,11,2,860.7267272727273,600.9941789822697,130.73,2418.83,55,5,4,-0.978107187810154,1,3,5,3,2,0.0,0,0,0.4431182493870774,0,0.9932161195308676,0,0.0,0,0.01548918155992946,0,0.0
TXN00004247,CUST000091,2026-01-15 17:47:57.003505,5557.5,CHF,GB,DE,app,atm,0,Normal,17,3,15,1,7200.981951219513,5225.722639258717,656.16,24278.3,41,6,4,-0.31449850372046273,0,4,3,0,0,0.0,0,0,0.5203184400983497,1,1.1591645401677089,0,0.0,0,0.006177288280309064,0,0.0
TXN00008530,CUST000012,2025-10-05 20:13:57.003505,3224.37,EUR,IT,US,app,desktop,0,Normal,20,6,5,10,11848.529666666667,20090.907636760738,1017.21,83759.47,60,12,4,-0.4292568470355023,1,5,14,0,1,0.0,0,0,0.5576606016790396,0,1.0948855715131542,0,0.03447102555316741,1,0.7240717646016991,0,0.0
TXN00003451,CUST000023,2025-08-26 00:02:57.003505,4975.66,EUR,FR,US,web,tablet,0,Normal,0,1,26,8,15815.222833333333,23024.490626082472,808.61,96461.99,60,12,4,-0.4707840450803866,1,3,14,3,4,0.0,0,1,0.5785415155547802,0,1.068508870415797,0,0.05765580805654574,0,0.17640653097272957,0,0.0
TXN00002488,CUST000144,2025-12-28 21:06:57.003505,1345.66,EUR,DE,IT,web,desktop,0,Normal,21,6,28,12,1031.58,698.9801338879382,106.4,2623.56,41,5,4,0.4493403808254923,1,1,8,3,1,0.0,0,0,0.500347973176208,0,1.1270003034472853,0,0.0,0,0.01503742359863945,0,0.0
TXN00000487,CUST000073,2025-02-12 03:45:57.003505,467.54,EUR,DE,GB,app,atm,0,Normal,3,2,12,2,870.7014285714286,670.8365566182797,100.07,2635.22,42,5,4,-0.6009830919215288,1,1,6,0,0,0.0,0,0,0.4680653634838375,0,1.0345975693164915,0,0.0,0,0.035028497514565805,0,0.0
TXN00008721,CUST000175,2025-10-10 23:56:57.003505,11328.48,EUR,CH,DE,sucursal,pos,0,Normal,23,4,10,10,7860.104426229508,5731.840249814343,861.98,23359.66,61,6,4,0.605106810727624,1,0,3,2,3,0.0,0,0,0.5046745172583731,0,1.0905747485152297,0,0.0,0,0.018601723167303807,0,0.0
TXN00007799,CUST000084,2025-04-11 00:41:57.003505,215.31,EUR,ES,ES,cajero,atm,0,Normal,0,4,11,4,147.96942857142858,102.41184253992486,13.22,384.01,70,3,4,0.6575467162869592,1,2,4,1,0,0.0,0,0,0.4950823881250218,1,1.1616811027131164,0,0.00826086956521739,0,0.004321230187762638,0,0.0
TXN00006414,CUST000067,2025-02-20 00:13:57.003505,16548.14,EUR,DE,FR,sucursal,mobile,0,Normal,0,3,20,2,8442.174444444445,6077.338718064163,531.49,24134.52,54,6,4,1.3338018383157975,1,1,5,2,2,0.0,0,0,0.47899363097804787,0,1.0147529947848373,0,0.0,0,0.052086766447736584,0,0.0
TXN00000150,CUST000010,2025-05-06 08:22:57.003505,331.21,EUR,FR,DE,cajero,atm,0,Normal,8,1,6,5,2649.5095,9608.349775436482,124.77,72985.19,60,8,4,-0.2412796738192648,1,3,3,1,0,0.0,0,0,0.4513387854658104,0,1.028893685432704,0,0.032050158233538316,0,0.3079216761695702,0,0.0
TXN00000094,CUST000103,2025-09-02 03:08:57.003505,2334.6,EUR,ES,IT,sucursal,pos,0,Normal,3,1,2,9,5214.038510638298,3364.444087380351,1126.94,12261.04,47,6,4,-0.8558437694307071,1,2,8,2,3,0.0,0,0,0.4531258151805326,0,1.0097656870643317,0,0.0,0,0.015397367023793008,0,0.0
TXN00008076,CUST000082,2025-12-22 18:45:57.003505,5249.01,EUR,ES,CH,web,pos,0,Normal,18,0,22,12,7972.279090909091,6295.064813947002,670.79,24431.66,55,6,4,-0.4326038207649523,1,2,1,3,3,0.0,0,0,0.48026553973570696,0,1.075351725723075,0,0.0,0,0.0022400360843592365,0,0.0
TXN00007462,CUST000024,2026-01-01 02:40:57.003505,12811.43,EUR,FR,ES,sucursal,tablet,0,Normal,2,3,1,1,13902.334629629631,16284.919332654581,520.55,73708.1,54,9,4,-0.06698864190104745,1,3,4,2,4,0.0,0,0,0.5205821796723471,0,1.048332794032103,0,0.12018479863616106,0,0.1245710173491251,0,0.0
TXN00006166,CUST000041,2025-09-18 01:00:57.003505,1673.43,EUR,DE,US,cajero,desktop,0,Normal,1,3,18,9,12242.410327868853,18392.8926295824,1042.59,80913.59,61,9,4,-0.5746230644708653,1,1,14,1,1,0.0,0,0,0.5055032309154526,0,1.013208532644999,0,0.051792670107416644,0,0.10021318027563259,0,0.0
TXN00002585,CUST000175,2025-10-11 04:14:57.003505,2794.65,CHF,CH,US,cajero,atm,0,Normal,4,5,11,10,7860.104426229508,5731.840249814343,861.98,23359.66,61,6,4,-0.8837396376338018,0,0,14,1,0,0.0,0,0,0.5494078486597453,0,1.1571870572819298,0,0.0,0,0.00818740557269433,0,0.0
TXN00005026,CUST000079,2025-11-08 23:23:57.003505,1488.62,EUR,FR,ES,app,tablet,0,Normal,23,5,8,11,8145.75744680851,6052.306858239896,540.85,22648.11,47,6,4,-1.0999338932468758,1,3,4,0,4,0.0,0,0,0.4797480559061421,0,1.061513628662532,0,0.0,0,0.0030423717699164924,0,0.0
TXN00007588,CUST000005,2025-12-17 02:43:57.003505,878.81,USD,GB,IT,sucursal,tablet,0,Normal,2,2,17,12,2003.046231884058,5943.958813233152,101.43,49162.75,69,9,4,-0.18913930379059987,3,4,8,2,4,0.0,0,0,0.5323593907483247,0,1.1102327343650447,0,0.09301231041404617,0,0.3199220755642582,0,0.0
TXN00002044,CUST000087,2025-07-22 23:02:57.003505,632.1,EUR,ES,DE,cajero,mobile,0,Normal,23,1,22,7,1085.5852631578948,805.6519024148467,125.39,2969.7,57,5,4,-0.5628799004082857,1,2,3,1,2,0.0,0,0,0.44027465185966747,0,0.9790012891529252,0,0.0,0,0.011624587923148617,0,0.0
TXN00007431,CUST000136,2025-04-28 02:21:57.003505,347.94,EUR,FR,FR,cajero,mobile,0,Normal,2,0,28,4,156.8698245614035,118.19619667695422,10.52,475.76,57,3,4,1.6165509482869869,1,3,5,1,2,0.0,0,0,0.4884040961107889,0,1.0513469671926263,0,0.0,0,0.0026789094310996162,0,0.0
TXN00006368,CUST000082,2025-05-06 03:32:57.003505,3362.4,EUR,ES,DE,cajero,pos,0,Normal,3,1,6,5,7972.279090909091,6295.064813947002,670.79,24431.66,55,6,4,-0.7323004967261646,1,2,3,1,3,0.0,0,0,0.4473809802764697,0,1.0117313792689302,0,0.0,0,0.0033686297110819964,0,0.0
TXN00000887,CUST000134,2025-07-26 01:17:57.003505,167.67,EUR,FR,IT,web,tablet,0,Normal,1,5,26,7,159.77609756097561,110.03255829249015,11.1,483.71,41,3,4,0.07174151441884294,1,3,8,3,4,0.0,0,0,0.4828092306315131,0,1.0597903872648193,0,0.0,0,0.008627483747887516,0,0.0
TXN00007500,CUST000124,2025-12-04 03:12:57.003505,2326.85,EUR,DE,ES,sucursal,pos,0,Normal,3,3,4,12,909.7118867924529,685.5308862425715,105.13,2668.3,53,5,4,2.067212637066928,1,1,4,2,3,0.0,0,0,0.48254461981352836,0,1.0330377480232442,0,0.0,0,0.009860097961620913,0,0.0
TXN00005619,CUST000155,2025-06-13 23:38:57.003505,195.87,EUR,IT,ES,cajero,tablet,0,Normal,23,4,13,6,955.0666666666667,767.1100594112946,122.32,2967.61,45,5,4,-0.9896841481385539,1,5,4,1,4,0.0,0,0,0.465558164484096,0,0.9794253385967572,0,0.0,0,0.024529698934121456,0,0.0
TXN00007181,CUST000113,2025-04-18 23:54:57.003505,518.29,USD,CH,GB,web,tablet,0,Normal,23,4,18,4,5951.366734693877,5946.201402798187,518.29,22408.12,49,6,4,-0.9137054676996734,3,0,6,3,4,0.0,0,0,0.5263173588612334,0,1.0716242972514232,0,0.0,0,0.008886534262556041,0,0.0
TXN00002619,CUST000122,2025-06-02 20:09:57.003505,585.86,GBP,GB,IT,web,tablet,0,Normal,20,0,2,6,879.8508333333334,604.8507573398664,120.9,2731.71,48,5,4,-0.4860551620043429,2,4,8,3,4,0.0,0,0,0.5118128546395201,1,1.1629435357222646,0,0.0,0,0.05005344556461467,0,0.0
TXN00002380,CUST000029,2025-09-20 04:29:57.003505,1574.28,USD,GB,DE,sucursal,atm,0,Normal,4,5,20,9,10163.8975,15853.056272274882,1036.43,93521.66,60,11,4,-0.5418272257369322,3,4,3,2,0,0.0,0,0,0.5376824119171179,0,1.0249247752524622,0,0.016044444444444445,0,0.07633437278448778,0,0.0
TXN00000588,CUST000174,2025-11-07 06:48:57.003505,288.93,EUR,IT,FR,cajero,mobile,0,Normal,6,4,7,11,953.0994444444445,735.2875712941743,105.45,2963.0,54,5,4,-0.9032784851404004,1,5,5,1,2,0.0,0,0,0.4430557510592423,0,0.9906205635165231,0,0.0,0,0.028314478264606514,0,0.0
TXN00002486,CUST000027,2025-05-06 04:54:57.003505,106.15,EUR,FR,IT,app,tablet,0,Normal,4,1,6,5,4851.360625,18687.684437621316,10.99,94066.9,64,5,4,-0.2539218082681879,1,3,8,0,4,0.0,0,0,0.49046181601665856,0,1.0343257237451993,0,0.014708029197080292,1,0.79861358223858,0,0.0
TXN00002669,CUST000166,2025-08-13 23:10:57.003505,10142.23,USD,GB,IT,cajero,desktop,0,Normal,23,2,13,8,5381.796428571428,3789.6021120618175,1121.03,14682.41,56,6,4,1.2561829525639485,3,4,8,1,1,0.0,0,0,0.5119370136008466,0,1.0203176673477803,0,0.0,0,0.11708374039057323,0,0.0
TXN00005769,CUST000041,2025-03-29 22:08:57.003505,4600.05,EUR,DE,IT,app,atm,0,Normal,22,5,29,3,12242.410327868853,18392.8926295824,1042.59,80913.59,61,9,4,-0.41550616759224035,1,1,8,0,0,0.0,0,0,0.5408248692583503,0,1.067634193073593,0,0.029243589743589746,0,0.0881558624721974,0,0.0
TXN00003288,CUST000033,2025-04-23 19:34:57.003505,5269.96,EUR,IT,FR,cajero,mobile,0,Normal,19,2,23,4,13515.900317460317,21277.432782527,1113.58,86099.77,63,10,4,-0.38754394862167435,1,5,5,1,2,0.0,0,0,0.49721119148880594,0,0.9845108156277066,0,0.02540549606432866,0,0.12098588512742628,0,0.0
TXN00002984,CUST000130,2025-03-18 21:17:57.003505,4225.6,EUR,IT,IT,sucursal,mobile,0,Normal,21,1,18,3,5477.731875,3585.6029816829373,1158.54,14850.38,64,6,4,-0.3492109642498928,1,5,8,2,2,0.0,0,0,0.4588400291010188,0,1.061484340097487,0,0.0,0,0.008918488958244432,0,0.0
TXN00009528,CUST000094,2026-01-01 03:10:57.003505,15381.14,GBP,GB,GB,cajero,pos,0,Normal,3,3,1,1,7811.610638297872,6082.503451203796,699.35,22965.89,47,6,4,1.2444759663818283,2,4,6,1,3,0.0,0,0,0.5198104471672873,1,1.1917711100786224,0,0.0,0,0.20140139866505424,0,0.0
TXN00004784,CUST000175,2026-01-11 23:45:57.003505,3220.98,USD,CH,FR,sucursal,atm,0,Normal,23,6,11,1,7860.104426229508,5731.840249814343,861.98,23359.66,61,6,4,-0.8093603839657622,3,0,5,2,0,0.0,0,0,0.5288765883059455,0,1.0828877886443118,0,0.0,0,0.004220336464934167,0,0.0
TXN00001672,CUST000109,2025-08-16 23:38:57.003505,20040.5,GBP,CH,DE,sucursal,atm,0,Normal,23,5,16,8,7309.252040816326,6747.518800021043,807.42,24185.66,49,6,4,1.8868043698162302,2,0,3,2,0,0.0,0,0,0.5531459415631625,0,1.1417040751501293,0,0.0,0,0.4345645510389513,0,0.0
TXN00003019,CUST000032,2025-06-14 01:58:57.003505,20.71,EUR,FR,IT,sucursal,desktop,0,Normal,1,5,14,6,5279.0388,17558.788655810717,10.88,75146.84,50,4,4,-0.2994699066532927,1,3,8,2,1,0.0,0,0,0.4655245933382157,0,1.0423303021410883,0,0.009743589743589744,0,0.4614210068519769,0,0.0
TXN00004470,CUST000091,2025-03-15 02:05:57.003505,2404.78,GBP,GB,CH,web,atm,0,Normal,2,5,15,3,7200.981951219513,5225.722639258717,656.16,24278.3,41,6,4,-0.9178064511632903,2,4,1,3,0,0.0,0,0,0.5196522050262534,1,1.2613303083859533,0,0.0,0,0.0018777385542277972,0,0.0
TXN00004446,CUST000105,2025-08-31 03:01:57.003505,1896.3,EUR,US,DE,sucursal,desktop,0,Normal,3,6,31,8,4980.748490566038,3710.328094247605,1074.39,14077.93,53,6,4,-0.8313142157203756,1,6,3,2,1,0.0,0,0,0.4867420196025327,0,1.07161676837511,0,0.0,0,0.002754048764719211,0,0.0
TXN00004810,CUST000160,2026-01-07 19:47:57.003505,679.99,EUR,DE,FR,sucursal,atm,0,Normal,19,2,7,1,904.2335714285715,637.0384111964836,114.49,2851.37,56,5,4,-0.35200949759903555,1,1,5,2,0,0.0,0,0,0.4552672295723032,0,1.0074024530607941,0,0.0,0,0.017593250136523624,0,0.0
TXN00001196,CUST000005,2025-05-18 19:58:57.003505,932.72,GBP,GB,DE,app,pos,0,Normal,19,6,18,5,2003.046231884058,5943.958813233152,101.43,49162.75,69,9,4,-0.1800695908795835,2,4,3,0,3,0.0,0,0,0.5130241032698831,0,1.1116114380408981,0,0.20609163889073262,0,0.16979693320821407,0,0.0
TXN00006323,CUST000117,2025-11-14 08:04:57.003505,2110.81,EUR,ES,GB,sucursal,atm,0,Normal,8,4,14,11,4614.202641509434,3046.091732833902,1227.93,13885.08,53,6,4,-0.8218375742606379,1,2,6,2,0,0.0,0,0,0.43169512679853406,0,0.9819573626888332,0,0.0,0,0.009027036137623356,0,0.0
TXN00009585,CUST000176,2025-11-11 01:37:57.003505,2630.18,EUR,ES,FR,sucursal,desktop,0,Normal,1,1,11,11,999.8185454545454,731.9722641436783,123.88,2909.03,55,5,4,2.2273541391973803,1,2,5,2,1,0.0,0,0,0.46352876316139546,0,1.0175295770669928,0,0.0,0,0.00893122777938105,0,0.0
TXN00001020,CUST000176,2025-05-07 21:58:57.003505,156.16,EUR,ES,GB,app,desktop,0,Normal,21,2,7,5,999.8185454545454,731.9722641436783,123.88,2909.03,55,5,4,-1.1525826668978287,1,2,6,0,1,0.0,0,0,0.4555413911134418,0,0.974485311457604,0,0.0,0,0.040719894573339216,0,0.0
TXN00003330,CUST000013,2025-08-27 00:29:57.003505,106.86,GBP,GB,ES,app,pos,0,Normal,0,2,27,8,2119.490634920635,8304.770612994731,104.65,66232.6,63,9,4,-0.24234632459674002,2,4,4,0,3,0.0,0,0,0.4986309629143287,0,1.0690302619702874,0,0.007916666666666666,0,0.29828595440344374,0,0.0
TXN00007634,CUST000004,2025-10-21 22:46:57.003505,23665.03,EUR,DE,ES,sucursal,mobile,0,Normal,22,1,21,10,14062.081549295775,19520.768114931096,601.38,95541.67,71,12,4,0.4919349686279589,1,1,4,2,2,0.0,0,0,0.5468739418595577,0,1.0221450225520945,0,0.39577936198077296,1,0.9636062016168004,0,0.0
TXN00001438,CUST000033,2025-01-18 06:22:57.003505,4918.01,EUR,IT,ES,sucursal,tablet,0,Normal,6,5,18,1,13515.900317460317,21277.432782527,1113.58,86099.77,63,10,4,-0.40408494788510424,1,5,4,2,4,0.0,0,0,0.5146673875861002,0,1.0178840133915412,0,0.008636363636363636,0,0.07422875293598091,0,0.0
TXN00004796,CUST000057,2025-10-24 21:59:57.003505,46.55,EUR,ES,FR,sucursal,atm,0,Normal,21,4,24,10,180.91574074074074,140.8073723895602,11.53,490.57,54,3,4,-0.9542521638337939,1,2,5,2,0,0.0,0,0,0.46268913490092073,0,1.0162875819681465,0,0.0,0,0.011110435142718861,0,0.0
TXN00009813,CUST000040,2025-06-07 03:15:57.003505,150.41,EUR,IT,ES,sucursal,pos,0,Normal,3,5,7,6,3874.694230769231,15635.620503928736,12.24,90189.11,78,9,4,-0.2381922885372694,1,5,4,2,3,0.0,0,0,0.4986753555153173,0,1.0079256748545218,0,0.00890625,1,0.6414317034628091,0,0.0
TXN00007527,CUST000019,2025-04-17 18:23:57.003505,14081.33,EUR,DE,GB,app,atm,0,Normal,18,3,17,4,14691.315714285713,15933.619614941443,687.1,70887.77,56,11,4,-0.03828293438582075,1,1,6,0,0,0.0,0,0,0.5262010560090049,0,1.0221709148632772,0,0.2037336084306196,0,0.20719711846805144,0,0.0
TXN00000872,CUST000037,2025-03-25 01:59:57.003505,287.54,EUR,ES,FR,web,tablet,0,Normal,1,1,25,3,3344.5771604938273,14448.411660449672,10.52,94457.02,81,9,4,-0.21158292220108998,1,2,5,3,4,0.0,0,0,0.5156611880321809,0,1.095912706105524,0,0.07903865976958671,0,0.45576318259415194,0,0.0
TXN00007717,CUST000009,2025-10-17 05:39:57.003505,12254.24,EUR,FR,CH,web,desktop,0,Normal,5,4,17,10,17673.34349206349,20853.679531958067,673.65,79519.37,63,12,4,-0.25986318066789615,1,3,1,3,1,0.0,0,0,0.5405606999049805,0,1.0136011052733065,0,0.10597873244289736,0,0.03810634360427285,0,0.0
TXN00000526,CUST000124,2025-10-02 19:32:57.003505,700.37,EUR,DE,IT,sucursal,mobile,0,Normal,19,3,2,10,909.7118867924529,685.5308862425715,105.13,2668.3,53,5,4,-0.305371925157879,1,1,8,2,2,0.0,0,0,0.45103427956331205,0,1.0164906000001488,0,0.0,0,0.03996322077088663,0,0.0
TXN00006136,CUST000120,2025-08-19 04:32:57.003505,269.49,EUR,IT,FR,app,atm,0,Normal,4,1,19,8,170.5298113207547,129.18067867988032,11.93,494.78,53,3,4,0.7660602879972167,1,5,5,0,0,0.0,0,0,0.48565523120770204,0,1.1040739750136384,0,0.0,0,0.007902854755496994,0,0.0
TXN00005217,CUST000021,2025-09-14 12:09:57.107482,818.53,EUR,FR,FR,web,pos,1,Fraude,12,6,14,9,2655.973768115942,10838.616564582062,16.24,71242.61,69,5,4,-0.16952751829516047,1,3,5,3,3,1.0,1,0,0.4767987370951322,0,1.0229541715638653,1,0.7147898580351805,0,0.17497832186430384,1,1.0
TXN00000974,CUST000107,2025-12-04 18:41:57.003505,6122.22,EUR,DE,FR,cajero,desktop,0,Normal,18,3,4,12,8391.43761904762,6394.4847395277075,641.04,24787.14,42,6,4,-0.3548710664153295,1,1,5,1,1,0.0,0,0,0.45986253168153196,0,1.0406493177488398,0,0.0,0,0.013316605932505764,0,0.0
TXN00001767,CUST000039,2025-02-03 20:15:57.107482,81661.54,EUR,DE,DE,app,atm,1,Fraude,20,0,3,2,14481.797272727272,22909.14968209796,681.03,99400.06,44,9,4,2.9324415640287587,1,1,3,0,0,1.0,1,1,0.6367973106140278,0,1.1305916578091462,1,0.9361835518312916,1,0.999999999977244,1,1.0
TXN00007031,CUST000129,2025-06-06 00:04:57.003505,4235.39,EUR,US,FR,app,atm,0,Normal,0,4,6,6,5171.594634146341,3069.580435637823,1448.31,14426.04,41,6,4,-0.30499433178945656,1,6,5,0,0,0.0,0,0,0.4961621815009365,0,1.088460357808328,0,0.0,0,0.017336836904278865,0,0.0
TXN00001112,CUST000054,2025-04-24 18:08:57.003505,1674.43,GBP,GB,IT,sucursal,tablet,0,Normal,18,3,24,4,796.5148076923076,585.8445766532963,106.32,2706.89,52,5,4,1.4985462455321112,2,4,8,2,4,0.0,0,0,0.5002509928280511,1,1.1623592764397188,0,0.0,0,0.014107854555764122,0,0.0
TXN00007891,CUST000072,2025-03-02 02:09:57.003505,8549.17,USD,GB,US,app,tablet,0,Normal,2,6,2,3,5567.7047999999995,3639.3995975049706,1298.32,14110.12,50,6,4,0.8192189726087669,3,4,14,0,4,0.0,0,1,0.5700025540634942,1,1.1943668059715769,0,0.0,0,0.20950884796400734,0,0.0
TXN00005680,CUST000120,2025-03-02 06:40:57.003505,258.29,EUR,IT,IT,app,atm,0,Normal,6,6,2,3,170.5298113207547,129.18067867988032,11.93,494.78,53,3,4,0.6793600165034108,1,5,8,0,0,0.0,0,0,0.5135689723432023,0,1.0500960190594608,0,0.0,0,0.018156944707602672,0,0.0
TXN00005742,CUST000133,2025-11-20 00:58:57.003505,66.21,EUR,IT,ES,app,pos,0,Normal,0,3,20,11,145.8703846153846,109.73602561372553,11.7,462.02,52,3,4,-0.7259273647276462,1,5,4,0,3,0.0,0,0,0.4766786634201929,0,1.0368084618498812,0,0.0,0,0.013437933177838191,0,0.0
TXN00001319,CUST000117,2025-08-08 00:47:57.003505,3645.64,EUR,ES,GB,web,atm,0,Normal,0,4,8,8,4614.202641509434,3046.091732833902,1227.93,13885.08,53,6,4,-0.3179689668407893,1,2,6,3,0,0.0,0,0,0.44760019257250383,0,0.9978573331241914,0,0.0,0,0.010635746111904864,0,0.0
TXN00001930,CUST000040,2025-08-27 01:54:57.003505,78.64,EUR,IT,IT,app,desktop,0,Normal,1,2,27,8,3874.694230769231,15635.620503928736,12.24,90189.11,78,9,4,-0.2427824485489796,1,5,8,0,1,0.0,0,0,0.523728299673104,0,1.0648505495836242,0,0.007916666666666666,1,0.7423573391474613,0,0.0
TXN00005935,CUST000041,2025-04-30 23:14:57.003505,3333.57,EUR,DE,ES,web,pos,0,Normal,23,2,30,4,12242.410327868853,18392.8926295824,1042.59,80913.59,61,9,4,-0.4843631997859795,1,1,4,3,3,0.0,0,0,0.5182030284457045,0,1.0154411557361898,0,0.0095,0,0.019170810287909318,0,0.0
TXN00006757,CUST000166,2025-08-01 00:08:57.003505,2526.29,GBP,GB,DE,web,pos,0,Normal,0,4,1,8,5381.796428571428,3789.6021120618175,1121.03,14682.41,56,6,4,-0.7535108814535453,2,4,3,3,3,0.0,0,0,0.48857556662086193,0,1.1335971050489682,0,0.0,0,0.006627108232226484,0,0.0
TXN00004499,CUST000059,2026-01-12 06:31:57.003505,325.93,EUR,FR,ES,app,mobile,0,Normal,6,0,12,1,141.4556862745098,127.69645729236034,11.48,485.42,51,3,4,1.4446314031916008,1,3,4,0,2,0.0,0,0,0.49535944541455407,0,1.052428783155967,0,0.0,0,0.005517989195530715,0,0.0
TXN00000956,CUST000174,2025-08-01 01:05:57.003505,854.34,EUR,IT,IT,cajero,pos,0,Normal,1,4,1,8,953.0994444444445,735.2875712941743,105.45,2963.0,54,5,4,-0.13431404006503836,1,5,8,1,3,0.0,0,0,0.46652393549397675,0,1.0192630343742264,0,0.0,0,0.039480211290328776,0,0.0
TXN00003004,CUST000078,2025-11-28 03:14:57.003505,5380.1,EUR,DE,US,web,mobile,0,Normal,3,4,28,11,8590.456956521739,6556.444835127875,848.73,24850.13,46,6,4,-0.4896490455973577,1,1,14,3,2,0.0,0,0,0.49445643669410033,0,1.0487268600067865,0,0.0,0,0.010461950117867972,0,0.0
TXN00002747,CUST000052,2025-08-16 23:44:57.003505,102.21,EUR,ES,IT,app,atm,0,Normal,23,5,16,8,177.9474,132.6302616653853,34.91,487.78,50,3,4,-0.5710416195968707,1,2,8,0,0,0.0,0,0,0.4771970589354496,0,1.0222297369801139,0,0.0,0,0.028340265224624527,0,0.0
TXN00000652,CUST000057,2025-09-09 22:58:57.003505,210.64,EUR,ES,ES,web,pos,0,Normal,22,1,9,9,180.91574074074074,140.8073723895602,11.53,490.57,54,3,4,0.211098741093789,1,2,4,3,3,0.0,0,0,0.45813200018641453,0,0.9913915024336468,0,0.0,0,0.007274551962930623,0,0.0
TXN00006548,CUST000008,2025-04-01 09:48:57.003505,5346.03,EUR,IT,GB,app,pos,0,Normal,9,1,1,4,12268.12043478261,18777.04859567871,1067.78,84173.34,46,9,4,-0.36864635031125137,1,5,6,0,3,1.0,1,0,0.53019156798616,0,1.0751168818131283,0,0.21561640036987853,0,0.26006492154930977,1,1.0
TXN00005638,CUST000075,2025-02-23 19:43:57.003505,5949.63,EUR,FR,ES,cajero,mobile,0,Normal,19,6,23,2,8798.873684210526,6988.470284473828,1140.6,24612.74,57,6,4,-0.4077063459986284,1,3,4,1,2,0.0,0,0,0.4695148502092282,0,1.0076355613912173,0,0.008636363636363636,0,0.0032055987911838633,0,0.0
TXN00006480,CUST000019,2025-11-16 01:20:57.003505,3832.71,EUR,DE,ES,sucursal,pos,0,Normal,1,6,16,11,14691.315714285713,15933.619614941443,687.1,70887.77,56,11,4,-0.6814902059932306,1,1,4,2,3,0.0,0,0,0.5038381424183512,0,1.0623931842899612,0,0.0,0,0.00438458149371731,0,0.0
TXN00009865,CUST000009,2025-04-06 04:58:57.003505,23559.94,EUR,FR,CH,web,pos,0,Normal,4,6,6,4,17673.34349206349,20853.679531958067,673.65,79519.37,63,12,4,0.2822809518403251,1,3,1,3,3,0.0,0,1,0.5628578338442896,0,1.1343731114873252,0,0.32180518218458865,1,0.6733200615626225,0,0.0
TXN00008986,CUST000113,2025-02-14 17:09:57.003505,1511.89,CHF,CH,DE,cajero,tablet,0,Normal,17,4,14,2,5951.366734693877,5946.201402798187,518.29,22408.12,49,6,4,-0.7466071922585944,0,0,3,1,4,0.0,0,0,0.49773179720198396,0,1.131542105189653,0,0.0,0,0.004516708552266268,0,0.0
TXN00003872,CUST000154,2025-03-10 00:34:57.003505,2647.85,EUR,ES,US,app,tablet,0,Normal,0,0,10,3,5306.762553191489,3600.2821194151297,1232.6,14459.85,47,6,4,-0.7385289441942133,1,2,14,0,4,0.0,0,0,0.5072641551799086,0,1.0855081647573492,0,0.0,0,0.041545424954924845,0,0.0
TXN00002609,CUST000120,2025-07-26 03:25:57.003505,104.37,EUR,IT,IT,web,atm,0,Normal,3,5,26,7,170.5298113207547,129.18067867988032,11.93,494.78,53,3,4,-0.5121494288828934,1,5,8,3,0,0.0,0,0,0.491148951576525,0,1.0476483848241172,0,0.0,0,0.009456200173132038,0,0.0
TXN00008331,CUST000026,2025-11-03 23:34:57.003505,49.52,EUR,FR,ES,cajero,atm,0,Normal,23,0,3,11,7883.520307692308,20808.794176314088,16.14,93951.45,65,7,4,-0.3764754574886899,1,3,4,1,0,0.0,0,0,0.5025609460976536,0,1.0558186316368456,0,0.048739006546729115,1,0.532356504045237,0,0.0
TXN00003489,CUST000046,2025-12-17 22:29:57.003505,13335.49,GBP,GB,DE,sucursal,tablet,0,Normal,22,2,17,12,14390.02703125,20397.40065692597,666.14,92261.44,64,10,4,-0.051699579222621715,2,4,3,2,4,0.0,0,0,0.5425849975917699,0,1.083015830757972,0,0.18048058616631976,0,0.45189630102890166,0,0.0
TXN00003160,CUST000010,2025-06-06 22:25:57.003505,1809.65,EUR,FR,ES,sucursal,mobile,0,Normal,22,4,6,6,2649.5095,9608.349775436482,124.77,72985.19,60,8,4,-0.08740933870451631,1,3,4,2,2,0.0,0,0,0.4433886005812224,0,1.0180590443846824,0,0.10737394750065317,0,0.4094473172232794,0,0.0
TXN00003385,CUST000136,2025-04-10 05:28:57.003505,54.97,EUR,FR,IT,app,mobile,0,Normal,5,3,10,4,156.8698245614035,118.19619667695422,10.52,475.76,57,3,4,-0.862124387790453,1,3,8,0,2,0.0,0,0,0.4593831221061932,0,0.9930438905122383,0,0.0,0,0.028677537386855367,0,0.0
TXN00008115,CUST000181,2026-01-02 19:58:57.003505,176.66,EUR,IT,DE,web,desktop,0,Normal,19,4,2,1,859.3886956521739,767.5902422592371,109.88,2932.89,46,5,4,-0.8894442075673921,1,5,3,3,1,0.0,0,0,0.47659040839378286,0,1.0767775001567594,0,0.0,0,0.01811054379839621,0,0.0
TXN00006334,CUST000175,2025-11-03 01:29:57.003505,14203.14,USD,CH,DE,cajero,pos,0,Normal,1,0,3,11,7860.104426229508,5731.840249814343,861.98,23359.66,61,6,4,1.1066316045478262,3,0,3,1,3,0.0,0,1,0.5745100669354891,0,1.105558592663403,0,0.0,0,0.09941439811227981,0,0.0
TXN00003104,CUST000175,2025-06-29 01:14:57.003505,5737.76,USD,CH,US,web,tablet,0,Normal,1,6,29,6,7860.104426229508,5731.840249814343,861.98,23359.66,61,6,4,-0.3702727803567063,3,0,14,3,4,0.0,0,1,0.5770117999089681,1,1.1804058482756115,0,0.007037037037037037,0,0.014703289502981144,0,0.0
TXN00001086,CUST000108,2025-04-15 07:34:57.003505,43.51,EUR,ES,FR,cajero,mobile,0,Normal,7,1,15,4,161.04898305084745,113.9917943612899,19.95,497.52,59,3,4,-1.0311179210601515,1,2,5,1,2,0.0,0,0,0.44838102508806865,0,0.9856432755899258,0,0.0,0,0.01401583559494149,0,0.0
TXN00001711,CUST000115,2025-05-03 19:28:57.003505,8327.62,EUR,DE,GB,web,desktop,0,Normal,19,5,3,5,6975.763859649122,5678.052922748995,582.15,24541.97,57,6,4,0.2380844557993836,1,1,6,3,1,0.0,0,0,0.4596574104723723,0,1.0055655075221552,0,0.0,0,0.023367671119151962,0,0.0
TXN00007079,CUST000128,2025-10-14 19:48:57.003505,3033.99,EUR,FR,US,sucursal,pos,0,Normal,19,1,14,10,5858.723846153846,3432.153469589081,1187.74,13901.43,52,6,4,-0.8230208440151777,1,3,14,2,3,0.0,0,0,0.47621854439689243,0,0.9871942804546305,0,0.0,0,0.02145829688705554,0,0.0
TXN00001498,CUST000135,2025-08-12 20:38:57.003505,1242.14,EUR,ES,IT,web,atm,0,Normal,20,1,12,8,1076.0898113207547,785.7308155211804,135.69,2994.76,53,5,4,0.21133215751220225,1,2,8,3,0,0.0,0,0,0.4616314684968655,0,1.0066605605623233,0,0.0,0,0.021405930305306766,0,0.0
TXN00007652,CUST000123,2025-03-01 04:57:57.003505,709.58,EUR,FR,GB,cajero,pos,0,Normal,4,5,1,3,860.7267272727273,600.9941789822697,130.73,2418.83,55,5,4,-0.251494494135012,1,3,6,1,3,0.0,0,0,0.4445759413717612,0,0.9958690847403316,0,0.0,0,0.02604174035066608,0,0.0
TXN00008485,CUST000061,2025-05-09 02:19:57.003505,1506.36,EUR,IT,ES,sucursal,atm,0,Normal,2,4,9,5,4214.0417391304345,2941.5094806452344,1120.02,13214.78,46,6,4,-0.9205075679769641,1,5,4,2,0,0.0,0,0,0.4491711119552583,0,1.0187744047853433,0,0.0,0,0.008528138141107602,0,0.0
TXN00009540,CUST000055,2025-03-11 01:48:57.003505,9967.71,USD,CH,FR,web,mobile,0,Normal,1,1,11,3,7358.3737037037035,4642.129487846006,544.87,19628.1,54,6,4,0.5620989898205003,3,0,5,3,2,0.0,0,0,0.5279615170203328,0,1.0363392697909826,0,0.0,0,0.019889419702608355,0,0.0
TXN00006814,CUST000109,2025-02-15 05:14:57.003505,2702.46,CHF,CH,US,cajero,atm,0,Normal,5,5,15,2,7309.252040816326,6747.518800021043,807.42,24185.66,49,6,4,-0.6827386742693063,0,0,14,1,0,0.0,0,0,0.5368204811547796,0,1.112391725771094,0,0.0,0,0.016587919651312316,0,0.0
TXN00001415,CUST000028,2026-01-12 23:25:57.107482,23978.91,EUR,ES,IT,cajero,pos,1,Fraude,23,0,12,1,4253.581489361702,17241.301652205857,19.11,90310.44,47,6,4,1.1440742066577414,1,2,8,1,3,1.0,1,0,0.515000256687154,1,1.331941220951842,1,0.553517069601777,1,0.9999205945192613,1,1.0
TXN00001436,CUST000141,2025-09-29 01:22:57.003505,178.55,GBP,GB,FR,sucursal,tablet,0,Normal,1,0,29,9,881.8225000000001,797.0668304624176,106.03,2971.69,48,5,4,-0.8823256372488509,2,4,5,2,4,0.0,0,0,0.5094536855179705,1,1.1649171817089223,0,0.0,0,0.0185962722187069,0,0.0
TXN00009164,CUST000162,2025-06-18 03:27:57.003505,11950.84,EUR,CH,DE,cajero,desktop,0,Normal,3,2,18,6,8187.689791666667,6409.234849582279,610.75,24295.17,48,6,4,0.5871450018704575,1,0,3,1,1,0.0,0,0,0.47677747334975923,0,1.0424136544080096,0,0.0,0,0.026221202954969852,0,0.0
TXN00006337,CUST000147,2025-01-25 06:01:57.003505,3619.5,GBP,US,FR,sucursal,mobile,0,Normal,6,5,25,1,5159.978620689655,3565.2608325444103,1101.13,13831.0,58,6,4,-0.432080201873529,2,6,5,2,2,0.0,0,0,0.4877462947550348,0,1.0810390585053136,0,0.0,0,0.005985034019372945,0,0.0
TXN00001994,CUST000017,2025-02-08 03:31:57.003505,1156.46,EUR,FR,DE,app,mobile,0,Normal,3,5,8,2,15977.346615384617,23735.85855892997,1012.73,95316.24,65,9,4,-0.6244091225081999,1,3,3,0,2,0.0,0,0,0.5332348495563437,0,1.0064407078551978,0,0.01598434825140621,0,0.012191685169356474,0,0.0
TXN00006061,CUST000103,2025-12-20 01:46:57.003505,4432.87,EUR,ES,FR,cajero,atm,0,Normal,1,5,20,12,5214.038510638298,3364.444087380351,1126.94,12261.04,47,6,4,-0.23218353169731354,1,2,5,1,0,0.0,0,0,0.45689031441275957,0,0.9972270172006625,0,0.0,0,0.010277929513872552,0,0.0
TXN00004618,CUST000147,2025-11-18 06:05:57.003505,6510.7,CHF,US,IT,cajero,pos,0,Normal,6,1,18,11,5159.978620689655,3565.2608325444103,1101.13,13831.0,58,6,4,0.378856258314072,0,6,8,1,3,0.0,0,0,0.5048449979034741,0,1.0604162100628305,0,0.01,0,0.019119561474032813,0,0.0
TXN00006603,CUST000174,2025-01-20 20:46:57.003505,125.89,EUR,IT,GB,web,desktop,0,Normal,20,0,20,1,953.0994444444445,735.2875712941743,105.45,2963.0,54,5,4,-1.1250148589666276,1,5,6,3,1,0.0,0,0,0.49376337155289646,0,1.0754912697584373,0,0.0,0,0.015516124657415115,0,0.0
TXN00008539,CUST000177,2025-02-12 20:20:57.003505,2323.26,EUR,FR,GB,web,desktop,0,Normal,20,2,12,2,882.1804000000001,714.9039851529658,108.09,2740.13,50,5,4,2.015766631481135,1,3,6,3,1,0.0,0,0,0.4719574502558087,0,1.033446161873702,0,0.0,0,0.009228126039570003,0,0.0
TXN00002481,CUST000091,2025-08-30 03:59:57.003505,6816.55,USD,GB,US,cajero,mobile,0,Normal,3,5,30,8,7200.981951219513,5225.722639258717,656.16,24278.3,41,6,4,-0.07356531865236533,3,4,14,1,2,0.0,0,0,0.5424586112753694,0,1.1129106675944045,0,0.0,0,0.05845504763672027,0,0.0
TXN00002452,CUST000049,2025-07-22 14:06:57.107482,4637.33,EUR,ES,IT,app,atm,1,Fraude,14,1,22,7,15183.687118644068,29088.486775127054,121.09,99885.0,59,10,4,-0.3625612153637181,1,2,8,0,0,1.0,1,0,0.5264044777945179,0,1.014893581872537,1,0.5242757302175378,1,0.6885138966638915,1,1.0
TXN00007792,CUST000055,2025-07-09 05:59:57.003505,8240.5,CHF,CH,CH,sucursal,tablet,0,Normal,5,2,9,7,7358.3737037037035,4642.129487846006,544.87,19628.1,54,6,4,0.19002621499806235,0,0,1,2,4,0.0,0,0,0.514376963854005,0,1.1021085173876517,0,0.0,0,0.003925249423524013,0,0.0
TXN00008642,CUST000154,2025-10-31 07:40:57.003505,1774.98,EUR,ES,FR,web,atm,0,Normal,7,4,31,10,5306.762553191489,3600.2821194151297,1232.6,14459.85,47,6,4,-0.980973833457323,1,2,5,3,0,0.0,0,0,0.4693496950861438,0,1.0159631783585907,0,0.0,0,0.0029762493910499067,0,0.0
TXN00006614,CUST000013,2025-07-19 03:53:57.003505,778.12,GBP,GB,GB,sucursal,atm,0,Normal,3,5,19,7,2119.490634920635,8304.770612994731,104.65,66232.6,63,9,4,-0.1615180836735253,2,4,6,2,0,0.0,0,0,0.4949196243501656,0,1.1049969804351645,0,0.04685200440703244,0,0.3738379481341725,0,0.0
TXN00002125,CUST000087,2025-03-14 05:45:57.003505,2740.66,EUR,ES,ES,cajero,atm,0,Normal,5,4,14,3,1085.5852631578948,805.6519024148467,125.39,2969.7,57,5,4,2.05432982883412,1,2,4,1,0,0.0,0,0,0.4687251900230802,0,1.0136932780708976,0,0.0,0,0.007310486107355005,0,0.0
TXN00003532,CUST000036,2025-07-31 04:56:57.003505,2508.53,EUR,FR,ES,app,desktop,0,Normal,4,3,31,7,9097.943035714286,14723.247345472018,1593.82,84621.7,56,7,4,-0.44755160873482436,1,3,4,0,1,0.0,0,0,0.4799588646175377,0,1.0327382232849749,0,0.026969303756590762,0,0.03258245396462269,0,0.0
TXN00002913,CUST000147,2025-04-01 04:06:57.003505,3414.33,GBP,US,FR,app,desktop,0,Normal,4,1,1,4,5159.978620689655,3565.2608325444103,1101.13,13831.0,58,6,4,-0.4896271835893184,2,6,5,0,1,0.0,0,0,0.5109921053387031,0,1.0710955687520973,0,0.0,0,0.020330451416822076,0,0.0
TXN00008059,CUST000015,2025-07-14 22:15:57.003505,3370.32,EUR,FR,GB,cajero,desktop,0,Normal,22,0,14,7,16429.753191489363,24433.972081401258,1004.49,91371.5,47,12,4,-0.5344785181651047,1,3,6,1,1,0.0,0,0,0.5289206000424971,0,1.0317498892344863,0,0.0,0,0.12069621463710342,0,0.0
TXN00009760,CUST000017,2025-12-10 03:16:57.003505,1393.61,EUR,FR,US,sucursal,pos,0,Normal,3,2,10,12,15977.346615384617,23735.85855892997,1012.73,95316.24,65,9,4,-0.6144179102922512,1,3,14,2,3,0.0,0,0,0.5445285489438824,0,1.030108493311595,0,0.1072399552771962,0,0.05856195079949025,0,0.0
TXN00001308,CUST000066,2025-01-28 19:49:57.003505,890.12,EUR,DE,FR,cajero,atm,0,Normal,19,1,28,1,951.3685964912281,717.5452787914169,125.37,2987.52,57,5,4,-0.08535851076747722,1,1,5,1,0,0.0,0,0,0.4692578158473905,0,1.0343088993114988,0,0.0,0,0.010432190776635574,0,0.0
TXN00002227,CUST000189,2025-06-07 18:30:57.003505,2017.75,EUR,DE,CH,sucursal,tablet,0,Normal,18,5,7,6,7299.777222222222,5820.825465841291,680.44,24792.93,54,6,4,-0.9074361106189547,1,1,1,2,4,0.0,0,0,0.47565798419494054,0,1.057087992896711,0,0.0,0,0.0019052429980539664,0,0.0
TXN00007814,CUST000121,2025-10-08 08:18:57.003505,513.4,EUR,ES,ES,web,mobile,0,Normal,8,2,8,10,981.1530612244898,662.239680117164,101.46,2575.07,49,5,4,-0.7063198937813794,1,2,4,3,2,0.0,0,0,0.4299649186065597,0,0.9687305831590105,0,0.0,0,0.01690372637820593,0,0.0
TXN00007534,CUST000047,2025-02-12 19:22:57.003505,3735.04,EUR,ES,FR,sucursal,pos,0,Normal,19,2,12,2,14563.28859375,20712.60540698934,564.29,99973.8,64,9,4,-0.5227854429927626,1,2,5,2,3,0.0,0,0,0.4833386236721553,0,0.9694322503679436,0,0.0,0,0.022276401387866792,0,0.0
TXN00005786,CUST000012,2025-07-25 04:14:57.003505,3621.9,EUR,IT,FR,web,pos,0,Normal,4,4,25,7,11848.529666666667,20090.907636760738,1017.21,83759.47,60,12,4,-0.4094702845183942,1,5,5,3,3,0.0,0,0,0.5109814105637587,0,1.0159785918348656,0,0.0,0,0.16031597507079698,0,0.0
TXN00000121,CUST000173,2025-02-19 04:55:57.003505,4724.11,EUR,DE,US,app,atm,0,Normal,4,2,19,2,5416.205952380952,3884.0417916518163,1118.22,14676.84,42,6,4,-0.17818962547991182,1,1,14,0,0,0.0,0,0,0.4952444246034811,0,1.0516082421613366,0,0.0,0,0.0561810085033759,0,0.0
TXN00000859,CUST000152,2025-02-26 01:51:57.003505,1439.83,GBP,GB,GB,sucursal,atm,0,Normal,1,2,26,2,951.1576086956521,716.2417846887702,125.83,2743.37,46,5,4,0.6822729433949718,2,4,6,2,0,0.0,0,0,0.5089129429222105,0,1.1222816402318763,0,0.0,0,0.013443035346027712,0,0.0
TXN00007428,CUST000082,2025-06-19 21:20:57.003505,17776.34,EUR,ES,FR,web,mobile,0,Normal,21,3,19,6,7972.279090909091,6295.064813947002,670.79,24431.66,55,6,4,1.5574201691795366,1,2,5,3,2,0.0,0,0,0.47808815453688874,0,1.0192263583192651,0,0.0,0,0.11222669888744301,0,0.0
TXN00007414,CUST000025,2025-05-12 20:56:57.003505,513.08,EUR,ES,IT,app,desktop,0,Normal,20,0,12,5,4343.914923076923,14920.775001268592,113.57,85819.96,65,10,4,-0.25674503653425995,1,2,8,0,1,0.0,0,0,0.4833623131247398,0,1.0245568987030012,0,0.018145262628801208,1,0.8396742909687681,0,0.0
TXN00003618,CUST000166,2025-10-01 07:58:57.003505,4882.53,GBP,GB,IT,app,atm,0,Normal,7,2,1,10,5381.796428571428,3789.6021120618175,1121.03,14682.41,56,6,4,-0.13174639808506036,2,4,8,0,0,0.0,0,0,0.4924684971693463,0,1.1027330076011097,0,0.0,0,0.04886775647989859,0,0.0
TXN00007164,CUST000011,2025-10-25 09:05:57.107482,7898.57,EUR,ES,ES,sucursal,mobile,1,Fraude,9,5,25,10,5832.329,15831.358716522058,120.51,81442.3,60,11,4,0.1305157085293694,1,2,4,2,2,0.0,0,0,0.47298862944465725,0,0.9841250946699931,1,0.7310753703856727,1,0.9061488165013422,0,0.0
TXN00003945,CUST000187,2025-12-06 03:41:57.003505,3379.6,GBP,GB,FR,cajero,desktop,0,Normal,3,5,6,12,4876.589272727273,3027.9590817394396,1272.52,14739.26,55,6,4,-0.49438887112468005,2,4,5,1,1,0.0,0,0,0.4780574202937585,0,1.0836937019968587,0,0.0,0,0.01612511920316498,0,0.0
TXN00009217,CUST000093,2025-06-25 23:31:57.003505,2570.98,EUR,FR,ES,sucursal,mobile,0,Normal,23,2,25,6,5332.117045454545,3968.6959699562376,1106.74,14810.24,44,6,4,-0.6957290418971709,1,3,4,2,2,0.0,0,0,0.4341459649973167,0,0.9787947872888261,0,0.0,0,0.005459488134563323,0,0.0
TXN00001647,CUST000005,2025-10-24 05:44:57.003505,878.55,GBP,GB,IT,app,desktop,0,Normal,5,4,24,10,2003.046231884058,5943.958813233152,101.43,49162.75,69,9,4,-0.18918304568184202,2,4,8,0,1,0.0,0,0,0.502834584615811,0,1.1027571919154817,0,0.10419112585381052,0,0.283658315899443,0,0.0
TXN00000263,CUST000173,2025-09-24 20:43:57.003505,5040.02,EUR,DE,US,sucursal,tablet,0,Normal,20,2,24,9,5416.205952380952,3884.0417916518163,1118.22,14676.84,42,6,4,-0.09685424937822618,1,1,14,2,4,0.0,0,0,0.49766184278031295,0,1.0187518694924482,0,0.0,0,0.04388532023487636,0,0.0
TXN00001224,CUST000121,2026-01-04 05:58:57.003505,882.68,EUR,ES,ES,web,mobile,0,Normal,5,6,4,1,981.1530612244898,662.239680117164,101.46,2575.07,49,5,4,-0.14869701111593142,1,2,4,3,2,0.0,0,0,0.447605904211999,0,1.0194385501578638,0,0.0,0,0.0121467863039992,0,0.0
TXN00005135,CUST000012,2025-12-12 20:43:57.003505,4379.81,EUR,IT,IT,sucursal,tablet,0,Normal,20,4,12,12,11848.529666666667,20090.907636760738,1017.21,83759.47,60,12,4,-0.37174625464054467,1,5,8,2,4,0.0,0,0,0.5194037267503399,0,1.0353794397764,0,0.009827586206896551,0,0.4662690917128407,0,0.0
TXN00009014,CUST000029,2025-12-02 19:05:57.003505,6596.7,GBP,GB,IT,web,tablet,0,Normal,19,1,2,12,10163.8975,15853.056272274882,1036.43,93521.66,60,11,4,-0.22501639043656135,2,4,8,3,4,0.0,0,0,0.5397537613633918,1,1.1962243801046806,0,0.15850927811280568,1,0.5504766387302533,0,0.0
TXN00003853,CUST000021,2025-03-20 01:59:57.003505,142.08,EUR,FR,FR,web,mobile,0,Normal,1,3,20,3,2655.973768115942,10838.616564582062,16.24,71242.61,69,5,4,-0.23193861992487042,1,3,5,3,2,0.0,0,0,0.45094812223828706,0,1.0018975300615933,0,0.0,0,0.11135882836957765,0,0.0
TXN00007848,CUST000131,2025-08-24 03:33:57.003505,152.31,EUR,DE,FR,sucursal,mobile,0,Normal,3,6,24,8,890.2438181818181,592.6132155358536,134.89,2885.62,55,5,4,-1.2452199809100488,1,1,5,2,2,0.0,0,0,0.4500178912145607,0,1.0146095607586398,0,0.0,0,0.013316672098651155,0,0.0
TXN00009480,CUST000127,2025-04-12 08:58:57.003505,7309.44,EUR,FR,IT,web,atm,0,Normal,8,5,12,4,5175.683538461539,3408.1231986798057,1026.86,14073.5,65,6,4,0.6260796152377731,1,3,8,3,0,0.0,0,0,0.4794979288592392,0,1.1138318092630999,0,0.01,0,0.016084561172709472,0,0.0
TXN00003383,CUST000140,2025-12-07 06:30:57.003505,275.6,EUR,DE,IT,web,pos,0,Normal,6,6,7,12,680.5558695652173,567.6112813520499,132.76,2321.13,46,5,4,-0.7134387249794857,1,1,8,3,3,0.0,0,0,0.47307605437855843,0,1.0443590788505304,0,0.0,0,0.035707031484735606,0,0.0
TXN00003856,CUST000067,2025-10-16 02:45:57.003505,3444.73,EUR,DE,GB,sucursal,desktop,0,Normal,2,3,16,10,8442.174444444445,6077.338718064163,531.49,24134.52,54,6,4,-0.8223080324234406,1,1,6,2,1,0.0,0,0,0.4386052556665979,0,0.9921172570393326,0,0.0,0,0.0024228649786853644,0,0.0
TXN00006721,CUST000002,2025-08-12 23:30:57.003505,42.26,EUR,ES,FR,web,desktop,0,Normal,23,1,12,8,5083.588301886793,15511.3779006517,21.06,83708.16,53,7,4,-0.325008412137904,1,2,5,3,1,0.0,0,0,0.44350354841500467,0,1.0008948918176812,0,0.0,0,0.39795664637880207,0,0.0
TXN00005854,CUST000018,2025-06-25 03:08:57.003505,245.5,EUR,FR,FR,sucursal,atm,0,Normal,3,2,25,6,1260.8659574468084,4033.3930453795238,15.89,17120.41,47,4,4,-0.2517398988323805,1,3,5,2,0,0.0,0,0,0.43891760672145963,0,0.9765571972853475,0,0.02177608311229001,0,0.025541198754599276,0,0.0
TXN00002144,CUST000021,2025-11-23 00:53:57.003505,134.61,EUR,FR,IT,app,pos,0,Normal,0,6,23,11,2655.973768115942,10838.616564582062,16.24,71242.61,69,5,4,-0.23262782227415554,1,3,8,0,3,0.0,0,0,0.4995823788222202,0,1.1138000023030337,0,0.02456428571428571,0,0.2634762272570743,0,0.0
TXN00001329,CUST000160,2025-09-21 05:36:57.003505,1047.14,EUR,DE,GB,cajero,pos,0,Normal,5,6,21,9,904.2335714285715,637.0384111964836,114.49,2851.37,56,5,4,0.22432937454853435,1,1,6,1,3,0.0,0,0,0.4503857587058568,0,1.010873013672211,0,0.0,0,0.013252974352307738,0,0.0
TXN00000717,CUST000060,2025-05-01 02:16:57.003505,1444.05,EUR,IT,FR,sucursal,desktop,0,Normal,2,3,1,5,793.8452000000001,702.8669137539191,101.28,2914.93,50,5,4,0.9250752686625507,1,5,5,2,1,0.0,0,0,0.45297130873765734,0,1.050621538729215,0,0.0,0,0.01751990102792348,0,0.0
TXN00005878,CUST000097,2025-12-30 17:36:57.003505,6922.93,CHF,GB,US,web,desktop,0,Normal,17,1,30,12,6028.589047619047,4895.208384788782,512.34,20827.36,42,6,4,0.18269721774813577,0,4,14,3,1,0.0,0,1,0.5635679075474137,0,1.1545324774254504,0,0.0,0,0.04087707047889258,0,0.0
TXN00006805,CUST000024,2025-10-25 03:10:57.003505,6359.67,EUR,FR,DE,web,pos,0,Normal,3,5,25,10,13902.334629629631,16284.919332654581,520.55,73708.1,54,9,4,-0.4631686823306446,1,3,3,3,3,0.0,0,0,0.49224908853454036,0,1.0338464247637122,0,0.0,0,0.0066667171326391435,0,0.0
TXN00005226,CUST000005,2025-11-12 22:25:57.003505,129.37,EUR,GB,DE,web,tablet,0,Normal,22,2,12,11,2003.046231884058,5943.958813233152,101.43,49162.75,69,9,4,-0.3152236229156622,1,4,3,3,4,0.0,0,0,0.49849946574623066,0,1.088525905511589,0,0.03228747614501305,0,0.09253586698909831,0,0.0
TXN00003111,CUST000032,2025-07-20 00:25:57.003505,124.44,EUR,FR,IT,web,pos,0,Normal,0,6,20,7,5279.0388,17558.788655810717,10.88,75146.84,50,4,4,-0.2935623237312917,1,3,8,3,3,0.0,0,0,0.4848827632530298,0,1.10102355969496,0,0.0,0,0.3714494026054788,0,0.0
TXN00000370,CUST000179,2025-02-20 07:41:57.003505,3305.6,EUR,DE,FR,cajero,tablet,0,Normal,7,3,20,2,5704.412033898305,3719.034007330203,1121.58,14726.16,59,6,4,-0.6450094375381471,1,1,5,1,4,0.0,0,0,0.44551701501642016,0,1.0122948205551678,0,0.0,0,0.004391354942532225,0,0.0
TXN00002065,CUST000028,2025-08-27 02:40:57.003505,66.16,EUR,ES,IT,sucursal,desktop,0,Normal,2,2,27,8,4253.581489361702,17241.301652205857,19.11,90310.44,47,6,4,-0.24287154030409822,1,2,8,2,1,0.0,0,0,0.4518047009930986,0,1.0180573859876128,0,0.0,1,0.7019540887933061,0,0.0
TXN00005423,CUST000050,2025-07-01 02:33:57.003505,3701.35,EUR,FR,FR,cajero,tablet,0,Normal,2,1,1,7,5331.105348837209,3804.6606136073424,1083.57,14257.64,43,6,4,-0.4283576155465859,1,3,5,1,4,0.0,0,0,0.4487403137472557,0,1.030970786243518,0,0.0,0,0.01799548083661016,0,0.0
TXN00008695,CUST000034,2025-11-05 20:01:57.003505,429.1,EUR,FR,IT,app,desktop,0,Normal,20,2,5,11,4461.999242424243,17455.08561943105,12.03,89753.64,66,6,4,-0.23104436896624347,1,3,8,0,1,0.0,0,0,0.47486505342073715,0,1.0334435745719124,0,0.14058455006616893,1,0.853389384628844,0,0.0
TXN00003807,CUST000122,2025-07-29 07:10:57.003505,639.17,EUR,GB,FR,web,mobile,0,Normal,7,1,29,7,879.8508333333334,604.8507573398664,120.9,2731.71,48,5,4,-0.39791771774235685,1,4,5,3,2,0.0,0,0,0.4477648891850506,0,0.9929375230816208,0,0.0,0,0.009496468461188826,0,0.0
TXN00006587,CUST000127,2025-09-15 09:31:57.003505,4326.62,EUR,FR,FR,web,tablet,0,Normal,9,0,15,9,5175.683538461539,3408.1231986798057,1026.86,14073.5,65,6,4,-0.24912935616333023,1,3,5,3,4,0.0,0,0,0.45192573697568134,0,1.0655091777501502,0,0.0,0,0.005993181731332265,0,0.0
TXN00006392,CUST000032,2025-10-02 05:28:57.003505,80.05,EUR,FR,FR,cajero,pos,0,Normal,5,3,2,10,5279.0388,17558.788655810717,10.88,75146.84,50,4,4,-0.2960904024540105,1,3,5,1,3,0.0,0,0,0.4649897078571712,0,1.0533588299094796,0,0.040670119388552084,1,0.5244450076870949,0,0.0
TXN00003948,CUST000047,2025-02-11 05:06:57.003505,13537.49,EUR,ES,GB,app,tablet,0,Normal,5,1,11,2,14563.28859375,20712.60540698934,564.29,99973.8,64,9,4,-0.04952532882967611,1,2,6,0,4,0.0,0,0,0.5213208392102309,0,1.0343274571617889,0,0.21238442028860452,1,0.5035498371843562,0,0.0
TXN00002582,CUST000062,2025-06-16 08:11:57.003505,268.05,EUR,IT,DE,cajero,desktop,0,Normal,8,0,16,6,897.1857692307692,674.5982232769489,119.34,2822.56,52,5,4,-0.9326081015186373,1,5,3,1,1,0.0,0,0,0.4577935784035994,0,0.9947661505366693,0,0.0,0,0.016881593804760904,0,0.0
TXN00003109,CUST000147,2025-05-26 05:10:57.003505,3035.2,GBP,US,FR,web,desktop,0,Normal,5,0,26,5,5159.978620689655,3565.2608325444103,1101.13,13831.0,58,6,4,-0.5959672292973031,2,6,5,3,1,0.0,0,0,0.5086453792394159,0,1.0879523523729797,0,0.0,0,0.005126805831706026,0,0.0
TXN00009378,CUST000075,2025-03-12 03:35:57.003505,2210.42,EUR,FR,US,sucursal,atm,0,Normal,3,2,12,3,8798.873684210526,6988.470284473828,1140.6,24612.74,57,6,4,-0.9427604919355853,1,3,14,2,0,0.0,0,0,0.5000759634268761,0,1.00033417323097,0,0.0,0,0.006221003212901339,0,0.0
TXN00001725,CUST000136,2025-12-30 07:42:57.003505,62.08,EUR,FR,IT,cajero,pos,0,Normal,7,1,30,12,156.8698245614035,118.19619667695422,10.52,475.76,57,3,4,-0.8019701684522593,1,3,8,1,3,0.0,0,0,0.4899568982988809,0,1.0665020967756864,0,0.0,0,0.015482238633977278,0,0.0
TXN00002787,CUST000076,2025-03-31 06:16:57.003505,88.86,EUR,ES,FR,web,desktop,0,Normal,6,0,31,3,157.1376595744681,106.39921381723207,16.86,457.19,47,3,4,-0.6417120623658031,1,2,5,3,1,0.0,0,0,0.4788353866467514,0,1.0298796340445135,0,0.0,0,0.006231297664965491,0,0.0
TXN00000083,CUST000069,2025-10-12 04:49:57.003505,145.58,EUR,FR,FR,app,pos,0,Normal,4,6,12,10,169.07313725490195,120.3676959236189,15.12,478.18,51,3,4,-0.19517809059526875,1,3,5,0,3,0.0,0,0,0.45577046916072134,0,0.9895433030259602,0,0.0,0,0.014710963848033482,0,0.0
TXN00005841,CUST000065,2025-04-14 08:14:57.003505,1156.79,EUR,DE,ES,web,mobile,0,Normal,8,0,14,4,923.64,646.6474119934588,157.06,2903.34,38,5,4,0.36055197208738915,1,1,4,3,2,0.0,0,0,0.45819345255607613,0,1.0846716031031067,0,0.0,0,0.012059168991570264,0,0.0
TXN00007940,CUST000010,2025-08-29 15:23:57.107482,2036.01,EUR,FR,GB,sucursal,atm,1,Fraude,15,4,29,8,2649.5095,9608.349775436482,124.77,72985.19,60,8,4,-0.06385066262934623,1,3,6,2,0,1.0,1,0,0.4731635872843371,0,1.0045612835963826,0,0.46350815531301104,0,0.3356302298358275,1,1.0
TXN00009227,CUST000038,2025-08-04 00:21:57.003505,899.83,EUR,ES,FR,web,atm,0,Normal,0,0,4,8,7141.748709677419,18776.16760796677,143.24,94991.86,62,10,4,-0.3324383782501239,1,2,5,3,0,0.0,0,0,0.5002639900945631,0,1.067484871892248,0,0.03538715573202243,1,0.6377244977003026,0,0.0
TXN00000931,CUST000117,2025-09-30 23:42:57.003505,5137.82,EUR,ES,US,web,atm,0,Normal,23,1,30,9,4614.202641509434,3046.091732833902,1227.93,13885.08,53,6,4,0.1718980924555168,1,2,14,3,0,0.0,0,0,0.5217198558531586,0,1.050091274582266,0,0.008636363636363635,0,0.030363242503670052,0,0.0
TXN00001633,CUST000123,2026-01-10 05:37:57.003505,818.36,EUR,FR,ES,cajero,desktop,0,Normal,5,5,10,1,860.7267272727273,600.9941789822697,130.73,2418.83,55,5,4,-0.07049440524362015,1,3,4,1,1,0.0,0,0,0.4311612877194091,0,0.9902068263100341,0,0.0,0,0.01352862292711092,0,0.0
TXN00000790,CUST000094,2025-06-19 03:47:57.003505,22965.89,CHF,GB,CH,web,desktop,0,Normal,3,3,19,6,7811.610638297872,6082.503451203796,699.35,22965.89,47,6,4,2.491454296867101,0,4,1,3,1,0.0,0,0,0.5494630181776226,1,1.1786837820854312,0,0.007916666666666666,0,0.1814235108353705,0,0.0
TXN00000673,CUST000030,2025-10-11 19:11:57.003505,166.14,CHF,GB,IT,app,tablet,0,Normal,19,5,11,10,5147.489833333334,15805.705911525396,117.06,96740.03,60,7,4,-0.31516149047071734,0,4,8,0,4,0.0,0,0,0.5068280288926609,0,1.1292078731652482,0,0.025821322985957133,1,0.5616338486770985,0,0.0
TXN00002217,CUST000158,2025-11-09 19:31:57.003505,706.84,EUR,GB,DE,web,tablet,0,Normal,19,6,9,11,800.725,537.8160320696686,170.04,2304.86,44,5,4,-0.17456712746947456,1,4,3,3,4,0.0,0,0,0.4745786244257867,0,1.07521360669652,0,0.0,0,0.013749635613040597,0,0.0
TXN00007974,CUST000133,2025-11-23 02:59:57.003505,62.92,EUR,IT,IT,app,pos,0,Normal,2,6,23,11,145.8703846153846,109.73602561372553,11.7,462.02,52,3,4,-0.7559084028745885,1,5,8,0,3,0.0,0,0,0.49449828047968014,0,1.0295920503436498,0,0.0,0,0.021889369760765047,0,0.0
TXN00008855,CUST000084,2025-07-06 04:36:57.003505,43.35,EUR,ES,ES,app,mobile,0,Normal,4,6,6,7,147.96942857142858,102.41184253992486,13.22,384.01,70,3,4,-1.0215559544208683,1,2,4,0,2,0.0,0,0,0.494508975494311,0,1.138363012589028,0,0.0,0,0.0143784253892978,0,0.0
TXN00004494,CUST000085,2025-09-26 20:41:57.003505,447.9,EUR,FR,ES,app,tablet,0,Normal,20,4,26,9,924.8436363636364,611.0956308904902,141.58,2746.59,44,5,4,-0.7804729922355359,1,3,4,0,4,0.0,0,0,0.45839825131886797,0,1.0352044262701245,0,0.0,0,0.019790359728779072,0,0.0
TXN00008142,CUST000063,2025-05-30 21:27:57.003505,77.26,EUR,FR,ES,web,desktop,0,Normal,21,4,30,5,174.46065217391305,124.88230844193839,11.36,468.38,46,3,4,-0.7783380416992096,1,3,4,3,1,0.0,0,0,0.47299416572678593,0,1.0141258040798906,0,0.0,0,0.006350140755720138,0,0.0
TXN00005440,CUST000041,2025-12-06 21:32:57.003505,5087.35,EUR,DE,IT,app,pos,0,Normal,21,5,6,12,12242.410327868853,18392.8926295824,1042.59,80913.59,61,9,4,-0.38901223812789104,1,1,8,0,3,0.0,0,0,0.5084873837570154,0,1.0426329960917218,0,0.0,0,0.2146692129061223,0,0.0
TXN00002281,CUST000167,2025-03-27 00:20:57.003505,3273.69,USD,US,US,sucursal,mobile,0,Normal,0,3,27,3,5069.928793103448,3997.779061335983,1022.26,14648.94,58,6,4,-0.4493091701905781,3,6,14,2,2,0.0,0,0,0.5268789936671124,0,1.078496514244637,0,0.0,0,0.036656350390152984,0,0.0
TXN00004193,CUST000084,2025-11-06 23:25:57.003505,70.97,EUR,ES,IT,app,pos,0,Normal,23,3,6,11,147.96942857142858,102.41184253992486,13.22,384.01,70,3,4,-0.7518605847712394,1,2,8,0,3,0.0,0,0,0.49910406726584783,1,1.1692750311820646,0,0.0,0,0.029905279925781732,0,0.0
TXN00001280,CUST000056,2025-02-16 21:40:57.003505,716.84,CHF,GB,DE,sucursal,pos,0,Normal,21,6,16,2,850.786111111111,607.7213774215593,107.86,2433.3,54,5,4,-0.22040710738037644,0,4,3,2,3,0.0,0,0,0.4992892241413081,0,1.1066410868963517,0,0.0,0,0.006896157642240117,0,0.0
TXN00002595,CUST000181,2025-08-17 07:10:57.003505,652.4,EUR,IT,GB,app,desktop,0,Normal,7,6,17,8,859.3886956521739,767.5902422592371,109.88,2932.89,46,5,4,-0.2696604047144824,1,5,6,0,1,0.0,0,0,0.4544243972480667,0,0.9989955577529258,0,0.0,0,0.02834668879028641,0,0.0
TXN00004563,CUST000164,2025-02-18 02:22:57.003505,12845.79,USD,US,GB,web,pos,0,Normal,2,1,18,2,5759.409827586207,3931.2540620704726,1054.44,14842.44,58,6,4,1.8025749693926005,3,6,6,3,3,0.0,0,0,0.5496003429763162,0,1.0615083063190882,0,0.0,0,0.06193245438585212,0,0.0
TXN00008502,CUST000115,2025-10-03 05:11:57.003505,3300.54,EUR,DE,CH,sucursal,atm,0,Normal,5,4,3,10,6975.763859649122,5678.052922748995,582.15,24541.97,57,6,4,-0.6472683345865181,1,1,1,2,0,0.0,0,0,0.46967631551912753,0,1.060834094320969,0,0.0,0,0.003622247211492064,0,0.0
TXN00007083,CUST000148,2025-04-28 08:17:57.003505,4384.27,EUR,ES,DE,app,desktop,0,Normal,8,0,28,4,4870.1898,2933.4540342801783,1010.54,12132.54,50,6,4,-0.16564766113800342,1,2,3,0,1,0.0,0,0,0.4589462910562477,0,1.0272211769644402,0,0.0,0,0.006620196836713965,0,0.0
TXN00001423,CUST000131,2026-01-09 03:45:57.003505,1716.57,EUR,DE,FR,sucursal,atm,0,Normal,3,4,9,1,890.2438181818181,592.6132155358536,134.89,2885.62,55,5,4,1.3943769034523186,1,1,5,2,0,0.0,0,0,0.47853438812735455,0,1.0303111583918467,0,0.0,0,0.008410258988950065,0,0.0
TXN00009890,CUST000123,2025-10-20 08:33:57.003505,419.98,EUR,FR,ES,cajero,pos,0,Normal,8,0,20,10,860.7267272727273,600.9941789822697,130.73,2418.83,55,5,4,-0.7333627212259028,1,3,4,1,3,0.0,0,0,0.43123776596934427,0,0.9812004646475128,0,0.0,0,0.0163854492983361,0,0.0
TXN00002752,CUST000037,2025-04-26 07:10:57.107482,773.71,EUR,ES,YE,web,desktop,1,Fraude,7,5,26,4,3344.5771604938273,14448.411660449672,10.52,94457.02,81,9,4,-0.17793424085176437,1,2,15,3,1,1.0,1,0,0.5518240151993521,1,1.2865797964387713,1,0.6468632166469809,1,0.8201821647078319,1,1.0
TXN00003927,CUST000105,2025-11-06 01:18:57.003505,5900.65,CHF,US,ES,cajero,tablet,0,Normal,1,3,6,11,4980.748490566038,3710.328094247605,1074.39,14077.93,53,6,4,0.24792996355557428,0,6,4,1,4,0.0,0,0,0.5173865618343476,0,1.0828139722919057,0,0.007916666666666666,0,0.01618101588283641,0,0.0
TXN00008795,CUST000149,2025-07-02 05:35:57.003505,2175.05,EUR,ES,FR,sucursal,mobile,0,Normal,5,2,2,7,6270.26275,3614.0108901244885,1298.13,14063.89,40,6,4,-1.1331489786202018,1,2,5,2,2,0.0,0,0,0.4615615422864528,0,1.0169445489405158,0,0.0,0,0.005760044883051537,0,0.0
TXN00006760,CUST000172,2025-04-24 04:34:57.003505,1712.39,EUR,FR,DE,sucursal,pos,0,Normal,4,3,24,4,1225.615576923077,816.7534839489807,107.05,2891.9,52,5,4,0.5959869557303816,1,3,3,2,3,0.0,0,0,0.439895078644666,0,0.9918212821521937,0,0.0,0,0.005737132922793813,0,0.0
TXN00001292,CUST000076,2025-11-15 00:30:57.003505,241.71,EUR,ES,FR,web,desktop,0,Normal,0,5,15,11,157.1376595744681,106.39921381723207,16.86,457.19,47,3,4,0.7948586892375717,1,2,5,3,1,0.0,0,0,0.47455644110291706,0,1.045948380283042,0,0.0,0,0.005216280016686198,0,0.0
TXN00002180,CUST000072,2025-09-24 20:23:57.003505,5652.57,EUR,GB,US,sucursal,desktop,0,Normal,20,2,24,9,5567.7047999999995,3639.3995975049706,1298.32,14110.12,50,6,4,0.02331846165913245,1,4,14,2,1,0.0,0,0,0.4675674269130167,0,0.9872597529185683,0,0.008735632183908043,0,0.036223184448867934,0,0.0
TXN00001522,CUST000172,2025-10-19 08:34:57.003505,2392.36,EUR,FR,DE,cajero,tablet,0,Normal,8,6,19,10,1225.615576923077,816.7534839489807,107.05,2891.9,52,5,4,1.4285147778093716,1,3,3,1,4,0.0,0,0,0.479050629298671,0,1.0238964221628457,0,0.01,0,0.007247479718209733,0,0.0
TXN00007347,CUST000127,2025-12-11 01:02:57.003505,3063.8,EUR,FR,FR,sucursal,atm,0,Normal,1,3,11,12,5175.683538461539,3408.1231986798057,1026.86,14073.5,65,6,4,-0.6196617360135194,1,3,5,2,0,0.0,0,0,0.46168465364980227,0,1.0916467891330688,0,0.0,0,0.006308294030992719,0,0.0
TXN00009553,CUST000092,2025-06-10 09:42:57.003505,1777.47,EUR,FR,ES,web,mobile,0,Normal,9,1,10,6,4959.88603773585,3492.984458604319,1165.1,14228.99,53,6,4,-0.911087946293454,1,3,4,3,2,0.0,0,0,0.42765703918498965,0,0.9756369317782696,0,0.0,0,0.0050587015976007055,0,0.0
TXN00001105,CUST000031,2025-12-19 22:14:57.003505,2747.11,EUR,ES,DE,app,atm,0,Normal,22,4,19,12,11309.0796,15599.351809179214,650.1,79046.03,50,9,4,-0.5488670108980402,1,2,3,0,0,0.0,0,0,0.5012943973402374,0,1.0612120555750137,0,0.0,0,0.030409065721731403,0,0.0
TXN00008611,CUST000005,2025-11-30 05:51:57.003505,2019.59,CHF,GB,DE,app,tablet,0,Normal,5,6,30,11,2003.046231884058,5943.958813233152,101.43,49162.75,69,9,4,0.0027832911756264065,0,4,3,0,4,0.0,0,0,0.5418394323866731,1,1.2338095461208585,0,0.21186197504184012,0,0.0960044812959778,0,0.0
TXN00002003,CUST000133,2025-06-10 00:08:57.003505,71.06,EUR,IT,ES,cajero,tablet,0,Normal,0,1,10,6,145.8703846153846,109.73602561372553,11.7,462.02,52,3,4,-0.6817303935991746,1,5,4,1,4,0.0,0,0,0.46725082637694937,0,1.007492355283416,0,0.0,0,0.013698241827269624,0,0.0
TXN00003996,CUST000130,2025-07-16 06:15:57.003505,4444.3,EUR,IT,FR,sucursal,pos,0,Normal,6,2,16,7,5477.731875,3585.6029816829373,1158.54,14850.38,64,6,4,-0.28821703908410184,1,5,5,2,3,0.0,0,0,0.43483693691790176,0,1.0190191868374605,0,0.0,0,0.00601435135250184,0,0.0
TXN00007571,CUST000053,2025-02-11 21:21:57.003505,1106.91,EUR,FR,US,web,tablet,0,Normal,21,1,11,2,5120.007843137255,3842.5661514010735,1060.21,14819.86,51,6,4,-1.044379636933413,1,3,14,3,4,0.0,0,0,0.49864992779642703,0,1.004900962984226,0,0.0061290322580645155,0,0.020199114282856697,0,0.0
TXN00001500,CUST000016,2025-07-10 21:08:57.003505,577.11,EUR,IT,DE,cajero,tablet,0,Normal,21,3,10,7,4814.0977192982455,14760.960342710358,109.06,82531.17,57,9,4,-0.28704011261053386,1,5,3,1,4,0.0,0,0,0.47256835993198354,0,0.9989105615810564,0,0.008382352941176471,1,0.5467328604503167,0,0.0
TXN00000823,CUST000175,2025-12-16 00:26:57.003505,11648.93,CHF,CH,US,sucursal,tablet,0,Normal,0,1,16,12,7860.104426229508,5731.840249814343,861.98,23359.66,61,6,4,0.6610138119659213,0,0,14,2,4,0.0,0,1,0.5709382365519879,1,1.23903595527729,0,0.01681644880174292,0,0.06283089518146337,0,0.0
TXN00001512,CUST000024,2025-12-06 03:40:57.003505,24084.53,EUR,FR,DE,sucursal,desktop,0,Normal,3,5,6,12,13902.334629629631,16284.919332654581,520.55,73708.1,54,9,4,0.625253043122402,1,3,3,2,1,0.0,0,0,0.5137477817917581,0,1.1508049921436985,1,0.6484227039836852,1,0.8436070553562557,0,0.0
TXN00005644,CUST000011,2025-03-04 05:39:57.003505,524.65,EUR,ES,FR,app,pos,0,Normal,5,1,4,3,5832.329,15831.358716522058,120.51,81442.3,60,11,4,-0.3352636431720476,1,2,5,0,3,0.0,0,0,0.4801452491230624,0,1.0086210862018719,0,0.009661016949152543,1,0.7189742254047107,0,0.0
TXN00007141,CUST000182,2025-11-01 22:34:57.003505,2230.75,EUR,FR,IT,sucursal,pos,0,Normal,22,5,1,11,5969.300425531915,3942.2714577699544,1117.5,14812.85,47,6,4,-0.9483239458853492,1,3,8,2,3,0.0,0,0,0.46284469743787543,0,1.040617833917229,0,0.0,0,0.012504189157464311,0,0.0
TXN00007377,CUST000089,2025-02-26 02:42:57.003505,287.92,EUR,ES,ES,cajero,pos,0,Normal,2,2,26,2,167.74181818181816,126.83528642226571,11.15,491.57,55,3,4,0.9475137736557436,1,2,4,1,3,0.0,0,0,0.4735968998880886,0,1.0007047837727858,0,0.0,0,0.0032076988869497495,0,0.0
TXN00008548,CUST000020,2025-04-06 00:16:57.003505,110.2,EUR,IT,IT,cajero,pos,0,Normal,0,6,6,4,3059.5745588235295,12108.493253395596,10.07,69036.33,68,7,4,-0.24357899012355272,1,5,8,1,3,0.0,0,0,0.4920265433680312,0,1.0238469058166655,0,0.009779411764705882,1,0.5062433347448316,0,0.0
TXN00007001,CUST000142,2025-04-27 19:12:57.003505,4674.18,EUR,DE,US,cajero,pos,0,Normal,19,6,27,4,6533.238913043478,5298.543436216841,666.85,19029.58,46,6,4,-0.35086225772643337,1,1,14,1,3,0.0,0,0,0.4939971736507544,0,1.009280079183624,0,0.0,0,0.029289427592745325,0,0.0
TXN00003822,CUST000009,2025-06-16 22:08:57.003505,4908.52,EUR,FR,GB,sucursal,atm,0,Normal,22,0,16,6,17673.34349206349,20853.679531958067,673.65,79519.37,63,12,4,-0.6121137265914826,1,3,6,2,0,0.0,0,0,0.5191721730323798,0,1.0122450744571496,0,0.0,0,0.01011142959894807,0,0.0
TXN00005119,CUST000053,2025-03-28 21:24:57.003505,14373.68,EUR,FR,IT,sucursal,mobile,0,Normal,21,4,28,3,5120.007843137255,3842.5661514010735,1060.21,14819.86,51,6,4,2.4082011317047796,1,3,8,2,2,0.0,0,0,0.4906204485683819,0,1.0419396358947275,0,0.0,0,0.0986384666247128,0,0.0
TXN00009265,CUST000069,2025-07-07 02:08:57.003505,413.11,EUR,FR,IT,sucursal,pos,0,Normal,2,0,7,7,169.07313725490195,120.3676959236189,15.12,478.18,51,3,4,2.027428196951839,1,3,8,2,3,0.0,0,0,0.49303259170059427,0,1.0178005109166166,0,0.0,0,0.006626300219745465,0,0.0
TXN00004765,CUST000003,2025-05-17 04:40:57.003505,337.8,EUR,ES,FR,sucursal,desktop,0,Normal,4,5,17,5,8320.49358490566,25653.022108616926,14.93,99303.62,53,6,4,-0.3111794606808946,1,2,5,2,1,0.0,0,0,0.4668004795765221,0,1.019806882069376,0,0.017542613636363634,1,0.7583632527941702,0,0.0
TXN00005009,CUST000023,2025-09-18 21:12:57.003505,808.61,EUR,FR,ES,cajero,mobile,0,Normal,21,3,18,9,15815.222833333333,23024.490626082472,808.61,96461.99,60,12,4,-0.6517674191533193,1,3,4,1,2,0.0,0,0,0.5060705336053888,0,0.9772560893072949,0,0.0,0,0.02304985426165406,0,0.0
TXN00005500,CUST000110,2025-08-13 03:27:57.003505,43.44,EUR,ES,IT,web,tablet,0,Normal,3,2,13,8,182.09387755102043,131.0415090377906,13.74,460.63,49,3,4,-1.0580912682632742,1,2,8,3,4,0.0,0,0,0.46072941906448284,0,1.0080966645417146,0,0.0,0,0.020456167398399113,0,0.0
TXN00008236,CUST000035,2025-12-31 07:57:57.003505,786.08,EUR,DE,FR,web,desktop,0,Normal,7,2,31,12,6047.965897435898,17026.815534224974,102.61,89843.04,39,8,4,-0.3090352324866702,1,1,5,3,1,0.0,0,0,0.5156943676876552,1,1.177755475558098,0,0.074954081111757,0,0.4322770108929436,0,0.0
TXN00009885,CUST000046,2026-01-01 19:22:57.003505,4254.42,EUR,GB,US,app,atm,0,Normal,19,3,1,1,14390.02703125,20397.40065692597,666.14,92261.44,64,10,4,-0.49690679715660396,1,4,14,0,0,0.0,0,1,0.5736672349180962,0,1.1082560375129868,0,0.0683918820565162,0,0.23436493632852917,0,0.0
TXN00008198,CUST000147,2025-05-31 22:25:57.003505,6221.26,CHF,US,GB,app,mobile,0,Normal,22,5,31,5,5159.978620689655,3565.2608325444103,1101.13,13831.0,58,6,4,0.2976728572914174,0,6,6,0,2,0.0,0,0,0.5241748196162915,0,1.1090045756332396,0,0.0,0,0.009696933624049175,0,0.0
TXN00007252,CUST000177,2026-01-14 19:37:57.003505,676.47,EUR,FR,IT,web,pos,0,Normal,19,2,14,1,882.1804000000001,714.9039851529658,108.09,2740.13,50,5,4,-0.2877454930793809,1,3,8,3,3,0.0,0,0,0.45770183618252097,0,1.0056035320208188,0,0.0,0,0.021009988425102745,0,0.0
TXN00008220,CUST000137,2025-11-07 21:29:57.003505,246.81,EUR,FR,GB,sucursal,desktop,0,Normal,21,4,7,11,911.4923636363636,700.4321115012415,100.69,2786.35,55,5,4,-0.9489604370975859,1,3,6,2,1,0.0,0,0,0.4360092716196625,0,0.9999887557315544,0,0.0,0,0.030078395694374885,0,0.0
TXN00004330,CUST000188,2025-03-02 18:12:57.003505,12122.74,EUR,IT,US,app,tablet,0,Normal,18,6,2,3,4936.442647058823,3552.9495258458055,1054.79,14763.77,34,6,4,2.0226286072014483,1,5,14,0,4,0.0,0,1,0.5840611314733356,1,1.2708880074049773,0,0.007037037037037037,0,0.4066952618141209,0,0.0
TXN00008628,CUST000168,2026-01-08 00:03:57.003505,594.7,EUR,IT,FR,app,tablet,0,Normal,0,3,8,1,805.7724074074074,573.1593417914204,118.62,2763.92,54,5,4,-0.3682613047524188,1,5,5,0,4,0.0,0,0,0.482223319108968,0,1.027819635905982,0,0.0,0,0.022805229519868568,0,0.0
TXN00006187,CUST000099,2025-11-16 06:31:57.003505,148.23,EUR,IT,FR,web,mobile,0,Normal,6,6,16,11,135.7517777777778,119.34773310276017,10.87,491.1,45,3,4,0.10455349082269351,1,5,5,3,2,0.0,0,0,0.4698773914143964,0,1.0457393004691706,0,0.0,0,0.007679427501864561,0,0.0
TXN00003661,CUST000066,2025-09-05 05:28:57.003505,807.17,EUR,DE,ES,sucursal,tablet,0,Normal,5,4,5,9,951.3685964912281,717.5452787914169,125.37,2987.52,57,5,4,-0.20096097145694447,1,1,4,2,4,0.0,0,0,0.44469751079548564,0,0.9919558699693052,0,0.0,0,0.015244187106102184,0,0.0
TXN00006409,CUST000057,2025-09-05 01:40:57.003505,145.55,EUR,ES,IT,sucursal,atm,0,Normal,1,4,5,9,180.91574074074074,140.8073723895602,11.53,490.57,54,3,4,-0.25116398303160764,1,2,8,2,0,0.0,0,0,0.47046746617319635,0,1.0193173009799157,0,0.0,0,0.019582115210235333,0,0.0
TXN00005810,CUST000144,2025-08-07 08:08:57.003505,679.04,EUR,DE,ES,web,atm,0,Normal,8,3,7,8,1031.58,698.9801338879382,106.4,2623.56,41,5,4,-0.5043634037704374,1,1,4,3,0,0.0,0,0,0.4497636794940505,0,1.0159151880558208,0,0.0,0,0.018336544088970744,0,0.0
TXN00007556,CUST000146,2025-01-26 01:43:57.003505,831.62,EUR,IT,IT,sucursal,tablet,0,Normal,1,6,26,1,904.4364285714286,643.5872499374547,113.72,2383.09,42,5,4,-0.11314150251634651,1,5,8,2,4,0.0,0,0,0.4923238311824661,0,1.0879125408804122,0,0.0,0,0.015776929262664604,0,0.0
TXN00004846,CUST000080,2026-01-01 22:00:57.003505,65.02,EUR,ES,FR,web,desktop,0,Normal,22,3,1,1,146.3564,118.60946270815987,13.78,474.86,50,3,4,-0.6857496649688029,1,2,5,3,1,0.0,0,0,0.4676648934559804,0,1.0009772545901279,0,0.0,0,0.01512241726151305,0,0.0
TXN00001035,CUST000089,2026-01-15 04:00:57.003505,70.09,EUR,ES,IT,web,pos,0,Normal,4,3,15,1,167.74181818181816,126.83528642226571,11.15,491.57,55,3,4,-0.769910489158363,1,2,8,3,3,0.0,0,0,0.4619284228546628,0,1.007404649789853,0,0.0,0,0.012733391543567792,0,0.0
TXN00006795,CUST000063,2025-04-22 02:51:57.003505,45.2,EUR,FR,FR,web,tablet,0,Normal,2,1,22,4,174.46065217391305,124.88230844193839,11.36,468.38,46,3,4,-1.035059751469525,1,3,5,3,4,0.0,0,0,0.4600524714136082,0,1.0155659073916128,0,0.0,0,0.009659150950028941,0,0.0
TXN00009008,CUST000177,2025-03-19 23:25:57.003505,335.29,EUR,FR,ES,cajero,atm,0,Normal,23,2,19,3,882.1804000000001,714.9039851529658,108.09,2740.13,50,5,4,-0.7649844043294837,1,3,4,1,0,0.0,0,0,0.44737675961933504,0,0.9719794966085432,0,0.0,0,0.017884142453561788,0,0.0
TXN00001704,CUST000187,2025-01-23 23:14:57.003505,6373.11,CHF,GB,IT,sucursal,tablet,0,Normal,23,3,23,1,4876.589272727273,3027.9590817394396,1272.52,14739.26,55,6,4,0.49423413143311107,0,4,8,2,4,0.0,0,0,0.5018606400548941,0,1.0837167248771613,0,0.0,0,0.010753689454933903,0,0.0
TXN00009468,CUST000036,2025-07-03 09:16:57.003505,4993.98,EUR,FR,ES,sucursal,atm,0,Normal,9,3,3,7,9097.943035714286,14723.247345472018,1593.82,84621.7,56,7,4,-0.27874034437774203,1,3,4,2,0,1.0,1,0,0.4580228563093449,0,1.0041427762923423,0,0.29418981473684674,0,0.11375014374438003,1,1.0
TXN00001689,CUST000089,2025-06-29 01:36:57.003505,264.35,EUR,ES,FR,cajero,desktop,0,Normal,1,6,29,6,167.74181818181816,126.83528642226571,11.15,491.57,55,3,4,0.7616822083317365,1,2,5,1,1,0.0,0,0,0.47934364348263464,0,1.031032543919381,0,0.0,0,0.0038038729054132277,0,0.0
TXN00004720,CUST000151,2025-01-27 18:52:57.003505,13161.61,EUR,ES,ES,cajero,tablet,0,Normal,18,0,27,1,4647.714285714285,3516.3390907388803,1030.42,14338.55,49,6,4,2.421238535921594,1,2,4,1,4,0.0,0,0,0.5220860466520905,0,1.0954416591045517,0,0.018281033687125053,0,0.057750800848407814,0,0.0
TXN00006972,CUST000052,2025-07-29 19:14:57.003505,100.11,EUR,ES,IT,web,tablet,0,Normal,19,1,29,7,177.9474,132.6302616653853,34.91,487.78,50,3,4,-0.586875110067278,1,2,8,3,4,0.0,0,0,0.4950376122614446,0,1.0368417276772863,0,0.0,0,0.010798837244094929,0,0.0
TXN00005902,CUST000075,2025-05-04 01:05:57.003505,4199.46,EUR,FR,ES,app,desktop,0,Normal,1,6,4,5,8798.873684210526,6988.470284473828,1140.6,24612.74,57,6,4,-0.65814312665403,1,3,4,0,1,0.0,0,0,0.48198574645563214,0,1.0473983208180706,0,0.0,0,0.004106609037639393,0,0.0
TXN00008694,CUST000021,2025-03-09 07:26:57.003505,38.56,EUR,FR,FR,web,pos,0,Normal,7,6,9,3,2655.973768115942,10838.616564582062,16.24,71242.61,69,5,4,-0.24148965435565994,1,3,5,3,3,0.0,0,0,0.4772113200948356,0,1.0276169700458737,0,0.009743589743589744,0,0.14182026148097526,0,0.0
TXN00006231,CUST000122,2025-09-17 06:27:57.003505,655.58,CHF,GB,DE,app,atm,0,Normal,6,2,17,9,879.8508333333334,604.8507573398664,120.9,2731.71,48,5,4,-0.37078705819744595,0,4,3,0,0,0.0,0,0,0.47713727615270485,0,1.0928996358268201,0,0.0,0,0.013635407304173426,0,0.0
TXN00008788,CUST000028,2025-01-17 03:08:57.003505,370.87,EUR,ES,ES,sucursal,pos,0,Normal,3,4,17,1,4253.581489361702,17241.301652205857,19.11,90310.44,47,6,4,-0.22519828070172115,1,2,4,2,3,0.0,0,0,0.4456701403266184,0,1.0548066900538813,0,0.10585580590092433,1,0.6078850507228734,0,0.0
TXN00009279,CUST000058,2025-11-30 20:00:57.003505,2608.7,EUR,FR,DE,cajero,atm,0,Normal,20,6,30,11,5591.0198,3793.973079900562,1030.04,14421.18,50,6,4,-0.7860677280535943,1,3,3,1,0,0.0,0,0,0.4891013878618301,0,1.05393510862364,0,0.0,0,0.00351928863494272,0,0.0
TXN00003683,CUST000160,2025-09-06 06:27:57.003505,1419.42,EUR,DE,GB,web,atm,0,Normal,6,5,6,9,904.2335714285715,637.0384111964836,114.49,2851.37,56,5,4,0.8087211362892324,1,1,6,3,0,0.0,0,0,0.4754321918835952,0,1.0454673035080793,0,0.0,0,0.012745101093731961,0,0.0
TXN00005664,CUST000004,2025-07-28 21:39:57.003505,5106.29,EUR,DE,ES,app,pos,0,Normal,21,0,28,7,14062.081549295775,19520.768114931096,601.38,95541.67,71,12,4,-0.45878274338942965,1,1,4,0,3,0.0,0,0,0.5488718830335324,0,1.024162104949884,0,0.0,0,0.0556919646851628,0,0.0
TXN00006305,CUST000037,2025-05-21 20:43:57.003505,64.6,EUR,ES,IT,cajero,mobile,0,Normal,20,2,21,5,3344.5771604938273,14448.411660449672,10.52,94457.02,81,9,4,-0.22701299197096195,1,2,8,1,2,0.0,0,0,0.48880746903149624,0,1.0092578439173043,0,0.006785714285714285,1,0.7092970551997498,0,0.0
TXN00009152,CUST000010,2025-06-11 18:30:57.003505,428.36,EUR,FR,GB,sucursal,atm,0,Normal,18,2,11,6,2649.5095,9608.349775436482,124.77,72985.19,60,8,4,-0.23116867637845026,1,3,6,2,0,0.0,0,0,0.44801042911951894,0,1.0073025262197304,0,0.018615964371360053,0,0.3548884008292949,0,0.0
TXN00001811,CUST000168,2025-08-15 01:22:57.003505,797.26,EUR,IT,GB,web,tablet,0,Normal,1,4,15,8,805.7724074074074,573.1593417914204,118.62,2763.92,54,5,4,-0.014851729304367593,1,5,6,3,4,0.0,0,0,0.45915172997037035,0,1.025186594870622,0,0.0,0,0.012388205164282311,0,0.0
TXN00009079,CUST000123,2025-07-07 08:51:57.003505,592.21,EUR,FR,IT,sucursal,pos,0,Normal,8,0,7,7,860.7267272727273,600.9941789822697,130.73,2418.83,55,5,4,-0.4467875666959853,1,3,8,2,3,0.0,0,0,0.4356260499227393,0,1.0040537878104794,0,0.0,0,0.03186791528897455,0,0.0
TXN00009738,CUST000136,2025-03-18 23:35:57.003505,197.31,EUR,FR,ES,web,desktop,0,Normal,23,1,18,3,156.8698245614035,118.19619667695422,10.52,475.76,57,3,4,0.3421444702402765,1,3,4,3,1,0.0,0,0,0.4681466653336685,0,1.0009831502478828,0,0.0,0,0.004378347884100034,0,0.0
TXN00004792,CUST000004,2025-11-28 22:03:57.003505,4275.64,EUR,DE,ES,cajero,pos,0,Normal,22,4,28,11,14062.081549295775,19520.768114931096,601.38,95541.67,71,12,4,-0.5013348599386804,1,1,4,1,3,0.0,0,0,0.5348820688525016,0,1.0204704317949385,0,0.0,0,0.03585402308372391,0,0.0
TXN00009452,CUST000081,2025-01-26 03:31:57.003505,2164.9,USD,CH,CH,sucursal,atm,0,Normal,3,6,26,1,7762.277592592593,5260.794077166913,692.26,19011.44,54,6,4,-1.0639796025893795,3,0,1,2,0,0.0,0,0,0.5451714945885164,0,1.1171912464806015,0,0.0,0,0.0009951608753952707,0,0.0
TXN00005559,CUST000182,2025-08-30 08:32:57.003505,1507.38,EUR,FR,IT,cajero,pos,0,Normal,8,5,30,8,5969.300425531915,3942.2714577699544,1117.5,14812.85,47,6,4,-1.1318146079479008,1,3,8,1,3,0.0,0,0,0.4616802723322684,0,1.0317220936156892,0,0.0,0,0.004509029674110815,0,0.0
TXN00007886,CUST000138,2025-01-24 08:03:57.003505,3098.67,EUR,FR,DE,web,tablet,0,Normal,8,4,24,1,5327.873421052632,3712.6738556531113,1167.12,14039.05,38,6,4,-0.6004307157381733,1,3,3,3,4,0.0,0,0,0.47623535323678545,0,1.0365430082881473,0,0.0,0,0.003578845630498204,0,0.0
TXN00000130,CUST000162,2025-05-26 22:00:57.003505,9134.69,CHF,CH,GB,cajero,desktop,0,Normal,22,0,26,5,8187.689791666667,6409.234849582279,610.75,24295.17,48,6,4,0.1477555793180677,0,0,6,1,1,0.0,0,0,0.5281324347862796,0,1.1101229402247268,0,0.0,0,0.012767782333031672,0,0.0
TXN00002081,CUST000087,2025-03-23 03:44:57.003505,2543.27,EUR,ES,DE,web,mobile,0,Normal,3,6,23,3,1085.5852631578948,805.6519024148467,125.39,2969.7,57,5,4,1.809323270588133,1,2,3,3,2,0.0,0,0,0.48593202158948745,0,1.0522454563731198,0,0.0,0,0.003173899118141034,0,0.0
TXN00005727,CUST000085,2025-02-05 04:18:57.003505,943.07,EUR,FR,FR,sucursal,tablet,0,Normal,4,2,5,2,924.8436363636364,611.0956308904902,141.58,2746.59,44,5,4,0.029825714152101595,1,3,5,2,4,0.0,0,0,0.43935549302337024,0,0.9985251932185022,0,0.0,0,0.019039516266431168,0,0.0
TXN00009554,CUST000066,2025-04-12 18:28:57.003505,2265.64,EUR,DE,ES,app,tablet,0,Normal,18,5,12,4,951.3685964912281,717.5452787914169,125.37,2987.52,57,5,4,1.8316215582810567,1,1,4,0,4,0.0,0,0,0.4962815147937448,0,1.0208613189969096,0,0.0,0,0.009918900093728077,0,0.0
TXN00007728,CUST000010,2025-03-08 08:48:57.003505,801.77,EUR,FR,ES,app,desktop,0,Normal,8,5,8,3,2649.5095,9608.349775436482,124.77,72985.19,60,8,4,-0.19230560325055993,1,3,4,0,1,0.0,0,0,0.45796656481087433,0,1.0328604590213037,0,0.06397227120748625,0,0.374295094884438,0,0.0
TXN00004418,CUST000042,2025-02-10 20:09:57.003505,1001.04,EUR,ES,GB,sucursal,atm,0,Normal,20,0,10,2,10704.279047619048,15707.05132958625,1001.04,76105.74,63,9,4,-0.6177632480721564,1,2,6,2,0,0.0,0,0,0.48464155778924894,0,1.0041417489314473,0,0.007599999999999999,0,0.026724003057554898,0,0.0
TXN00008900,CUST000036,2025-07-12 13:22:57.107482,37182.38,EUR,FR,DE,cajero,desktop,1,Fraude,13,5,12,7,9097.943035714286,14723.247345472018,1593.82,84621.7,56,7,4,1.9074893128801031,1,3,3,1,1,1.0,1,0,0.5160889627242371,0,1.0686218488723351,1,0.9377307184586428,1,0.999717165472021,1,1.0
TXN00004544,CUST000157,2025-05-03 03:28:57.003505,1001.7,EUR,IT,GB,cajero,atm,0,Normal,3,5,3,5,4468.6006,3061.342828385575,1001.7,14281.22,50,6,4,-1.1324770838213576,1,5,6,1,0,0.0,0,0,0.4642522336753771,0,1.0445811814743549,0,0.0,0,0.012370679209898863,0,0.0
TXN00004898,CUST000050,2025-02-03 09:00:57.003505,2141.57,EUR,FR,GB,app,tablet,0,Normal,9,0,3,2,5331.105348837209,3804.6606136073424,1083.57,14257.64,43,6,4,-0.8383232229943283,1,3,6,0,4,0.0,0,0,0.4760575347252092,0,1.1024916599665633,0,0.0,0,0.016263440179389015,0,0.0
TXN00005374,CUST000129,2025-10-26 03:09:57.003505,2690.08,CHF,US,FR,sucursal,mobile,0,Normal,3,6,26,10,5171.594634146341,3069.580435637823,1448.31,14426.04,41,6,4,-0.8084214391411738,0,6,5,2,2,0.0,0,0,0.5140228185214909,0,1.0304711500189776,0,0.0,0,0.0036833413340103763,0,0.0
TXN00001381,CUST000065,2026-01-14 04:52:57.003505,1578.46,EUR,DE,ES,app,desktop,0,Normal,4,2,14,1,923.64,646.6474119934588,157.06,2903.34,38,5,4,1.0126383974362607,1,1,4,0,1,0.0,0,0,0.4905380621392896,0,1.1161699329009802,0,0.0,0,0.015650231467063624,0,0.0
TXN00002089,CUST000072,2025-10-07 08:46:57.003505,11145.93,CHF,GB,GB,sucursal,atm,0,Normal,8,1,7,10,5567.7047999999995,3639.3995975049706,1298.32,14110.12,50,6,4,1.5327322677871045,0,4,6,2,0,0.0,0,0,0.505242277653449,0,1.0625703305232201,0,0.0,0,0.04136098976229293,0,0.0
TXN00003758,CUST000128,2025-06-16 09:48:57.003505,4463.7,EUR,FR,DE,web,atm,0,Normal,9,0,16,6,5858.723846153846,3432.153469589081,1187.74,13901.43,52,6,4,-0.4064573038787832,1,3,3,3,0,0.0,0,0,0.4444745637317431,0,0.999234914044691,0,0.0,0,0.0036949909311517442,0,0.0
TXN00008197,CUST000004,2025-01-25 03:27:57.003505,5840.02,EUR,DE,US,web,tablet,0,Normal,3,5,25,1,14062.081549295775,19520.768114931096,601.38,95541.67,71,12,4,-0.42119559540209217,1,1,14,3,4,0.0,0,1,0.5875404531907521,0,1.1212748131369212,0,0.06782972361742054,0,0.13398472203135461,0,0.0
TXN00000399,CUST000082,2025-06-22 05:16:57.003505,3167.91,EUR,ES,ES,app,pos,0,Normal,5,6,22,6,7972.279090909091,6295.064813947002,670.79,24431.66,55,6,4,-0.7631961277827667,1,2,4,0,3,0.0,0,0,0.44895824118970373,0,1.015547852994128,0,0.0,0,0.002567815828827518,0,0.0
TXN00002676,CUST000165,2025-07-08 20:43:57.003505,814.57,EUR,FR,GB,sucursal,mobile,0,Normal,20,1,8,7,796.1411538461538,546.07482260668,145.49,2657.6,52,5,4,0.03374784069356763,1,3,6,2,2,0.0,0,0,0.4258284412865212,0,0.9766658574423532,0,0.0,0,0.02235606602989919,0,0.0
TXN00007627,CUST000174,2025-08-30 23:57:57.003505,322.89,EUR,IT,DE,cajero,mobile,0,Normal,23,5,30,8,953.0994444444445,735.2875712941743,105.45,2963.0,54,5,4,-0.8570924740073126,1,5,3,1,2,0.0,0,0,0.4960998770327935,0,1.0340694596590065,0,0.0,0,0.01038051677972943,0,0.0
TXN00002508,CUST000000,2025-08-28 04:57:57.003505,655.02,EUR,DE,FR,web,desktop,0,Normal,4,3,28,8,4670.333709677419,14778.584927606773,159.16,93045.57,62,10,4,-0.27169811785599396,1,1,5,3,1,0.0,0,0,0.46112682411397404,0,1.0031666042076854,0,0.0,0,0.4521407251698816,0,0.0
TXN00000099,CUST000184,2025-07-26 03:56:57.003505,38.05,EUR,FR,FR,cajero,mobile,0,Normal,3,5,26,7,141.98777777777778,127.80667248159469,12.93,486.33,54,3,4,-0.8132421801334635,1,3,5,1,2,0.0,0,0,0.4396566586262977,0,0.9949556417234989,0,0.0,0,0.009714326130028556,0,0.0
TXN00007461,CUST000139,2025-02-04 05:23:57.003505,2161.33,CHF,US,CH,sucursal,atm,0,Normal,5,1,4,2,5999.512857142858,5088.7018853137615,532.86,19230.71,49,6,4,-0.7542557891759747,0,6,1,2,0,0.0,0,0,0.5263890908060767,0,1.1186574349882155,0,0.0,0,0.003272785614290818,0,0.0
TXN00001981,CUST000105,2025-10-01 18:29:57.003505,3872.06,USD,US,ES,sucursal,tablet,0,Normal,18,2,1,10,4980.748490566038,3710.328094247605,1074.39,14077.93,53,6,4,-0.2988114425746089,3,6,4,2,4,0.0,0,0,0.5265666689888256,0,1.0220944790247426,0,0.0,0,0.027425431549173603,0,0.0
TXN00002381,CUST000174,2025-12-03 20:47:57.003505,2963.0,EUR,IT,ES,web,tablet,0,Normal,20,2,3,12,953.0994444444445,735.2875712941743,105.45,2963.0,54,5,4,2.7334890882004914,1,5,4,3,4,0.0,0,0,0.5241037696752134,1,1.1903079374510093,0,0.0,0,0.008199871641602312,0,0.0
TXN00006905,CUST000022,2025-01-15 19:05:57.003505,11117.22,EUR,IT,ES,app,mobile,0,Normal,19,2,15,1,10301.100588235295,13087.105408488525,1670.97,67315.05,51,12,4,0.06236057449136115,1,5,4,0,2,0.0,0,0,0.5487065904541235,0,1.054171361679651,0,0.15927220029186384,0,0.45983614859714367,0,0.0
TXN00008052,CUST000175,2025-11-16 21:58:57.003505,5266.78,CHF,CH,ES,cajero,mobile,0,Normal,21,6,16,11,7860.104426229508,5731.840249814343,861.98,23359.66,61,6,4,-0.45244185335784004,0,0,4,1,2,0.0,0,0,0.5139835911920155,1,1.2791960609983453,0,0.0,0,0.0031362991466097694,0,0.0
TXN00009823,CUST000006,2025-01-18 19:04:57.003505,35.52,EUR,FR,IT,web,desktop,0,Normal,19,5,18,1,5953.340833333334,18691.661854483864,13.39,88596.57,60,9,4,-0.316602176900452,1,3,8,3,1,0.0,0,0,0.4869354913648997,0,1.0052279226590413,0,0.044696401928905304,1,0.6863266518611302,0,0.0
TXN00002728,CUST000055,2025-11-22 02:48:57.003505,3211.38,EUR,CH,CH,app,tablet,0,Normal,2,5,22,11,7358.3737037037035,4642.129487846006,544.87,19628.1,54,6,4,-0.893338652803201,1,0,1,0,4,0.0,0,0,0.501596498072331,0,1.1164751149649397,0,0.0,0,0.0015202625218602459,0,0.0
TXN00009310,CUST000057,2025-06-29 20:56:57.003505,11.53,EUR,ES,IT,sucursal,mobile,0,Normal,20,6,29,6,180.91574074074074,140.8073723895602,11.53,490.57,54,3,4,-1.2029607304165468,1,2,8,2,2,0.0,0,0,0.49344752005891546,0,1.0182081351049372,0,0.0,0,0.014625673237999006,0,0.0
TXN00004384,CUST000136,2025-05-30 04:11:57.003505,132.08,EUR,FR,FR,cajero,mobile,0,Normal,4,4,30,5,156.8698245614035,118.19619667695422,10.52,475.76,57,3,4,-0.20973453502419215,1,3,5,1,2,0.0,0,0,0.4573647280388162,0,0.9886024222096982,0,0.0,0,0.005858197614194888,0,0.0
TXN00009567,CUST000149,2025-07-10 19:19:57.003505,7942.56,EUR,ES,FR,sucursal,mobile,0,Normal,19,3,10,7,6270.26275,3614.0108901244885,1298.13,14063.89,40,6,4,0.4627261235174835,1,2,5,2,2,0.0,0,0,0.4407342682611931,0,1.0075800851728327,0,0.0,0,0.016365120612632386,0,0.0
TXN00005030,CUST000054,2025-06-17 08:01:57.003505,410.85,CHF,GB,DE,sucursal,tablet,0,Normal,8,1,17,6,796.5148076923076,585.8445766532963,106.32,2706.89,52,5,4,-0.6583056708268189,0,4,3,2,4,0.0,0,0,0.47372923596459465,0,1.0666567796609159,0,0.0,0,0.008979891730983692,0,0.0
TXN00008525,CUST000045,2025-12-26 08:36:57.107482,38377.64,USD,GB,DE,web,mobile,1,Fraude,8,4,26,12,6149.803333333333,15824.94547276264,125.29,85657.33,60,9,4,2.036521182338328,3,4,3,3,2,1.0,1,1,0.5858602233536788,1,1.277826143839925,1,0.9235637953268448,1,0.9999920415556447,1,1.0
TXN00008301,CUST000187,2025-05-15 03:29:57.003505,2381.53,EUR,GB,ES,web,mobile,0,Normal,3,3,15,5,4876.589272727273,3027.9590817394396,1272.52,14739.26,55,6,4,-0.8240069315830899,1,4,4,3,2,0.0,0,0,0.4264075756376273,0,1.003813848722926,0,0.0,0,0.00388625903409084,0,0.0
TXN00007369,CUST000115,2025-08-15 03:34:57.003505,10649.35,EUR,DE,DE,web,atm,0,Normal,3,4,15,8,6975.763859649122,5678.052922748995,582.15,24541.97,57,6,4,0.6469799048518472,1,1,3,3,0,0.0,0,0,0.47037663376084377,0,1.053868703551475,0,0.0,0,0.0187552160311605,0,0.0
TXN00000805,CUST000088,2025-10-18 01:57:57.003505,265.93,EUR,DE,IT,cajero,mobile,0,Normal,1,5,18,10,999.984909090909,775.2614145011627,168.78,2889.91,55,5,4,-0.9468482429457474,1,1,8,1,2,0.0,0,0,0.44935751914689515,0,1.0078381837516646,0,0.0,0,0.02853837141649483,0,0.0
TXN00005872,CUST000000,2025-07-04 08:40:57.003505,925.52,EUR,DE,DE,web,tablet,0,Normal,8,4,4,7,4670.333709677419,14778.584927606773,159.16,93045.57,62,10,4,-0.25339460630148813,1,1,3,3,4,0.0,0,0,0.4771606531898861,0,1.0369205306006735,0,0.03163526705852287,1,0.5709759635475123,0,0.0
TXN00008615,CUST000144,2025-05-27 05:07:57.003505,723.51,EUR,DE,GB,web,pos,0,Normal,5,1,27,5,1031.58,698.9801338879382,106.4,2623.56,41,5,4,-0.44074213933045503,1,1,6,3,3,0.0,0,0,0.45459293991527366,0,1.0126750896795869,0,0.01,0,0.012342354144759473,0,0.0
TXN00006319,CUST000097,2025-09-23 03:41:57.003505,13708.87,EUR,GB,ES,app,mobile,0,Normal,3,1,23,9,6028.589047619047,4895.208384788782,512.34,20827.36,42,6,4,1.5689385102945732,1,4,4,0,2,0.0,0,0,0.4988607963678004,0,1.045231991721604,0,0.0,0,0.11335092448674645,0,0.0
TXN00009697,CUST000029,2025-08-28 19:35:57.003505,7768.03,CHF,GB,FR,web,mobile,0,Normal,19,3,28,8,10163.8975,15853.056272274882,1036.43,93521.66,60,11,4,-0.1511296912532228,0,4,5,3,2,0.0,0,0,0.5139686183958093,0,1.0850333314479308,0,0.13797457480309405,0,0.19619734021391574,0,0.0
TXN00005096,CUST000176,2025-07-19 23:48:57.003505,394.1,EUR,ES,GB,cajero,pos,0,Normal,23,5,19,7,999.8185454545454,731.9722641436783,123.88,2909.03,55,5,4,-0.8275157055788847,1,2,6,1,3,0.0,0,0,0.44189501073392656,0,0.973769154528909,0,0.0,0,0.021031148555002696,0,0.0
TXN00008934,CUST000086,2025-08-11 02:16:57.003505,11247.54,EUR,ES,GB,app,tablet,0,Normal,2,0,11,8,5910.098163265306,4295.407110007479,1124.83,14315.23,49,6,4,1.2425927738157534,1,2,6,0,4,0.0,0,0,0.4854934760978934,0,1.0208912425994758,0,0.0,0,0.0795418849259185,0,0.0
TXN00003198,CUST000188,2025-08-15 07:03:57.003505,10796.95,EUR,IT,DE,cajero,pos,0,Normal,7,4,15,8,4936.442647058823,3552.9495258458055,1054.79,14763.77,34,6,4,1.6494766696401533,1,5,3,1,3,0.0,0,0,0.49205616786205886,0,1.1118503733627885,0,0.0,0,0.05290001773989837,0,0.0
TXN00004427,CUST000157,2025-09-23 23:08:57.003505,5179.82,EUR,IT,GB,app,atm,0,Normal,23,1,23,9,4468.6006,3061.342828385575,1001.7,14281.22,50,6,4,0.2323226896292255,1,5,6,0,0,0.0,0,0,0.474063987561484,0,1.0224043591438077,0,0.008636363636363635,0,0.02340686808201003,0,0.0
TXN00004864,CUST000103,2025-05-31 06:38:57.003505,3179.57,EUR,ES,IT,sucursal,atm,0,Normal,6,5,31,5,5214.038510638298,3364.444087380351,1126.94,12261.04,47,6,4,-0.6046967811605675,1,2,8,2,0,0.0,0,0,0.4656750927672451,0,1.000666853857771,0,0.0,0,0.006616049251846381,0,0.0
TXN00008547,CUST000021,2025-09-23 19:29:57.107482,894.27,EUR,FR,YE,web,pos,1,Fraude,19,1,23,9,2655.973768115942,10838.616564582062,16.24,71242.61,69,5,4,-0.16253954159705383,1,3,15,3,3,1.0,1,0,0.5137686971889002,0,1.120383636456339,1,0.6417580892801036,0,0.4751239630441943,1,1.0
TXN00004270,CUST000162,2025-02-02 18:14:57.003505,7625.51,USD,CH,CH,sucursal,pos,0,Normal,18,6,2,2,8187.689791666667,6409.234849582279,610.75,24295.17,48,6,4,-0.08771402589742712,3,0,1,2,3,0.0,0,0,0.5306935698713034,0,1.0713463025511827,0,0.0,0,0.013211987537390068,0,0.0
TXN00003123,CUST000120,2025-12-19 07:25:57.003505,494.78,EUR,IT,IT,sucursal,mobile,0,Normal,7,4,19,12,170.5298113207547,129.18067867988032,11.93,494.78,53,3,4,2.5100517312864605,1,5,8,2,2,0.0,0,0,0.5004068360636503,0,1.0506676134488147,0,0.0,0,0.003772104074938479,0,0.0
TXN00001182,CUST000070,2025-06-23 23:15:57.003505,126.62,EUR,ES,ES,app,mobile,0,Normal,23,0,23,6,161.0876,115.33640442617927,12.75,451.5,50,3,4,-0.298844062918719,1,2,4,0,2,0.0,0,0,0.46850145368152885,0,1.0017552951164146,0,0.0,0,0.011331565307715119,0,0.0
TXN00008472,CUST000091,2025-12-25 04:52:57.003505,6508.2,EUR,GB,GB,sucursal,pos,0,Normal,4,3,25,12,7200.981951219513,5225.722639258717,656.16,24278.3,41,6,4,-0.13257151190580874,1,4,6,2,3,0.0,0,0,0.45810499396395543,0,1.039465885124557,0,0.0,0,0.00964400247998895,0,0.0
TXN00009347,CUST000173,2026-01-10 19:04:57.003505,3272.18,EUR,DE,FR,web,mobile,0,Normal,19,5,10,1,5416.205952380952,3884.0417916518163,1118.22,14676.84,42,6,4,-0.5520089810663767,1,1,5,3,2,0.0,0,0,0.45617158078163383,0,1.0233156838241682,0,0.0,0,0.007670193938946179,0,0.0
TXN00001842,CUST000071,2025-06-19 22:54:57.003505,6430.06,EUR,FR,GB,cajero,tablet,0,Normal,22,3,19,6,8737.374901960784,6519.461954884734,915.99,24253.24,51,6,4,-0.35391185922606794,1,3,6,1,4,0.0,0,0,0.4528582834503253,0,1.0038620500083302,0,0.0,0,0.006416258115589175,0,0.0
TXN00009191,CUST000162,2025-12-15 18:53:57.003505,14443.27,USD,CH,DE,web,pos,0,Normal,18,0,15,12,8187.689791666667,6409.234849582279,610.75,24295.17,48,6,4,0.9760260552419942,3,0,3,3,3,0.0,0,1,0.5755773622745971,0,1.1041397101220336,0,0.0,0,0.08644341855539445,0,0.0
TXN00005600,CUST000036,2025-05-29 09:03:57.003505,4998.71,EUR,FR,DE,web,tablet,0,Normal,9,3,29,5,9097.943035714286,14723.247345472018,1593.82,84621.7,56,7,4,-0.27841908372860036,1,3,3,3,4,0.0,0,0,0.4764564275964347,0,1.022588163005806,0,0.19393161936595046,0,0.035725293361071365,0,0.0
TXN00008430,CUST000166,2025-04-01 21:49:57.003505,10878.81,USD,GB,DE,web,desktop,0,Normal,21,1,1,4,5381.796428571428,3789.6021120618175,1121.03,14682.41,56,6,4,1.4505516430027656,3,4,3,3,1,0.0,0,0,0.5425448080544236,0,1.0810102122702172,0,0.0,0,0.061256673802978376,0,0.0
TXN00001269,CUST000064,2025-01-25 23:05:57.003505,1062.4,EUR,ES,IT,sucursal,tablet,0,Normal,23,5,25,1,729.9651020408163,552.4964489294722,103.76,2307.86,49,5,4,0.6016959891807813,1,2,8,2,4,0.0,0,0,0.4806402983480195,0,1.0434516393146231,0,0.0,0,0.01328113107896293,0,0.0
TXN00000501,CUST000135,2025-12-22 04:34:57.003505,1638.89,EUR,ES,ES,web,desktop,0,Normal,4,0,22,12,1076.0898113207547,785.7308155211804,135.69,2994.76,53,5,4,0.7162760793461566,1,2,4,3,1,0.0,0,0,0.4617106636235422,0,1.0117831330830136,0,0.0,0,0.0074845555995059435,0,0.0
TXN00003753,CUST000091,2025-12-30 01:11:57.003505,3813.15,GBP,GB,ES,app,pos,0,Normal,1,1,30,12,7200.981951219513,5225.722639258717,656.16,24278.3,41,6,4,-0.6482992275785586,2,4,4,0,3,0.0,0,0,0.5337241615259545,1,1.2055055700162918,0,0.0,0,0.0061413567337492295,0,0.0
TXN00000719,CUST000001,2025-01-25 12:03:57.107482,16725.5,EUR,FR,NG,app,atm,1,Fraude,12,5,25,1,3927.4848484848485,13285.312321840493,105.88,98285.28,66,11,4,0.9633206085424454,1,3,10,0,0,1.0,1,0,0.5464548925783086,1,1.212595682113483,1,0.8827859670841961,1,0.9983893836944562,1,1.0
TXN00000538,CUST000014,2025-12-29 05:21:57.003505,1404.05,EUR,IT,GB,web,mobile,0,Normal,5,0,29,12,6809.598301886793,18922.663397876047,109.06,89409.3,53,9,4,-0.28566529922039763,1,5,6,3,2,0.0,0,0,0.5167997803865919,0,1.040666941505825,0,0.11369728697632583,1,0.6073887686243342,0,0.0
TXN00000529,CUST000099,2025-02-12 07:23:57.003505,146.06,EUR,IT,IT,web,atm,0,Normal,7,2,12,2,135.7517777777778,119.34773310276017,10.87,491.1,45,3,4,0.08637132744679242,1,5,8,3,0,0.0,0,0,0.4831611252158579,0,1.03363772226794,0,0.0,0,0.01279172658531165,0,0.0
TXN00004397,CUST000076,2025-04-10 23:43:57.003505,160.53,EUR,ES,IT,cajero,desktop,0,Normal,23,3,10,4,157.1376595744681,106.39921381723207,16.86,457.19,47,3,4,0.031883134018978555,1,2,8,1,1,0.0,0,0,0.46523725537172045,0,1.0056958224059553,0,0.02777459739208373,0,0.02128681226804554,0,0.0
TXN00008987,CUST000135,2025-10-03 00:01:57.003505,589.42,EUR,ES,ES,app,atm,0,Normal,0,4,3,10,1076.0898113207547,785.7308155211804,135.69,2994.76,53,5,4,-0.6193849103125204,1,2,4,0,0,0.0,0,0,0.45692151443067525,0,0.9977029346187946,0,0.0,0,0.02869204897736133,0,0.0
TXN00007288,CUST000164,2025-02-09 04:35:57.003505,1728.11,USD,US,GB,web,pos,0,Normal,4,6,9,2,5759.409827586207,3931.2540620704726,1054.44,14842.44,58,6,4,-1.0254488168179074,3,6,6,3,3,0.0,0,0,0.5295070811379301,0,1.0445908006006603,0,0.0,0,0.006396646092290836,0,0.0
TXN00000714,CUST000077,2025-11-17 17:42:57.003505,19364.85,CHF,CH,FR,app,pos,0,Normal,17,0,17,11,6464.85641509434,5759.730942651314,662.88,21657.81,53,6,4,2.2396868379980015,0,0,5,0,3,0.0,0,1,0.5761735878057918,0,1.1414844798619446,0,0.0,0,0.4019479776581526,0,0.0
TXN00006682,CUST000122,2025-09-25 03:24:57.003505,680.76,CHF,GB,DE,sucursal,desktop,0,Normal,3,3,25,9,879.8508333333334,604.8507573398664,120.9,2731.71,48,5,4,-0.32915695415473717,0,4,3,2,1,0.0,0,0,0.4659100157379267,0,1.0504142609598373,0,0.0,0,0.00682319857168044,0,0.0
TXN00007066,CUST000022,2025-07-07 06:02:57.003505,2951.78,EUR,IT,IT,cajero,mobile,0,Normal,6,0,7,7,10301.100588235295,13087.105408488525,1670.97,67315.05,51,12,4,-0.5615696029243278,1,5,8,1,2,0.0,0,0,0.5123882933270252,0,1.0494972733204269,0,0.008941176470588234,0,0.11762594087838975,0,0.0
TXN00008471,CUST000143,2025-04-05 05:22:57.003505,10792.32,EUR,ES,ES,app,mobile,0,Normal,5,5,5,4,5239.2824390243895,3581.701917241844,1357.73,14883.52,41,6,4,1.5503907605190772,1,2,4,0,2,0.0,0,0,0.49319008676065773,0,1.0836537396641552,0,0.0,0,0.06465414468502165,0,0.0
TXN00001841,CUST000084,2025-04-07 07:54:57.003505,147.76,EUR,ES,ES,sucursal,mobile,0,Normal,7,0,7,4,147.96942857142858,102.41184253992486,13.22,384.01,70,3,4,-0.0020449643731581097,1,2,4,2,2,0.0,0,0,0.47507366223922265,0,1.0651715794934533,0,0.0,0,0.006213095237086345,0,0.0
TXN00000687,CUST000010,2025-11-17 05:10:57.003505,700.95,EUR,FR,DE,web,mobile,0,Normal,5,0,17,11,2649.5095,9608.349775436482,124.77,72985.19,60,8,4,-0.20279856014178912,1,3,3,3,2,0.0,0,0,0.46008643909332636,0,1.035292231707253,0,0.024135005065856127,0,0.21169020619069764,0,0.0
TXN00003652,CUST000081,2026-01-14 04:04:57.003505,3226.67,GBP,CH,FR,app,pos,0,Normal,4,2,14,1,7762.277592592593,5260.794077166913,692.26,19011.44,54,6,4,-0.862152657032528,2,0,5,0,3,0.0,0,0,0.5029682281637642,1,1.1989613986423149,0,0.0,0,0.004093326171993919,0,0.0
TXN00000134,CUST000010,2025-11-13 02:29:57.003505,989.51,EUR,FR,DE,sucursal,mobile,0,Normal,2,3,13,11,2649.5095,9608.349775436482,124.77,72985.19,60,8,4,-0.1727663478770291,1,3,3,2,2,0.0,0,0,0.4477825576176616,0,0.9895342045493829,0,0.03362833228817281,0,0.2712328202605726,0,0.0
TXN00005450,CUST000059,2025-03-30 01:50:57.003505,138.77,EUR,FR,IT,cajero,desktop,0,Normal,1,6,30,3,141.4556862745098,127.69645729236034,11.48,485.42,51,3,4,-0.02103179924035883,1,3,8,1,1,0.0,0,0,0.48840792365181135,0,1.0209955247048204,0,0.0,0,0.008904476207249136,0,0.0
TXN00000158,CUST000159,2025-07-03 18:44:57.003505,2631.14,GBP,GB,DE,cajero,atm,0,Normal,18,3,3,7,5364.320277777778,2907.7495496055617,1837.52,14914.47,36,6,4,-0.9399641304075077,2,4,3,1,0,0.0,0,0,0.4987428884801995,0,1.1551528941103075,0,0.0,0,0.01263050410199699,0,0.0
TXN00008838,CUST000061,2025-10-20 00:41:57.003505,7320.0,EUR,IT,ES,app,desktop,0,Normal,0,0,20,10,4214.0417391304345,2941.5094806452344,1120.02,13214.78,46,6,4,1.0559062550199065,1,5,4,0,1,0.0,0,0,0.5011696534156145,0,1.0631684164843795,0,0.009313725490196078,0,0.029538045417810622,0,0.0
TXN00000212,CUST000184,2025-03-07 03:33:57.003505,186.57,EUR,FR,FR,cajero,pos,0,Normal,3,4,7,3,141.98777777777778,127.80667248159469,12.93,486.33,54,3,4,0.3488254643341645,1,3,5,1,3,0.0,0,0,0.4494531401786127,0,1.0002914071303595,0,0.0,0,0.00925050406248936,0,0.0
TXN00005898,CUST000172,2025-02-26 23:24:57.003505,2358.05,EUR,FR,ES,app,desktop,0,Normal,23,2,26,2,1225.615576923077,816.7534839489807,107.05,2891.9,52,5,4,1.3865069986786305,1,3,4,0,1,0.0,0,0,0.490757156296204,0,1.0143307941233854,0,0.0,0,0.008610256131290033,0,0.0
TXN00006405,CUST000068,2025-12-24 05:42:57.003505,737.33,EUR,ES,IT,sucursal,atm,0,Normal,5,2,24,12,759.856590909091,491.71454812415806,146.29,2320.43,44,5,4,-0.045812333495552054,1,2,8,2,0,0.0,0,0,0.4612488429982067,0,1.0106972770045544,0,0.0,0,0.02263450630624375,0,0.0
TXN00008268,CUST000188,2025-02-16 08:15:57.003505,4016.73,EUR,IT,DE,cajero,pos,0,Normal,8,6,16,2,4936.442647058823,3552.9495258458055,1054.79,14763.77,34,6,4,-0.2588589114789127,1,5,3,1,3,0.0,0,0,0.48646442653441563,0,1.118743223232003,0,0.0,0,0.010782130891578234,0,0.0
TXN00002838,CUST000173,2025-05-07 04:51:57.003505,14525.1,EUR,DE,GB,cajero,pos,0,Normal,4,2,7,5,5416.205952380952,3884.0417916518163,1118.22,14676.84,42,6,4,2.345210101717258,1,1,6,1,3,0.0,0,0,0.5009581638172416,0,1.0311943303592874,0,0.0,0,0.1610252712960803,0,0.0
TXN00002011,CUST000157,2025-12-21 23:43:57.003505,3396.79,EUR,IT,ES,cajero,desktop,0,Normal,23,6,21,12,4468.6006,3061.342828385575,1001.7,14281.22,50,6,4,-0.3501112615391452,1,5,4,1,1,0.0,0,0,0.4683625319013308,0,1.044664973962004,0,0.01,0,0.010379770997854438,0,0.0
TXN00007623,CUST000005,2025-05-30 02:05:57.003505,555.86,USD,GB,FR,app,atm,0,Normal,2,4,30,5,2003.046231884058,5943.958813233152,101.43,49162.75,69,9,4,-0.24347177985464624,3,4,5,0,0,0.0,0,0,0.5411243414842523,0,1.1098926563609197,0,0.024680808080808078,0,0.18505853492679752,0,0.0
TXN00006489,CUST000105,2025-05-01 04:04:57.003505,3331.67,USD,US,ES,web,mobile,0,Normal,4,3,1,5,4980.748490566038,3710.328094247605,1074.39,14077.93,53,6,4,-0.4444562443623973,3,6,4,3,2,0.0,0,0,0.5009574819774664,0,1.003536516530995,0,0.0,0,0.01667671968902684,0,0.0
TXN00003592,CUST000026,2025-07-15 21:44:57.003505,342.63,EUR,FR,IT,web,pos,0,Normal,21,1,15,7,7883.520307692308,20808.794176314088,16.14,93951.45,65,7,4,-0.36238958602961463,1,3,8,3,3,0.0,0,0,0.47697006182789403,0,1.0092935846455884,0,0.19907691723938647,0,0.4854112786860002,0,0.0
TXN00002894,CUST000026,2025-08-24 19:10:57.003505,73.78,EUR,FR,IT,cajero,pos,0,Normal,19,6,24,8,7883.520307692308,20808.794176314088,16.14,93951.45,65,7,4,-0.3753096042540778,1,3,8,1,3,0.0,0,0,0.48292155583042756,0,0.9967539391152845,0,0.038502079381952686,0,0.4659874262045553,0,0.0
TXN00004646,CUST000024,2025-12-22 23:27:57.003505,10029.35,EUR,FR,GB,web,atm,0,Normal,23,0,22,12,13902.334629629631,16284.919332654581,520.55,73708.1,54,9,4,-0.23782645466506433,1,3,6,3,0,0.0,0,0,0.51130523679593,0,1.0721540887508196,0,0.060932206053704946,0,0.050606010552890233,0,0.0
TXN00006803,CUST000121,2025-11-07 06:55:57.003505,800.42,EUR,ES,ES,sucursal,pos,0,Normal,6,4,7,11,981.1530612244898,662.239680117164,101.46,2575.07,49,5,4,-0.27291185710829424,1,2,4,2,3,0.0,0,0,0.4212640678852262,0,0.9714310513726462,0,0.0,0,0.017853656084642365,0,0.0
TXN00009416,CUST000168,2025-06-03 20:45:57.003505,1357.8,EUR,IT,DE,cajero,tablet,0,Normal,20,1,3,6,805.7724074074074,573.1593417914204,118.62,2763.92,54,5,4,0.963131107492881,1,5,3,1,4,0.0,0,0,0.49720561973211297,0,1.076007192679153,0,0.0,0,0.013831792240023117,0,0.0
TXN00002104,CUST000068,2025-09-24 05:47:57.003505,1158.92,EUR,ES,DE,app,desktop,0,Normal,5,2,24,9,759.856590909091,491.71454812415806,146.29,2320.43,44,5,4,0.8115753536309244,1,2,3,0,1,0.0,0,0,0.4663071800701562,0,1.0102794717961845,0,0.0,0,0.010575002319650546,0,0.0
TXN00002581,CUST000119,2025-09-12 01:08:57.003505,1236.2,EUR,US,IT,sucursal,desktop,0,Normal,1,4,12,9,5182.4826530612245,3810.198553881289,1035.0,14102.78,49,6,4,-1.0357157497751912,1,6,8,2,1,0.0,0,0,0.47159231370637156,0,1.034873238744805,0,0.0,0,0.009689765724475875,0,0.0
TXN00005837,CUST000181,2025-04-16 19:39:57.003505,1835.73,EUR,IT,FR,app,pos,0,Normal,19,2,16,4,859.3886956521739,767.5902422592371,109.88,2932.89,46,5,4,1.2719563763632777,1,5,5,0,3,0.0,0,0,0.48658944252409947,0,1.0391186380958466,0,0.0,0,0.017942575881028672,0,0.0
TXN00002194,CUST000110,2025-10-17 06:27:57.003505,447.89,EUR,ES,IT,app,pos,0,Normal,6,4,17,10,182.09387755102043,131.0415090377906,13.74,460.63,49,3,4,2.0283353143009992,1,2,8,0,3,0.0,0,0,0.4900313654441455,0,1.029836049674186,0,0.008636363636363636,0,0.007523435385842552,0,0.0
TXN00005049,CUST000165,2025-12-08 02:50:57.003505,415.86,EUR,FR,IT,app,mobile,0,Normal,2,0,8,12,796.1411538461538,546.07482260668,145.49,2657.6,52,5,4,-0.6963901967398848,1,3,8,0,2,0.0,0,0,0.4667174468834266,0,1.0103920373977169,0,0.0,0,0.056420175279144974,0,0.0
TXN00000958,CUST000013,2025-08-12 21:45:57.003505,278.83,GBP,GB,GB,cajero,tablet,0,Normal,21,1,12,8,2119.490634920635,8304.770612994731,104.65,66232.6,63,9,4,-0.22163894952364577,2,4,6,1,4,0.0,0,0,0.49570281720212866,0,1.068809176084677,0,0.01768398268398268,0,0.4811437417334061,0,0.0
TXN00000554,CUST000018,2025-10-03 03:28:57.003505,131.23,EUR,FR,IT,web,pos,0,Normal,3,4,3,10,1260.8659574468084,4033.3930453795238,15.89,17120.41,47,4,4,-0.28007088435400523,1,3,8,3,3,0.0,0,0,0.450287556072874,0,1.0124217311185466,0,0.0539310801463193,0,0.06352812805849327,0,0.0
TXN00004716,CUST000007,2025-04-10 04:10:57.003505,5032.54,EUR,DE,DE,sucursal,desktop,0,Normal,4,3,10,4,13983.354109589041,17914.50554094098,1084.09,95095.19,73,10,4,-0.4996405895007052,1,1,3,2,1,0.0,0,0,0.5182680387190938,0,1.0116867201980198,0,0.0,0,0.01310696058058711,0,0.0
TXN00000802,CUST000096,2025-09-15 19:16:57.003505,6847.45,EUR,ES,US,web,desktop,0,Normal,19,0,15,9,8049.057142857143,6639.965843385416,600.14,24951.57,49,6,4,-0.18096586202671375,1,2,14,3,1,0.0,0,0,0.5023317957617763,0,1.0117150563636024,0,0.0,0,0.03832523420693833,0,0.0
TXN00002607,CUST000108,2025-10-22 20:30:57.003505,228.89,EUR,ES,FR,sucursal,pos,0,Normal,20,2,22,10,161.04898305084745,113.9917943612899,19.95,497.52,59,3,4,0.5951394723991726,1,2,5,2,3,0.0,0,0,0.4605413134100289,0,0.9983293052169844,0,0.0,0,0.00504090714783676,0,0.0
TXN00001177,CUST000000,2025-06-27 10:30:57.107482,40124.77,EUR,DE,RU,sucursal,desktop,1,Fraude,10,4,27,6,4670.333709677419,14778.584927606773,159.16,93045.57,62,10,4,2.3990413467593736,1,1,12,2,1,1.0,1,1,0.5650176979207521,0,1.046985378590486,1,0.985228613503966,1,0.9999991441557619,1,1.0
TXN00008028,CUST000069,2025-12-12 04:30:57.003505,191.52,EUR,FR,ES,sucursal,mobile,0,Normal,4,4,12,12,169.07313725490195,120.3676959236189,15.12,478.18,51,3,4,0.18648577084051088,1,3,4,2,2,0.0,0,0,0.44252600132376696,0,0.996850508412685,0,0.0,0,0.007842945654566152,0,0.0
TXN00006271,CUST000150,2025-09-06 01:59:57.003505,3056.76,EUR,ES,GB,app,pos,0,Normal,1,5,6,9,4437.8133333333335,2736.3486113014974,1220.08,12025.36,48,6,4,-0.5047066470714608,1,2,6,0,3,0.0,0,0,0.44911834419521024,0,0.9875354762566884,0,0.0,0,0.01949918340686632,0,0.0
TXN00009887,CUST000075,2025-02-04 03:16:57.003505,3261.75,EUR,FR,CH,sucursal,tablet,0,Normal,3,1,4,2,8798.873684210526,6988.470284473828,1140.6,24612.74,57,6,4,-0.7923227055454385,1,3,1,2,4,0.0,0,0,0.4889079502438197,0,1.1218596076288736,0,0.0,0,0.0013665722237393035,0,0.0
TXN00001027,CUST000025,2025-08-18 22:45:57.003505,1406.53,EUR,ES,DE,sucursal,tablet,0,Normal,22,0,18,8,4343.914923076923,14920.775001268592,113.57,85819.96,65,10,4,-0.19686543913639307,1,2,3,2,4,0.0,0,0,0.48224958978780236,0,1.0025854777091312,0,0.2688982999860302,1,0.6547822465309283,0,0.0
TXN00004643,CUST000082,2025-02-28 04:02:57.003505,2122.4,EUR,ES,ES,app,atm,0,Normal,4,4,28,2,7972.279090909091,6295.064813947002,670.79,24431.66,55,6,4,-0.92928020010519,1,2,4,0,0,0.0,0,0,0.4786887884537598,0,0.9971658926114711,0,0.0,0,0.0015598879205601436,0,0.0
TXN00005711,CUST000154,2025-09-24 23:41:57.003505,4600.54,EUR,ES,DE,app,atm,0,Normal,23,2,24,9,5306.762553191489,3600.2821194151297,1232.6,14459.85,47,6,4,-0.19615755920540426,1,2,3,0,0,0.0,0,0,0.45984272570764995,0,1.0081973446852446,0,0.009047619047619047,0,0.009923889683398725,0,0.0
TXN00003070,CUST000089,2025-05-17 00:01:57.003505,15.94,EUR,ES,ES,web,desktop,0,Normal,0,5,17,5,167.74181818181816,126.83528642226571,11.15,491.57,55,3,4,-1.1968421506897584,1,2,4,3,1,0.0,0,0,0.45641545799424765,0,0.995405434029578,0,0.0,0,0.008250326734087305,0,0.0
TXN00006324,CUST000159,2025-08-23 08:40:57.003505,6466.5,CHF,GB,GB,sucursal,atm,0,Normal,8,5,23,8,5364.320277777778,2907.7495496055617,1837.52,14914.47,36,6,4,0.3790490559933831,0,4,6,2,0,0.0,0,0,0.5124903228278861,0,1.1146107510013912,0,0.0,0,0.008884990539192224,0,0.0
TXN00001026,CUST000134,2025-08-01 03:21:57.003505,34.78,EUR,FR,FR,app,atm,0,Normal,3,4,1,8,159.77609756097561,110.03255829249015,11.1,483.71,41,3,4,-1.1359919133454777,1,3,5,0,0,0.0,0,0,0.4840466378209284,0,1.0427292421871008,0,0.008636363636363636,0,0.04066048195244776,0,0.0
TXN00002664,CUST000043,2025-03-18 01:18:57.003505,654.06,USD,CH,ES,cajero,atm,0,Normal,1,1,18,3,14802.66984375,19505.427795265667,654.06,90854.63,64,10,4,-0.7253678305101704,3,0,4,1,0,0.0,0,1,0.5623430087339044,1,1.1737570672753441,0,0.009268292682926829,0,0.008055235337178666,0,0.0
TXN00002707,CUST000154,2025-09-15 05:46:57.003505,11557.48,EUR,ES,DE,cajero,desktop,0,Normal,5,0,15,9,5306.762553191489,3600.2821194151297,1232.6,14459.85,47,6,4,1.736174343494996,1,2,3,1,1,0.0,0,0,0.4811079567529341,0,1.0366444902221645,0,0.0,0,0.042781653683550025,0,0.0
TXN00009436,CUST000056,2025-09-02 20:28:57.003505,125.99,GBP,GB,IT,web,atm,0,Normal,20,1,2,9,850.786111111111,607.7213774215593,107.86,2433.3,54,5,4,-1.1926454076597257,2,4,8,3,0,0.0,0,0,0.5108674373708233,1,1.1835426362444457,0,0.0,0,0.05990906699174667,0,0.0
TXN00003045,CUST000127,2025-02-13 03:52:57.003505,1326.75,EUR,FR,FR,cajero,desktop,0,Normal,3,3,13,2,5175.683538461539,3408.1231986798057,1026.86,14073.5,65,6,4,-1.1293410809864934,1,3,5,1,1,0.0,0,0,0.4425979189064275,0,1.035164847112568,0,0.0,0,0.004070564448213469,0,0.0
TXN00004350,CUST000125,2025-10-25 18:28:57.003505,1734.93,EUR,US,ES,web,desktop,0,Normal,18,5,25,10,8174.718545454546,5978.903488843214,693.97,24865.54,55,6,4,-1.0770852141022629,1,6,4,3,1,0.0,0,0,0.49837472222719154,0,1.0854708640074058,0,0.0,0,0.0008550956497216732,0,0.0
TXN00000636,CUST000107,2025-12-10 02:18:57.003505,6803.52,EUR,DE,ES,web,pos,0,Normal,2,2,10,12,8391.43761904762,6394.4847395277075,641.04,24787.14,42,6,4,-0.2483261253222688,1,1,4,3,3,0.0,0,0,0.4735209679114907,0,1.0268208841509305,0,0.0,0,0.007066695915773634,0,0.0
TXN00000071,CUST000182,2025-07-17 06:31:57.003505,9355.55,EUR,FR,US,sucursal,atm,0,Normal,6,3,17,7,5969.300425531915,3942.2714577699544,1117.5,14812.85,47,6,4,0.8589590062183702,1,3,14,2,0,0.0,0,0,0.4756153847418502,0,0.9727162183092304,0,0.0,0,0.08084536323647619,0,0.0
TXN00000393,CUST000090,2025-12-07 04:01:57.003505,1475.02,GBP,GB,DE,web,mobile,0,Normal,4,6,7,12,7876.1302173913045,6513.608792365749,504.72,24011.29,46,6,4,-0.982728687039199,2,4,3,3,2,0.0,0,0,0.5200556486220941,0,1.1055799240878181,0,0.0,0,0.0026971948390065344,0,0.0
TXN00000138,CUST000150,2025-07-28 05:56:57.003505,7400.07,EUR,ES,IT,app,pos,0,Normal,5,0,28,7,4437.8133333333335,2736.3486113014974,1220.08,12025.36,48,6,4,1.0825582140190688,1,2,8,0,3,0.0,0,0,0.4923293428000835,0,1.0553062818923453,0,0.0,0,0.029859859494196932,0,0.0
TXN00004756,CUST000009,2025-07-21 21:57:57.003505,1647.39,EUR,FR,GB,app,mobile,0,Normal,21,0,21,7,17673.34349206349,20853.679531958067,673.65,79519.37,63,12,4,-0.7684952416543743,1,3,6,0,2,0.0,0,0,0.5218568956416447,0,0.9922707454188882,0,0.019568345323741007,0,0.004257233718569629,0,0.0
TXN00004452,CUST000180,2026-01-08 06:06:57.003505,323.75,EUR,GB,ES,web,desktop,0,Normal,6,3,8,1,934.9624,733.4398987565374,127.9,2829.87,50,5,4,-0.8333503538638811,1,4,4,3,1,0.0,0,0,0.4474782151770632,0,1.0066762293532845,0,0.0,0,0.014391654004725337,0,0.0
TXN00004992,CUST000036,2025-04-13 18:05:57.003505,2399.9,EUR,FR,ES,web,pos,0,Normal,18,6,13,4,9097.943035714286,14723.247345472018,1593.82,84621.7,56,7,4,-0.45492973649724566,1,3,4,3,3,0.0,0,0,0.46639860163910873,0,1.0334342731886035,0,0.027548916473806015,0,0.029182805874642122,0,0.0
TXN00007491,CUST000046,2025-07-23 20:47:57.003505,9377.65,USD,GB,CH,app,desktop,0,Normal,20,2,23,7,14390.02703125,20397.40065692597,666.14,92261.44,64,10,4,-0.2457360678112828,3,4,1,0,1,0.0,0,0,0.5510716972176295,0,1.034709423247774,0,0.1260195742496783,0,0.19438141792769648,0,0.0
TXN00004817,CUST000131,2025-08-31 19:11:57.003505,439.53,EUR,DE,IT,cajero,atm,0,Normal,19,6,31,8,890.2438181818181,592.6132155358536,134.89,2885.62,55,5,4,-0.760553098725144,1,1,8,1,0,0.0,0,0,0.4964337230169815,0,1.0990939526691563,0,0.0,0,0.019910392079434625,0,0.0
TXN00009955,CUST000185,2025-09-04 18:07:57.003505,738.77,GBP,GB,GB,app,mobile,0,Normal,18,3,4,9,845.7542857142857,659.7552020194057,107.93,2962.75,49,5,4,-0.1621575475641061,2,4,6,0,2,0.0,0,0,0.4702387752674094,0,1.1049608452946718,0,0.0,0,0.05657618054814484,0,0.0
TXN00008426,CUST000005,2025-05-02 23:31:57.003505,832.42,USD,GB,FR,sucursal,pos,0,Normal,23,4,2,5,2003.046231884058,5943.958813233152,101.43,49162.75,69,9,4,-0.19694386661645874,3,4,5,2,3,0.0,0,0,0.5279399978281591,0,1.0687637468091205,0,0.09745029851105672,0,0.30598032925872515,0,0.0
TXN00007837,CUST000060,2025-10-02 02:01:57.003505,258.99,EUR,IT,IT,web,desktop,0,Normal,2,3,2,10,793.8452000000001,702.8669137539191,101.28,2914.93,50,5,4,-0.7609622657900441,1,5,8,3,1,0.0,0,0,0.45729846909470706,0,1.031734815056544,0,0.0,0,0.039003408866097086,0,0.0
TXN00008515,CUST000182,2025-03-12 09:25:57.003505,11742.73,EUR,FR,DE,sucursal,tablet,0,Normal,9,2,12,3,5969.300425531915,3942.2714577699544,1117.5,14812.85,47,6,4,1.4644931570160007,1,3,3,2,4,0.0,0,0,0.45501808792778836,0,1.0220393631500715,0,0.00987012987012987,0,0.028250759733667204,0,0.0
TXN00003369,CUST000071,2025-05-24 01:27:57.003505,4979.53,EUR,FR,ES,cajero,desktop,0,Normal,1,5,24,5,8737.374901960784,6519.461954884734,915.99,24253.24,51,6,4,-0.5764041461379799,1,3,4,1,1,0.0,0,0,0.44708724440937864,0,0.9793353160772167,0,0.0,0,0.0022783512673594164,0,0.0
TXN00005997,CUST000150,2025-07-27 00:10:57.003505,2609.66,EUR,ES,FR,web,atm,0,Normal,0,6,27,7,4437.8133333333335,2736.3486113014974,1220.08,12025.36,48,6,4,-0.6680995707618206,1,2,5,3,0,0.0,0,0,0.4675646977179955,0,1.0168188232237731,0,0.0,0,0.004384327200686657,0,0.0
TXN00007769,CUST000149,2025-08-15 22:39:57.003505,1551.88,EUR,ES,US,web,tablet,0,Normal,22,4,15,8,6270.26275,3614.0108901244885,1298.13,14063.89,40,6,4,-1.305580667060992,1,2,14,3,4,0.0,0,0,0.5071839105954538,0,1.0365860595216179,0,0.0061290322580645155,0,0.011989661059259719,0,0.0
TXN00006406,CUST000073,2025-12-10 06:47:57.003505,769.01,EUR,DE,IT,cajero,atm,0,Normal,6,2,10,12,870.7014285714286,670.8365566182797,100.07,2635.22,42,5,4,-0.15158897859185122,1,1,8,1,0,0.0,0,0,0.4686263411308523,0,1.0824641613317183,0,0.0,0,0.0460995260467398,0,0.0
TXN00003200,CUST000083,2025-08-22 04:11:57.003505,55.05,EUR,ES,IT,sucursal,tablet,0,Normal,4,4,22,8,158.37742857142857,131.01619648393864,23.45,495.8,70,3,4,-0.7886614827460211,1,2,8,2,4,0.0,0,0,0.476496212904596,0,1.0575129372884136,0,0.0,0,0.010335343428652942,0,0.0
TXN00000992,CUST000079,2025-10-03 02:54:57.003505,22155.05,EUR,FR,CH,app,mobile,0,Normal,2,4,3,10,8145.75744680851,6052.306858239896,540.85,22648.11,47,6,4,2.314702951950275,1,3,1,0,2,0.0,0,0,0.5138421699678302,0,1.1015667880788587,0,0.026753875968992247,0,0.36511993944171806,0,0.0
TXN00006979,CUST000111,2025-09-05 07:03:57.003505,100.67,EUR,ES,ES,web,pos,0,Normal,7,4,5,9,149.84564102564102,120.71725075770787,10.45,438.85,39,3,4,-0.4073621649732522,1,2,4,3,3,0.0,0,0,0.4509276357684416,0,1.0280903566059205,0,0.0,0,0.01312940706917818,0,0.0
TXN00001000,CUST000062,2025-08-24 22:24:57.003505,729.87,EUR,IT,IT,cajero,atm,0,Normal,22,6,24,8,897.1857692307692,674.5982232769489,119.34,2822.56,52,5,4,-0.2480228426484555,1,5,8,1,0,0.0,0,0,0.4721957263436157,0,1.0642899136736719,0,0.0,0,0.023796827556691658,0,0.0
TXN00003460,CUST000033,2025-06-02 21:52:57.003505,14120.83,EUR,IT,FR,sucursal,atm,0,Normal,21,0,2,6,13515.900317460317,21277.432782527,1113.58,86099.77,63,10,4,0.028430576597004695,1,5,5,2,0,0.0,0,0,0.5479292083042225,0,1.0579824561708944,0,0.2291680495620931,1,0.8291253598543076,0,0.0
TXN00000438,CUST000130,2025-05-14 18:02:57.003505,1976.19,EUR,IT,GB,web,tablet,0,Normal,18,2,14,5,5477.731875,3585.6029816829373,1158.54,14850.38,64,6,4,-0.9765559354761475,1,5,6,3,4,0.0,0,0,0.46313072204809236,0,1.0643749188754221,0,0.009743589743589744,0,0.0037300044339420332,0,0.0
TXN00009731,CUST000109,2025-02-16 05:47:57.003505,4607.26,CHF,CH,CH,web,mobile,0,Normal,5,6,16,2,7309.252040816326,6747.518800021043,807.42,24185.66,49,6,4,-0.4004423137594603,0,0,1,3,2,0.0,0,0,0.5203859092769518,1,1.1709794859421279,0,0.00826086956521739,0,0.0023952707777209524,0,0.0
TXN00002756,CUST000125,2025-03-01 22:37:57.003505,13100.18,GBP,US,GB,sucursal,tablet,0,Normal,22,5,1,3,8174.718545454546,5978.903488843214,693.97,24865.54,55,6,4,0.8238068172387601,2,6,6,2,4,0.0,0,0,0.5595171994166427,0,1.0920789550188825,0,0.0,0,0.0719084755081042,0,0.0
TXN00003779,CUST000013,2025-08-23 20:02:57.003505,1268.18,USD,GB,IT,cajero,atm,0,Normal,20,5,23,8,2119.490634920635,8304.770612994731,104.65,66232.6,63,9,4,-0.10250862720832458,3,4,8,1,0,0.0,0,0,0.5095264064060793,0,1.053983829224077,0,0.14368175410086662,1,0.6092604455628036,0,0.0
TXN00005336,CUST000110,2025-10-19 22:46:57.003505,426.25,EUR,ES,IT,cajero,pos,0,Normal,22,6,19,10,182.09387755102043,131.0415090377906,13.74,460.63,49,3,4,1.8631968021321508,1,2,8,1,3,0.0,0,0,0.5065984555459504,0,1.0793898802639021,0,0.0,0,0.006698907590689113,0,0.0
TXN00006501,CUST000062,2025-12-09 06:15:57.003505,758.45,EUR,IT,GB,app,mobile,0,Normal,6,1,9,12,897.1857692307692,674.5982232769489,119.34,2822.56,52,5,4,-0.2056568847026978,1,5,6,0,2,0.0,0,0,0.45602115120119746,0,1.0124863871515266,0,0.0,0,0.03532920472270979,0,0.0
TXN00000077,CUST000164,2025-05-21 21:05:57.003505,14842.44,CHF,US,DE,cajero,mobile,0,Normal,21,2,21,5,5759.409827586207,3931.2540620704726,1054.44,14842.44,58,6,4,2.3104663363627966,0,6,3,1,2,0.0,0,0,0.5374398816430368,0,1.0696103949962457,0,0.0,0,0.03985637368786506,0,0.0
TXN00008045,CUST000163,2025-04-12 22:52:57.003505,85.16,EUR,ES,ES,web,atm,0,Normal,22,5,12,4,168.95499999999998,140.93004795235706,16.1,480.82,42,3,4,-0.5945857581325882,1,2,4,3,0,0.0,0,0,0.4744212539455028,0,1.0266952501681081,0,0.0,0,0.010774353849204077,0,0.0
TXN00008112,CUST000119,2025-03-24 02:10:57.003505,1532.77,USD,US,ES,cajero,tablet,0,Normal,2,0,24,3,5182.4826530612245,3810.198553881289,1035.0,14102.78,49,6,4,-0.9578799111100222,3,6,4,1,4,0.0,0,0,0.5311211658353976,0,1.0254357240013383,0,0.0,0,0.00793928973263891,0,0.0
TXN00004337,CUST000044,2025-06-11 21:08:57.003505,855.55,EUR,ES,FR,cajero,desktop,0,Normal,21,2,11,6,1931.648222222222,3870.370479347076,127.53,24725.19,45,7,4,-0.2780349394680488,1,2,5,1,1,0.0,0,0,0.4259340542308767,0,0.9729622213336631,0,0.03450728365485647,0,0.08692795513240942,0,0.0
TXN00002980,CUST000096,2025-09-14 01:02:57.003505,7346.36,EUR,ES,CH,app,atm,0,Normal,1,6,14,9,8049.057142857143,6639.965843385416,600.14,24951.57,49,6,4,-0.1058284273331505,1,2,1,0,0,0.0,0,0,0.49789553305105155,0,1.0369326175878963,0,0.0,0,0.008782991750611448,0,0.0
TXN00009565,CUST000060,2025-04-07 19:40:57.003505,882.33,EUR,IT,ES,web,atm,0,Normal,19,0,7,4,793.8452000000001,702.8669137539191,101.28,2914.93,50,5,4,0.12589125785068342,1,5,4,3,0,0.0,0,0,0.4665592060966039,0,1.0277321029409345,0,0.0,0,0.015001129095543743,0,0.0
TXN00009833,CUST000104,2025-04-28 00:54:57.003505,1107.33,EUR,ES,ES,app,pos,0,Normal,0,0,28,4,878.7486666666667,742.4299771714012,115.19,2937.85,45,5,4,0.3078826826151701,1,2,4,0,3,0.0,0,0,0.4683797889937477,0,1.0424598274940917,0,0.0,0,0.012386301463087815,0,0.0
TXN00006329,CUST000069,2025-08-06 19:51:57.003505,62.06,EUR,FR,ES,app,tablet,0,Normal,19,2,6,8,169.07313725490195,120.3676959236189,15.12,478.18,51,3,4,-0.8890519631924895,1,3,4,0,4,0.0,0,0,0.45486263478986416,0,1.0181860531135982,0,0.0,0,0.023883375910216588,0,0.0
TXN00000988,CUST000132,2025-09-08 19:52:57.003505,3632.03,EUR,ES,GB,sucursal,tablet,0,Normal,19,0,8,9,4842.353035714286,3440.9431400374256,1071.04,14203.76,56,6,4,-0.35174165515254063,1,2,6,2,4,0.0,0,0,0.4482660299458476,0,0.9951827056462564,0,0.0,0,0.014619552042125198,0,0.0
TXN00005503,CUST000053,2025-03-08 19:53:57.003505,2864.45,EUR,FR,FR,web,desktop,0,Normal,19,5,8,3,5120.007843137255,3842.5661514010735,1060.21,14819.86,51,6,4,-0.5869925861205649,1,3,5,3,1,0.0,0,0,0.42893949380443436,0,0.981929011707107,0,0.0,0,0.007810652398991792,0,0.0
TXN00008521,CUST000108,2025-01-29 04:36:57.003505,44.2,EUR,ES,ES,sucursal,mobile,0,Normal,4,2,29,1,161.04898305084745,113.9917943612899,19.95,497.52,59,3,4,-1.0250648538388387,1,2,4,2,2,0.0,0,0,0.4786913660788711,0,1.0318353705995416,0,0.0,0,0.005780306108812284,0,0.0
TXN00002834,CUST000027,2025-05-22 02:46:57.003505,61.46,EUR,FR,FR,sucursal,atm,0,Normal,2,3,22,5,4851.360625,18687.684437621316,10.99,94066.9,64,5,4,-0.2563132227929131,1,3,5,2,0,0.0,0,0,0.46475203697020573,0,1.004635895684292,0,0.0,0,0.49840975199586035,0,0.0
TXN00007533,CUST000067,2025-07-04 18:26:57.003505,3039.89,EUR,DE,ES,cajero,desktop,0,Normal,18,4,4,7,8442.174444444445,6077.338718064163,531.49,24134.52,54,6,4,-0.8889227166979977,1,1,4,1,1,0.0,0,0,0.4475826246231137,0,0.9925459963006686,0,0.0,0,0.0028393726001462957,0,0.0
TXN00005311,CUST000180,2025-06-15 23:04:57.003505,935.48,CHF,GB,IT,cajero,desktop,0,Normal,23,6,15,6,934.9624,733.4398987565374,127.9,2829.87,50,5,4,0.0007057156287404478,0,4,8,1,1,0.0,0,0,0.48151497314504305,0,1.0887405632987046,0,0.0,0,0.02169959928106298,0,0.0
TXN00002781,CUST000025,2025-09-13 18:27:57.003505,566.58,EUR,ES,FR,app,pos,0,Normal,18,5,13,9,4343.914923076923,14920.775001268592,113.57,85819.96,65,10,4,-0.2531594318996572,1,2,5,0,3,0.0,0,0,0.47748222761241377,0,0.9943993022682491,0,0.0,1,0.7549303619193369,0,0.0
TXN00008439,CUST000000,2025-05-04 00:09:57.003505,1538.13,EUR,DE,GB,cajero,atm,0,Normal,0,6,4,5,4670.333709677419,14778.584927606773,159.16,93045.57,62,10,4,-0.21194205837762187,1,1,6,1,0,0.0,0,0,0.49384849815831283,0,1.0288778292847947,0,0.07790309002064955,1,0.7766603958268333,0,0.0
TXN00000135,CUST000156,2025-11-13 03:06:57.003505,45.96,EUR,FR,ES,cajero,pos,0,Normal,3,3,13,11,105.78857142857143,88.03691067704752,12.77,375.54,56,3,4,-0.6795850773144465,1,3,4,1,3,0.0,0,0,0.4464256347622839,0,0.9844482780617628,0,0.0,0,0.01265052981106767,0,0.0
TXN00008187,CUST000005,2025-02-02 13:38:57.107482,2917.53,CHF,GB,ES,web,mobile,1,Fraude,13,6,2,2,2003.046231884058,5943.958813233152,101.43,49162.75,69,9,4,0.1538509597216855,0,4,4,3,2,0.0,0,0,0.5386866180096818,1,1.1790989302273696,1,0.6358086920512541,0,0.1578713664939478,0,0.0
TXN00003184,CUST000000,2026-01-15 10:57:57.107482,7005.41,EUR,DE,ES,web,atm,1,Fraude,10,3,15,1,4670.333709677419,14778.584927606773,159.16,93045.57,62,10,4,0.1580040512405619,1,1,4,3,0,1.0,1,0,0.5046980233482963,0,1.033237213030839,1,0.6835196257931322,1,0.88329761372918,1,1.0
TXN00008383,CUST000108,2025-11-30 00:07:57.003505,49.94,EUR,ES,IT,sucursal,atm,0,Normal,0,6,30,11,161.04898305084745,113.9917943612899,19.95,497.52,59,3,4,-0.97471035260647,1,2,8,2,0,0.0,0,0,0.5208373340334884,0,1.1502856720050956,0,0.0,0,0.011548512772444102,0,0.0
TXN00000952,CUST000057,2025-12-08 19:10:57.003505,45.02,EUR,ES,FR,app,tablet,0,Normal,19,0,8,12,180.91574074074074,140.8073723895602,11.53,490.57,54,3,4,-0.9651180720825546,1,2,5,0,4,0.0,0,0,0.48165282138028004,0,1.0164612678217932,0,0.0,0,0.028657767735949337,0,0.0
TXN00008812,CUST000174,2025-11-29 01:52:57.003505,1603.23,EUR,IT,ES,web,atm,0,Normal,1,5,29,11,953.0994444444445,735.2875712941743,105.45,2963.0,54,5,4,0.8841854262912128,1,5,4,3,0,0.0,0,0,0.5066618399071874,0,1.0853969554275098,0,0.0,0,0.005090531997152787,0,0.0
TXN00001001,CUST000149,2025-04-24 20:10:57.003505,9779.71,EUR,ES,US,cajero,desktop,0,Normal,20,3,24,4,6270.26275,3614.0108901244885,1298.13,14063.89,40,6,4,0.9710671483084672,1,2,14,1,1,0.0,0,0,0.49460347512784936,0,1.0062369290796123,0,0.0,0,0.06987224932760754,0,0.0
TXN00007495,CUST000151,2025-11-24 20:19:57.003505,4514.77,EUR,ES,FR,web,atm,0,Normal,20,0,24,11,4647.714285714285,3516.3390907388803,1030.42,14338.55,49,6,4,-0.037807584037221516,1,2,5,3,0,0.0,0,0,0.4604743898068477,0,1.0106248334157382,0,0.008636363636363635,0,0.011199200221838543,0,0.0
TXN00005973,CUST000101,2025-09-24 02:53:57.003505,33.14,EUR,FR,IT,cajero,desktop,0,Normal,2,2,24,9,125.60097560975608,111.09659308018581,10.12,468.78,41,3,4,-0.8322575176609,1,3,8,1,1,0.0,0,0,0.4635867709684622,0,1.0296435820228984,0,0.0,0,0.024309335610092013,0,0.0
TXN00002439,CUST000064,2025-08-20 06:01:57.003505,220.59,EUR,ES,IT,sucursal,tablet,0,Normal,6,2,20,8,729.9651020408163,552.4964489294722,103.76,2307.86,49,5,4,-0.9219518100176743,1,2,8,2,4,0.0,0,0,0.4311871647202834,0,0.9808572775052309,0,0.0,0,0.028286650264597465,0,0.0
TXN00005074,CUST000043,2025-03-05 03:03:57.003505,6719.63,GBP,CH,ES,web,desktop,0,Normal,3,2,5,3,14802.66984375,19505.427795265667,654.06,90854.63,64,10,4,-0.4143995162873334,2,0,4,3,1,0.0,0,1,0.5623974480094496,0,1.13397480305501,0,0.0,0,0.04366225417852173,0,0.0
TXN00007139,CUST000078,2025-07-23 02:41:57.003505,24850.13,EUR,DE,ES,app,atm,0,Normal,2,2,23,7,8590.456956521739,6556.444835127875,848.73,24850.13,46,6,4,2.47995269538193,1,1,4,0,0,0.0,0,0,0.5262098715593114,0,1.0985978286336502,0,0.007916666666666666,1,0.5154508563941791,0,0.0
TXN00002920,CUST000044,2025-10-31 22:24:57.003505,1263.8,EUR,ES,ES,web,desktop,0,Normal,22,4,31,10,1931.648222222222,3870.370479347076,127.53,24725.19,45,7,4,-0.1725540812212718,1,2,4,3,1,0.0,0,0,0.4690759424914869,0,1.0595970936762862,0,0.08017342906558056,0,0.03305996357755653,0,0.0
TXN00008781,CUST000017,2025-12-03 08:42:57.003505,4618.81,EUR,FR,DE,cajero,pos,0,Normal,8,2,3,12,15977.346615384617,23735.85855892997,1012.73,95316.24,65,9,4,-0.4785391093693022,1,3,3,1,3,0.0,0,0,0.5192898067870061,0,1.013358243213316,0,0.05533851369562681,0,0.04945513937430514,0,0.0
TXN00005121,CUST000184,2025-04-16 00:47:57.003505,205.23,EUR,FR,ES,app,tablet,0,Normal,0,2,16,4,141.98777777777778,127.80667248159469,12.93,486.33,54,3,4,0.4948272300611099,1,3,4,0,4,0.0,0,0,0.4767997986720253,0,1.0078811154715868,0,0.0,0,0.007005215512704445,0,0.0
TXN00003874,CUST000174,2025-07-19 01:34:57.003505,716.93,EUR,IT,DE,web,mobile,0,Normal,1,5,19,7,953.0994444444445,735.2875712941743,105.45,2963.0,54,5,4,-0.3211933036044267,1,5,3,3,2,0.0,0,0,0.45369772664990604,0,1.0128432059924612,0,0.0,0,0.007363477696674902,0,0.0
TXN00009663,CUST000056,2025-09-26 05:57:57.003505,494.01,GBP,GB,GB,app,pos,0,Normal,5,4,26,9,850.786111111111,607.7213774215593,107.86,2433.3,54,5,4,-0.5870718453870574,2,4,6,0,3,0.0,0,0,0.48016509689625847,0,1.0690992136349782,0,0.0,0,0.026375810197014106,0,0.0
TXN00001028,CUST000160,2025-06-17 05:57:57.003505,764.68,EUR,DE,FR,web,atm,0,Normal,5,1,17,6,904.2335714285715,637.0384111964836,114.49,2851.37,56,5,4,-0.21906617993002384,1,1,5,3,0,0.0,0,0,0.44496560792879986,0,0.9989748036338766,0,0.0,0,0.010698369045212302,0,0.0
TXN00002241,CUST000078,2025-10-17 19:46:57.003505,5424.62,EUR,DE,GB,cajero,tablet,0,Normal,19,4,17,10,8590.456956521739,6556.444835127875,848.73,24850.13,46,6,4,-0.48285878027632856,1,1,6,1,4,0.0,0,0,0.4564467664616336,0,1.017553931902021,0,0.0,0,0.006711720744657588,0,0.0
TXN00000763,CUST000020,2025-12-24 03:02:57.003505,369.27,EUR,IT,ES,app,desktop,0,Normal,3,2,24,12,3059.5745588235295,12108.493253395596,10.07,69036.33,68,7,4,-0.22218326444926595,1,5,4,0,1,0.0,0,0,0.4950402576693131,0,1.0261884118307525,0,0.10849789467047721,0,0.3564453196289591,0,0.0
TXN00000041,CUST000032,2025-07-17 19:14:57.003505,147.16,EUR,FR,IT,app,desktop,0,Normal,19,3,17,7,5279.0388,17558.788655810717,10.88,75146.84,50,4,4,-0.292268384813063,1,3,8,0,1,0.0,0,0,0.4758190787389738,0,1.042480153253576,0,0.04660473997354149,1,0.5881688089604172,0,0.0
TXN00006246,CUST000149,2025-09-19 09:52:57.003505,9680.55,EUR,ES,FR,cajero,desktop,0,Normal,9,4,19,9,6270.26275,3614.0108901244885,1298.13,14063.89,40,6,4,0.9436294888803999,1,2,5,1,1,0.0,0,0,0.45521919724104626,0,1.0292228893693998,0,0.0,0,0.021036709339650086,0,0.0
TXN00007881,CUST000173,2026-01-07 05:42:57.003505,5009.13,EUR,DE,IT,web,desktop,0,Normal,5,2,7,1,5416.205952380952,3884.0417916518163,1118.22,14676.84,42,6,4,-0.1048073048933447,1,1,8,3,1,0.0,0,0,0.46452381001575027,0,1.0738915229375452,0,0.0,0,0.019342173792123656,0,0.0
TXN00005048,CUST000177,2025-09-29 20:32:57.003505,466.21,EUR,FR,ES,web,atm,0,Normal,20,0,29,9,882.1804000000001,714.9039851529658,108.09,2740.13,50,5,4,-0.581854917663022,1,3,4,3,0,0.0,0,0,0.4667124448451389,0,0.9995043950701396,0,0.0,0,0.00992427178693949,0,0.0
TXN00000383,CUST000121,2025-06-16 05:24:57.003505,623.2,EUR,ES,GB,cajero,pos,0,Normal,5,0,16,6,981.1530612244898,662.239680117164,101.46,2575.07,49,5,4,-0.540518895848466,1,2,6,1,3,0.0,0,0,0.4191297667194293,0,0.9750987248115524,0,0.0,0,0.023289872610185725,0,0.0
TXN00005924,CUST000057,2025-08-05 21:29:57.003505,355.91,EUR,ES,FR,sucursal,tablet,0,Normal,21,1,5,8,180.91574074074074,140.8073723895602,11.53,490.57,54,3,4,1.242791872660795,1,2,5,2,4,0.0,0,0,0.481471155396532,0,1.0310689778328863,0,0.0,0,0.00684644668039873,0,0.0
TXN00008590,CUST000004,2025-02-24 04:05:57.003505,10243.47,EUR,DE,ES,cajero,mobile,0,Normal,4,0,24,2,14062.081549295775,19520.768114931096,601.38,95541.67,71,12,4,-0.19561789406121619,1,1,4,1,2,0.0,0,0,0.5429368005669862,0,1.0268280304530608,0,0.044218599033816426,0,0.20038425833543247,0,0.0
TXN00008636,CUST000083,2025-12-27 22:29:57.003505,121.63,EUR,ES,FR,app,pos,0,Normal,22,5,27,12,158.37742857142857,131.01619648393864,23.45,495.8,70,3,4,-0.2804800419881936,1,2,5,0,3,0.0,0,0,0.5039877088071686,1,1.194160804482057,0,0.0,0,0.007710323567680237,0,0.0
TXN00004755,CUST000098,2025-12-27 02:04:57.003505,732.64,EUR,IT,GB,cajero,mobile,0,Normal,2,5,27,12,859.0164814814815,759.6341295827942,114.41,2894.43,54,5,4,-0.16636493331931385,1,5,6,1,2,0.0,0,0,0.4564723972568056,0,1.0077197712960264,0,0.0,0,0.015146649448777874,0,0.0
TXN00000250,CUST000126,2025-03-16 23:47:57.003505,1762.9,EUR,DE,IT,app,desktop,0,Normal,23,6,16,3,912.0479310344828,667.0118958084857,109.66,2772.03,58,5,4,1.2756175310165663,1,1,8,0,1,0.0,0,0,0.4983406803930708,0,1.073668219648503,0,0.0,0,0.018283502892375507,0,0.0
TXN00000417,CUST000088,2025-08-16 05:09:57.003505,538.97,EUR,DE,ES,app,pos,0,Normal,5,5,16,8,999.984909090909,775.2614145011627,168.78,2889.91,55,5,4,-0.5946573631461962,1,1,4,0,3,0.0,0,0,0.4433340396615955,0,0.9953867644011083,0,0.0,0,0.01775080407259283,0,0.0
TXN00002785,CUST000117,2025-05-15 05:20:57.003505,10317.54,EUR,ES,IT,app,pos,0,Normal,5,3,15,5,4614.202641509434,3046.091732833902,1227.93,13885.08,53,6,4,1.872345896593264,1,2,8,0,3,0.0,0,0,0.4775250530864169,0,1.034709251999392,0,0.0,0,0.06580764023382801,0,0.0
TXN00005618,CUST000149,2025-11-22 01:50:57.003505,10428.23,EUR,ES,DE,web,tablet,0,Normal,1,5,22,11,6270.26275,3614.0108901244885,1298.13,14063.89,40,6,4,1.150513204100019,1,2,3,3,4,0.0,0,0,0.5114073969650188,0,1.1134923421716567,0,0.0,0,0.010666995219942091,0,0.0
TXN00001642,CUST000140,2025-10-07 08:54:57.003505,2150.44,EUR,DE,GB,web,atm,0,Normal,8,1,7,10,680.5558695652173,567.6112813520499,132.76,2321.13,46,5,4,2.589596394814287,1,1,6,3,0,0.0,0,0,0.5127241076436183,0,1.0691290309389745,0,0.0,0,0.010052892815991726,0,0.0
TXN00008107,CUST000093,2025-10-21 00:55:57.003505,2926.82,EUR,FR,GB,sucursal,tablet,0,Normal,0,1,21,10,5332.117045454545,3968.6959699562376,1106.74,14810.24,44,6,4,-0.6060673488362478,1,3,6,2,4,0.0,0,0,0.4448538263355543,0,1.0054667952745975,0,0.0,0,0.00863727678745542,0,0.0
TXN00004079,CUST000032,2025-06-01 22:40:57.003505,112.75,EUR,FR,IT,web,desktop,0,Normal,22,6,1,6,5279.0388,17558.788655810717,10.88,75146.84,50,4,4,-0.29422808719758103,1,3,8,3,1,0.0,0,0,0.49484613865914817,1,1.2006671451609776,0,0.1117332839171355,1,0.5495052698955013,0,0.0
TXN00004657,CUST000093,2025-03-27 04:15:57.003505,1911.22,EUR,FR,ES,app,tablet,0,Normal,4,3,27,3,5332.117045454545,3968.6959699562376,1106.74,14810.24,44,6,4,-0.8619700451960539,1,3,4,0,4,0.0,0,0,0.4596717588508844,0,1.006134588284005,0,0.0,0,0.005196116791527518,0,0.0
TXN00004410,CUST000007,2025-03-19 21:50:57.003505,19101.09,EUR,DE,US,web,atm,0,Normal,21,2,19,3,13983.354109589041,17914.50554094098,1084.09,95095.19,73,10,4,0.28567553139713775,1,1,14,3,0,0.0,0,1,0.5891428761012002,0,1.046790858865652,0,0.489415965212652,1,0.8473309139783596,0,0.0
TXN00001755,CUST000035,2025-04-24 07:57:57.003505,352.03,EUR,DE,FR,web,pos,0,Normal,7,3,24,4,6047.965897435898,17026.815534224974,102.61,89843.04,39,8,4,-0.3345273745200434,1,1,5,3,3,0.0,0,0,0.48844484971960606,0,1.0827964010582185,0,0.040881330235112444,0,0.39851366862529786,0,0.0
TXN00003397,CUST000083,2025-06-26 05:59:57.003505,330.31,EUR,ES,IT,app,desktop,0,Normal,5,3,26,6,158.37742857142857,131.01619648393864,23.45,495.8,70,3,4,1.312300118080047,1,2,8,0,1,0.0,0,0,0.5052218706263265,0,1.1239951757384934,0,0.017473572938689216,0,0.004929969147372776,0,0.0
TXN00001555,CUST000075,2026-01-02 01:43:57.003505,5632.56,EUR,FR,US,cajero,tablet,0,Normal,1,4,2,1,8798.873684210526,6988.470284473828,1140.6,24612.74,57,6,4,-0.45307679003686935,1,3,14,1,4,0.0,0,0,0.5192409803714796,0,1.0258350068779953,0,0.0,0,0.023515951494512643,0,0.0
TXN00008415,CUST000082,2025-02-08 20:48:57.003505,3042.65,EUR,ES,CH,cajero,desktop,0,Normal,20,5,8,2,7972.279090909091,6295.064813947002,670.79,24431.66,55,6,4,-0.7830942549160382,1,2,1,1,1,0.0,0,0,0.46535070727191197,0,1.0267696148978227,0,0.0,0,0.0020771466533684286,0,0.0
TXN00002231,CUST000040,2025-09-29 06:21:57.003505,39.01,EUR,IT,FR,web,mobile,0,Normal,6,0,29,9,3874.694230769231,15635.620503928736,12.24,90189.11,78,9,4,-0.24531704575204596,1,5,5,3,2,0.0,0,0,0.5047111945196344,0,1.0873629296140048,0,0.0,1,0.5044420511071068,0,0.0
TXN00002659,CUST000101,2025-08-19 02:38:57.003505,38.02,EUR,FR,ES,app,mobile,0,Normal,2,1,19,8,125.60097560975608,111.09659308018581,10.12,468.78,41,3,4,-0.7883317786190912,1,3,4,0,2,0.0,0,0,0.4567388226443494,0,1.0167847798380245,0,0.0,0,0.01798771401269121,0,0.0
TXN00008316,CUST000023,2025-11-13 22:41:57.003505,1135.17,EUR,FR,ES,app,desktop,0,Normal,22,3,13,11,15815.222833333333,23024.490626082472,808.61,96461.99,60,12,4,-0.6375842606509599,1,3,4,0,1,0.0,0,0,0.5250895996729179,0,0.9952839889169519,0,0.0,0,0.038166522137466914,0,0.0
TXN00005800,CUST000034,2025-07-27 10:45:57.107482,1318.06,EUR,FR,IT,app,mobile,1,Fraude,10,6,27,7,4461.999242424243,17455.08561943105,12.03,89753.64,66,6,4,-0.18011594504837516,1,3,8,0,2,1.0,1,0,0.4751395570788497,0,1.0194543932427331,1,0.7881632991378885,1,0.755503598471221,1,1.0
TXN00001837,CUST000003,2025-05-31 00:55:57.003505,93.56,EUR,ES,ES,sucursal,atm,0,Normal,0,5,31,5,8320.49358490566,25653.022108616926,14.93,99303.62,53,6,4,-0.3207003662083739,1,2,4,2,0,0.0,0,0,0.5158796578866017,0,1.0725641428710015,0,0.0095,1,0.6111622908822045,0,0.0
TXN00008728,CUST000061,2025-05-30 01:56:57.003505,3178.26,EUR,IT,ES,web,atm,0,Normal,1,4,30,5,4214.0417391304345,2941.5094806452344,1120.02,13214.78,46,6,4,-0.3521259222836517,1,5,4,3,0,0.0,0,0,0.4776909064750642,0,1.0353814790853435,0,0.0,0,0.0049241836693092325,0,0.0
TXN00003771,CUST000165,2025-02-08 00:02:57.003505,1574.14,EUR,FR,GB,sucursal,tablet,0,Normal,0,5,8,2,796.1411538461538,546.07482260668,145.49,2657.6,52,5,4,1.4247110698408865,1,3,6,2,4,0.0,0,0,0.4649357891554863,0,1.0472805262585538,0,0.0,0,0.010143259375229806,0,0.0
TXN00006625,CUST000104,2025-08-12 22:07:57.003505,162.37,EUR,ES,FR,app,tablet,0,Normal,22,1,12,8,878.7486666666667,742.4299771714012,115.19,2937.85,45,5,4,-0.9649107494704098,1,2,5,0,4,0.0,0,0,0.45615010554102337,0,1.0132723196521298,0,0.0,0,0.03944428355446711,0,0.0
TXN00008431,CUST000141,2025-08-20 01:51:57.003505,2081.37,EUR,GB,ES,cajero,mobile,0,Normal,1,2,20,8,881.8225000000001,797.0668304624176,106.03,2971.69,48,5,4,1.504952223139346,1,4,4,1,2,0.0,0,0,0.4509394826525723,0,1.0035324790901137,0,0.0,0,0.010149137442107279,0,0.0
TXN00007158,CUST000009,2025-06-19 22:47:57.003505,22622.06,EUR,FR,CH,web,mobile,0,Normal,22,3,19,6,17673.34349206349,20853.679531958067,673.65,79519.37,63,12,4,0.23730663454932946,1,3,1,3,2,0.0,0,0,0.5377498658226616,0,1.0613011462599482,0,0.206076438858399,1,0.5571174220697617,0,0.0
TXN00003514,CUST000048,2025-12-31 00:01:57.003505,1541.95,EUR,FR,GB,cajero,pos,0,Normal,0,2,31,12,14978.963214285715,24570.676906037716,1239.7,91202.35,56,8,4,-0.5468719183083225,1,3,6,1,3,0.0,0,0,0.5228774811227336,0,1.0279094005663398,0,0.019126870826617542,0,0.03140051333825459,0,0.0
TXN00003206,CUST000105,2025-08-17 02:05:57.003505,3265.36,CHF,US,US,app,mobile,0,Normal,2,6,17,8,4980.748490566038,3710.328094247605,1074.39,14077.93,53,6,4,-0.46232797923267294,0,6,14,0,2,0.0,0,0,0.534054706024793,0,1.0763489304428266,0,0.0,0,0.03317878840441968,0,0.0
TXN00008031,CUST000148,2025-11-11 19:49:57.003505,11650.52,EUR,ES,FR,app,desktop,0,Normal,19,1,11,11,4870.1898,2933.4540342801783,1010.54,12132.54,50,6,4,2.31138109493248,1,2,5,0,1,0.0,0,0,0.49043928694507205,0,1.0296704362012843,0,0.0,0,0.06550854901851066,0,0.0
TXN00008952,CUST000113,2025-07-11 00:14:57.003505,1005.97,EUR,CH,US,web,atm,0,Normal,0,4,11,7,5951.366734693877,5946.201402798187,518.29,22408.12,49,6,4,-0.8316900822657911,1,0,14,3,0,0.0,0,0,0.519813094734561,0,1.038569503955126,0,0.0,0,0.022695518494047228,0,0.0
TXN00002345,CUST000072,2025-09-07 22:32:57.003505,5150.15,GBP,GB,ES,web,desktop,0,Normal,22,6,7,9,5567.7047999999995,3639.3995975049706,1298.32,14110.12,50,6,4,-0.11473178163000493,2,4,4,3,1,0.0,0,0,0.4722876900265729,0,1.1565033491093875,0,0.0,0,0.012380328462567824,0,0.0
TXN00000985,CUST000171,2025-01-21 05:29:57.003505,10683.19,EUR,IT,IT,app,atm,0,Normal,5,1,21,1,5145.970204081633,3309.986413680884,1048.73,12932.63,49,6,4,1.6728829373313943,1,5,8,0,0,0.0,0,0,0.5176275617261368,0,1.0886769923204875,0,0.0,0,0.05624089922341049,0,0.0
TXN00000350,CUST000057,2025-07-29 20:43:57.003505,223.74,EUR,ES,FR,app,mobile,0,Normal,20,1,29,7,180.91574074074074,140.8073723895602,11.53,490.57,54,3,4,0.3041336417857956,1,2,5,0,2,0.0,0,0,0.47552086793714643,0,1.0097279054206818,0,0.0,0,0.007435451210681713,0,0.0
TXN00009401,CUST000105,2025-03-16 20:43:57.003505,4756.67,CHF,US,US,web,tablet,0,Normal,20,6,16,3,4980.748490566038,3710.328094247605,1074.39,14077.93,53,6,4,-0.06039317408426758,0,6,14,3,4,0.0,0,0,0.5581001205261892,0,1.1264146858410045,0,0.0061290322580645155,0,0.026295130143078348,0,0.0
TXN00001854,CUST000110,2025-08-17 05:34:57.003505,74.19,EUR,ES,FR,web,mobile,0,Normal,5,6,17,8,182.09387755102043,131.0415090377906,13.74,460.63,49,3,4,-0.8234328001860053,1,2,5,3,2,0.0,0,0,0.44372595353047867,0,0.9851699135064939,0,0.0,0,0.00969656494060355,0,0.0
TXN00005019,CUST000067,2025-10-16 00:59:57.003505,1694.23,EUR,DE,ES,app,tablet,0,Normal,0,3,16,10,8442.174444444445,6077.338718064163,531.49,24134.52,54,6,4,-1.1103452936194984,1,1,4,0,4,0.0,0,0,0.4787345795302413,0,1.070330196446967,0,0.0,0,0.0015498899737064267,0,0.0
TXN00006700,CUST000087,2025-02-04 07:16:57.003505,606.19,EUR,ES,DE,app,mobile,0,Normal,7,1,4,2,1085.5852631578948,805.6519024148467,125.39,2969.7,57,5,4,-0.5950401918321345,1,2,3,0,2,0.0,0,0,0.4536121219215715,0,1.0077330973935092,0,0.0,0,0.020068078761686755,0,0.0
TXN00004395,CUST000117,2026-01-12 02:09:57.003505,3085.73,EUR,ES,ES,web,tablet,0,Normal,2,0,12,1,4614.202641509434,3046.091732833902,1227.93,13885.08,53,6,4,-0.5017815532382713,1,2,4,3,4,0.0,0,0,0.4580662229723598,0,1.0249066213893787,0,0.0,0,0.005645542890148174,0,0.0
TXN00001587,CUST000036,2025-04-13 22:44:57.003505,4459.35,EUR,FR,FR,app,tablet,0,Normal,22,6,13,4,9097.943035714286,14723.247345472018,1593.82,84621.7,56,7,4,-0.3150523065025994,1,3,5,0,4,0.0,0,0,0.48616727095032586,0,1.0439703693744096,0,0.06241187837641738,0,0.11094927959812005,0,0.0
TXN00001055,CUST000138,2025-08-29 21:46:57.003505,6728.71,EUR,FR,DE,web,desktop,0,Normal,21,4,29,8,5327.873421052632,3712.6738556531113,1167.12,14039.05,38,6,4,0.37731204868347623,1,3,3,3,1,0.0,0,0,0.4751771110007365,0,1.041716392161598,0,0.0,0,0.008756600739516696,0,0.0
TXN00005589,CUST000053,2025-07-23 05:52:57.003505,4203.8,EUR,FR,FR,app,mobile,0,Normal,5,2,23,7,5120.007843137255,3842.5661514010735,1060.21,14819.86,51,6,4,-0.23843645282847017,1,3,5,0,2,0.0,0,0,0.42122592783983337,0,0.983775452993069,0,0.0,0,0.01235393187698783,0,0.0
TXN00004138,CUST000009,2026-01-08 10:00:57.107482,74770.48,EUR,FR,DE,sucursal,pos,1,Fraude,10,3,8,1,17673.34349206349,20853.679531958067,673.65,79519.37,63,12,4,2.7379885845899614,1,3,3,2,3,1.0,1,1,0.6124041118754854,0,0.9946188406164376,1,0.9574020590167289,1,0.9999999901935935,1,1.0
TXN00004183,CUST000174,2025-11-02 22:03:57.003505,782.63,EUR,IT,GB,sucursal,desktop,0,Normal,22,6,2,11,953.0994444444445,735.2875712941743,105.45,2963.0,54,5,4,-0.23184050821444188,1,5,6,2,1,0.0,0,0,0.46988568908290984,0,1.0660296446660542,0,0.0,0,0.02853224663072731,0,0.0
TXN00002088,CUST000186,2026-01-13 04:49:57.003505,8898.48,EUR,IT,US,web,atm,0,Normal,4,1,13,1,4858.559038461539,3428.725794161738,1031.11,14581.66,52,6,4,1.1782572310795976,1,5,14,3,0,0.0,0,0,0.53920166673814,0,1.1202814946275832,0,0.0095,0,0.08414794760545236,0,0.0
TXN00002871,CUST000167,2025-09-17 08:53:57.003505,1620.68,EUR,US,ES,sucursal,tablet,0,Normal,8,2,17,9,5069.928793103448,3997.779061335983,1022.26,14648.94,58,6,4,-0.8627912496715069,1,6,4,2,4,0.0,0,0,0.46919321848418966,0,1.0248528706352016,0,0.0,0,0.004843679213896404,0,0.0
TXN00003998,CUST000160,2025-10-31 06:06:57.003505,943.53,EUR,DE,IT,sucursal,desktop,0,Normal,6,4,31,10,904.2335714285715,637.0384111964836,114.49,2851.37,56,5,4,0.06168612099219561,1,1,8,2,1,0.0,0,0,0.47062678613767744,0,1.018193011921357,0,0.0,0,0.012550359413970175,0,0.0
TXN00009570,CUST000116,2026-01-10 00:26:57.003505,11035.91,EUR,FR,ES,cajero,desktop,0,Normal,0,5,10,1,5575.545263157895,3962.8441770423206,1145.06,14589.34,57,6,4,1.3778903463066703,1,3,4,1,1,0.0,0,0,0.47003957279926206,0,1.074198039689389,0,0.0,0,0.03352970628379618,0,0.0
TXN00008248,CUST000019,2025-03-24 03:29:57.003505,18018.78,EUR,DE,FR,web,desktop,0,Normal,3,0,24,3,14691.315714285713,15933.619614941443,687.1,70887.77,56,11,4,0.20883291844027632,1,1,5,3,1,0.0,0,0,0.5351370570983341,0,1.081206171798847,0,0.17254458395927597,0,0.25605574257074126,0,0.0
TXN00008313,CUST000025,2025-12-15 19:46:57.003505,305.8,EUR,ES,ES,web,atm,0,Normal,19,0,15,12,4343.914923076923,14920.775001268592,113.57,85819.96,65,10,4,-0.2706370763223061,1,2,4,3,0,0.0,0,0,0.49204867504546795,0,1.0662006125229906,0,0.0,1,0.6093339901552963,0,0.0
TXN00008576,CUST000128,2025-06-27 04:17:57.003505,4536.55,EUR,FR,US,web,tablet,0,Normal,4,4,27,6,5858.723846153846,3432.153469589081,1187.74,13901.43,52,6,4,-0.3852315630649563,1,3,14,3,4,0.0,0,0,0.4701344567024785,0,1.0127054486454434,0,0.0,0,0.012607187074210909,0,0.0
TXN00009118,CUST000109,2025-07-19 03:56:57.003505,9776.03,CHF,CH,GB,app,atm,0,Normal,3,5,19,7,7309.252040816326,6747.518800021043,807.42,24185.66,49,6,4,0.36558296937392726,0,0,6,0,0,0.0,0,0,0.5351942344510051,1,1.1711051829555672,0,0.0,0,0.040543680262501824,0,0.0
TXN00004963,CUST000035,2025-12-23 21:43:57.003505,759.53,EUR,DE,ES,sucursal,atm,0,Normal,21,1,23,12,6047.965897435898,17026.815534224974,102.61,89843.04,39,8,4,-0.3105945375690019,1,1,4,2,0,0.0,0,0,0.505875621987817,1,1.2009052645506109,0,0.0939533903708743,1,0.5309070212056649,0,0.0
TXN00007305,CUST000022,2026-01-05 09:19:57.003505,8989.25,EUR,IT,FR,app,mobile,0,Normal,9,0,5,1,10301.100588235295,13087.105408488525,1670.97,67315.05,51,12,4,-0.10023993443837974,1,5,5,0,2,0.0,0,0,0.5451968082300743,0,1.0528189753291137,0,0.2781839463834892,0,0.40175176836885707,0,0.0
TXN00001398,CUST000073,2025-04-28 03:50:57.003505,710.94,EUR,DE,IT,app,tablet,0,Normal,3,0,28,4,870.7014285714286,670.8365566182797,100.07,2635.22,42,5,4,-0.23815253768912242,1,1,8,0,4,0.0,0,0,0.48100400626441925,0,1.063401872046216,0,0.0,0,0.0275628170645012,0,0.0
TXN00006695,CUST000005,2025-08-22 03:55:57.003505,1914.36,CHF,GB,IT,web,mobile,0,Normal,3,4,22,8,2003.046231884058,5943.958813233152,101.43,49162.75,69,9,4,-0.014920398114417244,0,4,8,3,2,0.0,0,0,0.500625289356716,0,1.1051134463591687,0,0.19601507005215443,0,0.13727080670048264,0,0.0
TXN00004554,CUST000128,2025-02-06 02:36:57.003505,11837.16,EUR,FR,GB,cajero,pos,0,Normal,2,3,6,2,5858.723846153846,3432.153469589081,1187.74,13901.43,52,6,4,1.7418906832333576,1,3,6,1,3,0.0,0,0,0.4616088399760254,0,1.030532821059879,0,0.0,0,0.04201659516612579,0,0.0
TXN00002321,CUST000125,2025-12-10 05:34:57.003505,3172.56,USD,US,US,web,pos,0,Normal,5,2,10,12,8174.718545454546,5978.903488843214,693.97,24865.54,55,6,4,-0.8366347698958623,3,6,14,3,3,0.0,0,1,0.5639914615297631,0,1.0589798980388898,0,0.0,0,0.017505981460122475,0,0.0
TXN00006327,CUST000041,2025-08-24 08:30:57.107482,80913.59,EUR,DE,GB,web,tablet,1,Fraude,8,6,24,8,12242.410327868853,18392.8926295824,1042.59,80913.59,61,9,4,3.7335714969569045,1,1,6,3,4,1.0,1,1,0.6078646944565406,0,0.9945113072531017,1,0.9498281425039758,1,0.999999999796582,1,1.0
TXN00004064,CUST000046,2025-09-22 23:59:57.003505,1939.56,EUR,GB,FR,sucursal,pos,0,Normal,23,0,22,9,14390.02703125,20397.40065692597,666.14,92261.44,64,10,4,-0.6103947870638129,1,4,5,2,3,0.0,0,0,0.510324491759161,0,0.9790790066348143,0,0.0,0,0.015081908469583374,0,0.0
TXN00002754,CUST000049,2025-03-27 04:56:57.003505,910.85,EUR,ES,IT,web,desktop,0,Normal,4,3,27,3,15183.687118644068,29088.486775127054,121.09,99885.0,59,10,4,-0.4906696325763428,1,2,8,3,1,0.0,0,0,0.5339631782416603,0,1.0296023961502037,0,0.05150242184999466,0,0.19379467610057707,0,0.0
TXN00008884,CUST000122,2025-04-14 08:46:57.003505,178.47,CHF,GB,GB,sucursal,atm,0,Normal,8,0,14,4,879.8508333333334,604.8507573398664,120.9,2731.71,48,5,4,-1.1595932114864385,0,4,6,2,0,0.0,0,0,0.4883561309805322,0,1.1128172342046245,0,0.0,0,0.01958477675064485,0,0.0
TXN00004882,CUST000037,2025-04-19 19:53:57.003505,156.77,EUR,ES,ES,sucursal,desktop,0,Normal,19,5,19,4,3344.5771604938273,14448.411660449672,10.52,94457.02,81,9,4,-0.22063374405363395,1,2,4,2,1,0.0,0,0,0.5109455977511783,0,1.0233961955349251,0,0.016137454981992795,1,0.5215583482775545,0,0.0
TXN00000557,CUST000140,2025-09-06 01:55:57.003505,186.02,EUR,DE,GB,cajero,pos,0,Normal,1,5,6,9,680.5558695652173,567.6112813520499,132.76,2321.13,46,5,4,-0.8712579981073932,1,1,6,1,3,0.0,0,0,0.4490186747825069,0,0.9964603687575073,0,0.0,0,0.0386464006000648,0,0.0
TXN00004541,CUST000160,2025-07-27 20:06:57.003505,380.38,EUR,DE,ES,sucursal,pos,0,Normal,20,6,27,7,904.2335714285715,637.0384111964836,114.49,2851.37,56,5,4,-0.8223265055906831,1,1,4,2,3,0.0,0,0,0.4596281553461388,0,1.0152269632799287,0,0.0,0,0.009603199715695994,0,0.0
TXN00000413,CUST000043,2025-11-24 02:14:57.003505,2458.71,GBP,CH,US,web,mobile,0,Normal,2,0,24,11,14802.66984375,19505.427795265667,654.06,90854.63,64,10,4,-0.632847429581281,2,0,14,3,2,0.0,0,1,0.5781943159171268,1,1.171052171609891,0,0.04019523154324577,0,0.0340183222684278,0,0.0
TXN00009691,CUST000050,2025-09-29 20:42:57.003505,3580.6,EUR,FR,FR,app,mobile,0,Normal,20,0,29,9,5331.105348837209,3804.6606136073424,1083.57,14257.64,43,6,4,-0.4600950061396919,1,3,5,0,2,0.0,0,0,0.4714360940799309,0,1.0280175044984483,0,0.0,0,0.010878008465588332,0,0.0
TXN00003773,CUST000171,2025-02-11 01:07:57.003505,6779.7,EUR,IT,IT,cajero,atm,0,Normal,1,1,11,2,5145.970204081633,3309.986413680884,1048.73,12932.63,49,6,4,0.49357598226755106,1,5,8,1,0,0.0,0,0,0.48500582683082927,0,1.0910743070425093,0,0.0,0,0.029603180841305303,0,0.0
TXN00001147,CUST000018,2025-05-22 20:28:57.107482,15721.06,EUR,FR,FR,app,pos,1,Fraude,20,3,22,5,1260.8659574468084,4033.3930453795238,15.89,17120.41,47,4,4,3.585118999382673,1,3,5,0,3,1.0,1,0,0.512349376561755,0,1.0950671919517652,0,0.4310698751322046,1,0.6063488484810252,1,1.0
TXN00009949,CUST000092,2025-12-03 02:44:57.003505,3375.41,EUR,FR,IT,web,tablet,0,Normal,2,2,3,12,4959.88603773585,3492.984458604319,1165.1,14228.99,53,6,4,-0.4536166868361439,1,3,8,3,4,0.0,0,0,0.45434572255093003,0,1.0461693367051426,0,0.0,0,0.016992945254365243,0,0.0
TXN00006385,CUST000055,2025-03-09 00:46:57.003505,6141.46,USD,CH,GB,cajero,desktop,0,Normal,0,6,9,3,7358.3737037037035,4642.129487846006,544.87,19628.1,54,6,4,-0.2621455749193713,3,0,6,1,1,0.0,0,0,0.5081521216749042,0,1.0535797698311389,0,0.0,0,0.01290464661403853,0,0.0
TXN00005439,CUST000044,2025-02-21 01:10:57.003505,481.58,EUR,ES,IT,app,mobile,0,Normal,1,4,21,2,1931.648222222222,3870.370479347076,127.53,24725.19,45,7,4,-0.3746587644736757,1,2,8,0,2,0.0,0,0,0.46565320279959393,0,1.014206681839691,0,0.008260869565217389,0,0.08718428119200937,0,0.0
TXN00008681,CUST000059,2025-03-07 05:25:57.003505,254.68,EUR,FR,FR,app,pos,0,Normal,5,4,7,3,141.4556862745098,127.69645729236034,11.48,485.42,51,3,4,0.886667611925961,1,3,5,0,3,0.0,0,0,0.4645961390541112,0,0.9952887108080816,0,0.0,0,0.009328654710360417,0,0.0
TXN00007648,CUST000125,2025-10-18 01:14:57.003505,1441.44,EUR,US,DE,app,mobile,0,Normal,1,5,18,10,8174.718545454546,5978.903488843214,693.97,24865.54,55,6,4,-1.1261728102640964,1,6,3,0,2,0.0,0,0,0.4984724847365546,0,1.0284132111300779,0,0.0,0,0.0013361740682734122,0,0.0
TXN00007331,CUST000157,2025-06-11 09:44:57.003505,1248.91,EUR,IT,DE,cajero,atm,0,Normal,9,2,11,6,4468.6006,3061.342828385575,1001.7,14281.22,50,6,4,-1.0517249388387533,1,5,3,1,0,0.0,0,0,0.4569546475258964,0,1.0207484545599015,0,0.0,0,0.00717021351147417,0,0.0
TXN00004124,CUST000105,2025-10-21 19:01:57.003505,5351.9,EUR,US,US,app,pos,0,Normal,19,1,21,10,4980.748490566038,3710.328094247605,1074.39,14077.93,53,6,4,0.10003199175548749,1,6,14,0,3,0.0,0,0,0.5216440640094635,0,1.060607632861784,0,0.0,0,0.0763116314837915,0,0.0
TXN00002905,CUST000130,2025-04-19 02:30:57.003505,2945.86,EUR,IT,ES,cajero,tablet,0,Normal,2,5,19,4,5477.731875,3585.6029816829373,1158.54,14850.38,64,6,4,-0.7061216445958889,1,5,4,1,4,0.0,0,0,0.45814775153421156,0,1.0433951252157467,0,0.0,0,0.0035217097066426502,0,0.0
TXN00008779,CUST000167,2025-03-30 02:15:57.003505,1786.41,GBP,US,FR,cajero,tablet,0,Normal,2,6,30,3,5069.928793103448,3997.779061335983,1022.26,14648.94,58,6,4,-0.821335732141441,2,6,5,1,4,0.0,0,0,0.5203957654608675,1,1.1920567478221753,0,0.0,0,0.005024574181104864,0,0.0
TXN00009483,CUST000181,2025-07-30 03:54:57.003505,121.31,EUR,IT,FR,cajero,atm,0,Normal,3,2,30,7,859.3886956521739,767.5902422592371,109.88,2932.89,46,5,4,-0.9615529928028327,1,5,5,1,0,0.0,0,0,0.466943687543014,0,1.01259654440354,0,0.0,0,0.01683101206550977,0,0.0
TXN00004200,CUST000020,2025-11-16 22:35:57.003505,117.05,EUR,IT,IT,sucursal,mobile,0,Normal,22,6,16,11,3059.5745588235295,12108.493253395596,10.07,69036.33,68,7,4,-0.2430132715113287,1,5,8,2,2,0.0,0,0,0.4752748191393547,0,1.024032690704987,0,0.007916666666666666,0,0.4553125423904858,0,0.0
TXN00002604,CUST000124,2025-05-26 02:36:57.003505,2302.36,EUR,DE,ES,cajero,mobile,0,Normal,2,0,26,5,909.7118867924529,685.5308862425715,105.13,2668.3,53,5,4,2.0314884990948134,1,1,4,1,2,0.0,0,0,0.4815217723827001,0,1.0406267921686883,0,0.0,0,0.005605186892490807,0,0.0
TXN00003777,CUST000038,2025-06-04 07:35:57.003505,152.61,EUR,ES,IT,web,atm,0,Normal,7,2,4,6,7141.748709677419,18776.16760796677,143.24,94991.86,62,10,4,-0.37223457178448266,1,2,8,3,0,0.0,0,0,0.4898707463639807,0,1.0091409995041993,0,0.03322881828316611,1,0.6778122606050828,0,0.0
TXN00003542,CUST000186,2025-04-24 07:51:57.003505,4751.03,EUR,IT,GB,cajero,desktop,0,Normal,7,3,24,4,4858.559038461539,3428.725794161738,1031.11,14581.66,52,6,4,-0.03136122422308397,1,5,6,1,1,0.0,0,0,0.4381027862756336,0,0.983284310817391,0,0.0,0,0.011930194320470306,0,0.0
TXN00007548,CUST000152,2025-11-12 01:36:57.003505,935.65,GBP,GB,DE,app,tablet,0,Normal,1,2,12,11,951.1576086956521,716.2417846887702,125.83,2743.37,46,5,4,-0.021651359925530373,2,4,3,0,4,0.0,0,0,0.5038868776365515,0,1.1401313711881662,0,0.0,0,0.026817185481468706,0,0.0
TXN00000361,CUST000165,2025-06-06 03:50:57.003505,1662.07,EUR,FR,ES,cajero,desktop,0,Normal,3,4,6,6,796.1411538461538,546.07482260668,145.49,2657.6,52,5,4,1.5857329595138903,1,3,4,1,1,0.0,0,0,0.45169948617318767,0,1.0169730770123728,0,0.0,0,0.010610026038444695,0,0.0
TXN00002213,CUST000159,2025-12-19 06:04:57.003505,5718.48,USD,GB,IT,app,pos,0,Normal,6,4,19,12,5364.320277777778,2907.7495496055617,1837.52,14914.47,36,6,4,0.12179856485523836,3,4,8,0,3,0.0,0,0,0.5226529702839682,0,1.0532448426407446,0,0.0,0,0.04547631444070022,0,0.0
TXN00001784,CUST000055,2025-02-06 20:20:57.003505,7703.82,CHF,CH,ES,sucursal,tablet,0,Normal,20,3,6,2,7358.3737037037035,4642.129487846006,544.87,19628.1,54,6,4,0.07441548046566257,0,0,4,2,4,0.0,0,0,0.5183933127508396,0,1.088010491459699,0,0.0,0,0.005810382647582645,0,0.0
TXN00009126,CUST000066,2025-08-10 06:30:57.003505,584.9,EUR,DE,IT,sucursal,desktop,0,Normal,6,6,10,8,951.3685964912281,717.5452787914169,125.37,2987.52,57,5,4,-0.5107253950548694,1,1,8,2,1,0.0,0,0,0.4500960019247867,0,1.019697796281816,0,0.0,0,0.02553641832120608,0,0.0
TXN00009851,CUST000174,2025-09-05 04:31:57.003505,317.54,EUR,IT,FR,sucursal,pos,0,Normal,4,4,5,9,953.0994444444445,735.2875712941743,105.45,2963.0,54,5,4,-0.8643685387765123,1,5,5,2,3,0.0,0,0,0.4465462537965266,0,0.9904991394992344,0,0.0,0,0.02313391810212478,0,0.0
TXN00002160,CUST000114,2025-04-23 18:15:57.003505,2661.28,EUR,ES,GB,cajero,atm,0,Normal,18,2,23,4,5335.650000000001,3328.235785762344,1233.85,12763.92,56,6,4,-0.8035398245031149,1,2,6,1,0,0.0,0,0,0.4453540591004457,0,0.9924631012329849,0,0.0,0,0.005752364007761239,0,0.0
TXN00005438,CUST000002,2025-09-28 02:31:57.003505,89.0,EUR,ES,FR,web,pos,0,Normal,2,6,28,9,5083.588301886793,15511.3779006517,21.06,83708.16,53,7,4,-0.32199514018383585,1,2,5,3,3,0.0,0,0,0.46911632126481556,0,1.0686074806480224,0,0.01612997658079625,0,0.24409910185525116,0,0.0
TXN00007117,CUST000023,2025-03-26 17:05:57.003505,2477.5,EUR,FR,ES,web,desktop,0,Normal,17,2,26,3,15815.222833333333,23024.490626082472,808.61,96461.99,60,12,4,-0.5792841652550995,1,3,4,3,1,0.0,0,0,0.5316663284300039,0,1.007695870302829,0,0.0,0,0.01903073539424348,0,0.0
TXN00007943,CUST000176,2025-02-16 20:23:57.003505,757.32,EUR,ES,ES,sucursal,mobile,0,Normal,20,6,16,2,999.8185454545454,731.9722641436783,123.88,2909.03,55,5,4,-0.3312947183961205,1,2,4,2,2,0.0,0,0,0.4378197164744476,0,0.9861433314727662,0,0.0,0,0.010730095211074745,0,0.0
TXN00008640,CUST000079,2025-02-19 05:34:57.003505,4606.39,EUR,FR,US,web,desktop,0,Normal,5,2,19,2,8145.75744680851,6052.306858239896,540.85,22648.11,47,6,4,-0.5847964303734949,1,3,14,3,1,0.0,0,0,0.4822002483470557,0,0.9819420843672001,0,0.0,0,0.01080949580828588,0,0.0
TXN00007346,CUST000098,2025-05-04 21:59:57.003505,1667.2,EUR,IT,GB,app,atm,0,Normal,21,6,4,5,859.0164814814815,759.6341295827942,114.41,2894.43,54,5,4,1.063911541071064,1,5,6,0,0,0.0,0,0,0.49498437512909216,0,1.0826517814997925,0,0.0,0,0.026208553482091643,0,0.0
TXN00007470,CUST000052,2025-06-29 05:51:57.003505,164.48,EUR,ES,IT,web,mobile,0,Normal,5,6,29,6,177.9474,132.6302616653853,34.91,487.78,50,3,4,-0.10154092836245893,1,2,8,3,2,0.0,0,0,0.4796009287509635,0,1.0290116694148985,0,0.0,0,0.00706497370017292,0,0.0
TXN00006060,CUST000161,2025-10-31 02:10:57.003505,271.84,EUR,ES,FR,app,tablet,0,Normal,2,4,31,10,139.16267857142856,120.75959945266268,10.61,487.09,56,3,4,1.0986896356996514,1,2,5,0,4,0.0,0,0,0.5123072520629793,0,1.1008902788052954,0,0.0,0,0.004026392273358726,0,0.0
TXN00005084,CUST000043,2025-09-29 20:44:57.003505,7176.35,EUR,CH,ES,sucursal,tablet,0,Normal,20,0,29,9,14802.66984375,19505.427795265667,654.06,90854.63,64,10,4,-0.39098449536236607,1,0,4,2,4,0.0,0,0,0.5562835787661322,0,1.025166286014109,0,0.006551724137931033,0,0.02803397597595998,0,0.0
TXN00001299,CUST000071,2026-01-09 04:51:57.003505,20558.59,EUR,FR,US,cajero,mobile,0,Normal,4,4,9,1,8737.374901960784,6519.461954884734,915.99,24253.24,51,6,4,1.8132194309944398,1,3,14,1,2,0.0,0,0,0.5294323277897028,0,1.0554235635920053,0,0.007916666666666666,1,0.5642318263903274,0,0.0
TXN00004674,CUST000080,2025-05-07 05:13:57.003505,386.2,EUR,ES,ES,cajero,tablet,0,Normal,5,2,7,5,146.3564,118.60946270815987,13.78,474.86,50,3,4,2.0221286944702683,1,2,4,1,4,0.0,0,0,0.4904178732382888,0,1.017539771583557,0,0.0,0,0.004112682783216807,0,0.0
TXN00002959,CUST000169,2025-03-25 21:48:57.003505,236.0,EUR,DE,IT,cajero,mobile,0,Normal,21,1,25,3,1003.1623076923078,777.0232421375961,108.39,2916.08,52,5,4,-0.9873093430185303,1,1,8,1,2,0.0,0,0,0.4589376189535492,0,1.007859266197068,0,0.0,0,0.026158854561093226,0,0.0
TXN00001397,CUST000156,2025-12-20 19:13:57.003505,124.63,EUR,FR,IT,cajero,desktop,0,Normal,19,5,20,12,105.78857142857143,88.03691067704752,12.77,375.54,56,3,4,0.21401737308262253,1,3,8,1,1,0.0,0,0,0.4738971283680214,0,1.0340138598375974,0,0.0,0,0.013398883447819492,0,0.0
TXN00004769,CUST000068,2025-09-10 06:53:57.003505,482.1,EUR,ES,FR,sucursal,desktop,0,Normal,6,2,10,9,759.856590909091,491.71454812415806,146.29,2320.43,44,5,4,-0.5648736475335762,1,2,5,2,1,0.0,0,0,0.42117959310411085,0,0.9872225459763889,0,0.0,0,0.024573700446591087,0,0.0
TXN00004509,CUST000048,2025-06-24 09:38:57.003505,2689.46,EUR,FR,IT,sucursal,tablet,0,Normal,9,1,24,6,14978.963214285715,24570.676906037716,1239.7,91202.35,56,8,4,-0.5001695012629329,1,3,8,2,4,0.0,0,0,0.5043726704888474,0,1.0068397782275393,0,0.10330006938926374,0,0.05928204260716206,0,0.0
TXN00003452,CUST000047,2025-03-31 03:40:57.003505,2231.43,EUR,ES,CH,web,tablet,0,Normal,3,0,31,3,14563.28859375,20712.60540698934,564.29,99973.8,64,9,4,-0.5953794006519967,1,2,1,3,4,0.0,0,0,0.553923522560935,0,1.0521539038609138,0,0.026611044458338257,0,0.0031860180067132403,0,0.0
TXN00008490,CUST000037,2025-02-16 20:17:57.003505,98.24,EUR,ES,ES,cajero,desktop,0,Normal,20,6,16,2,3344.5771604938273,14448.411660449672,10.52,94457.02,81,9,4,-0.2246847083652452,1,2,4,1,1,0.0,0,0,0.5155485602046109,0,1.0462578330033927,0,0.016391465677179962,1,0.5736501864517266,0,0.0
TXN00004352,CUST000162,2025-10-06 22:41:57.003505,9809.91,GBP,CH,DE,sucursal,mobile,0,Normal,22,0,6,10,8187.689791666667,6409.234849582279,610.75,24295.17,48,6,4,0.2531066884194382,2,0,3,2,2,0.0,0,0,0.5131984944653022,1,1.1691776793163382,0,0.0,0,0.029617882546325695,0,0.0
TXN00006220,CUST000009,2025-08-02 02:07:57.003505,686.68,EUR,FR,ES,web,atm,0,Normal,2,5,2,8,17673.34349206349,20853.679531958067,673.65,79519.37,63,12,4,-0.8145643297729316,1,3,4,3,0,0.0,0,0,0.5513621934157431,0,1.0282491243338896,0,0.007755102040816326,0,0.0019097598379877205,0,0.0
TXN00008588,CUST000068,2025-04-18 01:21:57.003505,773.27,EUR,ES,ES,cajero,mobile,0,Normal,1,4,18,4,759.856590909091,491.71454812415806,146.29,2320.43,44,5,4,0.02727885338109471,1,2,4,1,2,0.0,0,0,0.4258275039364606,0,0.9759925811997897,0,0.0,0,0.013457781441920814,0,0.0
TXN00005723,CUST000175,2025-09-28 20:18:57.003505,5095.45,GBP,CH,ES,sucursal,desktop,0,Normal,20,6,28,9,7860.104426229508,5731.840249814343,861.98,23359.66,61,6,4,-0.48233277712803035,2,0,4,2,1,0.0,0,0,0.5017006802264027,1,1.1650739817849782,0,0.0,0,0.003001120282008777,0,0.0
TXN00005524,CUST000099,2025-09-03 22:49:57.003505,77.58,EUR,IT,FR,cajero,atm,0,Normal,22,2,3,9,135.7517777777778,119.34773310276017,10.87,491.1,45,3,4,-0.48741417853556424,1,5,5,1,0,0.0,0,0,0.47957998747873665,0,1.0168161363443262,0,0.0,0,0.026096844210991833,0,0.0
TXN00000853,CUST000147,2025-01-23 06:20:57.003505,4665.26,EUR,US,ES,cajero,mobile,0,Normal,6,3,23,1,5159.978620689655,3565.2608325444103,1101.13,13831.0,58,6,4,-0.13876084914601594,1,6,4,1,2,0.0,0,0,0.46367494446754687,0,1.0354727125472611,0,0.0,0,0.006343301695109341,0,0.0
TXN00003273,CUST000067,2025-03-18 03:36:57.003505,3921.36,EUR,DE,FR,app,mobile,0,Normal,3,1,18,3,8442.174444444445,6077.338718064163,531.49,24134.52,54,6,4,-0.7438806117985464,1,1,5,0,2,0.0,0,0,0.45649174882120036,0,1.0111807849720704,0,0.0,0,0.002914381366214528,0,0.0
TXN00001716,CUST000111,2026-01-16 06:15:57.003505,390.61,EUR,ES,IT,cajero,mobile,0,Normal,6,4,16,1,149.84564102564102,120.71725075770787,10.45,438.85,39,3,4,1.9944486431616104,1,2,8,1,2,0.0,0,0,0.5124539882202762,0,1.0668784990045697,0,0.0,0,0.006710031060946464,0,0.0
TXN00000495,CUST000166,2025-02-14 04:52:57.003505,8822.32,GBP,GB,FR,sucursal,atm,0,Normal,4,4,14,2,5381.796428571428,3789.6021120618175,1121.03,14682.41,56,6,4,0.9078851733721441,2,4,5,2,0,0.0,0,0,0.48899593441816375,0,1.109755170296154,0,0.0,0,0.026830909281675742,0,0.0
TXN00004816,CUST000012,2025-06-20 13:20:57.107482,81634.67,EUR,IT,NG,web,atm,1,Fraude,13,4,20,6,11848.529666666667,20090.907636760738,1017.21,83759.47,60,12,4,3.473518548369149,1,5,10,3,0,1.0,1,1,0.6315782841122116,0,0.9889871876076196,1,0.9990493883037087,1,0.9999999999918352,1,1.0
TXN00000810,CUST000102,2025-06-17 19:57:57.003505,1705.59,EUR,FR,GB,app,pos,0,Normal,19,1,17,6,5521.343448275862,4623.42696228088,838.24,21094.3,58,6,4,-0.8253084732559772,1,3,6,0,3,0.0,0,0,0.44487295912061203,0,0.9948287402884206,0,0.0,0,0.009277835864950588,0,0.0
TXN00005017,CUST000020,2025-01-28 12:09:57.107482,635.29,EUR,IT,IT,web,mobile,1,Fraude,12,1,28,1,3059.5745588235295,12108.493253395596,10.07,69036.33,68,7,4,-0.20021356149688332,1,5,8,3,2,1.0,1,0,0.4944986354873018,0,1.0600062575745088,1,0.562432857990204,0,0.3188913824453365,1,1.0
TXN00007823,CUST000013,2025-04-21 00:41:57.003505,104.65,EUR,GB,DE,cajero,atm,0,Normal,0,0,21,4,2119.490634920635,8304.770612994731,104.65,66232.6,63,9,4,-0.2426124367029884,1,4,3,1,0,0.0,0,0,0.48085261563244625,0,1.0407769202438586,0,0.0,0,0.20760448437263293,0,0.0
TXN00007975,CUST000110,2025-05-24 06:33:57.003505,460.63,EUR,ES,FR,app,tablet,0,Normal,6,5,24,5,182.09387755102043,131.0415090377906,13.74,460.63,49,3,4,2.1255564161970772,1,2,5,0,4,0.0,0,0,0.4998414415586177,0,1.0494308052131254,0,0.0,0,0.0031560334426732548,0,0.0
TXN00007735,CUST000135,2025-04-12 04:18:57.003505,617.33,EUR,ES,GB,sucursal,mobile,0,Normal,4,5,12,4,1076.0898113207547,785.7308155211804,135.69,2994.76,53,5,4,-0.5838638394659277,1,2,6,2,2,0.0,0,0,0.41900789144022854,0,0.9723309346016981,0,0.0,0,0.017426868399748958,0,0.0
TXN00008018,CUST000124,2025-06-07 07:17:57.003505,539.87,EUR,DE,FR,cajero,tablet,0,Normal,7,5,7,6,909.7118867924529,685.5308862425715,105.13,2668.3,53,5,4,-0.5394970433499757,1,1,5,1,4,0.0,0,0,0.43644229774932475,0,0.9930692071692404,0,0.0,0,0.022623657251500614,0,0.0
TXN00009027,CUST000008,2025-04-24 22:50:57.107482,54408.74,EUR,IT,FR,sucursal,tablet,1,Fraude,22,3,24,4,12268.12043478261,18777.04859567871,1067.78,84173.34,46,9,4,2.2442621559104468,1,5,5,2,4,1.0,1,1,0.5924220160506266,0,1.0273670491301954,1,0.9177514767367708,1,0.9999992482245249,1,1.0
TXN00009013,CUST000040,2025-05-28 19:05:57.003505,469.32,EUR,IT,IT,app,pos,0,Normal,19,2,28,5,3874.694230769231,15635.620503928736,12.24,90189.11,78,9,4,-0.21779591220545244,1,5,8,0,3,0.0,0,0,0.5157137052638554,0,1.0410126491860452,0,0.09095708164709478,1,0.7654727740981319,0,0.0
TXN00006412,CUST000165,2025-08-28 22:10:57.003505,822.37,EUR,FR,DE,cajero,mobile,0,Normal,22,3,28,8,796.1411538461538,546.07482260668,145.49,2657.6,52,5,4,0.048031597539347506,1,3,3,1,2,0.0,0,0,0.439488416085912,0,0.9780601754977617,0,0.0,0,0.00911407051327901,0,0.0
TXN00009571,CUST000137,2025-07-09 18:11:57.003505,394.5,EUR,FR,IT,app,mobile,0,Normal,18,2,9,7,911.4923636363636,700.4321115012415,100.69,2786.35,55,5,4,-0.7381048846977976,1,3,8,0,2,0.0,0,0,0.43829501450433567,0,0.9815161249141132,0,0.0,0,0.04882331918918186,0,0.0
TXN00002431,CUST000008,2025-02-13 08:09:57.003505,2891.18,EUR,IT,DE,web,desktop,0,Normal,8,3,13,2,12268.12043478261,18777.04859567871,1067.78,84173.34,46,9,4,-0.49938308390175895,1,5,3,3,1,0.0,0,0,0.509311708071799,0,1.0565025069940965,0,0.009715909090909091,0,0.03357266275349374,0,0.0
TXN00001421,CUST000098,2025-03-21 05:29:57.003505,1970.43,EUR,IT,GB,cajero,desktop,0,Normal,5,4,21,3,859.0164814814815,759.6341295827942,114.41,2894.43,54,5,4,1.4630905507969185,1,5,6,1,1,0.0,0,0,0.4594977067685466,0,1.0388803735681318,0,0.0,0,0.010410363902105734,0,0.0
TXN00005359,CUST000088,2025-01-31 21:21:57.003505,371.13,EUR,DE,FR,app,atm,0,Normal,21,4,31,1,999.984909090909,775.2614145011627,168.78,2889.91,55,5,4,-0.8111520791788533,1,1,5,0,0,0.0,0,0,0.4966103109669192,0,1.083521290589805,0,0.0,0,0.01376021492311161,0,0.0
TXN00001211,CUST000154,2025-10-06 21:49:57.003505,10644.19,EUR,ES,FR,sucursal,tablet,0,Normal,21,0,6,10,5306.762553191489,3600.2821194151297,1232.6,14459.85,47,6,4,1.4825025562699738,1,2,5,2,4,0.0,0,0,0.4852941081503698,0,1.0548062075757945,0,0.0,0,0.0566893973985738,0,0.0
TXN00004800,CUST000167,2025-05-07 22:59:57.003505,3118.95,CHF,US,DE,sucursal,pos,0,Normal,22,2,7,5,5069.928793103448,3997.779061335983,1022.26,14648.94,58,6,4,-0.4880156613666018,0,6,3,2,3,0.0,0,0,0.5023332895263768,0,1.0227155560984973,0,0.0,0,0.0059359045126496845,0,0.0
TXN00002060,CUST000089,2025-12-12 22:20:57.003505,45.9,EUR,ES,IT,web,desktop,0,Normal,22,4,12,12,167.74181818181816,126.83528642226571,11.15,491.57,55,3,4,-0.9606302840326835,1,2,8,3,1,0.0,0,0,0.4711368044324405,0,1.050328197750812,0,0.0,0,0.02158858574313229,0,0.0
TXN00004065,CUST000084,2025-11-05 22:44:57.003505,156.22,EUR,ES,FR,sucursal,atm,0,Normal,22,2,5,11,147.96942857142858,102.41184253992486,13.22,384.01,70,3,4,0.08056266876354946,1,2,5,2,0,0.0,0,0,0.49691954028643476,0,1.0786262148940566,0,0.0,0,0.00925686172400136,0,0.0
TXN00008212,CUST000143,2025-06-27 04:45:57.003505,1357.73,EUR,ES,DE,web,atm,0,Normal,4,4,27,6,5239.2824390243895,3581.701917241844,1357.73,14883.52,41,6,4,-1.0837173298133458,1,2,3,3,0,0.0,0,0,0.4671662161239156,0,1.0242665982459283,0,0.01,0,0.002400101363259531,0,0.0
TXN00007544,CUST000142,2026-01-09 05:02:57.003505,3444.47,EUR,DE,FR,cajero,tablet,0,Normal,5,4,9,1,6533.238913043478,5298.543436216841,666.85,19029.58,46,6,4,-0.5829467946507788,1,1,5,1,4,0.0,0,0,0.4500232459709204,0,1.006713517476725,0,0.0,0,0.00826510881104126,0,0.0
TXN00001446,CUST000052,2025-03-25 21:55:57.003505,284.23,EUR,ES,ES,cajero,desktop,0,Normal,21,1,25,3,177.9474,132.6302616653853,34.91,487.78,50,3,4,0.8013450163191025,1,2,4,1,1,0.0,0,0,0.46811761589391326,0,1.0020344761435063,0,0.0,0,0.0047324175125109435,0,0.0
TXN00008909,CUST000102,2025-03-20 02:06:57.003505,6166.73,EUR,FR,FR,web,mobile,0,Normal,2,3,20,3,5521.343448275862,4623.42696228088,838.24,21094.3,58,6,4,0.13959051518490037,1,3,5,3,2,0.0,0,0,0.42045023390511754,0,1.000207364792009,0,0.0,0,0.009922141668414408,0,0.0
TXN00003733,CUST000184,2025-05-23 07:18:57.003505,33.36,EUR,FR,FR,cajero,atm,0,Normal,7,4,23,5,141.98777777777778,127.80667248159469,12.93,486.33,54,3,4,-0.8499382295042767,1,3,5,1,0,0.0,0,0,0.44626883742135937,0,1.0054116011523058,0,0.0,0,0.011086512392889889,0,0.0
TXN00003798,CUST000044,2025-07-24 04:14:57.107482,3057.75,EUR,ES,SY,cajero,mobile,1,Fraude,4,3,24,7,1931.648222222222,3870.370479347076,127.53,24725.19,45,7,4,0.29095451804830696,1,2,13,1,2,1.0,1,0,0.46021104449422656,0,1.057158591478255,0,0.4704844889250161,0,0.24431494611395513,1,1.0
TXN00002869,CUST000173,2026-01-11 19:00:57.003505,14676.84,EUR,DE,FR,sucursal,desktop,0,Normal,19,6,11,1,5416.205952380952,3884.0417916518163,1118.22,14676.84,42,6,4,2.384277652505995,1,1,5,2,1,0.0,0,0,0.5156679076240255,0,1.1341151175985105,0,0.0,0,0.10464371753544176,0,0.0
TXN00006009,CUST000029,2025-12-12 09:24:57.107482,37204.99,USD,GB,IT,app,mobile,1,Fraude,9,4,12,12,10163.8975,15853.056272274882,1036.43,93521.66,60,11,4,1.705733710513974,3,4,8,0,2,1.0,1,1,0.5737896508352052,1,1.2973234006159302,1,0.9445815245371957,1,0.999978089701801,1,1.0
TXN00006933,CUST000138,2025-08-27 09:51:57.003505,6635.9,EUR,FR,GB,cajero,tablet,0,Normal,9,2,27,8,5327.873421052632,3712.6738556531113,1167.12,14039.05,38,6,4,0.35231389274966457,1,3,6,1,4,0.0,0,0,0.45765883321639966,0,1.0882685629665525,0,0.0,0,0.01994084843579528,0,0.0
TXN00002681,CUST000042,2025-10-06 21:52:57.003505,4991.8,EUR,ES,ES,cajero,tablet,0,Normal,21,0,6,10,10704.279047619048,15707.05132958625,1001.04,76105.74,63,9,4,-0.36368882531727453,1,2,4,1,4,0.0,0,0,0.48373939008524236,0,0.9951710201036933,0,0.0,0,0.10538138261046433,0,0.0
TXN00001708,CUST000130,2025-05-03 20:49:57.003505,4956.56,EUR,IT,DE,sucursal,mobile,0,Normal,20,5,3,5,5477.731875,3585.6029816829373,1158.54,14850.38,64,6,4,-0.14535124985031994,1,5,3,2,2,0.0,0,0,0.4509732199678339,0,1.0450970210646164,0,0.0,0,0.007299440482799702,0,0.0
TXN00008678,CUST000070,2025-01-18 23:47:57.003505,41.04,EUR,ES,FR,cajero,atm,0,Normal,23,5,18,1,161.0876,115.33640442617927,12.75,451.5,50,3,4,-1.0408474198273514,1,2,5,1,0,0.0,0,0,0.4855360406694522,0,0.9999002755427181,0,0.0,0,0.01511323404259702,0,0.0
TXN00002476,CUST000014,2025-03-24 00:56:57.003505,1360.14,EUR,IT,IT,cajero,desktop,0,Normal,0,0,24,3,6809.598301886793,18922.663397876047,109.06,89409.3,53,9,4,-0.28798579708448835,1,5,8,1,1,0.0,0,0,0.5071687566264296,0,1.0582826167336619,0,0.11719320576003169,1,0.7428204242537825,0,0.0
TXN00008762,CUST000034,2025-02-17 06:37:57.003505,131.63,EUR,FR,IT,cajero,desktop,0,Normal,6,0,17,2,4461.999242424243,17455.08561943105,12.03,89753.64,66,6,4,-0.2480863936499731,1,3,8,1,1,0.0,0,0,0.4662868206383685,0,0.9939087172567556,0,0.018905940594059405,1,0.7012260355061527,0,0.0
TXN00006589,CUST000040,2025-10-24 07:29:57.003505,26.33,EUR,IT,FR,cajero,atm,0,Normal,7,4,24,10,3874.694230769231,15635.620503928736,12.24,90189.11,78,9,4,-0.2461280145265825,1,5,5,1,0,0.0,0,0,0.4952516282204569,0,1.0465174028639503,0,0.0,1,0.6276673714550683,0,0.0
TXN00001343,CUST000110,2025-12-24 20:43:57.003505,70.35,EUR,ES,IT,cajero,atm,0,Normal,20,2,24,12,182.09387755102043,131.0415090377906,13.74,460.63,49,3,4,-0.852736491809313,1,2,8,1,0,0.0,0,0,0.473825138706217,0,1.0409940585854345,0,0.0,0,0.024316303684484415,0,0.0
TXN00003555,CUST000153,2025-11-04 07:45:57.003505,1718.95,EUR,ES,IT,sucursal,desktop,0,Normal,7,1,4,11,824.5297916666667,674.6234349951362,103.35,2648.6,48,5,4,1.3258066064870324,1,2,8,2,1,0.0,0,0,0.4535920485484185,0,1.0231194599112734,0,0.0,0,0.027358724750207872,0,0.0
TXN00003343,CUST000080,2025-01-31 19:12:57.003505,265.43,EUR,ES,IT,cajero,mobile,0,Normal,19,4,31,1,146.3564,118.60946270815987,13.78,474.86,50,3,4,1.0039131472087435,1,2,8,1,2,0.0,0,0,0.5009477408539277,0,1.0797178234215945,0,0.0,0,0.005852852663234181,0,0.0
TXN00004235,CUST000013,2025-07-27 07:28:57.003505,646.69,GBP,GB,ES,web,tablet,0,Normal,7,6,27,7,2119.490634920635,8304.770612994731,104.65,66232.6,63,9,4,-0.17734392716865102,2,4,4,3,4,0.0,0,0,0.504342710392986,0,1.108037471054152,0,0.0213403720462544,0,0.20657639440834707,0,0.0
TXN00000315,CUST000039,2025-12-19 18:28:57.003505,11223.46,EUR,DE,GB,cajero,tablet,0,Normal,18,4,19,12,14481.797272727272,22909.14968209796,681.03,99400.06,44,9,4,-0.14222864304436525,1,1,6,1,4,0.0,0,0,0.5338203616372881,0,1.0916684213646972,0,0.19492271848318576,1,0.6202479442529896,0,0.0
TXN00000601,CUST000057,2025-05-08 02:28:57.003505,35.65,EUR,ES,ES,sucursal,tablet,0,Normal,2,3,8,5,180.91574074074074,140.8073723895602,11.53,490.57,54,3,4,-1.031662882730196,1,2,4,2,4,0.0,0,0,0.4550092514450337,0,0.9844968819058924,0,0.0,0,0.012686362507465954,0,0.0
TXN00000886,CUST000133,2025-09-19 08:00:57.003505,371.13,EUR,IT,ES,cajero,mobile,0,Normal,8,4,19,9,145.8703846153846,109.73602561372553,11.7,462.02,52,3,4,2.052740766508129,1,5,4,1,2,0.0,0,0,0.4877363449611328,0,1.0192394606458872,0,0.0,0,0.002915681192876862,0,0.0
TXN00004216,CUST000029,2025-06-12 18:22:57.003505,1075.06,USD,GB,US,sucursal,pos,0,Normal,18,3,12,6,10163.8975,15853.056272274882,1036.43,93521.66,60,11,4,-0.573317683563767,3,4,14,2,3,0.0,0,0,0.5404968280538561,0,1.1256038101182795,0,0.016868292682926826,0,0.3416525088935052,0,0.0
TXN00007253,CUST000046,2025-04-16 18:10:57.003505,22173.19,CHF,GB,DE,cajero,desktop,0,Normal,18,2,16,4,14390.02703125,20397.40065692597,666.14,92261.44,64,10,4,0.3815762164639168,0,4,3,1,1,0.0,0,0,0.5492959274867029,0,1.108771666204539,0,0.23164022722380545,1,0.9023181714076564,0,0.0
TXN00004058,CUST000184,2025-01-19 02:11:57.003505,95.7,EUR,FR,IT,cajero,mobile,0,Normal,2,6,19,1,141.98777777777778,127.80667248159469,12.93,486.33,54,3,4,-0.3621702726222949,1,3,8,1,2,0.0,0,0,0.46861194706107007,0,1.0072948810245321,0,0.0,0,0.013199717709559342,0,0.0
TXN00001125,CUST000017,2025-03-28 19:34:57.003505,5181.16,EUR,FR,ES,cajero,atm,0,Normal,19,4,28,3,15977.346615384617,23735.85855892997,1012.73,95316.24,65,9,4,-0.45484710772629705,1,3,4,1,0,0.0,0,0,0.5246151524955663,0,1.01056609774006,0,0.029015018315018314,0,0.028558713059448362,0,0.0
TXN00007434,CUST000008,2025-07-08 19:48:57.003505,4736.79,EUR,IT,US,sucursal,pos,0,Normal,19,1,8,7,12268.12043478261,18777.04859567871,1067.78,84173.34,46,9,4,-0.4010923439860913,1,5,14,2,3,0.0,0,0,0.5248135243436324,0,1.057001536667164,0,0.04187491597740591,0,0.38276189565532437,0,0.0
TXN00007851,CUST000014,2025-03-21 06:38:57.107482,3969.85,EUR,IT,PK,cajero,tablet,1,Fraude,6,4,21,3,6809.598301886793,18922.663397876047,109.06,89409.3,53,9,4,-0.15007127918660043,1,5,11,1,4,1.0,1,0,0.507134639816682,0,1.0609167506540749,1,0.7588270967801216,1,0.9183325901985097,1,1.0
TXN00006729,CUST000034,2025-07-26 07:51:57.003505,440.54,EUR,FR,IT,web,tablet,0,Normal,7,5,26,7,4461.999242424243,17455.08561943105,12.03,89753.64,66,6,4,-0.23038897258213126,1,3,8,3,4,0.0,0,0,0.46434540919165584,0,1.0052221599087745,0,0.07308004984127522,1,0.5669796599089463,0,0.0
TXN00008481,CUST000056,2025-10-04 02:29:57.003505,528.16,GBP,GB,IT,sucursal,pos,0,Normal,2,5,4,10,850.786111111111,607.7213774215593,107.86,2433.3,54,5,4,-0.5308783310356319,2,4,8,2,3,0.0,0,0,0.48814720292481817,0,1.1400461063853897,0,0.0,0,0.04598852501135492,0,0.0
TXN00007699,CUST000063,2025-02-09 20:42:57.003505,366.71,EUR,FR,IT,web,desktop,0,Normal,20,6,9,2,174.46065217391305,124.88230844193839,11.36,468.38,46,3,4,1.5394442069912997,1,3,8,3,1,0.0,0,0,0.5083106448265545,0,1.0715987843886032,0,0.0,0,0.0065787213810098236,0,0.0
TXN00008963,CUST000182,2025-05-04 07:56:57.003505,12155.06,EUR,FR,GB,app,desktop,0,Normal,7,6,4,5,5969.300425531915,3942.2714577699544,1117.5,14812.85,47,6,4,1.5690851427055537,1,3,6,0,1,0.0,0,0,0.4829270076995606,0,1.061964103264359,0,0.018837209302325582,0,0.08620256822632384,0,0.0
TXN00000233,CUST000151,2025-04-17 07:18:57.003505,3872.21,EUR,ES,ES,cajero,desktop,0,Normal,7,3,17,4,4647.714285714285,3516.3390907388803,1030.42,14338.55,49,6,4,-0.22054308912818396,1,2,4,1,1,0.0,0,0,0.41746906189172195,0,0.9760911824928215,0,0.0,0,0.01130455768548709,0,0.0
TXN00007124,CUST000152,2025-04-22 22:44:57.003505,863.22,CHF,GB,FR,web,pos,0,Normal,22,1,22,4,951.1576086956521,716.2417846887702,125.83,2743.37,46,5,4,-0.12277642892768029,0,4,5,3,3,0.0,0,0,0.4746075062858342,0,1.0783234219371243,0,0.0,0,0.008627143865068644,0,0.0
TXN00000604,CUST000154,2025-08-22 21:59:57.003505,7573.37,EUR,ES,DE,app,pos,0,Normal,21,4,22,8,5306.762553191489,3600.2821194151297,1232.6,14459.85,47,6,4,0.6295638427766211,1,2,3,0,3,0.0,0,0,0.4582965882929104,0,1.0243180123978584,0,0.0,0,0.017823566488334937,0,0.0
TXN00008785,CUST000048,2025-04-13 20:17:57.003505,5595.46,EUR,FR,DE,app,tablet,0,Normal,20,6,13,4,14978.963214285715,24570.676906037716,1239.7,91202.35,56,8,4,-0.38189844137334383,1,3,3,0,4,0.0,0,0,0.5331321299234352,0,1.0202174686708667,0,0.018136363636363634,0,0.12980447110086615,0,0.0
TXN00006173,CUST000119,2025-12-31 20:28:57.003505,5170.39,CHF,US,DE,sucursal,mobile,0,Normal,20,2,31,12,5182.4826530612245,3810.198553881289,1035.0,14102.78,49,6,4,-0.003173759290242793,0,6,3,2,2,0.0,0,0,0.5212655737047304,0,1.0624638213739401,0,0.0,0,0.005398725734609965,0,0.0
TXN00002958,CUST000001,2025-10-31 21:02:57.003505,122.57,EUR,FR,GB,web,pos,0,Normal,21,4,31,10,3927.4848484848485,13285.312321840493,105.88,98285.28,66,11,4,-0.2864001053210717,1,3,6,3,3,0.0,0,0,0.4984594742288463,0,1.0382535032504416,0,0.0,0,0.48302851901050703,0,0.0
TXN00007114,CUST000056,2025-11-30 23:10:57.003505,293.81,CHF,GB,ES,app,mobile,0,Normal,23,6,30,11,850.786111111111,607.7213774215593,107.86,2433.3,54,5,4,-0.9164991242495872,0,4,4,0,2,0.0,0,0,0.5339368009983337,1,1.2086021673932608,0,0.0,0,0.011802648878256822,0,0.0
TXN00000579,CUST000146,2025-02-10 05:39:57.003505,740.74,EUR,IT,GB,sucursal,desktop,0,Normal,5,0,10,2,904.4364285714286,643.5872499374547,113.72,2383.09,42,5,4,-0.2543500175508246,1,5,6,2,1,0.0,0,0,0.4635942924912786,0,1.0096653751096933,0,0.0,0,0.024034365950398356,0,0.0
TXN00002862,CUST000103,2025-07-21 20:33:57.003505,1826.31,EUR,ES,DE,web,desktop,0,Normal,20,0,21,7,5214.038510638298,3364.444087380351,1126.94,12261.04,47,6,4,-1.0069207339002493,1,2,3,3,1,0.0,0,0,0.4570714507635968,0,0.9954501727506425,0,0.0,0,0.0032510296229270015,0,0.0
TXN00004691,CUST000104,2025-03-24 05:45:57.003505,449.79,EUR,ES,FR,web,atm,0,Normal,5,0,24,3,878.7486666666667,742.4299771714012,115.19,2937.85,45,5,4,-0.5777765974956834,1,2,5,3,0,0.0,0,0,0.4544135168526508,0,1.0041611071675873,0,0.0,0,0.01206913715153966,0,0.0
TXN00004457,CUST000074,2025-02-13 19:18:57.003505,5536.18,EUR,IT,DE,web,desktop,0,Normal,19,3,13,2,5339.021777777778,3544.830265405901,1289.22,14680.96,45,6,4,0.055618522582216834,1,5,3,3,1,0.0,0,0,0.44661126895335046,0,1.0342864044394364,0,0.0,0,0.007866298310990383,0,0.0
TXN00004527,CUST000011,2025-06-02 12:16:57.107482,7842.66,EUR,ES,FR,web,tablet,1,Fraude,12,0,2,6,5832.329,15831.358716522058,120.51,81442.3,60,11,4,0.126984110199902,1,2,5,3,4,1.0,1,0,0.4996301371114885,0,1.0747547125993562,1,0.7445089004956578,1,0.9500057916549995,1,1.0
TXN00004913,CUST000152,2025-09-04 01:07:57.003505,2452.75,GBP,GB,IT,sucursal,atm,0,Normal,1,3,4,9,951.1576086956521,716.2417846887702,125.83,2743.37,46,5,4,2.096488115197509,2,4,8,2,0,0.0,0,0,0.5393078363649302,0,1.136301022201241,0,0.0,0,0.02783134575634191,0,0.0
TXN00002718,CUST000139,2025-08-06 05:45:57.003505,3560.19,EUR,US,FR,app,atm,0,Normal,5,2,6,8,5999.512857142858,5088.7018853137615,532.86,19230.71,49,6,4,-0.4793605346981516,1,6,5,0,0,0.0,0,0,0.48478305677775235,0,1.038151773945579,0,0.0,0,0.01807564472940357,0,0.0
TXN00006024,CUST000088,2025-05-10 01:16:57.003505,905.97,EUR,DE,ES,web,atm,0,Normal,1,5,10,5,999.984909090909,775.2614145011627,168.78,2889.91,55,5,4,-0.12126865494800056,1,1,4,3,0,0.0,0,0,0.4619141896455006,0,1.0051344167061849,0,0.0,0,0.010079838973813496,0,0.0
TXN00006482,CUST000128,2025-09-02 03:57:57.003505,12154.75,EUR,FR,ES,cajero,mobile,0,Normal,3,1,2,9,5858.723846153846,3432.153469589081,1187.74,13901.43,52,6,4,1.8344244241401972,1,3,4,1,2,0.0,0,0,0.47423743226865955,0,1.0071096241228026,0,0.0,0,0.04567658918826927,0,0.0
TXN00006045,CUST000127,2025-05-16 09:28:57.003505,1420.59,EUR,FR,ES,cajero,atm,0,Normal,9,4,16,5,5175.683538461539,3408.1231986798057,1026.86,14073.5,65,6,4,-1.1018068650846693,1,3,4,1,0,0.0,0,0,0.4466392853041278,0,1.0567320892091208,0,0.009743589743589744,0,0.0035456634536471933,0,0.0
TXN00006101,CUST000047,2026-01-14 23:14:57.003505,5455.06,EUR,ES,GB,app,mobile,0,Normal,23,2,14,1,14563.28859375,20712.60540698934,564.29,99973.8,64,9,4,-0.4397432584814627,1,2,6,0,2,0.0,0,0,0.5048289698026112,0,0.9788901537916118,0,0.007450980392156862,0,0.062457498700724146,0,0.0
TXN00009309,CUST000169,2025-06-23 23:43:57.003505,526.51,EUR,DE,FR,cajero,pos,0,Normal,23,0,23,6,1003.1623076923078,777.0232421375961,108.39,2916.08,52,5,4,-0.6134337832258406,1,1,5,1,3,0.0,0,0,0.4601103130023398,0,0.9956362831633949,0,0.0,0,0.017479540892567796,0,0.0
TXN00003918,CUST000022,2025-11-14 18:57:57.003505,4709.94,EUR,IT,GB,web,mobile,0,Normal,18,4,14,11,10301.100588235295,13087.105408488525,1670.97,67315.05,51,12,4,-0.42722667949029763,1,5,6,3,2,0.0,0,0,0.49133640669417455,0,1.0458682839401725,0,0.0,0,0.09207783767333974,0,0.0
TXN00005190,CUST000113,2025-11-20 17:31:57.003505,610.95,CHF,CH,ES,cajero,tablet,0,Normal,17,3,20,11,5951.366734693877,5946.201402798187,518.29,22408.12,49,6,4,-0.8981224099275615,0,0,4,1,4,0.0,0,0,0.5038456782030443,1,1.216597787121448,0,0.0,0,0.004251557479791153,0,0.0
TXN00003007,CUST000090,2025-07-03 23:24:57.003505,6905.03,GBP,GB,DE,sucursal,desktop,0,Normal,23,3,3,7,7876.1302173913045,6513.608792365749,504.72,24011.29,46,6,4,-0.14908789400744965,2,4,3,2,1,0.0,0,0,0.4824265409905473,0,1.1314939310699104,0,0.0,0,0.018158457532418824,0,0.0
TXN00007810,CUST000071,2025-03-13 04:46:57.003505,3843.84,EUR,FR,FR,app,pos,0,Normal,4,3,13,3,8737.374901960784,6519.461954884734,915.99,24253.24,51,6,4,-0.7506041043070553,1,3,5,0,3,0.0,0,0,0.4530728471741549,0,1.007235273152229,0,0.0,0,0.003299638849806073,0,0.0
TXN00000443,CUST000060,2025-01-21 18:48:57.003505,2222.35,EUR,IT,DE,web,mobile,0,Normal,18,1,21,1,793.8452000000001,702.8669137539191,101.28,2914.93,50,5,4,2.032397271822268,1,5,3,3,2,0.0,0,0,0.5051222901164374,0,1.0716123234679455,0,0.0,0,0.004402881371221653,0,0.0
TXN00003394,CUST000051,2025-08-07 19:39:57.003505,224.14,EUR,DE,FR,cajero,pos,0,Normal,19,3,7,8,819.4428260869565,649.2779453436051,154.15,2996.29,46,5,4,-0.9168690072401068,1,1,5,1,3,0.0,0,0,0.44256560477486917,0,1.0064855119886356,0,0.0,0,0.03542518379922215,0,0.0
TXN00000845,CUST000139,2025-08-14 02:33:57.003505,987.5,USD,US,FR,sucursal,atm,0,Normal,2,3,14,8,5999.512857142858,5088.7018853137615,532.86,19230.71,49,6,4,-0.9849295496407126,3,6,5,2,0,0.0,0,0,0.517522249068167,0,0.9996374100582137,0,0.0,0,0.008805059103830809,0,0.0
TXN00005858,CUST000032,2025-03-09 02:09:57.003505,338.15,EUR,FR,ES,app,mobile,0,Normal,2,6,9,3,5279.0388,17558.788655810717,10.88,75146.84,50,4,4,-0.28139121078170304,1,3,4,0,2,0.0,0,0,0.4813641420890139,0,1.1426323223350532,0,0.11571201930074519,0,0.4452340564143373,0,0.0
TXN00009619,CUST000048,2025-10-03 20:54:57.003505,1664.45,EUR,FR,US,app,tablet,0,Normal,20,4,3,10,14978.963214285715,24570.676906037716,1239.7,91202.35,56,8,4,-0.541886300677051,1,3,14,0,4,0.0,0,0,0.5451868837064323,0,1.0761732302636537,0,0.07980052606996248,0,0.2611238383806003,0,0.0
TXN00005086,CUST000116,2025-05-08 00:21:57.003505,11629.6,EUR,FR,DE,app,tablet,0,Normal,0,3,8,5,5575.545263157895,3962.8441770423206,1145.06,14589.34,57,6,4,1.5277044629680245,1,3,3,0,4,0.0,0,0,0.4831387678844409,0,1.0654500667536841,0,0.0,0,0.04617851900641683,0,0.0
TXN00009839,CUST000130,2025-04-05 02:30:57.003505,7010.6,EUR,IT,GB,cajero,mobile,0,Normal,2,5,5,4,5477.731875,3585.6029816829373,1158.54,14850.38,64,6,4,0.4275063726807331,1,5,6,1,2,0.0,0,0,0.46513185958151876,0,1.0480467435254202,0,0.0,0,0.017830893597000002,0,0.0
TXN00008032,CUST000156,2025-09-02 04:40:57.003505,146.69,EUR,FR,IT,cajero,mobile,0,Normal,4,1,2,9,105.78857142857143,88.03691067704752,12.77,375.54,56,3,4,0.4645940866425481,1,3,8,1,2,0.0,0,0,0.4749208987344416,0,1.0213018238509552,0,0.0,0,0.018900551490220817,0,0.0
TXN00003338,CUST000033,2025-08-03 04:28:57.003505,3404.92,EUR,IT,DE,web,pos,0,Normal,4,6,3,8,13515.900317460317,21277.432782527,1113.58,86099.77,63,10,4,-0.475197380263292,1,5,3,3,3,0.0,0,0,0.5176484705181892,0,1.0588844737987608,0,0.006551724137931034,0,0.05804795537769128,0,0.0
TXN00005340,CUST000076,2025-06-24 20:41:57.003505,50.04,EUR,ES,FR,cajero,pos,0,Normal,20,1,24,6,157.1376595744681,106.39921381723207,16.86,457.19,47,3,4,-1.0065643788672294,1,2,5,1,3,0.0,0,0,0.45004942308034307,0,0.9925884873236874,0,0.0,0,0.015166024330090578,0,0.0
TXN00006642,CUST000155,2025-05-12 04:02:57.003505,434.28,EUR,IT,FR,cajero,mobile,0,Normal,4,0,12,5,955.0666666666667,767.1100594112946,122.32,2967.61,45,5,4,-0.6788943250039521,1,5,5,1,2,0.0,0,0,0.44365308249931096,0,0.9921209473138033,0,0.0,0,0.026250838216762332,0,0.0
TXN00000907,CUST000077,2025-10-02 02:42:57.003505,9713.8,GBP,CH,DE,sucursal,pos,0,Normal,2,3,2,10,6464.85641509434,5759.730942651314,662.88,21657.81,53,6,4,0.5640790545063255,2,0,3,2,3,0.0,0,0,0.5119740491616095,0,1.1153446650882928,0,0.0,0,0.05742399325488202,0,0.0
TXN00009356,CUST000059,2025-05-29 00:00:57.003505,238.73,EUR,FR,IT,sucursal,tablet,0,Normal,0,3,29,5,141.4556862745098,127.69645729236034,11.48,485.42,51,3,4,0.7617620333900037,1,3,8,2,4,0.0,0,0,0.4936267571507539,0,1.0324393016691547,0,0.0,0,0.005558266717102423,0,0.0
TXN00005208,CUST000025,2025-10-16 05:52:57.003505,576.81,EUR,ES,ES,web,tablet,0,Normal,5,3,16,10,4343.914923076923,14920.775001268592,113.57,85819.96,65,10,4,-0.2524738106770032,1,2,4,3,4,0.0,0,0,0.45668693716452996,0,0.9886822136209042,0,0.00890625,1,0.5669677454090362,0,0.0
TXN00007260,CUST000030,2025-11-23 08:11:57.003505,704.11,EUR,GB,DE,app,pos,0,Normal,8,6,23,11,5147.489833333334,15805.705911525396,117.06,96740.03,60,7,4,-0.28112504800004734,1,4,3,0,3,0.0,0,0,0.49743611435320767,0,1.034189756063896,0,0.0572984305436331,0,0.38138910747227606,0,0.0
TXN00002966,CUST000114,2025-11-16 23:15:57.003505,10176.73,EUR,ES,US,cajero,desktop,0,Normal,23,6,16,11,5335.650000000001,3328.235785762344,1233.85,12763.92,56,6,4,1.4545483884449564,1,2,14,1,1,0.0,0,0,0.5167476876551621,0,1.0221801575869096,0,0.0,0,0.11140661967844218,0,0.0
TXN00006152,CUST000005,2025-07-27 02:17:57.003505,357.54,EUR,GB,GB,sucursal,tablet,0,Normal,2,6,27,7,2003.046231884058,5943.958813233152,101.43,49162.75,69,9,4,-0.2768367485898116,1,4,6,2,4,0.0,0,0,0.4850335611376618,0,1.0696186538366237,0,0.006333333333333333,0,0.08939188062103817,0,0.0
TXN00005659,CUST000065,2025-01-24 20:07:57.003505,612.28,EUR,DE,IT,sucursal,mobile,0,Normal,20,4,24,1,923.64,646.6474119934588,157.06,2903.34,38,5,4,-0.48149887209577313,1,1,8,2,2,0.0,0,0,0.47560091153630746,0,1.0914729275119206,0,0.0,0,0.02366090194141893,0,0.0
TXN00008310,CUST000024,2025-10-29 03:17:57.003505,5904.9,EUR,FR,FR,sucursal,desktop,0,Normal,3,2,29,10,13902.334629629631,16284.919332654581,520.55,73708.1,54,9,4,-0.49109451915442104,1,3,5,2,1,0.0,0,0,0.4833963522224922,0,1.0157994454311448,0,0.0,0,0.009093391249880046,0,0.0
TXN00002844,CUST000073,2025-08-04 22:28:57.003505,2097.31,EUR,DE,DE,app,tablet,0,Normal,22,0,4,8,870.7014285714286,670.8365566182797,100.07,2635.22,42,5,4,1.8284760386098962,1,1,3,0,4,0.0,0,0,0.5373728999784072,1,1.164741727982096,0,0.0,0,0.018161727989882043,0,0.0
TXN00003809,CUST000014,2025-08-19 08:13:57.003505,799.88,EUR,IT,DE,cajero,tablet,0,Normal,8,1,19,8,6809.598301886793,18922.663397876047,109.06,89409.3,53,9,4,-0.31759367987509374,1,5,3,1,4,0.0,0,0,0.4919268997751129,0,1.0276765303124606,0,0.0816372330801709,1,0.5883093449818523,0,0.0
TXN00005755,CUST000132,2025-10-29 09:09:57.003505,13547.36,EUR,ES,FR,web,mobile,0,Normal,9,2,29,10,4842.353035714286,3440.9431400374256,1071.04,14203.76,56,6,4,2.5298316791312057,1,2,5,3,2,0.0,0,0,0.4953349863350089,0,1.0365551403343418,0,0.01969387755102041,0,0.03827538133763059,0,0.0
TXN00001167,CUST000062,2025-12-22 00:18:57.003505,292.61,EUR,IT,ES,sucursal,pos,0,Normal,0,0,22,12,897.1857692307692,674.5982232769489,119.34,2822.56,52,5,4,-0.896201246125082,1,5,4,2,3,0.0,0,0,0.4751917671236588,0,1.0304113846035077,0,0.0,0,0.01421130672149215,0,0.0
TXN00001322,CUST000176,2025-03-27 18:44:57.003505,516.71,EUR,ES,GB,web,tablet,0,Normal,18,3,27,3,999.8185454545454,731.9722641436783,123.88,2909.03,55,5,4,-0.6600093589061279,1,2,6,3,4,0.0,0,0,0.4564634329360956,0,1.009536939163391,0,0.0,0,0.009862883097074593,0,0.0
TXN00009260,CUST000047,2025-11-04 03:46:57.003505,5761.54,EUR,ES,DE,app,atm,0,Normal,3,1,4,11,14563.28859375,20712.60540698934,564.29,99973.8,64,9,4,-0.42494647198536195,1,2,3,0,0,0.0,0,0,0.522349698294351,0,1.0256414054218088,0,0.0,0,0.06724248602185655,0,0.0
TXN00003861,CUST000029,2025-08-02 21:09:57.003505,1531.12,CHF,GB,DE,cajero,desktop,0,Normal,21,5,2,8,10163.8975,15853.056272274882,1036.43,93521.66,60,11,4,-0.5445497291618876,0,4,3,1,1,0.0,0,0,0.5137984638997819,0,1.1117326008482415,0,0.014870820668693007,0,0.06965581849853829,0,0.0
TXN00003599,CUST000013,2025-06-10 20:16:57.003505,576.42,GBP,GB,ES,sucursal,desktop,0,Normal,20,1,10,6,2119.490634920635,8304.770612994731,104.65,66232.6,63,9,4,-0.18580532884560821,2,4,4,2,1,0.0,0,0,0.4820563336581911,0,1.0585933350921262,0,0.13366670638073586,0,0.38930041056335735,0,0.0
TXN00000670,CUST000107,2025-07-15 23:04:57.003505,1244.98,EUR,DE,US,cajero,mobile,0,Normal,23,1,15,7,8391.43761904762,6394.4847395277075,641.04,24787.14,42,6,4,-1.117597102664734,1,1,14,1,2,0.0,0,0,0.5110487162805125,0,1.0014355923916214,0,0.0,0,0.009482598008370669,0,0.0
TXN00008087,CUST000132,2025-10-02 08:05:57.003505,2618.74,EUR,ES,ES,sucursal,desktop,0,Normal,8,3,2,10,4842.353035714286,3440.9431400374256,1071.04,14203.76,56,6,4,-0.6462219643198984,1,2,4,2,1,0.0,0,0,0.4241038964913345,0,0.9999921809570408,0,0.0,0,0.009709859314244165,0,0.0
TXN00009006,CUST000097,2025-04-18 22:07:57.003505,1518.04,GBP,GB,DE,app,atm,0,Normal,22,4,18,4,6028.589047619047,4895.208384788782,512.34,20827.36,42,6,4,-0.9214212536311152,2,4,3,0,0,0.0,0,0,0.5005574567657521,0,1.1201595437990362,0,0.0,0,0.00760814632420187,0,0.0
TXN00003462,CUST000043,2025-05-05 20:41:57.003505,6941.6,GBP,CH,CH,sucursal,desktop,0,Normal,20,0,5,5,14802.66984375,19505.427795265667,654.06,90854.63,64,10,4,-0.4030196069452529,2,0,1,2,1,0.0,0,1,0.5647916667775484,1,1.1653877878905747,0,0.028459964677286797,0,0.04326150508723985,0,0.0
TXN00007127,CUST000117,2025-04-02 00:04:57.003505,2354.9,EUR,ES,GB,cajero,pos,0,Normal,0,2,2,4,4614.202641509434,3046.091732833902,1227.93,13885.08,53,6,4,-0.7417053847770397,1,2,6,1,3,0.0,0,0,0.44384364167363866,0,0.9992567743710096,0,0.0,0,0.013720213769339016,0,0.0
TXN00004803,CUST000024,2025-06-11 01:12:57.003505,4196.59,EUR,FR,ES,sucursal,mobile,0,Normal,1,2,11,6,13902.334629629631,16284.919332654581,520.55,73708.1,54,9,4,-0.5959958677579471,1,3,4,2,2,0.0,0,0,0.4637087947264036,0,0.9828044733833273,0,0.0,0,0.0069812953400300954,0,0.0
TXN00008726,CUST000094,2025-02-14 00:02:57.003505,7096.89,GBP,GB,FR,app,atm,0,Normal,0,4,14,2,7811.610638297872,6082.503451203796,699.35,22965.89,47,6,4,-0.11750435390857301,2,4,5,0,0,0.0,0,0,0.5039438900276874,0,1.1332686663378473,0,0.0,0,0.01784953095571304,0,0.0
TXN00009264,CUST000091,2025-09-22 00:01:57.003505,4276.76,GBP,GB,US,cajero,pos,0,Normal,0,0,22,9,7200.981951219513,5225.722639258717,656.16,24278.3,41,6,4,-0.5595823109116902,2,4,14,1,3,0.0,0,0,0.5273803297631616,0,1.062454348957056,0,0.0,0,0.032322974305502315,0,0.0
TXN00006507,CUST000130,2025-09-06 23:24:57.003505,11152.16,EUR,IT,US,app,mobile,0,Normal,23,5,6,9,5477.731875,3585.6029816829373,1158.54,14850.38,64,6,4,1.5825589593731577,1,5,14,0,2,0.0,0,0,0.5349403669281777,0,1.128310354662974,0,0.0,0,0.18640478660889312,0,0.0
TXN00000407,CUST000063,2025-11-15 06:59:57.003505,146.75,EUR,FR,FR,web,tablet,0,Normal,6,5,15,11,174.46065217391305,124.88230844193839,11.36,468.38,46,3,4,-0.22189413614901618,1,3,5,3,4,0.0,0,0,0.44809387745613777,0,1.017338926862081,0,0.0,0,0.00888613911876592,0,0.0
TXN00000256,CUST000168,2025-06-05 04:45:57.003505,704.17,EUR,IT,GB,web,desktop,0,Normal,4,3,5,6,805.7724074074074,573.1593417914204,118.62,2763.92,54,5,4,-0.1772672969310417,1,5,6,3,1,0.0,0,0,0.437779088106049,0,1.016620726392174,0,0.0,0,0.018201240867282496,0,0.0
TXN00002068,CUST000143,2025-12-09 22:03:57.003505,4744.93,EUR,ES,DE,cajero,atm,0,Normal,22,1,9,12,5239.2824390243895,3581.701917241844,1357.73,14883.52,41,6,4,-0.13802165850447232,1,2,3,1,0,0.0,0,0,0.46213159593954156,0,1.0343017812534077,0,0.0,0,0.017055259029776632,0,0.0
TXN00001126,CUST000061,2025-09-26 22:01:57.003505,1143.39,EUR,IT,FR,sucursal,tablet,0,Normal,22,4,26,9,4214.0417391304345,2941.5094806452344,1120.02,13214.78,46,6,4,-1.0439033966373512,1,5,5,2,4,0.0,0,0,0.46515060342895564,0,1.0101759541215318,0,0.0,0,0.006538092280354007,0,0.0
TXN00006955,CUST000093,2026-01-08 21:32:57.003505,4765.95,EUR,FR,US,sucursal,atm,0,Normal,21,3,8,1,5332.117045454545,3968.6959699562376,1106.74,14810.24,44,6,4,-0.14265820551583608,1,3,14,2,0,0.0,0,0,0.48930406773595786,0,1.0354921756458224,0,0.0,0,0.0609571481246645,0,0.0
TXN00008425,CUST000151,2025-12-06 04:36:57.003505,3084.61,EUR,ES,IT,sucursal,atm,0,Normal,4,5,6,12,4647.714285714285,3516.3390907388803,1030.42,14338.55,49,6,4,-0.4445260382841257,1,2,8,2,0,0.0,0,0,0.4541446843722329,0,1.029608953461651,0,0.0,0,0.023220049294173168,0,0.0
TXN00004844,CUST000029,2025-11-24 11:06:57.107482,93521.66,USD,GB,NG,sucursal,desktop,1,Fraude,11,0,24,11,10163.8975,15853.056272274882,1036.43,93521.66,60,11,4,5.258150924533379,3,4,10,2,1,1.0,1,1,0.6608248696787457,1,1.215378956043344,1,0.9876356334822569,1,0.9999999999997091,1,1.0
TXN00006500,CUST000135,2025-03-17 20:06:57.003505,2303.64,EUR,ES,DE,sucursal,desktop,0,Normal,20,0,17,3,1076.0898113207547,785.7308155211804,135.69,2994.76,53,5,4,1.5623037341391521,1,2,3,2,1,0.0,0,0,0.4723961879229197,0,1.039022364552823,0,0.0,0,0.006694927037461812,0,0.0
TXN00009510,CUST000145,2025-05-28 08:16:57.003505,440.17,EUR,DE,DE,app,pos,0,Normal,8,2,28,5,825.7344444444445,658.4965368085764,114.16,2750.31,45,5,4,-0.585522356317274,1,1,3,0,3,0.0,0,0,0.458708396288051,0,1.0444822148594735,0,0.0,0,0.013796287788990105,0,0.0
TXN00009274,CUST000181,2025-03-31 23:24:57.003505,375.74,EUR,IT,IT,app,pos,0,Normal,23,0,31,3,859.3886956521739,767.5902422592371,109.88,2932.89,46,5,4,-0.6300870808343924,1,5,8,0,3,0.0,0,0,0.5180548802465446,0,1.0929047696861667,0,0.0,0,0.030132097398949786,0,0.0
TXN00006437,CUST000031,2025-06-14 22:25:57.107482,79046.03,EUR,ES,CH,sucursal,pos,1,Fraude,22,5,14,6,11309.0796,15599.351809179214,650.1,79046.03,50,9,4,4.342292630120623,1,2,1,2,3,1.0,1,1,0.5938147204360121,0,0.9985441227894902,1,0.9059421997138122,1,0.9999999991112627,1,1.0
TXN00006653,CUST000107,2025-01-27 05:11:57.003505,7500.47,EUR,DE,GB,cajero,mobile,0,Normal,5,0,27,1,8391.43761904762,6394.4847395277075,641.04,24787.14,42,6,4,-0.13933376264091168,1,1,6,1,2,0.0,0,0,0.48302921429485834,0,1.0644289837796344,0,0.0,0,0.008571985741440509,0,0.0
TXN00006951,CUST000052,2025-07-14 03:34:57.003505,104.89,EUR,ES,FR,cajero,pos,0,Normal,3,0,14,7,177.9474,132.6302616653853,34.91,487.78,50,3,4,-0.5508350698536841,1,2,5,1,3,0.0,0,0,0.43908705993355857,0,0.9819385265747578,0,0.0,0,0.014519211759928558,0,0.0
TXN00005025,CUST000083,2025-06-04 04:25:57.003505,405.5,EUR,ES,ES,sucursal,mobile,0,Normal,4,2,4,6,158.37742857142857,131.01619648393864,23.45,495.8,70,3,4,1.8861986240965842,1,2,4,2,2,0.0,0,0,0.5082808534771911,0,1.0901719262924054,0,0.0,0,0.0027119941691454955,0,0.0
TXN00002675,CUST000130,2025-09-28 05:34:57.003505,4706.17,EUR,IT,IT,app,tablet,0,Normal,5,6,28,9,5477.731875,3585.6029816829373,1158.54,14850.38,64,6,4,-0.21518329796308822,1,5,8,0,4,0.0,0,0,0.4901777689875682,0,1.1210282613646716,0,0.0,0,0.009702768287911376,0,0.0
TXN00000059,CUST000008,2025-02-27 22:28:57.003505,3602.79,EUR,IT,DE,web,desktop,0,Normal,22,3,27,2,12268.12043478261,18777.04859567871,1067.78,84173.34,46,9,4,-0.46148522171452094,1,5,3,3,1,0.0,0,0,0.5304310192107442,0,1.074272083342239,0,0.0,0,0.03012875188224084,0,0.0
TXN00009250,CUST000150,2025-02-19 02:25:57.003505,8573.79,EUR,ES,US,app,mobile,0,Normal,2,2,19,2,4437.8133333333335,2736.3486113014974,1220.08,12025.36,48,6,4,1.5114947883734617,1,2,14,0,2,0.0,0,0,0.5062218051117539,0,1.0639478018629447,0,0.028999999999999998,0,0.0974946924200025,0,0.0
TXN00003787,CUST000027,2025-09-09 01:18:57.003505,258.75,EUR,FR,FR,app,mobile,0,Normal,1,1,9,9,4851.360625,18687.684437621316,10.99,94066.9,64,5,4,-0.2457560025740043,1,3,5,0,2,0.0,0,0,0.4827650899121054,0,0.992358644639556,0,0.008636363636363635,1,0.7219760625596241,0,0.0
TXN00002210,CUST000078,2025-05-19 18:49:57.003505,2632.13,EUR,DE,GB,app,tablet,0,Normal,18,0,19,5,8590.456956521739,6556.444835127875,848.73,24850.13,46,6,4,-0.908774054452447,1,1,6,0,4,0.0,0,0,0.49182743190579187,0,1.0284207717445082,0,0.0,0,0.0033934218356182653,0,0.0
TXN00007090,CUST000046,2025-11-21 22:42:57.107482,26894.03,USD,GB,AF,app,pos,1,Fraude,22,4,21,11,14390.02703125,20397.40065692597,666.14,92261.44,64,10,4,0.6130194321545195,3,4,0,0,3,0.0,0,1,0.5986408354641408,0,1.1420469473254111,1,0.795565720040882,1,0.9879829582510962,0,0.0
TXN00006085,CUST000050,2025-07-12 23:27:57.003505,10525.91,EUR,FR,DE,cajero,pos,0,Normal,23,5,12,7,5331.105348837209,3804.6606136073424,1083.57,14257.64,43,6,4,1.3653792486032075,1,3,3,1,3,0.0,0,0,0.4762412544512397,0,1.0284204261147536,0,0.0,0,0.04388616688181182,0,0.0
TXN00002272,CUST000172,2025-04-02 01:33:57.003505,1576.57,EUR,FR,GB,sucursal,mobile,0,Normal,1,2,2,4,1225.615576923077,816.7534839489807,107.05,2891.9,52,5,4,0.42969442989134676,1,3,6,2,2,0.0,0,0,0.4394469218710703,0,0.9826882315105131,0,0.0,0,0.018913039534448353,0,0.0
TXN00009997,CUST000013,2025-08-30 18:02:57.003505,421.83,GBP,GB,GB,web,atm,0,Normal,18,5,30,8,2119.490634920635,8304.770612994731,104.65,66232.6,63,9,4,-0.2044199308840431,2,4,6,3,0,0.0,0,0,0.5250657523862918,0,1.1228550288617192,0,0.10801614730876205,0,0.26050519463506655,0,0.0
TXN00009707,CUST000181,2025-05-17 03:35:57.003505,206.23,EUR,IT,DE,web,tablet,0,Normal,3,5,17,5,859.3886956521739,767.5902422592371,109.88,2932.89,46,5,4,-0.8509210498544384,1,5,3,3,4,0.0,0,0,0.4612193931462097,0,1.0120806910556754,0,0.0,0,0.010618642051912777,0,0.0
TXN00000371,CUST000105,2025-10-22 01:54:57.003505,4144.31,CHF,US,FR,app,desktop,0,Normal,1,2,22,10,4980.748490566038,3710.328094247605,1074.39,14077.93,53,6,4,-0.22543518230568188,0,6,5,0,1,0.0,0,0,0.5049186094805524,0,1.092526273872632,0,0.015516666666666665,0,0.009833017359679994,0,0.0
TXN00008245,CUST000129,2025-07-03 09:46:57.003505,2277.46,USD,US,DE,web,tablet,0,Normal,9,3,3,7,5171.594634146341,3069.580435637823,1448.31,14426.04,41,6,4,-0.9428437188361641,3,6,3,3,4,0.0,0,0,0.5444718466230086,0,1.040615413035476,0,0.0,0,0.010590460385090632,0,0.0
TXN00000110,CUST000013,2025-01-25 08:28:57.003505,646.47,GBP,GB,GB,cajero,atm,0,Normal,8,5,25,1,2119.490634920635,8304.770612994731,104.65,66232.6,63,9,4,-0.1773704179665581,2,4,6,1,0,0.0,0,0,0.5032004615854603,0,1.1138800897914347,0,0.012895927601809956,0,0.3435534409538869,0,0.0
TXN00007064,CUST000049,2025-02-11 05:51:57.003505,1591.28,EUR,ES,DE,sucursal,tablet,0,Normal,5,1,11,2,15183.687118644068,29088.486775127054,121.09,99885.0,59,10,4,-0.467277903565591,1,2,3,2,4,0.0,0,0,0.5230359443501449,0,1.0186872711624115,0,0.12050469628741522,0,0.21697911856803934,0,0.0
TXN00008819,CUST000080,2025-10-01 07:28:57.003505,25.28,EUR,ES,IT,sucursal,mobile,0,Normal,7,2,1,10,146.3564,118.60946270815987,13.78,474.86,50,3,4,-1.020798814990936,1,2,8,2,2,0.0,0,0,0.46216307795710043,0,1.017446934879244,0,0.0,0,0.03776908940174196,0,0.0
TXN00004037,CUST000064,2025-03-08 18:30:57.003505,890.85,EUR,ES,DE,web,tablet,0,Normal,18,5,8,3,729.9651020408163,552.4964489294722,103.76,2307.86,49,5,4,0.29119625651842856,1,2,3,3,4,0.0,0,0,0.4596766361730504,0,1.0078967688630813,0,0.007916666666666666,0,0.009600357607708911,0,0.0
TXN00000745,CUST000005,2025-02-21 22:14:57.003505,155.17,USD,GB,ES,cajero,pos,0,Normal,22,4,21,2,2003.046231884058,5943.958813233152,101.43,49162.75,69,9,4,-0.31088308140009513,3,4,4,1,3,0.0,0,0,0.5227877069740094,0,1.053224636806858,0,0.029507651189602767,0,0.16379636712114762,0,0.0
TXN00005122,CUST000171,2025-10-24 08:42:57.003505,4263.68,EUR,IT,IT,web,atm,0,Normal,8,4,24,10,5145.970204081633,3309.986413680884,1048.73,12932.63,49,6,4,-0.26655402577133963,1,5,8,3,0,0.0,0,0,0.4571719027387037,0,1.044850618703685,0,0.0,0,0.009631722788533453,0,0.0
TXN00006602,CUST000108,2025-02-06 06:51:57.003505,497.52,EUR,ES,ES,cajero,pos,0,Normal,6,3,6,2,161.04898305084745,113.9917943612899,19.95,497.52,59,3,4,2.95171258495165,1,2,4,1,3,0.0,0,0,0.5120665493443778,0,1.0353027613892114,0,0.0,0,0.0020454801861173387,0,0.0
TXN00001494,CUST000094,2025-08-07 17:16:57.003505,6982.41,CHF,GB,FR,sucursal,tablet,0,Normal,17,3,7,8,7811.610638297872,6082.503451203796,699.35,22965.89,47,6,4,-0.13632555161106216,0,4,5,2,4,0.0,0,0,0.4749458023777144,0,1.1022384793979723,0,0.0,0,0.009949007115338939,0,0.0
TXN00008470,CUST000044,2025-02-19 22:50:57.003505,2219.28,EUR,ES,GB,sucursal,tablet,0,Normal,22,2,19,2,1931.648222222222,3870.370479347076,127.53,24725.19,45,7,4,0.07431634238590634,1,2,6,2,4,0.0,0,0,0.453459183084102,0,1.006916366846648,0,0.24959605860354744,0,0.07994735844832374,0,0.0
TXN00008864,CUST000187,2025-04-12 20:02:57.003505,1501.15,USD,GB,US,sucursal,mobile,0,Normal,20,5,12,4,4876.589272727273,3027.9590817394396,1272.52,14739.26,55,6,4,-1.114757227721011,3,4,14,2,2,0.0,0,0,0.5309981403454471,0,1.0551514219751703,0,0.0,0,0.03885657459191674,0,0.0
TXN00002620,CUST000074,2025-08-15 04:14:57.003505,11574.58,EUR,IT,GB,app,desktop,0,Normal,4,4,15,8,5339.021777777778,3544.830265405901,1289.22,14680.96,45,6,4,1.7590569233500837,1,5,6,0,1,0.0,0,0,0.48612128744043814,0,1.0490956922688999,0,0.0,0,0.07200827340640333,0,0.0
TXN00004094,CUST000119,2025-10-14 07:07:57.003505,2781.73,USD,US,FR,web,tablet,0,Normal,7,1,14,10,5182.4826530612245,3810.198553881289,1035.0,14102.78,49,6,4,-0.6300859701879821,3,6,5,3,4,0.0,0,0,0.5132727124716492,0,0.998121028548432,0,0.0,0,0.013294778684848746,0,0.0
TXN00002977,CUST000006,2025-01-28 00:29:57.003505,102.71,EUR,FR,FR,cajero,pos,0,Normal,0,1,28,1,5953.340833333334,18691.661854483864,13.39,88596.57,60,9,4,-0.3130075259529073,1,3,5,1,3,0.0,0,0,0.48334554047882344,0,1.0087636499453454,0,0.008085106382978723,1,0.5880586351926492,0,0.0
TXN00005133,CUST000129,2025-06-13 09:49:57.003505,3962.9,USD,US,GB,sucursal,tablet,0,Normal,9,4,13,6,5171.594634146341,3069.580435637823,1448.31,14426.04,41,6,4,-0.39376542139754134,3,6,6,2,4,0.0,0,0,0.510912063776802,0,0.9925693971933054,0,0.00957983193277311,0,0.019610862390311193,0,0.0
TXN00003669,CUST000140,2025-02-21 02:45:57.003505,356.35,EUR,DE,DE,sucursal,desktop,0,Normal,2,4,21,2,680.5558695652173,567.6112813520499,132.76,2321.13,46,5,4,-0.5711758727236413,1,1,3,2,1,0.0,0,0,0.4428868247487706,0,0.973655805139804,0,0.0,0,0.010481073416345953,0,0.0
TXN00007147,CUST000106,2025-10-25 00:04:57.003505,497.63,EUR,FR,ES,cajero,mobile,0,Normal,0,5,25,10,187.99303571428572,139.00723410762927,11.88,497.63,56,3,4,2.2274881163269766,1,3,4,1,2,0.0,0,0,0.48918573079378763,0,1.0173858840405703,0,0.0,0,0.0019594092800802906,0,0.0
TXN00003881,CUST000161,2025-04-06 04:12:57.003505,14.06,EUR,ES,FR,app,desktop,0,Normal,4,6,6,4,139.16267857142856,120.75959945266268,10.61,487.09,56,3,4,-1.0359646612152245,1,2,5,0,1,0.0,0,0,0.47626785284095907,0,1.0229949516216297,0,0.0,0,0.02157733908132986,0,0.0
TXN00006870,CUST000037,2025-10-29 13:45:57.107482,445.43,EUR,ES,ES,cajero,atm,1,Fraude,13,2,29,10,3344.5771604938273,14448.411660449672,10.52,94457.02,81,9,4,-0.20065507741789684,1,2,4,1,0,1.0,1,0,0.5130969172954882,0,1.110018172389096,1,0.5595901362022331,1,0.5562777205322557,1,1.0
TXN00007093,CUST000141,2025-07-25 21:14:57.003505,244.26,GBP,GB,IT,cajero,atm,0,Normal,21,4,25,7,881.8225000000001,797.0668304624176,106.03,2971.69,48,5,4,-0.7998858751031366,2,4,8,1,0,0.0,0,0,0.47998322561742973,0,1.0898159553309488,0,0.0,0,0.04068221414370497,0,0.0
TXN00002426,CUST000180,2025-06-22 21:58:57.003505,2316.62,EUR,GB,ES,app,tablet,0,Normal,21,6,22,6,934.9624,733.4398987565374,127.9,2829.87,50,5,4,1.8838047949922494,1,4,4,0,4,0.0,0,0,0.48699945452047655,0,1.0250142886912674,0,0.0,0,0.009015709228908033,0,0.0
TXN00002751,CUST000050,2025-09-17 06:00:57.003505,4654.42,EUR,FR,ES,web,tablet,0,Normal,6,2,17,9,5331.105348837209,3804.6606136073424,1083.57,14257.64,43,6,4,-0.17785695424164552,1,3,4,3,4,0.0,0,0,0.42337443013605536,0,1.0100291557615715,0,0.0,0,0.008303089549202192,0,0.0
TXN00003644,CUST000076,2025-10-16 02:41:57.003505,215.46,EUR,ES,IT,sucursal,mobile,0,Normal,2,3,16,10,157.1376595744681,106.39921381723207,16.86,457.19,47,3,4,0.5481463422988175,1,2,8,2,2,0.0,0,0,0.4521270717504259,0,1.01046976689343,0,0.0,0,0.011255025445086197,0,0.0
TXN00001165,CUST000176,2025-08-20 20:04:57.003505,832.5,EUR,ES,ES,web,desktop,0,Normal,20,2,20,8,999.8185454545454,731.9722641436783,123.88,2909.03,55,5,4,-0.22858590881404853,1,2,4,3,1,0.0,0,0,0.42660983707682265,0,0.9768484793705439,0,0.0,0,0.009494516532780935,0,0.0
TXN00002534,CUST000165,2025-08-17 01:31:57.003505,961.71,EUR,FR,ES,cajero,pos,0,Normal,1,6,17,8,796.1411538461538,546.07482260668,145.49,2657.6,52,5,4,0.3031980948330629,1,3,4,1,3,0.0,0,0,0.4452424069745281,0,0.9810726064172783,0,0.0,0,0.011228143599432696,0,0.0
TXN00005555,CUST000025,2025-06-01 23:55:57.003505,113.57,EUR,ES,ES,web,pos,0,Normal,23,6,1,6,4343.914923076923,14920.775001268592,113.57,85819.96,65,10,4,-0.28352045536734727,1,2,4,3,3,0.0,0,0,0.4920793507111512,0,1.0449051937175653,0,0.007307692307692308,1,0.6365053775948903,0,0.0
TXN00000269,CUST000044,2025-12-23 20:12:57.003505,551.18,EUR,ES,DE,web,mobile,0,Normal,20,1,23,12,1931.648222222222,3870.370479347076,127.53,24725.19,45,7,4,-0.3566759898650396,1,2,3,3,2,0.0,0,0,0.4621680233449735,0,1.0229020112022498,0,0.01559934318555008,0,0.03358718104852727,0,0.0
TXN00003832,CUST000168,2025-08-17 20:53:57.003505,544.94,EUR,IT,FR,cajero,atm,0,Normal,20,6,17,8,805.7724074074074,573.1593417914204,118.62,2763.92,54,5,4,-0.45507834895806176,1,5,5,1,0,0.0,0,0,0.4645699080899721,0,1.0238119780106212,0,0.0,0,0.018906064565790245,0,0.0
TXN00002193,CUST000051,2025-01-19 04:41:57.003505,864.44,EUR,DE,DE,web,desktop,0,Normal,4,6,19,1,819.4428260869565,649.2779453436051,154.15,2996.29,46,5,4,0.06930340721788589,1,1,3,3,1,0.0,0,0,0.4705874620085511,0,1.0381852247489776,0,0.0,0,0.006963120148640804,0,0.0
TXN00008343,CUST000021,2025-11-28 04:46:57.003505,162.08,EUR,FR,IT,app,atm,0,Normal,4,4,28,11,2655.973768115942,10838.616564582062,16.24,71242.61,69,5,4,-0.2300933659776545,1,3,8,0,0,0.0,0,0,0.4945653500554067,0,1.1215744350783239,0,0.007599999999999999,0,0.2535982434974243,0,0.0
TXN00007948,CUST000143,2025-03-16 19:28:57.003505,1374.62,EUR,ES,ES,sucursal,tablet,0,Normal,19,6,16,3,5239.2824390243895,3581.701917241844,1357.73,14883.52,41,6,4,-1.079001694513273,1,2,4,2,4,0.0,0,0,0.46922230256352054,0,1.0691272991413565,0,0.0,0,0.004562714665590327,0,0.0
TXN00008892,CUST000029,2025-07-12 02:25:57.003505,4853.12,CHF,GB,US,sucursal,tablet,0,Normal,2,5,12,7,10163.8975,15853.056272274882,1036.43,93521.66,60,11,4,-0.33500023014192665,0,4,14,2,4,0.0,0,0,0.5578416953194796,0,1.1152145089930348,0,0.0664360152582744,0,0.387305970872464,0,0.0
TXN00007484,CUST000100,2025-08-27 21:47:57.003505,3303.96,EUR,GB,DE,sucursal,desktop,0,Normal,21,2,27,8,5226.1033333333335,3597.2253919944915,1045.25,14117.6,48,6,4,-0.534340532866431,1,4,3,2,1,0.0,0,0,0.4313612303475534,0,0.9949168471363901,0,0.0,0,0.004645960425994826,0,0.0
TXN00007184,CUST000006,2025-03-02 23:08:57.003505,234.76,EUR,FR,ES,app,tablet,0,Normal,23,6,2,3,5953.340833333334,18691.661854483864,13.39,88596.57,60,9,4,-0.30594287857051,1,3,4,0,4,0.0,0,0,0.5087549537568786,0,1.0231315801588658,0,0.12783037933722666,1,0.7896995422137915,0,0.0
TXN00002793,CUST000075,2025-07-29 23:21:57.003505,8140.07,EUR,FR,GB,app,mobile,0,Normal,23,1,29,7,8798.873684210526,6988.470284473828,1140.6,24612.74,57,6,4,-0.0942700844818515,1,3,6,0,2,0.0,0,0,0.4871182985747566,0,1.0628639847668526,0,0.0,0,0.010371056324188147,0,0.0
TXN00001226,CUST000130,2025-01-17 08:09:57.003505,1569.85,EUR,IT,ES,sucursal,mobile,0,Normal,8,4,17,1,5477.731875,3585.6029816829373,1158.54,14850.38,64,6,4,-1.0898813655258388,1,5,4,2,2,0.0,0,0,0.46344691366014057,0,1.058029563592202,0,0.0,0,0.0023351971787693515,0,0.0
TXN00003107,CUST000075,2025-05-06 21:51:57.003505,14337.59,EUR,FR,GB,sucursal,desktop,0,Normal,21,1,6,5,8798.873684210526,6988.470284473828,1140.6,24612.74,57,6,4,0.7925505997073781,1,3,6,2,1,0.0,0,0,0.47244995029540576,0,1.0291812648568972,0,0.0,0,0.0757088412101805,0,0.0
TXN00009805,CUST000069,2025-07-30 00:52:57.003505,133.9,EUR,FR,IT,sucursal,tablet,0,Normal,0,2,30,7,169.07313725490195,120.3676959236189,15.12,478.18,51,3,4,-0.29221409193549314,1,3,8,2,4,0.0,0,0,0.4764091442063175,0,1.0052452380960886,0,0.0,0,0.009425597504426642,0,0.0
TXN00005957,CUST000045,2025-04-29 22:15:57.107482,85657.33,GBP,GB,DE,sucursal,tablet,1,Fraude,22,1,29,4,6149.803333333333,15824.94547276264,125.29,85657.33,60,9,4,5.024189612437411,2,4,3,2,4,1.0,1,1,0.6191098548517598,0,1.0845432247215476,1,0.9595259688527007,1,0.999999999998165,1,1.0
TXN00003196,CUST000145,2025-06-05 22:43:57.003505,433.37,EUR,DE,IT,cajero,mobile,0,Normal,22,3,5,6,825.7344444444445,658.4965368085764,114.16,2750.31,45,5,4,-0.5958489102314827,1,1,8,1,2,0.0,0,0,0.45112163007951667,0,1.016411459077613,0,0.0,0,0.054011840463989026,0,0.0
TXN00000310,CUST000024,2025-10-12 23:41:57.003505,6517.33,EUR,FR,ES,app,pos,0,Normal,23,6,12,10,13902.334629629631,16284.919332654581,520.55,73708.1,54,9,4,-0.4534873325634291,1,3,4,0,3,0.0,0,0,0.49748763309434574,0,1.0070329442402106,0,0.007755102040816326,0,0.024012982878096868,0,0.0
TXN00006816,CUST000179,2025-07-05 07:39:57.003505,10954.88,EUR,DE,FR,app,pos,0,Normal,7,5,5,7,5704.412033898305,3719.034007330203,1121.58,14726.16,59,6,4,1.411782724853082,1,1,5,0,3,0.0,0,0,0.48443400469788667,0,1.0685176046262455,0,0.0,0,0.04690675854809256,0,0.0
TXN00008765,CUST000098,2026-01-09 22:52:57.003505,468.42,EUR,IT,GB,sucursal,tablet,0,Normal,22,4,9,1,859.0164814814815,759.6341295827942,114.41,2894.43,54,5,4,-0.5141902736542582,1,5,6,2,4,0.0,0,0,0.4763129783249277,0,1.0320449282609214,0,0.0,0,0.021258716701790355,0,0.0
TXN00000281,CUST000064,2025-10-06 00:53:57.003505,944.06,EUR,ES,ES,sucursal,atm,0,Normal,0,0,6,10,729.9651020408163,552.4964489294722,103.76,2307.86,49,5,4,0.3875045676519976,1,2,4,2,0,0.0,0,0,0.45712574672879225,0,1.0088206407598928,0,0.0,0,0.016718373557247153,0,0.0
TXN00009220,CUST000098,2025-05-13 04:17:57.003505,175.41,EUR,IT,FR,web,tablet,0,Normal,4,1,13,5,859.0164814814815,759.6341295827942,114.41,2894.43,54,5,4,-0.8999154381820837,1,5,5,3,4,0.0,0,0,0.4564285170695717,0,1.0017186433129226,0,0.0,0,0.015240728174506982,0,0.0
TXN00002399,CUST000055,2025-09-25 21:20:57.003505,7785.57,CHF,CH,US,app,atm,0,Normal,21,3,25,9,7358.3737037037035,4642.129487846006,544.87,19628.1,54,6,4,0.09202593277993491,0,0,14,0,0,0.0,0,0,0.550772542908483,0,1.1199246925953852,0,0.0,0,0.027424682308641268,0,0.0
TXN00006998,CUST000134,2025-07-21 19:15:57.003505,96.77,EUR,FR,IT,web,desktop,0,Normal,19,0,21,7,159.77609756097561,110.03255829249015,11.1,483.71,41,3,4,-0.5726132152710535,1,3,8,3,1,0.0,0,0,0.47614310358733813,0,1.0199310639593837,0,0.0,0,0.017553767201420295,0,0.0
TXN00002725,CUST000170,2025-12-07 05:21:57.003505,19612.93,CHF,US,GB,app,atm,0,Normal,5,6,7,12,8912.418965517241,6940.298442880395,530.84,24700.95,58,6,4,1.5417940771578678,0,6,6,0,0,0.0,0,1,0.5866533643509274,1,1.309046876857819,0,0.0,0,0.24964091040997757,0,0.0
TXN00002040,CUST000125,2025-11-10 03:14:57.003505,5916.99,EUR,US,ES,cajero,mobile,0,Normal,3,0,10,11,8174.718545454546,5978.903488843214,693.97,24865.54,55,6,4,-0.37761582024026796,1,6,4,1,2,0.0,0,0,0.48707643792961686,0,1.0618078716140442,0,0.0,0,0.006396952167302568,0,0.0
TXN00005410,CUST000175,2026-01-07 18:34:57.003505,13450.65,GBP,CH,US,web,desktop,0,Normal,18,2,7,1,7860.104426229508,5731.840249814343,861.98,23359.66,61,6,4,0.975349159979855,2,0,14,3,1,0.0,0,0,0.5579485358870807,1,1.2242065645250038,0,0.0,0,0.16280476551781783,0,0.0
TXN00002061,CUST000112,2025-09-04 05:41:57.003505,11525.31,CHF,US,US,cajero,tablet,0,Normal,5,3,4,9,7212.2430952380955,6561.998481108902,680.3,24787.28,42,6,4,0.6572794730936552,0,6,14,1,4,0.0,0,1,0.5742883677330785,0,1.1115226893275636,0,0.0095,0,0.2820372759166474,0,0.0
TXN00007074,CUST000053,2025-03-10 01:43:57.003505,1932.48,EUR,FR,GB,sucursal,desktop,0,Normal,1,0,10,3,5120.007843137255,3842.5661514010735,1060.21,14819.86,51,6,4,-0.8295310260684751,1,3,6,2,1,0.0,0,0,0.4390617371237007,0,0.9901205908118552,0,0.0,0,0.008369164529800745,0,0.0
TXN00004301,CUST000136,2025-11-06 00:54:57.003505,35.11,EUR,FR,ES,app,tablet,0,Normal,0,3,6,11,156.8698245614035,118.19619667695422,10.52,475.76,57,3,4,-1.0301500975030444,1,3,4,0,4,0.0,0,0,0.47408256803018145,0,1.028589130159538,0,0.0,0,0.021059661883358796,0,0.0
TXN00004380,CUST000027,2025-03-13 00:20:57.003505,14.63,EUR,FR,ES,cajero,atm,0,Normal,0,3,13,3,4851.360625,18687.684437621316,10.99,94066.9,64,5,4,-0.258819151237596,1,3,4,1,0,0.0,0,0,0.4723213563772035,0,1.0012051592310276,0,0.008085106382978723,1,0.5598216592429716,0,0.0
TXN00006767,CUST000003,2025-04-30 02:23:57.003505,144.41,EUR,ES,FR,sucursal,tablet,0,Normal,2,2,30,4,8320.49358490566,25653.022108616926,14.93,99303.62,53,6,4,-0.31871814361554585,1,2,5,2,4,0.0,0,0,0.4983229836542565,0,1.0424325572926714,0,0.02365172413793103,1,0.661490766338768,0,0.0
TXN00009332,CUST000115,2025-02-17 02:47:57.003505,6234.82,EUR,DE,CH,sucursal,atm,0,Normal,2,0,17,2,6975.763859649122,5678.052922748995,582.15,24541.97,57,6,4,-0.13049259483828596,1,1,1,2,0,0.0,0,0,0.47071315303708383,0,1.1121491677506525,0,0.0,0,0.004601950946511785,0,0.0
TXN00003099,CUST000127,2025-10-16 20:14:57.003505,5091.25,EUR,FR,DE,cajero,desktop,0,Normal,20,3,16,10,5175.683538461539,3408.1231986798057,1026.86,14073.5,65,6,4,-0.024774203722879307,1,3,3,1,1,0.0,0,0,0.439146407947207,0,1.0320659675237707,0,0.0,0,0.007753977417179037,0,0.0
TXN00003164,CUST000001,2025-05-31 00:05:57.107482,3668.11,EUR,FR,IR,app,atm,1,Fraude,0,5,31,5,3927.4848484848485,13285.312321840493,105.88,98285.28,66,11,4,-0.019523428744608707,1,3,7,0,0,0.0,0,0,0.5245619239904316,0,1.072134944468543,0,0.4105207719575843,1,0.8292485850319479,0,0.0
TXN00004688,CUST000156,2025-05-23 00:58:57.003505,120.38,EUR,FR,IT,web,mobile,0,Normal,0,4,23,5,105.78857142857143,88.03691067704752,12.77,375.54,56,3,4,0.16574216761436852,1,3,8,3,2,0.0,0,0,0.4700612110800354,0,1.0070622698596385,0,0.0,0,0.006589494761652037,0,0.0
TXN00000690,CUST000106,2025-03-02 05:46:57.003505,11.94,EUR,FR,FR,web,atm,0,Normal,5,6,2,3,187.99303571428572,139.00723410762927,11.88,497.63,56,3,4,-1.2665026793603438,1,3,5,3,0,0.0,0,0,0.5008311610839893,0,1.0341776694595741,0,0.0,0,0.015073822235808026,0,0.0
TXN00002937,CUST000011,2026-01-10 18:56:57.003505,669.83,EUR,ES,GB,app,tablet,0,Normal,18,5,10,1,5832.329,15831.358716522058,120.51,81442.3,60,11,4,-0.3260932363490807,1,2,6,0,4,0.0,0,0,0.49290278293712597,0,1.0444874191428533,0,0.033473218192200165,1,0.7112827341612998,0,0.0
TXN00008420,CUST000097,2025-08-03 04:21:57.003505,15615.29,EUR,GB,DE,web,desktop,0,Normal,4,6,3,8,6028.589047619047,4895.208384788782,512.34,20827.36,42,6,4,1.9583846481820846,1,4,3,3,1,0.0,0,0,0.521114178194438,0,1.066727311033707,0,0.0,0,0.14238072887875428,0,0.0
TXN00009278,CUST000165,2025-01-20 18:11:57.003505,469.5,EUR,FR,FR,cajero,desktop,0,Normal,18,0,20,1,796.1411538461538,546.07482260668,145.49,2657.6,52,5,4,-0.5981618996619826,1,3,5,1,1,0.0,0,0,0.447948268664344,0,0.9918167916533596,0,0.0,0,0.017722695734370412,0,0.0
TXN00000326,CUST000020,2025-05-18 07:18:57.003505,133.77,EUR,IT,FR,cajero,tablet,0,Normal,7,6,18,5,3059.5745588235295,12108.493253395596,10.07,69036.33,68,7,4,-0.24163242257754994,1,5,5,1,4,0.0,0,0,0.48055201476745435,0,1.008262053165615,0,0.01,0,0.31975810149443373,0,0.0
TXN00000069,CUST000163,2025-06-18 06:55:57.003505,68.49,EUR,ES,IT,sucursal,pos,0,Normal,6,2,18,6,168.95499999999998,140.93004795235706,16.1,480.82,42,3,4,-0.7128713907845393,1,2,8,2,3,0.0,0,0,0.4392164627967312,0,1.0005765905309538,0,0.0,0,0.020709591074292315,0,0.0
TXN00001296,CUST000135,2026-01-07 03:35:57.003505,722.62,EUR,ES,IT,cajero,mobile,0,Normal,3,2,7,1,1076.0898113207547,785.7308155211804,135.69,2994.76,53,5,4,-0.4498612042298923,1,2,8,1,2,0.0,0,0,0.4374045782327203,0,0.9927650755680812,0,0.0,0,0.03188861174036973,0,0.0
TXN00008938,CUST000064,2025-12-14 08:16:57.003505,506.55,EUR,ES,IT,web,desktop,0,Normal,8,6,14,12,729.9651020408163,552.4964489294722,103.76,2307.86,49,5,4,-0.40437382370390956,1,2,8,3,1,0.0,0,0,0.46009774734403364,0,1.0324311914173492,0,0.0,0,0.024866040194693313,0,0.0
TXN00008784,CUST000000,2025-05-30 04:26:57.107482,93045.57,EUR,DE,GB,web,desktop,1,Fraude,4,4,30,5,4670.333709677419,14778.584927606773,159.16,93045.57,62,10,4,5.979952527068775,1,1,6,3,1,1.0,1,1,0.5994391806854031,0,1.060674938547338,1,0.9350474953678151,1,0.9999999999999012,1,1.0
TXN00002177,CUST000061,2025-09-17 20:20:57.003505,7483.9,EUR,IT,DE,cajero,atm,0,Normal,20,2,17,9,4214.0417391304345,2941.5094806452344,1120.02,13214.78,46,6,4,1.1116259462269964,1,5,3,1,0,0.0,0,0,0.4690148232463934,0,1.0265785925759068,0,0.0,0,0.02541807413099159,0,0.0
TXN00003546,CUST000017,2025-07-07 06:37:57.003505,2531.29,EUR,FR,IT,sucursal,mobile,0,Normal,6,0,7,7,15977.346615384617,23735.85855892997,1012.73,95316.24,65,9,4,-0.5664870550789247,1,3,8,2,2,0.0,0,0,0.5148151282238204,0,0.9913086536971013,0,0.009432624113475176,0,0.03651895691367748,0,0.0
TXN00003693,CUST000060,2025-11-11 18:38:57.003505,530.77,EUR,IT,IT,cajero,desktop,0,Normal,18,1,11,11,793.8452000000001,702.8669137539191,101.28,2914.93,50,5,4,-0.37428877996356597,1,5,8,1,1,0.0,0,0,0.4519117622686514,0,0.9890142958811303,0,0.0,0,0.04552678756279344,0,0.0
TXN00000373,CUST000001,2025-03-12 21:13:57.003505,857.35,EUR,FR,DE,web,mobile,0,Normal,21,2,12,3,3927.4848484848485,13285.312321840493,105.88,98285.28,66,11,4,-0.23109241046645054,1,3,3,3,2,0.0,0,0,0.47996730975609786,0,1.0000033620602298,0,0.0288752052545156,1,0.5479565959687651,0,0.0
TXN00009740,CUST000019,2025-06-23 22:05:57.003505,10261.74,EUR,DE,CH,web,desktop,0,Normal,22,0,23,6,14691.315714285713,15933.619614941443,687.1,70887.77,56,11,4,-0.2780018489869033,1,1,1,3,1,0.0,0,0,0.5309107731145228,0,1.0530133420842906,0,0.10936072087171757,0,0.017530734501951372,0,0.0
TXN00004376,CUST000104,2026-01-16 00:45:57.003505,259.94,EUR,ES,GB,web,tablet,0,Normal,0,4,16,1,878.7486666666667,742.4299771714012,115.19,2937.85,45,5,4,-0.8334909484538695,1,2,6,3,4,0.0,0,0,0.45649787003614734,0,1.004140948653888,0,0.0,0,0.015857732580136903,0,0.0
TXN00004906,CUST000105,2025-11-04 01:34:57.003505,1355.74,CHF,US,FR,app,mobile,0,Normal,1,1,4,11,4980.748490566038,3710.328094247605,1074.39,14077.93,53,6,4,-0.9770048355586534,0,6,5,0,2,0.0,0,0,0.5104105411963208,0,1.0922301907279401,0,0.017916666666666664,0,0.009688071047556467,0,0.0
TXN00009986,CUST000044,2025-05-26 00:16:57.003505,528.24,EUR,ES,FR,sucursal,mobile,0,Normal,0,0,26,5,1931.648222222222,3870.370479347076,127.53,24725.19,45,7,4,-0.3626030710363343,1,2,5,2,2,0.0,0,0,0.44738005181846113,0,1.0170478840756592,0,0.016044444444444445,0,0.03884459118996022,0,0.0
TXN00007759,CUST000120,2026-01-04 01:09:57.003505,58.66,EUR,IT,ES,cajero,tablet,0,Normal,1,6,4,1,170.5298113207547,129.18067867988032,11.93,494.78,53,3,4,-0.8659949119169889,1,5,4,1,4,0.0,0,0,0.4978193700116791,0,1.1108370934573206,0,0.0,0,0.014300746375994773,0,0.0
TXN00009469,CUST000056,2025-04-12 02:51:57.003505,189.96,USD,GB,GB,sucursal,mobile,0,Normal,2,5,12,4,850.786111111111,607.7213774215593,107.86,2433.3,54,5,4,-1.0873833545686367,3,4,6,2,2,0.0,0,0,0.49421452278023675,0,0.9895139927005931,0,0.0,0,0.03786279145044529,0,0.0
TXN00004962,CUST000111,2025-08-05 20:56:57.003505,68.87,EUR,ES,FR,cajero,mobile,0,Normal,20,1,5,8,149.84564102564102,120.71725075770787,10.45,438.85,39,3,4,-0.6707876450680602,1,2,5,1,2,0.0,0,0,0.4573749409307086,0,1.0142546316703054,0,0.0,0,0.028861193375875067,0,0.0
TXN00000726,CUST000030,2025-03-19 20:06:57.003505,1855.37,CHF,GB,IT,web,mobile,0,Normal,20,2,19,3,5147.489833333334,15805.705911525396,117.06,96740.03,60,7,4,-0.20828679538599154,0,4,8,3,2,0.0,0,0,0.48788755454991606,0,1.077209068778528,0,0.20533393587619242,0,0.4770525333830698,0,0.0
TXN00003559,CUST000002,2025-03-04 23:00:57.003505,121.58,EUR,ES,ES,app,mobile,0,Normal,23,1,4,3,5083.588301886793,15511.3779006517,21.06,83708.16,53,7,4,-0.31989474651110283,1,2,4,0,2,0.0,0,0,0.4655824016423446,0,1.0768625859480072,0,0.045823042120902574,1,0.5419064501626147,0,0.0
TXN00007805,CUST000123,2025-03-10 01:18:57.003505,215.58,EUR,FR,IT,app,tablet,0,Normal,1,0,10,3,860.7267272727273,600.9941789822697,130.73,2418.83,55,5,4,-1.073465848357733,1,3,8,0,4,0.0,0,0,0.4759347079626207,0,1.0222225535481573,0,0.0,0,0.04467558339236286,0,0.0
TXN00006575,CUST000051,2025-10-07 18:07:57.003505,218.87,EUR,DE,FR,web,atm,0,Normal,18,1,7,10,819.4428260869565,649.2779453436051,154.15,2996.29,46,5,4,-0.9249857160081743,1,1,5,3,0,0.0,0,0,0.47233533890551643,0,1.0471830265912794,0,0.0,0,0.027091285414171835,0,0.0
TXN00000103,CUST000066,2025-05-25 08:00:57.003505,1668.61,EUR,DE,DE,sucursal,mobile,0,Normal,8,6,25,5,951.3685964912281,717.5452787914169,125.37,2987.52,57,5,4,0.9995765057743347,1,1,3,2,2,0.0,0,0,0.4739101361850394,0,1.039691572610287,0,0.0,0,0.004649351049631845,0,0.0
TXN00002021,CUST000048,2025-01-23 21:49:57.003505,2139.13,EUR,FR,IT,app,pos,0,Normal,21,3,23,1,14978.963214285715,24570.676906037716,1239.7,91202.35,56,8,4,-0.5225673375977702,1,3,8,0,3,0.0,0,0,0.5212223975442061,0,1.0433914727346594,0,0.006551724137931034,0,0.06926767590803393,0,0.0
TXN00007657,CUST000024,2025-11-26 22:40:57.003505,24953.38,EUR,FR,FR,cajero,tablet,0,Normal,22,2,26,11,13902.334629629631,16284.919332654581,520.55,73708.1,54,9,4,0.6786060860327485,1,3,5,1,4,1.0,1,0,0.5310049152085392,0,1.120894136066467,1,0.619391073136725,1,0.8789595786136388,1,1.0
TXN00000311,CUST000151,2025-11-20 02:06:57.003505,2344.74,EUR,ES,FR,app,desktop,0,Normal,2,3,20,11,4647.714285714285,3516.3390907388803,1030.42,14338.55,49,6,4,-0.6549352112043983,1,2,5,0,1,0.0,0,0,0.42667502219589626,0,0.9854323748563576,0,0.0,0,0.011938668426787107,0,0.0
TXN00007471,CUST000002,2025-04-01 04:45:57.003505,377.55,EUR,ES,FR,sucursal,mobile,0,Normal,4,1,1,4,5083.588301886793,15511.3779006517,21.06,83708.16,53,7,4,-0.30339266644942475,1,2,5,2,2,0.0,0,0,0.43910940019382544,0,1.0301953427791355,0,0.13063631871550987,1,0.5043360837328733,0,0.0
TXN00003471,CUST000186,2025-01-18 06:19:57.003505,2876.8,EUR,IT,FR,app,atm,0,Normal,6,5,18,1,4858.559038461539,3428.725794161738,1031.11,14581.66,52,6,4,-0.5779870298342292,1,5,5,0,0,0.0,0,0,0.4702080174614397,0,1.0207335297667925,0,0.0,0,0.009176990629573289,0,0.0
TXN00000628,CUST000131,2025-06-11 07:58:57.003505,874.38,EUR,DE,ES,app,pos,0,Normal,7,2,11,6,890.2438181818181,592.6132155358536,134.89,2885.62,55,5,4,-0.026769261533772043,1,1,4,0,3,0.0,0,0,0.43872637921866714,0,0.9807688034453472,0,0.0,0,0.01793304686165648,0,0.0
TXN00004318,CUST000117,2025-02-06 00:03:57.003505,3698.62,EUR,ES,IT,app,desktop,0,Normal,0,3,6,2,4614.202641509434,3046.091732833902,1227.93,13885.08,53,6,4,-0.3005761879525062,1,2,8,0,1,0.0,0,0,0.46051074678843845,0,1.0110416164524512,0,0.0,0,0.024440087913149337,0,0.0
TXN00004439,CUST000040,2025-11-27 03:55:57.003505,127.44,EUR,IT,ES,app,tablet,0,Normal,3,3,27,11,3874.694230769231,15635.620503928736,12.24,90189.11,78,9,4,-0.2396613699845173,1,5,4,0,4,0.0,0,0,0.5225382318369142,0,1.0911753141650493,0,0.02473958333333333,1,0.617025610648394,0,0.0
TXN00008635,CUST000085,2026-01-12 02:39:57.003505,2223.26,EUR,FR,IT,app,tablet,0,Normal,2,0,12,1,924.8436363636364,611.0956308904902,141.58,2746.59,44,5,4,2.124735141076975,1,3,8,0,4,0.0,0,0,0.5012716297046984,0,1.120112622419644,0,0.0,0,0.018858110359672026,0,0.0
TXN00008482,CUST000170,2025-07-06 21:21:57.003505,7511.43,EUR,US,ES,cajero,tablet,0,Normal,21,6,6,7,8912.418965517241,6940.298442880395,530.84,24700.95,58,6,4,-0.20186292806364292,1,6,4,1,4,0.0,0,0,0.51365352105783,0,1.1406049050852234,0,0.0,0,0.008396988096374859,0,0.0
TXN00006080,CUST000034,2025-07-08 05:56:57.003505,184.84,EUR,FR,IT,app,atm,0,Normal,5,1,8,7,4461.999242424243,17455.08561943105,12.03,89753.64,66,6,4,-0.24503799840533916,1,3,8,0,0,0.0,0,0,0.4772848765895111,0,1.0039238640272856,0,0.015833333333333335,1,0.8079511360862754,0,0.0
TXN00000349,CUST000000,2025-03-21 05:24:57.003505,563.59,EUR,DE,GB,app,mobile,0,Normal,5,4,21,3,4670.333709677419,14778.584927606773,159.16,93045.57,62,10,4,-0.277884772426894,1,1,6,0,2,0.0,0,0,0.47633395979036686,0,0.9934053818621786,0,0.0,1,0.6458671339348548,0,0.0
TXN00008711,CUST000161,2025-02-27 01:41:57.003505,28.42,EUR,ES,FR,sucursal,atm,0,Normal,1,3,27,2,139.16267857142856,120.75959945266268,10.61,487.09,56,3,4,-0.9170507202434748,1,2,5,2,0,0.0,0,0,0.4697858506811252,0,1.0027352423990246,0,0.0,0,0.007351001749979189,0,0.0
TXN00001948,CUST000052,2025-06-09 04:34:57.003505,193.92,EUR,ES,IT,web,atm,0,Normal,4,0,9,6,177.9474,132.6302616653853,34.91,487.78,50,3,4,0.1204295285179182,1,2,8,3,0,0.0,0,0,0.4687549500128246,0,1.028208922739281,0,0.0,0,0.013492083598913832,0,0.0
TXN00009047,CUST000167,2025-04-02 23:38:57.003505,4045.54,EUR,US,DE,web,tablet,0,Normal,23,2,2,4,5069.928793103448,3997.779061335983,1022.26,14648.94,58,6,4,-0.2562394712490382,1,6,3,3,4,0.0,0,0,0.5086153496575399,0,1.1034445121788121,0,0.0,0,0.009313986358391943,0,0.0
TXN00007868,CUST000053,2025-02-10 21:15:57.003505,3902.77,EUR,FR,US,sucursal,mobile,0,Normal,21,0,10,2,5120.007843137255,3842.5661514010735,1060.21,14819.86,51,6,4,-0.3167773292274095,1,3,14,2,2,0.0,0,0,0.48548695041591877,0,1.0045603531704101,0,0.0,0,0.04778894671323299,0,0.0
TXN00001760,CUST000050,2025-12-10 23:49:57.003505,9075.43,EUR,FR,FR,app,atm,0,Normal,23,2,10,12,5331.105348837209,3804.6606136073424,1083.57,14257.64,43,6,4,0.9841415648972995,1,3,5,0,0,0.0,0,0,0.49051364888580334,0,1.079157933243858,0,0.0,0,0.06692001596134461,0,0.0
TXN00003558,CUST000005,2026-01-06 11:18:57.107482,7862.62,CHF,GB,IT,web,desktop,1,Fraude,11,1,6,1,2003.046231884058,5943.958813233152,101.43,49162.75,69,9,4,0.9858032249626048,0,4,8,3,1,0.0,0,0,0.5475557153473458,1,1.2045326618942735,1,0.7472166470936837,1,0.5625830735173202,0,0.0
TXN00005468,CUST000101,2025-09-10 08:00:57.003505,468.78,EUR,FR,FR,app,desktop,0,Normal,8,2,10,9,125.60097560975608,111.09659308018581,10.12,468.78,41,3,4,3.0890148094238494,1,3,5,0,1,0.0,0,0,0.5160455095699493,0,1.108576810488016,0,0.0,0,0.00437640717385623,0,0.0
TXN00006597,CUST000060,2025-07-24 01:43:57.003505,1166.71,EUR,IT,GB,sucursal,pos,0,Normal,1,3,24,7,793.8452000000001,702.8669137539191,101.28,2914.93,50,5,4,0.5304913237103268,1,5,6,2,3,0.0,0,0,0.45031811979586994,0,0.9966377329689147,0,0.0,0,0.011420139695859682,0,0.0
