transaction_id,customer_id,timestamp,amount,currency,origin_country,destination_country,channel,device_type,is_anomaly
TXN00000000,CUST000161,2025-12-20 03:19:57.003505,424.25,EUR,ES,IT,web,atm,0
TXN00000001,CUST000089,2025-07-11 02:19:57.003505,133.93,EUR,ES,IT,app,pos,0
TXN00000002,CUST000164,2025-02-05 19:15:57.003505,6778.64,USD,US,FR,app,pos,0
TXN00000003,CUST000154,2025-11-06 04:25:57.003505,1884.8,EUR,ES,IT,web,pos,0
TXN00000004,CUST000040,2025-01-19 06:41:57.003505,154.15,EUR,IT,ES,sucursal,mobile,0
TXN00000005,CUST000177,2025-10-04 06:40:57.003505,352.34,EUR,FR,IT,app,desktop,0
TXN00000006,CUST000104,2025-12-19 02:05:57.003505,196.1,EUR,ES,ES,app,mobile,0
TXN00000007,CUST000065,2025-08-18 03:19:57.003505,1373.19,EUR,DE,DE,app,tablet,0
TXN00000008,CUST000163,2025-09-13 02:19:57.003505,105.82,EUR,ES,ES,web,pos,0
TXN00000009,CUST000061,2025-10-24 01:42:57.003505,2168.26,EUR,IT,IT,sucursal,mobile,0
TXN00000010,CUST000017,2025-10-03 21:36:57.003505,4605.06,EUR,FR,IT,web,desktop,0
TXN00000011,CUST000164,2025-08-28 09:15:57.003505,13806.07,EUR,US,DE,web,tablet,0
TXN00000012,CUST000023,2025-03-26 21:40:57.003505,18950.18,EUR,FR,DE,app,atm,0
TXN00000013,CUST000176,2025-08-20 01:34:57.003505,797.33,EUR,ES,IT,web,mobile,0
TXN00000014,CUST000173,2025-11-26 02:22:57.003505,12837.99,EUR,DE,GB,cajero,desktop,0
TXN00000015,CUST000183,2025-11-21 22:17:57.003505,112.17,EUR,IT,ES,web,desktop,0
TXN00000016,CUST000136,2025-05-23 05:37:57.003505,38.39,EUR,FR,IT,app,pos,0
TXN00000017,CUST000028,2025-02-04 03:02:57.107482,462.6,EUR,ES,YE,app,mobile,1
TXN00000018,CUST000111,2026-01-15 07:25:57.003505,384.34,EUR,ES,ES,cajero,mobile,0
TXN00000019,CUST000114,2025-09-08 07:37:57.003505,1233.85,EUR,ES,IT,app,pos,0
TXN00000020,CUST000010,2025-01-26 20:53:57.107482,2788.36,EUR,FR,RU,app,desktop,1
TXN00000021,CUST000041,2025-01-18 02:04:57.003505,9477.19,EUR,DE,ES,sucursal,pos,0
TXN00000022,CUST000134,2025-07-10 23:38:57.003505,125.4,EUR,FR,FR,web,pos,0
TXN00000023,CUST000096,2025-02-01 17:21:57.003505,5005.19,EUR,ES,DE,sucursal,atm,0
TXN00000024,CUST000023,2025-06-12 19:50:57.003505,6017.64,EUR,FR,FR,cajero,atm,0
TXN00000025,CUST000014,2025-06-10 20:47:57.107482,89409.3,EUR,IT,DE,app,desktop,1
TXN00000026,CUST000160,2025-04-16 04:36:57.003505,2365.12,EUR,DE,IT,sucursal,mobile,0
TXN00000027,CUST000130,2025-03-03 21:34:57.003505,11363.4,EUR,IT,US,web,pos,0
TXN00000028,CUST000165,2025-06-23 19:25:57.003505,663.87,EUR,FR,FR,app,atm,0
TXN00000029,CUST000077,2025-04-06 21:10:57.003505,662.88,CHF,CH,DE,web,tablet,0
TXN00000030,CUST000080,2025-02-28 05:16:57.003505,217.71,EUR,ES,IT,cajero,desktop,0
TXN00000031,CUST000180,2025-10-23 05:59:57.003505,394.28,CHF,GB,IT,sucursal,mobile,0
TXN00000032,CUST000123,2025-10-20 03:27:57.003505,907.67,EUR,FR,GB,app,mobile,0
TXN00000033,CUST000099,2025-07-25 04:46:57.003505,364.65,EUR,IT,ES,cajero,tablet,0
TXN00000034,CUST000089,2025-10-18 23:47:57.003505,126.68,EUR,ES,ES,cajero,pos,0
TXN00000035,CUST000059,2025-03-03 23:54:57.003505,23.71,EUR,FR,ES,app,pos,0
TXN00000036,CUST000038,2025-06-14 22:29:57.003505,965.94,EUR,ES,ES,app,desktop,0
TXN00000037,CUST000094,2025-03-30 20:02:57.003505,836.01,CHF,GB,DE,cajero,mobile,0
TXN00000038,CUST000049,2025-04-02 06:04:57.003505,765.3,EUR,ES,FR,sucursal,mobile,0
TXN00000039,CUST000137,2025-07-12 00:50:57.003505,526.69,EUR,FR,IT,web,mobile,0
TXN00000040,CUST000143,2025-08-23 21:41:57.003505,7226.56,EUR,ES,IT,sucursal,atm,0
TXN00000041,CUST000032,2025-07-17 19:14:57.003505,147.16,EUR,FR,IT,app,desktop,0
TXN00000042,CUST000012,2026-01-01 07:31:57.003505,4875.23,EUR,IT,GB,cajero,atm,0
TXN00000043,CUST000123,2025-12-23 18:05:57.003505,880.51,EUR,FR,DE,app,tablet,0
TXN00000044,CUST000160,2025-02-05 19:17:57.003505,1091.51,EUR,DE,IT,cajero,mobile,0
TXN00000045,CUST000168,2025-06-07 06:23:57.003505,851.99,EUR,IT,GB,sucursal,pos,0
TXN00000046,CUST000075,2025-07-27 23:01:57.003505,15186.23,EUR,FR,US,app,mobile,0
TXN00000047,CUST000172,2025-07-07 04:43:57.003505,1720.16,EUR,FR,GB,sucursal,tablet,0
TXN00000048,CUST000147,2025-05-10 21:41:57.003505,2713.59,CHF,US,US,app,mobile,0
TXN00000049,CUST000148,2025-07-04 02:57:57.003505,1723.99,EUR,ES,DE,web,desktop,0
TXN00000050,CUST000010,2025-10-02 18:45:57.003505,931.93,EUR,FR,FR,app,tablet,0
TXN00000051,CUST000075,2025-11-28 23:03:57.003505,24612.74,EUR,FR,US,web,mobile,0
TXN00000052,CUST000095,2025-05-09 03:09:57.003505,137.96,EUR,IT,IT,app,pos,0
TXN00000053,CUST000161,2025-12-23 02:13:57.003505,128.46,EUR,ES,ES,sucursal,pos,0
TXN00000054,CUST000007,2025-09-14 20:09:57.003505,4153.71,EUR,DE,US,web,atm,0
TXN00000055,CUST000152,2025-12-01 04:33:57.003505,902.68,GBP,GB,GB,cajero,mobile,0
TXN00000056,CUST000170,2025-12-09 19:27:57.003505,5408.11,CHF,US,CH,cajero,pos,0
TXN00000057,CUST000024,2025-06-17 12:55:57.107482,53427.33,EUR,FR,KP,web,pos,1
TXN00000058,CUST000023,2025-12-22 00:16:57.003505,7523.85,EUR,FR,ES,cajero,atm,0
TXN00000059,CUST000008,2025-02-27 22:28:57.003505,3602.79,EUR,IT,DE,web,desktop,0
TXN00000060,CUST000160,2025-05-06 08:52:57.003505,725.06,EUR,DE,FR,app,pos,0
TXN00000061,CUST000039,2025-05-22 19:00:57.003505,5713.87,EUR,DE,DE,web,tablet,0
TXN00000062,CUST000082,2025-08-09 01:01:57.003505,7377.99,EUR,ES,FR,sucursal,tablet,0
TXN00000063,CUST000127,2025-11-29 00:17:57.003505,2479.75,EUR,FR,US,app,desktop,0
TXN00000064,CUST000064,2025-04-28 21:48:57.003505,690.6,EUR,ES,FR,sucursal,pos,0
TXN00000065,CUST000076,2025-02-19 02:53:57.003505,216.74,EUR,ES,ES,app,atm,0
TXN00000066,CUST000068,2025-04-26 06:33:57.003505,779.39,EUR,ES,IT,cajero,atm,0
TXN00000067,CUST000045,2025-12-10 12:57:57.107482,6258.54,EUR,GB,ES,cajero,mobile,1
TXN00000068,CUST000130,2025-11-16 22:30:57.003505,5583.53,EUR,IT,FR,cajero,atm,0
TXN00000069,CUST000163,2025-06-18 06:55:57.003505,68.49,EUR,ES,IT,sucursal,pos,0
TXN00000070,CUST000037,2025-12-19 06:10:57.003505,99.76,EUR,ES,FR,web,tablet,0
TXN00000071,CUST000182,2025-07-17 06:31:57.003505,9355.55,EUR,FR,US,sucursal,atm,0
TXN00000072,CUST000136,2025-03-01 19:56:57.003505,159.56,EUR,FR,FR,cajero,atm,0
TXN00000073,CUST000060,2025-06-25 03:11:57.003505,130.06,EUR,IT,GB,cajero,mobile,0
TXN00000074,CUST000086,2025-05-02 21:24:57.003505,13754.67,EUR,ES,IT,cajero,pos,0
TXN00000075,CUST000100,2025-07-08 18:13:57.003505,11986.06,EUR,GB,FR,cajero,desktop,0
TXN00000076,CUST000084,2025-02-06 07:32:57.003505,76.78,EUR,ES,ES,web,mobile,0
TXN00000077,CUST000164,2025-05-21 21:05:57.003505,14842.44,CHF,US,DE,cajero,mobile,0
TXN00000078,CUST000016,2025-11-23 07:15:57.003505,460.25,EUR,IT,DE,sucursal,pos,0
TXN00000079,CUST000112,2025-02-13 19:46:57.003505,2569.03,USD,US,US,sucursal,atm,0
TXN00000080,CUST000026,2025-12-08 20:42:57.003505,48.24,EUR,FR,IT,cajero,pos,0
TXN00000081,CUST000173,2025-12-30 02:36:57.003505,5073.21,EUR,DE,IT,web,atm,0
TXN00000082,CUST000165,2025-04-01 19:53:57.003505,145.49,EUR,FR,IT,sucursal,tablet,0
TXN00000083,CUST000069,2025-10-12 04:49:57.003505,145.58,EUR,FR,FR,app,pos,0
TXN00000084,CUST000106,2026-01-05 04:13:57.003505,327.06,EUR,FR,ES,sucursal,tablet,0
TXN00000085,CUST000185,2025-07-29 21:01:57.003505,1094.4,GBP,GB,DE,cajero,atm,0
TXN00000086,CUST000118,2025-09-01 22:53:57.003505,21895.96,EUR,DE,FR,sucursal,desktop,0
TXN00000087,CUST000148,2025-07-24 20:17:57.003505,2026.44,EUR,ES,FR,app,desktop,0
TXN00000088,CUST000124,2025-10-05 00:44:57.003505,153.86,EUR,DE,DE,web,atm,0
TXN00000089,CUST000050,2025-11-16 19:35:57.003505,8234.79,EUR,FR,FR,app,pos,0
TXN00000090,CUST000180,2025-05-12 20:23:57.003505,327.23,EUR,GB,ES,app,atm,0
TXN00000091,CUST000063,2025-05-16 05:30:57.003505,109.4,EUR,FR,ES,sucursal,mobile,0
TXN00000092,CUST000059,2025-07-16 04:41:57.003505,36.9,EUR,FR,ES,app,mobile,0
TXN00000093,CUST000096,2025-03-07 22:01:57.003505,7668.49,EUR,ES,US,sucursal,mobile,0
TXN00000094,CUST000103,2025-09-02 03:08:57.003505,2334.6,EUR,ES,IT,sucursal,pos,0
TXN00000095,CUST000007,2025-08-07 20:37:57.003505,5602.96,EUR,DE,US,app,atm,0
TXN00000096,CUST000036,2025-09-24 21:57:57.003505,5191.37,EUR,FR,US,web,mobile,0
TXN00000097,CUST000097,2025-10-16 00:32:57.003505,6150.21,GBP,GB,FR,web,pos,0
TXN00000098,CUST000164,2025-02-07 00:38:57.003505,6122.79,USD,US,FR,web,mobile,0
TXN00000099,CUST000184,2025-07-26 03:56:57.003505,38.05,EUR,FR,FR,cajero,mobile,0
TXN00000100,CUST000006,2025-07-17 02:06:57.003505,133.61,EUR,FR,FR,web,pos,0
TXN00000101,CUST000041,2025-12-23 04:27:57.003505,2657.6,EUR,DE,ES,sucursal,atm,0
TXN00000102,CUST000062,2025-05-08 02:24:57.003505,939.0,EUR,IT,DE,cajero,mobile,0
TXN00000103,CUST000066,2025-05-25 08:00:57.003505,1668.61,EUR,DE,DE,sucursal,mobile,0
TXN00000104,CUST000059,2025-05-27 00:16:57.003505,107.61,EUR,FR,FR,sucursal,atm,0
TXN00000105,CUST000070,2025-11-05 03:51:57.003505,28.38,EUR,ES,ES,cajero,pos,0
TXN00000106,CUST000155,2026-01-09 06:33:57.003505,1198.22,EUR,IT,ES,sucursal,pos,0
TXN00000107,CUST000084,2025-10-23 19:09:57.003505,232.26,EUR,ES,FR,cajero,pos,0
TXN00000108,CUST000003,2025-08-18 02:53:57.003505,361.77,EUR,ES,FR,sucursal,pos,0
TXN00000109,CUST000081,2025-02-13 05:29:57.003505,10465.26,CHF,CH,GB,app,atm,0
TXN00000110,CUST000013,2025-01-25 08:28:57.003505,646.47,GBP,GB,GB,cajero,atm,0
TXN00000111,CUST000055,2025-10-03 21:12:57.003505,1077.91,EUR,CH,DE,cajero,mobile,0
TXN00000112,CUST000174,2025-08-03 05:43:57.003505,1213.23,EUR,IT,IT,app,mobile,0
TXN00000113,CUST000030,2025-12-31 06:46:57.003505,578.61,GBP,GB,FR,sucursal,pos,0
TXN00000114,CUST000036,2025-12-15 22:33:57.003505,4914.43,EUR,FR,ES,web,desktop,0
TXN00000115,CUST000174,2025-09-29 07:03:57.003505,2043.29,EUR,IT,IT,app,atm,0
TXN00000116,CUST000012,2026-01-06 09:42:57.003505,2376.69,EUR,IT,GB,sucursal,pos,0
TXN00000117,CUST000164,2025-04-26 02:02:57.003505,3211.02,CHF,US,ES,web,pos,0
TXN00000118,CUST000129,2025-02-09 09:08:57.003505,7018.33,USD,US,IT,app,desktop,0
TXN00000119,CUST000023,2025-12-30 02:58:57.003505,5076.91,EUR,FR,CH,web,pos,0
TXN00000120,CUST000185,2025-01-23 02:14:57.003505,439.45,EUR,GB,IT,cajero,tablet,0
TXN00000121,CUST000173,2025-02-19 04:55:57.003505,4724.11,EUR,DE,US,app,atm,0
TXN00000122,CUST000115,2025-09-16 18:06:57.003505,2231.69,EUR,DE,GB,cajero,pos,0
TXN00000123,CUST000114,2025-09-17 09:31:57.003505,3628.66,EUR,ES,IT,cajero,tablet,0
TXN00000124,CUST000004,2025-12-10 04:02:57.003505,1282.71,EUR,DE,US,web,desktop,0
TXN00000125,CUST000108,2025-09-25 21:41:57.003505,171.32,EUR,ES,ES,cajero,mobile,0
TXN00000126,CUST000140,2025-11-29 03:04:57.003505,399.04,EUR,DE,GB,cajero,desktop,0
TXN00000127,CUST000160,2025-05-06 04:46:57.003505,280.62,EUR,DE,IT,cajero,pos,0
TXN00000128,CUST000076,2025-10-30 03:31:57.003505,44.49,EUR,ES,IT,cajero,mobile,0
TXN00000129,CUST000025,2025-12-04 19:37:57.003505,1153.18,EUR,ES,IT,cajero,pos,0
TXN00000130,CUST000162,2025-05-26 22:00:57.003505,9134.69,CHF,CH,GB,cajero,desktop,0
TXN00000131,CUST000007,2025-05-20 22:37:57.003505,10849.3,EUR,DE,GB,app,mobile,0
TXN00000132,CUST000109,2025-08-20 01:37:57.003505,2364.2,GBP,CH,DE,sucursal,mobile,0
TXN00000133,CUST000057,2025-07-15 00:17:57.003505,17.9,EUR,ES,FR,cajero,tablet,0
TXN00000134,CUST000010,2025-11-13 02:29:57.003505,989.51,EUR,FR,DE,sucursal,mobile,0
TXN00000135,CUST000156,2025-11-13 03:06:57.003505,45.96,EUR,FR,ES,cajero,pos,0
TXN00000136,CUST000081,2025-12-15 03:10:57.003505,12520.08,EUR,CH,US,app,pos,0
TXN00000137,CUST000088,2025-04-26 23:30:57.003505,256.66,EUR,DE,ES,sucursal,mobile,0
TXN00000138,CUST000150,2025-07-28 05:56:57.003505,7400.07,EUR,ES,IT,app,pos,0
TXN00000139,CUST000170,2025-02-05 00:40:57.003505,5361.63,GBP,US,CH,cajero,atm,0
TXN00000140,CUST000085,2025-10-26 07:14:57.003505,1267.55,EUR,FR,GB,app,mobile,0
TXN00000141,CUST000168,2025-09-15 07:36:57.003505,1386.5,EUR,IT,GB,web,mobile,0
TXN00000142,CUST000168,2025-04-28 18:36:57.003505,481.4,EUR,IT,FR,web,atm,0
TXN00000143,CUST000070,2025-04-07 23:48:57.003505,29.23,EUR,ES,FR,sucursal,pos,0
TXN00000144,CUST000110,2026-01-08 06:39:57.003505,405.66,EUR,ES,FR,app,mobile,0
TXN00000145,CUST000027,2025-12-01 19:10:57.003505,203.44,EUR,FR,FR,cajero,atm,0
TXN00000146,CUST000000,2025-04-02 18:16:57.003505,382.25,EUR,DE,FR,web,pos,0
TXN00000147,CUST000028,2025-03-15 22:37:57.003505,118.87,EUR,ES,FR,app,tablet,0
TXN00000148,CUST000004,2025-09-17 22:41:57.003505,3928.33,EUR,DE,GB,app,atm,0
TXN00000149,CUST000142,2025-09-11 23:25:57.003505,3790.29,EUR,DE,US,web,atm,0
TXN00000150,CUST000010,2025-05-06 08:22:57.003505,331.21,EUR,FR,DE,cajero,atm,0
TXN00000151,CUST000018,2025-08-01 06:05:57.003505,45.68,EUR,FR,FR,web,desktop,0
TXN00000152,CUST000127,2025-01-21 23:24:57.003505,2520.91,EUR,FR,ES,app,tablet,0
TXN00000153,CUST000106,2025-10-01 03:50:57.003505,11.88,EUR,FR,IT,cajero,mobile,0
TXN00000154,CUST000127,2025-07-29 21:04:57.003505,1486.4,EUR,FR,DE,web,desktop,0
TXN00000155,CUST000024,2025-09-16 03:21:57.003505,3471.52,EUR,FR,CH,sucursal,pos,0
TXN00000156,CUST000184,2026-01-05 04:08:57.003505,40.61,EUR,FR,IT,cajero,desktop,0
TXN00000157,CUST000076,2025-10-26 06:10:57.003505,140.79,EUR,ES,FR,cajero,pos,0
TXN00000158,CUST000159,2025-07-03 18:44:57.003505,2631.14,GBP,GB,DE,cajero,atm,0
TXN00000159,CUST000174,2025-06-12 00:16:57.003505,181.12,EUR,IT,FR,app,desktop,0
TXN00000160,CUST000080,2025-02-21 20:35:57.003505,156.77,EUR,ES,ES,cajero,mobile,0
TXN00000161,CUST000103,2025-01-19 22:35:57.003505,4704.27,EUR,ES,FR,cajero,pos,0
TXN00000162,CUST000105,2025-09-14 02:08:57.003505,3495.12,EUR,US,GB,sucursal,atm,0
TXN00000163,CUST000015,2025-04-13 07:49:57.003505,2955.24,EUR,FR,DE,app,tablet,0
TXN00000164,CUST000011,2025-04-02 07:45:57.003505,640.07,EUR,ES,ES,cajero,desktop,0
TXN00000165,CUST000075,2025-08-06 03:18:57.003505,21546.63,EUR,FR,ES,web,pos,0
TXN00000166,CUST000009,2025-04-06 13:50:57.107482,43805.51,EUR,FR,PK,sucursal,atm,1
TXN00000167,CUST000047,2025-11-10 21:04:57.003505,1998.29,EUR,ES,GB,app,tablet,0
TXN00000168,CUST000095,2025-12-23 20:22:57.003505,67.47,EUR,IT,ES,app,desktop,0
TXN00000169,CUST000072,2025-03-08 04:26:57.003505,2877.49,GBP,GB,GB,sucursal,desktop,0
TXN00000170,CUST000132,2025-09-09 08:22:57.003505,3320.98,EUR,ES,ES,cajero,mobile,0
TXN00000171,CUST000150,2025-05-03 20:34:57.003505,6789.99,EUR,ES,IT,app,tablet,0
TXN00000172,CUST000107,2025-03-20 21:04:57.003505,13104.81,EUR,DE,CH,web,desktop,0
TXN00000173,CUST000152,2025-10-30 00:27:57.003505,933.73,CHF,GB,ES,sucursal,mobile,0
TXN00000174,CUST000136,2025-05-07 19:37:57.003505,381.73,EUR,FR,FR,cajero,mobile,0
TXN00000175,CUST000157,2025-02-15 00:37:57.003505,1867.8,EUR,IT,DE,cajero,pos,0
TXN00000176,CUST000033,2025-08-13 08:55:57.003505,1321.67,EUR,IT,GB,sucursal,pos,0
TXN00000177,CUST000156,2025-11-19 00:56:57.003505,66.96,EUR,FR,ES,app,desktop,0
TXN00000178,CUST000065,2025-11-02 21:04:57.003505,1292.75,EUR,DE,IT,app,atm,0
TXN00000179,CUST000143,2025-08-01 07:06:57.003505,2045.58,EUR,ES,US,sucursal,mobile,0
TXN00000180,CUST000019,2025-04-11 19:48:57.003505,5117.6,EUR,DE,US,cajero,pos,0
TXN00000181,CUST000099,2025-11-20 21:28:57.003505,51.09,EUR,IT,FR,app,pos,0
TXN00000182,CUST000160,2025-11-13 04:49:57.003505,733.56,EUR,DE,DE,sucursal,pos,0
TXN00000183,CUST000077,2025-03-01 02:51:57.003505,1134.63,USD,CH,ES,cajero,mobile,0
TXN00000184,CUST000095,2025-09-12 22:35:57.003505,257.04,EUR,IT,ES,app,desktop,0
TXN00000185,CUST000083,2025-10-19 21:56:57.003505,23.45,EUR,ES,IT,cajero,desktop,0
TXN00000186,CUST000109,2025-07-29 04:47:57.003505,807.42,CHF,CH,DE,web,pos,0
TXN00000187,CUST000115,2025-02-07 17:36:57.003505,22980.64,EUR,DE,DE,cajero,atm,0
TXN00000188,CUST000035,2025-04-19 20:55:57.003505,470.16,EUR,DE,FR,web,pos,0
TXN00000189,CUST000188,2025-11-14 18:16:57.003505,1149.93,EUR,IT,IT,sucursal,desktop,0
TXN00000190,CUST000102,2025-03-10 23:49:57.003505,5661.01,EUR,FR,US,app,pos,0
TXN00000191,CUST000083,2025-07-20 19:15:57.003505,298.17,EUR,ES,ES,app,atm,0
TXN00000192,CUST000011,2025-09-12 00:48:57.003505,410.52,EUR,ES,DE,sucursal,atm,0
TXN00000193,CUST000131,2025-03-22 08:14:57.003505,1733.22,EUR,DE,IT,sucursal,desktop,0
TXN00000194,CUST000018,2025-10-05 02:07:57.003505,37.95,EUR,FR,IT,app,desktop,0
TXN00000195,CUST000115,2025-03-31 18:29:57.003505,16286.03,EUR,DE,DE,app,pos,0
TXN00000196,CUST000131,2025-06-06 19:28:57.003505,448.18,EUR,DE,FR,cajero,pos,0
TXN00000197,CUST000053,2025-11-12 20:23:57.003505,2073.45,EUR,FR,IT,cajero,atm,0
TXN00000198,CUST000170,2025-11-19 00:45:57.003505,5585.03,GBP,US,DE,cajero,atm,0
TXN00000199,CUST000057,2025-05-02 06:08:57.003505,65.47,EUR,ES,FR,web,mobile,0
TXN00000200,CUST000086,2025-09-26 20:17:57.003505,8274.35,EUR,ES,ES,sucursal,tablet,0
TXN00000201,CUST000108,2025-12-15 00:11:57.003505,69.55,EUR,ES,ES,app,desktop,0
TXN00000202,CUST000020,2025-05-20 04:45:57.003505,69.69,EUR,IT,ES,cajero,desktop,0
TXN00000203,CUST000184,2025-04-13 20:03:57.003505,60.09,EUR,FR,ES,app,pos,0
TXN00000204,CUST000184,2025-10-13 02:51:57.003505,235.41,EUR,FR,ES,web,tablet,0
TXN00000205,CUST000161,2025-11-14 01:14:57.003505,95.54,EUR,ES,ES,cajero,pos,0
TXN00000206,CUST000096,2025-07-09 03:50:57.003505,1960.62,EUR,ES,GB,sucursal,pos,0
TXN00000207,CUST000040,2025-07-15 01:43:57.003505,50.56,EUR,IT,FR,sucursal,pos,0
TXN00000208,CUST000152,2025-10-10 05:07:57.003505,1108.87,USD,GB,FR,app,tablet,0
TXN00000209,CUST000140,2025-07-10 01:58:57.003505,592.54,EUR,DE,ES,web,desktop,0
TXN00000210,CUST000134,2025-06-13 04:16:57.003505,145.87,EUR,FR,ES,sucursal,pos,0
TXN00000211,CUST000095,2025-05-13 06:26:57.003505,475.55,EUR,IT,FR,web,pos,0
TXN00000212,CUST000184,2025-03-07 03:33:57.003505,186.57,EUR,FR,FR,cajero,pos,0
TXN00000213,CUST000033,2025-07-18 18:51:57.107482,21242.16,EUR,IT,RU,web,atm,1
TXN00000214,CUST000169,2025-06-24 21:45:57.003505,2433.16,EUR,DE,DE,web,pos,0
TXN00000215,CUST000053,2025-07-25 01:29:57.003505,7042.01,EUR,FR,US,web,pos,0
TXN00000216,CUST000081,2025-08-25 04:50:57.003505,14358.28,CHF,CH,GB,app,mobile,0
TXN00000217,CUST000014,2025-01-17 08:37:57.003505,1654.77,EUR,IT,GB,web,pos,0
TXN00000218,CUST000013,2025-05-13 03:18:57.003505,273.34,GBP,GB,IT,sucursal,mobile,0
TXN00000219,CUST000177,2025-01-16 00:17:57.003505,216.91,EUR,FR,DE,web,pos,0
TXN00000220,CUST000184,2025-02-20 04:28:57.003505,22.39,EUR,FR,ES,sucursal,pos,0
TXN00000221,CUST000160,2025-11-02 22:03:57.003505,1560.25,EUR,DE,IT,sucursal,mobile,0
TXN00000222,CUST000062,2025-04-22 20:02:57.003505,285.36,EUR,IT,FR,sucursal,atm,0
TXN00000223,CUST000115,2025-05-16 23:37:57.003505,2902.53,EUR,DE,ES,cajero,desktop,0
TXN00000224,CUST000144,2025-12-02 18:06:57.003505,2083.63,EUR,DE,IT,app,desktop,0
TXN00000225,CUST000022,2025-10-29 09:21:57.003505,2384.44,EUR,IT,FR,web,pos,0
TXN00000226,CUST000134,2025-11-23 04:51:57.003505,147.8,EUR,FR,ES,app,desktop,0
TXN00000227,CUST000018,2025-01-26 03:30:57.003505,57.33,EUR,FR,FR,sucursal,desktop,0
TXN00000228,CUST000061,2025-09-15 07:14:57.003505,4707.36,EUR,IT,US,web,pos,0
TXN00000229,CUST000162,2025-03-21 01:28:57.003505,1390.1,GBP,CH,DE,sucursal,desktop,0
TXN00000230,CUST000121,2025-07-04 18:34:57.003505,396.5,EUR,ES,FR,web,pos,0
TXN00000231,CUST000135,2025-05-23 04:15:57.003505,688.77,EUR,ES,DE,cajero,mobile,0
TXN00000232,CUST000084,2025-04-17 04:05:57.003505,185.13,EUR,ES,FR,cajero,desktop,0
TXN00000233,CUST000151,2025-04-17 07:18:57.003505,3872.21,EUR,ES,ES,cajero,desktop,0
TXN00000234,CUST000003,2025-02-09 02:45:57.003505,33.08,EUR,ES,FR,cajero,mobile,0
TXN00000235,CUST000022,2025-07-30 21:23:57.003505,12513.89,EUR,IT,FR,cajero,desktop,0
TXN00000236,CUST000172,2025-05-11 08:12:57.003505,2077.38,EUR,FR,ES,cajero,mobile,0
TXN00000237,CUST000166,2025-09-23 21:07:57.003505,8181.48,USD,GB,IT,web,tablet,0
TXN00000238,CUST000028,2025-01-21 19:14:57.003505,154.98,EUR,ES,IT,cajero,desktop,0
TXN00000239,CUST000035,2025-12-23 22:35:57.003505,644.74,EUR,DE,GB,web,pos,0
TXN00000240,CUST000095,2025-05-14 02:49:57.003505,187.0,EUR,IT,IT,app,desktop,0
TXN00000241,CUST000081,2025-08-25 04:16:57.003505,5949.45,GBP,CH,CH,cajero,tablet,0
TXN00000242,CUST000115,2026-01-09 21:56:57.003505,2617.57,EUR,DE,US,web,mobile,0
TXN00000243,CUST000150,2025-04-14 08:17:57.003505,3104.65,EUR,ES,IT,app,tablet,0
TXN00000244,CUST000045,2025-05-03 05:28:57.003505,2444.32,GBP,GB,GB,cajero,desktop,0
TXN00000245,CUST000145,2025-12-26 01:19:57.003505,513.5,EUR,DE,FR,app,mobile,0
TXN00000246,CUST000109,2025-12-26 03:23:57.003505,3341.17,GBP,CH,ES,app,atm,0
TXN00000247,CUST000001,2025-08-14 07:27:57.003505,655.21,EUR,FR,GB,web,tablet,0
TXN00000248,CUST000093,2025-05-04 21:11:57.003505,2591.1,EUR,FR,FR,cajero,tablet,0
TXN00000249,CUST000033,2025-01-18 03:20:57.003505,9948.67,EUR,IT,FR,app,tablet,0
TXN00000250,CUST000126,2025-03-16 23:47:57.003505,1762.9,EUR,DE,IT,app,desktop,0
TXN00000251,CUST000130,2025-09-06 01:36:57.003505,12061.71,EUR,IT,FR,sucursal,mobile,0
TXN00000252,CUST000171,2025-11-20 18:40:57.003505,4451.58,EUR,IT,DE,sucursal,tablet,0
TXN00000253,CUST000146,2025-10-01 19:58:57.003505,1050.58,EUR,IT,FR,cajero,tablet,0
TXN00000254,CUST000159,2025-04-17 08:33:57.003505,2652.05,GBP,GB,IT,web,pos,0
TXN00000255,CUST000049,2025-08-07 18:24:57.003505,527.67,EUR,ES,FR,web,mobile,0
TXN00000256,CUST000168,2025-06-05 04:45:57.003505,704.17,EUR,IT,GB,web,desktop,0
TXN00000257,CUST000039,2025-05-18 00:28:57.107482,49570.67,EUR,DE,PK,web,desktop,1
TXN00000258,CUST000080,2025-05-25 07:11:57.003505,132.75,EUR,ES,ES,sucursal,atm,0
TXN00000259,CUST000077,2025-11-21 22:17:57.003505,7882.62,EUR,CH,DE,web,mobile,0
TXN00000260,CUST000061,2025-12-06 00:40:57.003505,4176.16,EUR,IT,US,sucursal,desktop,0
TXN00000261,CUST000103,2025-06-11 08:42:57.003505,1440.53,EUR,ES,DE,sucursal,mobile,0
TXN00000262,CUST000033,2025-02-20 03:30:57.003505,1765.19,EUR,IT,US,sucursal,pos,0
TXN00000263,CUST000173,2025-09-24 20:43:57.003505,5040.02,EUR,DE,US,sucursal,tablet,0
TXN00000264,CUST000094,2025-05-31 01:47:57.003505,7456.24,CHF,GB,FR,cajero,tablet,0
TXN00000265,CUST000018,2025-02-07 07:30:57.003505,122.41,EUR,FR,IT,cajero,pos,0
TXN00000266,CUST000176,2025-07-17 04:58:57.003505,1641.6,EUR,ES,ES,app,desktop,0
TXN00000267,CUST000127,2025-08-01 22:52:57.003505,2052.9,EUR,FR,DE,sucursal,tablet,0
TXN00000268,CUST000162,2025-01-17 03:20:57.003505,6922.98,CHF,CH,DE,web,pos,0
TXN00000269,CUST000044,2025-12-23 20:12:57.003505,551.18,EUR,ES,DE,web,mobile,0
TXN00000270,CUST000110,2025-04-27 22:39:57.003505,366.47,EUR,ES,IT,web,atm,0
TXN00000271,CUST000008,2025-11-07 23:51:57.003505,2311.49,EUR,IT,GB,cajero,desktop,0
TXN00000272,CUST000188,2025-02-15 06:29:57.003505,9493.59,EUR,IT,FR,cajero,desktop,0
TXN00000273,CUST000128,2025-08-23 18:27:57.003505,9095.88,EUR,FR,DE,web,tablet,0
TXN00000274,CUST000083,2025-11-19 02:48:57.003505,66.56,EUR,ES,FR,sucursal,mobile,0
TXN00000275,CUST000082,2025-09-13 02:46:57.003505,16039.26,EUR,ES,US,sucursal,mobile,0
TXN00000276,CUST000004,2025-01-30 04:10:57.003505,7268.96,EUR,DE,US,sucursal,mobile,0
TXN00000277,CUST000179,2025-06-07 21:54:57.003505,13380.69,EUR,DE,US,cajero,tablet,0
TXN00000278,CUST000121,2025-10-14 07:13:57.003505,2266.13,EUR,ES,FR,sucursal,desktop,0
TXN00000279,CUST000085,2025-01-19 23:54:57.003505,375.64,EUR,FR,DE,app,mobile,0
TXN00000280,CUST000061,2025-12-30 04:55:57.003505,2873.59,EUR,IT,FR,web,tablet,0
TXN00000281,CUST000064,2025-10-06 00:53:57.003505,944.06,EUR,ES,ES,sucursal,atm,0
TXN00000282,CUST000142,2025-10-19 23:47:57.003505,2154.72,EUR,DE,US,web,desktop,0
TXN00000283,CUST000006,2025-10-16 13:11:57.107482,37578.0,EUR,FR,PK,app,pos,1
TXN00000284,CUST000080,2025-02-02 01:24:57.003505,151.64,EUR,ES,IT,sucursal,pos,0
TXN00000285,CUST000112,2025-09-09 00:11:57.003505,7290.72,USD,US,ES,sucursal,mobile,0
TXN00000286,CUST000095,2025-02-23 23:08:57.003505,56.6,EUR,IT,IT,web,pos,0
TXN00000287,CUST000133,2025-04-25 03:28:57.003505,63.99,EUR,IT,FR,app,tablet,0
TXN00000288,CUST000065,2025-08-29 02:51:57.003505,168.87,EUR,DE,DE,cajero,desktop,0
TXN00000289,CUST000107,2025-04-30 19:40:57.003505,6340.23,EUR,DE,FR,cajero,tablet,0
TXN00000290,CUST000154,2025-07-05 00:14:57.003505,2260.32,EUR,ES,DE,cajero,mobile,0
TXN00000291,CUST000144,2025-03-26 21:45:57.003505,1790.83,EUR,DE,FR,app,atm,0
TXN00000292,CUST000044,2025-09-14 18:14:57.003505,1017.85,EUR,ES,DE,app,pos,0
TXN00000293,CUST000145,2025-01-23 01:05:57.003505,2413.72,EUR,DE,DE,app,atm,0
TXN00000294,CUST000178,2025-09-13 21:16:57.003505,149.09,EUR,ES,IT,app,pos,0
TXN00000295,CUST000024,2025-06-23 02:18:57.003505,7648.45,EUR,FR,ES,app,pos,0
TXN00000296,CUST000088,2025-12-13 01:29:57.003505,1874.75,EUR,DE,DE,web,tablet,0
TXN00000297,CUST000172,2026-01-06 19:29:57.003505,2414.53,EUR,FR,ES,web,atm,0
TXN00000298,CUST000167,2025-12-07 00:02:57.003505,2756.73,USD,US,GB,app,pos,0
TXN00000299,CUST000169,2025-03-14 20:39:57.003505,2120.0,EUR,DE,GB,sucursal,tablet,0
TXN00000300,CUST000083,2025-08-13 05:12:57.003505,53.16,EUR,ES,FR,cajero,pos,0
TXN00000301,CUST000126,2025-04-02 23:03:57.003505,370.97,EUR,DE,DE,sucursal,desktop,0
TXN00000302,CUST000035,2025-06-23 07:33:57.003505,1966.06,EUR,DE,DE,app,pos,0
TXN00000303,CUST000043,2025-07-03 23:24:57.003505,22814.6,EUR,CH,GB,sucursal,atm,0
TXN00000304,CUST000160,2025-02-02 01:38:57.003505,368.77,EUR,DE,DE,app,desktop,0
TXN00000305,CUST000087,2025-02-17 00:04:57.003505,1666.61,EUR,ES,GB,cajero,tablet,0
TXN00000306,CUST000049,2025-09-20 18:30:57.003505,266.06,EUR,ES,GB,web,desktop,0
TXN00000307,CUST000166,2025-06-19 21:20:57.003505,2058.06,USD,GB,DE,app,atm,0
TXN00000308,CUST000021,2025-10-21 00:11:57.003505,451.6,EUR,FR,FR,web,mobile,0
TXN00000309,CUST000060,2025-12-19 22:14:57.003505,309.07,EUR,IT,IT,app,pos,0
TXN00000310,CUST000024,2025-10-12 23:41:57.003505,6517.33,EUR,FR,ES,app,pos,0
TXN00000311,CUST000151,2025-11-20 02:06:57.003505,2344.74,EUR,ES,FR,app,desktop,0
TXN00000312,CUST000014,2025-01-27 21:33:57.003505,416.86,EUR,IT,IT,web,mobile,0
TXN00000313,CUST000019,2025-10-27 23:11:57.003505,7644.51,EUR,DE,FR,cajero,pos,0
TXN00000314,CUST000142,2025-04-22 17:19:57.003505,6123.93,EUR,DE,US,sucursal,tablet,0
TXN00000315,CUST000039,2025-12-19 18:28:57.003505,11223.46,EUR,DE,GB,cajero,tablet,0
TXN00000316,CUST000105,2025-10-05 19:21:57.003505,4483.85,GBP,US,ES,web,tablet,0
TXN00000317,CUST000013,2025-11-10 00:21:57.003505,168.85,EUR,GB,GB,sucursal,desktop,0
TXN00000318,CUST000178,2025-07-21 01:35:57.003505,292.14,EUR,ES,FR,app,mobile,0
TXN00000319,CUST000063,2025-07-13 03:09:57.003505,75.37,EUR,FR,IT,cajero,pos,0
TXN00000320,CUST000138,2025-12-08 19:03:57.003505,1957.47,EUR,FR,FR,app,pos,0
TXN00000321,CUST000163,2025-12-08 23:17:57.003505,316.66,EUR,ES,IT,cajero,mobile,0
TXN00000322,CUST000147,2025-06-05 08:23:57.003505,11148.67,EUR,US,FR,web,mobile,0
TXN00000323,CUST000162,2025-11-25 03:03:57.003505,20313.0,CHF,CH,US,web,mobile,0
TXN00000324,CUST000168,2025-11-14 05:29:57.003505,218.99,EUR,IT,DE,web,atm,0
TXN00000325,CUST000032,2025-10-23 20:51:57.003505,471.2,EUR,FR,IT,app,atm,0
TXN00000326,CUST000020,2025-05-18 07:18:57.003505,133.77,EUR,IT,FR,cajero,tablet,0
TXN00000327,CUST000108,2025-08-14 03:25:57.003505,335.41,EUR,ES,ES,app,mobile,0
TXN00000328,CUST000173,2025-07-04 09:45:57.003505,1806.84,EUR,DE,IT,web,desktop,0
TXN00000329,CUST000171,2025-09-07 04:31:57.003505,10900.79,EUR,IT,IT,sucursal,desktop,0
TXN00000330,CUST000040,2025-10-16 21:21:57.003505,276.69,EUR,IT,ES,cajero,atm,0
TXN00000331,CUST000074,2025-06-01 07:45:57.003505,8470.95,EUR,IT,IT,sucursal,desktop,0
TXN00000332,CUST000068,2025-08-28 03:32:57.003505,146.29,EUR,ES,GB,sucursal,desktop,0
TXN00000333,CUST000082,2025-10-03 21:03:57.003505,6851.3,EUR,ES,ES,sucursal,tablet,0
TXN00000334,CUST000098,2025-03-19 08:14:57.003505,553.67,EUR,IT,IT,web,pos,0
TXN00000335,CUST000001,2025-10-01 21:26:57.003505,183.39,EUR,FR,DE,app,atm,0
TXN00000336,CUST000020,2025-03-04 21:39:57.003505,13.36,EUR,IT,IT,cajero,pos,0
TXN00000337,CUST000136,2025-12-26 19:14:57.003505,118.27,EUR,FR,FR,web,atm,0
TXN00000338,CUST000078,2025-03-04 03:33:57.003505,13716.56,EUR,DE,ES,app,mobile,0
TXN00000339,CUST000136,2025-07-11 06:22:57.003505,118.71,EUR,FR,IT,sucursal,pos,0
TXN00000340,CUST000003,2025-12-30 07:53:57.003505,27.48,EUR,ES,ES,web,tablet,0
TXN00000341,CUST000013,2025-08-28 18:04:57.003505,1608.55,EUR,GB,ES,cajero,tablet,0
TXN00000342,CUST000148,2025-12-19 06:55:57.003505,1010.54,EUR,ES,DE,sucursal,tablet,0
TXN00000343,CUST000020,2025-08-04 01:31:57.003505,26.16,EUR,IT,IT,cajero,pos,0
TXN00000344,CUST000118,2025-11-08 19:08:57.003505,6699.14,EUR,DE,FR,sucursal,pos,0
TXN00000345,CUST000082,2025-10-01 21:45:57.003505,1894.95,EUR,ES,CH,cajero,pos,0
TXN00000346,CUST000106,2025-12-04 22:31:57.003505,201.07,EUR,FR,ES,app,pos,0
TXN00000347,CUST000095,2025-10-02 20:09:57.003505,394.24,EUR,IT,ES,app,tablet,0
TXN00000348,CUST000050,2025-10-08 20:18:57.003505,14257.64,EUR,FR,ES,sucursal,mobile,0
TXN00000349,CUST000000,2025-03-21 05:24:57.003505,563.59,EUR,DE,GB,app,mobile,0
TXN00000350,CUST000057,2025-07-29 20:43:57.003505,223.74,EUR,ES,FR,app,mobile,0
TXN00000351,CUST000111,2025-04-19 05:00:57.003505,96.75,EUR,ES,IT,sucursal,desktop,0
TXN00000352,CUST000106,2025-03-08 05:00:57.003505,93.29,EUR,FR,ES,web,tablet,0
TXN00000353,CUST000161,2025-11-15 23:33:57.003505,49.87,EUR,ES,ES,cajero,tablet,0
TXN00000354,CUST000112,2025-10-12 04:49:57.003505,2595.69,CHF,US,ES,cajero,tablet,0
TXN00000355,CUST000057,2025-03-21 23:24:57.003505,188.77,EUR,ES,FR,sucursal,atm,0
TXN00000356,CUST000041,2025-08-26 05:07:57.003505,8162.99,EUR,DE,FR,web,atm,0
TXN00000357,CUST000122,2025-07-18 19:51:57.003505,2731.71,CHF,GB,GB,cajero,atm,0
TXN00000358,CUST000114,2025-07-20 01:02:57.003505,1999.01,EUR,ES,IT,cajero,tablet,0
TXN00000359,CUST000047,2025-07-19 17:15:57.003505,5994.36,EUR,ES,US,web,pos,0
TXN00000360,CUST000153,2025-06-22 00:44:57.003505,232.85,EUR,ES,ES,web,desktop,0
TXN00000361,CUST000165,2025-06-06 03:50:57.003505,1662.07,EUR,FR,ES,cajero,desktop,0
TXN00000362,CUST000178,2025-02-04 07:38:57.003505,42.78,EUR,ES,FR,web,pos,0
TXN00000363,CUST000132,2025-06-01 03:08:57.003505,1145.39,EUR,ES,ES,app,tablet,0
TXN00000364,CUST000015,2025-07-12 22:06:57.003505,1461.19,EUR,FR,US,web,desktop,0
TXN00000365,CUST000033,2025-02-12 20:39:57.003505,3688.74,EUR,IT,ES,cajero,atm,0
TXN00000366,CUST000059,2025-12-15 03:04:57.003505,38.23,EUR,FR,ES,web,desktop,0
TXN00000367,CUST000073,2025-11-09 00:57:57.003505,942.22,EUR,DE,DE,cajero,mobile,0
TXN00000368,CUST000029,2026-01-04 09:13:57.003505,9694.54,CHF,GB,IT,cajero,tablet,0
TXN00000369,CUST000102,2025-09-09 18:01:57.003505,4503.44,EUR,FR,FR,app,desktop,0
TXN00000370,CUST000179,2025-02-20 07:41:57.003505,3305.6,EUR,DE,FR,cajero,tablet,0
TXN00000371,CUST000105,2025-10-22 01:54:57.003505,4144.31,CHF,US,FR,app,desktop,0
TXN00000372,CUST000155,2025-11-06 07:57:57.003505,521.77,EUR,IT,IT,app,tablet,0
TXN00000373,CUST000001,2025-03-12 21:13:57.003505,857.35,EUR,FR,DE,web,mobile,0
TXN00000374,CUST000178,2025-05-26 06:37:57.003505,117.5,EUR,ES,IT,cajero,atm,0
TXN00000375,CUST000071,2025-07-09 03:02:57.003505,2857.67,EUR,FR,GB,cajero,atm,0
TXN00000376,CUST000051,2025-11-03 05:52:57.003505,489.2,EUR,DE,FR,sucursal,atm,0
TXN00000377,CUST000146,2025-05-06 05:32:57.003505,136.31,EUR,IT,DE,cajero,atm,0
TXN00000378,CUST000141,2025-04-22 00:55:57.003505,956.92,CHF,GB,ES,cajero,mobile,0
TXN00000379,CUST000159,2025-07-07 04:58:57.003505,4128.83,GBP,GB,FR,cajero,atm,0
TXN00000380,CUST000141,2025-11-26 19:49:57.003505,633.19,CHF,GB,ES,sucursal,pos,0
TXN00000381,CUST000150,2025-09-20 23:30:57.003505,8966.67,EUR,ES,US,web,atm,0
TXN00000382,CUST000120,2025-08-12 07:38:57.003505,266.4,EUR,IT,IT,cajero,pos,0
TXN00000383,CUST000121,2025-06-16 05:24:57.003505,623.2,EUR,ES,GB,cajero,pos,0
TXN00000384,CUST000043,2025-07-23 05:53:57.003505,5822.19,EUR,CH,GB,web,tablet,0
TXN00000385,CUST000068,2025-05-20 08:06:57.003505,361.46,EUR,ES,FR,cajero,mobile,0
TXN00000386,CUST000056,2025-10-20 21:12:57.003505,721.67,EUR,GB,ES,sucursal,atm,0
TXN00000387,CUST000026,2025-06-08 20:31:57.003505,191.52,EUR,FR,IT,cajero,pos,0
TXN00000388,CUST000135,2025-02-14 23:35:57.003505,657.81,EUR,ES,ES,cajero,pos,0
TXN00000389,CUST000152,2025-04-09 00:48:57.003505,246.87,CHF,GB,DE,app,atm,0
TXN00000390,CUST000015,2025-11-23 18:36:57.003505,4460.67,EUR,FR,GB,sucursal,mobile,0
TXN00000391,CUST000108,2025-08-17 00:24:57.003505,373.67,EUR,ES,IT,cajero,desktop,0
TXN00000392,CUST000127,2025-07-23 08:28:57.003505,4227.33,EUR,FR,DE,web,tablet,0
TXN00000393,CUST000090,2025-12-07 04:01:57.003505,1475.02,GBP,GB,DE,web,mobile,0
TXN00000394,CUST000135,2025-10-31 06:23:57.003505,676.73,EUR,ES,GB,sucursal,desktop,0
TXN00000395,CUST000113,2025-09-02 17:53:57.003505,4936.91,CHF,CH,ES,sucursal,atm,0
TXN00000396,CUST000046,2025-08-15 05:23:57.003505,2721.71,GBP,GB,CH,app,desktop,0
TXN00000397,CUST000155,2025-10-26 02:41:57.003505,739.82,EUR,IT,ES,web,tablet,0
TXN00000398,CUST000140,2025-06-21 23:29:57.003505,1153.13,EUR,DE,IT,web,pos,0
TXN00000399,CUST000082,2025-06-22 05:16:57.003505,3167.91,EUR,ES,ES,app,pos,0
TXN00000400,CUST000124,2025-01-24 02:50:57.003505,951.47,EUR,DE,FR,sucursal,tablet,0
TXN00000401,CUST000004,2025-04-09 02:54:57.003505,20011.67,EUR,DE,ES,sucursal,tablet,0
TXN00000402,CUST000037,2025-06-29 03:38:57.003505,109.85,EUR,ES,IT,app,desktop,0
TXN00000403,CUST000103,2025-10-29 18:40:57.003505,2241.95,EUR,ES,FR,app,desktop,0
TXN00000404,CUST000057,2025-05-26 05:53:57.003505,453.23,EUR,ES,ES,cajero,pos,0
TXN00000405,CUST000164,2025-11-11 18:37:57.003505,3140.94,CHF,US,GB,cajero,desktop,0
TXN00000406,CUST000029,2025-05-24 18:31:57.003505,1036.43,CHF,GB,FR,web,pos,0
TXN00000407,CUST000063,2025-11-15 06:59:57.003505,146.75,EUR,FR,FR,web,tablet,0
TXN00000408,CUST000042,2025-05-09 23:47:57.003505,4857.47,EUR,ES,GB,cajero,mobile,0
TXN00000409,CUST000069,2025-09-26 20:30:57.003505,298.28,EUR,FR,IT,cajero,desktop,0
TXN00000410,CUST000124,2025-05-28 02:34:57.003505,874.76,EUR,DE,ES,cajero,desktop,0
TXN00000411,CUST000124,2025-04-24 03:59:57.003505,1709.5,EUR,DE,GB,web,pos,0
TXN00000412,CUST000118,2025-01-24 01:55:57.003505,714.7,EUR,DE,ES,web,tablet,0
TXN00000413,CUST000043,2025-11-24 02:14:57.003505,2458.71,GBP,CH,US,web,mobile,0
TXN00000414,CUST000036,2025-01-15 21:57:57.107482,65050.57,EUR,FR,ES,sucursal,mobile,1
TXN00000415,CUST000014,2025-10-23 21:20:57.003505,1768.06,EUR,IT,FR,app,mobile,0
TXN00000416,CUST000139,2025-01-23 22:14:57.003505,741.83,USD,US,GB,sucursal,desktop,0
TXN00000417,CUST000088,2025-08-16 05:09:57.003505,538.97,EUR,DE,ES,app,pos,0
TXN00000418,CUST000036,2025-08-12 23:15:57.003505,4223.07,EUR,FR,DE,cajero,tablet,0
TXN00000419,CUST000144,2025-11-28 22:30:57.003505,703.94,EUR,DE,FR,web,desktop,0
TXN00000420,CUST000076,2025-08-10 21:28:57.003505,358.1,EUR,ES,FR,app,atm,0
TXN00000421,CUST000120,2025-03-24 00:19:57.003505,382.74,EUR,IT,ES,web,mobile,0
TXN00000422,CUST000142,2025-11-29 22:22:57.003505,2629.96,EUR,DE,DE,sucursal,mobile,0
TXN00000423,CUST000128,2025-08-18 05:15:57.003505,1859.12,EUR,FR,GB,app,desktop,0
TXN00000424,CUST000033,2025-11-18 23:34:57.107482,15133.0,EUR,IT,PK,app,atm,1
TXN00000425,CUST000128,2026-01-16 03:06:57.003505,4277.03,EUR,FR,US,web,mobile,0
TXN00000426,CUST000072,2025-09-25 01:31:57.003505,2595.31,CHF,GB,US,app,tablet,0
TXN00000427,CUST000046,2025-12-20 04:53:57.003505,23224.35,EUR,GB,DE,app,atm,0
TXN00000428,CUST000122,2025-03-26 08:00:57.003505,1243.03,CHF,GB,ES,web,mobile,0
TXN00000429,CUST000071,2025-10-27 05:59:57.003505,3424.86,EUR,FR,DE,web,desktop,0
TXN00000430,CUST000070,2025-03-12 23:47:57.003505,114.29,EUR,ES,FR,cajero,mobile,0
TXN00000431,CUST000181,2025-12-18 23:31:57.003505,1366.23,EUR,IT,IT,app,atm,0
TXN00000432,CUST000044,2025-03-21 22:12:57.003505,738.58,EUR,ES,ES,sucursal,pos,0
TXN00000433,CUST000102,2025-12-27 03:27:57.003505,15132.58,EUR,FR,US,web,desktop,0
TXN00000434,CUST000149,2025-09-02 04:12:57.003505,10901.27,EUR,ES,DE,cajero,pos,0
TXN00000435,CUST000180,2025-07-15 19:38:57.003505,2300.17,USD,GB,DE,cajero,pos,0
TXN00000436,CUST000113,2025-09-27 21:21:57.003505,1278.8,GBP,CH,ES,app,mobile,0
TXN00000437,CUST000000,2025-06-06 08:59:57.003505,813.56,EUR,DE,IT,sucursal,tablet,0
TXN00000438,CUST000130,2025-05-14 18:02:57.003505,1976.19,EUR,IT,GB,web,tablet,0
TXN00000439,CUST000130,2025-09-29 19:40:57.003505,1565.96,EUR,IT,FR,cajero,desktop,0
TXN00000440,CUST000049,2025-07-01 08:48:57.003505,616.98,EUR,ES,FR,cajero,mobile,0
TXN00000441,CUST000058,2025-04-14 21:38:57.003505,11681.18,EUR,FR,ES,app,mobile,0
TXN00000442,CUST000027,2025-05-28 14:35:57.107482,58030.61,EUR,FR,RU,web,pos,1
TXN00000443,CUST000060,2025-01-21 18:48:57.003505,2222.35,EUR,IT,DE,web,mobile,0
TXN00000444,CUST000136,2025-04-26 02:14:57.003505,100.49,EUR,FR,IT,cajero,tablet,0
TXN00000445,CUST000021,2025-04-03 07:38:57.003505,143.9,EUR,FR,IT,app,pos,0
TXN00000446,CUST000078,2025-10-29 03:27:57.003505,19269.03,EUR,DE,FR,cajero,pos,0
TXN00000447,CUST000061,2025-05-17 20:42:57.003505,1428.31,EUR,IT,FR,web,desktop,0
TXN00000448,CUST000111,2025-04-17 02:25:57.003505,146.4,EUR,ES,FR,app,atm,0
TXN00000449,CUST000086,2025-03-08 08:32:57.003505,11236.26,EUR,ES,IT,web,atm,0
TXN00000450,CUST000040,2025-12-02 00:04:57.003505,110.83,EUR,IT,ES,cajero,mobile,0
TXN00000451,CUST000132,2025-08-29 22:04:57.003505,4492.91,EUR,ES,IT,web,atm,0
TXN00000452,CUST000131,2025-09-13 07:56:57.003505,2182.92,EUR,DE,ES,web,atm,0
TXN00000453,CUST000052,2025-09-22 23:02:57.003505,77.46,EUR,ES,ES,web,mobile,0
TXN00000454,CUST000025,2025-02-18 07:28:57.003505,922.79,EUR,ES,DE,app,desktop,0
TXN00000455,CUST000042,2025-07-18 03:24:57.003505,4343.8,EUR,ES,IT,app,mobile,0
TXN00000456,CUST000103,2025-04-19 19:33:57.003505,1775.68,EUR,ES,IT,cajero,tablet,0
TXN00000457,CUST000040,2025-06-13 21:31:57.003505,105.51,EUR,IT,IT,sucursal,atm,0
TXN00000458,CUST000060,2025-07-14 05:56:57.003505,741.72,EUR,IT,GB,sucursal,mobile,0
TXN00000459,CUST000087,2025-02-17 19:26:57.003505,849.7,EUR,ES,IT,web,pos,0
TXN00000460,CUST000166,2025-08-11 20:01:57.003505,12627.61,GBP,GB,US,cajero,desktop,0
TXN00000461,CUST000152,2025-06-18 20:15:57.003505,465.35,EUR,GB,DE,sucursal,pos,0
TXN00000462,CUST000143,2025-12-22 20:38:57.003505,9379.9,EUR,ES,GB,app,tablet,0
TXN00000463,CUST000006,2025-07-16 20:02:57.003505,163.21,EUR,FR,FR,sucursal,mobile,0
TXN00000464,CUST000134,2025-09-03 05:02:57.003505,34.56,EUR,FR,FR,cajero,tablet,0
TXN00000465,CUST000101,2026-01-06 06:30:57.003505,403.59,EUR,FR,ES,sucursal,mobile,0
TXN00000466,CUST000186,2025-12-20 01:32:57.003505,1890.28,EUR,IT,IT,web,mobile,0
TXN00000467,CUST000087,2025-05-13 01:46:57.003505,1816.18,EUR,ES,IT,web,desktop,0
TXN00000468,CUST000044,2025-07-07 02:26:57.003505,417.8,EUR,ES,DE,web,mobile,0
TXN00000469,CUST000145,2025-04-12 00:01:57.003505,375.21,EUR,DE,DE,app,mobile,0
TXN00000470,CUST000033,2025-07-07 07:45:57.003505,6490.28,EUR,IT,DE,web,desktop,0
TXN00000471,CUST000179,2025-03-26 00:50:57.003505,1981.17,EUR,DE,GB,web,mobile,0
TXN00000472,CUST000153,2025-12-18 00:55:57.003505,164.59,EUR,ES,GB,app,pos,0
TXN00000473,CUST000036,2025-06-27 21:52:57.003505,4013.4,EUR,FR,FR,sucursal,mobile,0
TXN00000474,CUST000106,2025-02-03 05:39:57.003505,57.72,EUR,FR,ES,cajero,desktop,0
TXN00000475,CUST000016,2025-11-19 19:51:57.003505,701.26,EUR,IT,GB,cajero,tablet,0
TXN00000476,CUST000048,2025-10-17 02:04:57.003505,4464.33,EUR,FR,GB,sucursal,desktop,0
TXN00000477,CUST000136,2025-04-20 20:07:57.003505,192.5,EUR,FR,FR,web,atm,0
TXN00000478,CUST000034,2025-10-29 06:22:57.003505,172.84,EUR,FR,IT,sucursal,mobile,0
TXN00000479,CUST000104,2025-07-03 20:53:57.003505,842.35,EUR,ES,ES,web,mobile,0
TXN00000480,CUST000110,2025-02-13 20:36:57.003505,115.27,EUR,ES,ES,cajero,desktop,0
TXN00000481,CUST000026,2025-05-31 04:52:57.003505,134.58,EUR,FR,ES,sucursal,pos,0
TXN00000482,CUST000164,2025-05-19 04:42:57.003505,4173.74,EUR,US,GB,app,pos,0
TXN00000483,CUST000056,2025-07-18 06:16:57.003505,932.0,GBP,GB,GB,app,atm,0
TXN00000484,CUST000042,2025-10-26 22:55:57.003505,5177.17,EUR,ES,US,sucursal,desktop,0
TXN00000485,CUST000045,2026-01-11 19:28:57.003505,720.49,USD,GB,FR,web,tablet,0
TXN00000486,CUST000043,2025-06-15 04:59:57.003505,5554.69,USD,CH,GB,web,tablet,0
TXN00000487,CUST000073,2025-02-12 03:45:57.003505,467.54,EUR,DE,GB,app,atm,0
TXN00000488,CUST000163,2025-11-26 06:57:57.003505,68.15,EUR,ES,ES,sucursal,pos,0
TXN00000489,CUST000104,2025-04-26 02:56:57.003505,2221.2,EUR,ES,GB,sucursal,atm,0
TXN00000490,CUST000098,2025-11-14 05:28:57.003505,281.17,EUR,IT,IT,cajero,pos,0
TXN00000491,CUST000060,2025-06-22 22:06:57.003505,329.46,EUR,IT,FR,sucursal,tablet,0
TXN00000492,CUST000183,2025-02-26 03:33:57.003505,363.27,EUR,IT,IT,sucursal,tablet,0
TXN00000493,CUST000040,2025-09-08 02:15:57.107482,598.89,EUR,IT,AF,sucursal,pos,1
TXN00000494,CUST000045,2025-04-16 08:33:57.003505,1994.23,CHF,GB,FR,web,pos,0
TXN00000495,CUST000166,2025-02-14 04:52:57.003505,8822.32,GBP,GB,FR,sucursal,atm,0
TXN00000496,CUST000182,2025-10-26 21:19:57.003505,2599.34,EUR,FR,DE,web,pos,0
TXN00000497,CUST000013,2025-01-30 06:45:57.003505,600.35,EUR,GB,ES,web,pos,0
TXN00000498,CUST000135,2026-01-04 08:39:57.003505,234.85,EUR,ES,ES,cajero,tablet,0
TXN00000499,CUST000059,2025-03-27 22:09:57.003505,115.35,EUR,FR,FR,app,atm,0
TXN00000500,CUST000164,2025-09-25 21:09:57.003505,1413.89,GBP,US,IT,app,desktop,0
TXN00000501,CUST000135,2025-12-22 04:34:57.003505,1638.89,EUR,ES,ES,web,desktop,0
TXN00000502,CUST000003,2025-06-29 07:31:57.003505,425.58,EUR,ES,IT,sucursal,desktop,0
TXN00000503,CUST000186,2025-05-15 03:13:57.003505,2767.01,EUR,IT,FR,web,tablet,0
TXN00000504,CUST000162,2025-06-24 23:55:57.003505,19456.32,EUR,CH,ES,web,mobile,0
TXN00000505,CUST000098,2025-05-23 05:18:57.003505,629.82,EUR,IT,IT,cajero,tablet,0
TXN00000506,CUST000098,2025-08-16 18:11:57.003505,2425.04,EUR,IT,ES,app,desktop,0
TXN00000507,CUST000021,2025-04-12 11:16:57.107482,71242.61,EUR,FR,YE,web,atm,1
TXN00000508,CUST000107,2025-11-01 22:39:57.003505,2790.53,EUR,DE,ES,web,mobile,0
TXN00000509,CUST000170,2025-02-19 05:31:57.003505,4247.53,EUR,US,GB,app,mobile,0
TXN00000510,CUST000040,2025-11-06 00:30:57.003505,99.42,EUR,IT,IT,app,desktop,0
TXN00000511,CUST000175,2025-03-26 19:59:57.003505,5948.65,GBP,CH,FR,sucursal,tablet,0
TXN00000512,CUST000136,2025-01-16 02:03:57.003505,134.11,EUR,FR,IT,sucursal,tablet,0
TXN00000513,CUST000165,2025-09-23 05:29:57.003505,1588.97,EUR,FR,IT,app,pos,0
TXN00000514,CUST000015,2025-02-06 05:26:57.003505,1004.49,EUR,FR,GB,sucursal,desktop,0
TXN00000515,CUST000071,2025-11-19 04:14:57.003505,6085.76,EUR,FR,CH,app,mobile,0
TXN00000516,CUST000048,2025-08-01 04:06:57.003505,2367.31,EUR,FR,GB,app,mobile,0
TXN00000517,CUST000181,2025-07-01 05:37:57.003505,603.1,EUR,IT,ES,cajero,tablet,0
TXN00000518,CUST000082,2025-02-25 00:47:57.003505,17990.5,EUR,ES,CH,app,desktop,0
TXN00000519,CUST000018,2025-11-27 05:38:57.003505,69.27,EUR,FR,ES,sucursal,pos,0
TXN00000520,CUST000069,2025-07-01 03:14:57.003505,252.05,EUR,FR,ES,cajero,desktop,0
TXN00000521,CUST000135,2025-01-25 22:57:57.003505,1804.12,EUR,ES,ES,cajero,atm,0
TXN00000522,CUST000172,2025-07-19 23:40:57.003505,605.48,EUR,FR,DE,app,pos,0
TXN00000523,CUST000116,2025-04-29 09:44:57.003505,12962.54,EUR,FR,US,sucursal,atm,0
TXN00000524,CUST000166,2025-11-15 06:54:57.003505,1250.09,EUR,GB,DE,sucursal,tablet,0
TXN00000525,CUST000099,2025-03-29 00:38:57.003505,145.53,EUR,IT,IT,sucursal,tablet,0
TXN00000526,CUST000124,2025-10-02 19:32:57.003505,700.37,EUR,DE,IT,sucursal,mobile,0
TXN00000527,CUST000078,2025-05-28 18:01:57.003505,2758.64,EUR,DE,CH,sucursal,atm,0
TXN00000528,CUST000156,2025-12-18 06:48:57.003505,55.47,EUR,FR,ES,web,desktop,0
TXN00000529,CUST000099,2025-02-12 07:23:57.003505,146.06,EUR,IT,IT,web,atm,0
TXN00000530,CUST000176,2025-03-04 18:18:57.003505,822.18,EUR,ES,GB,sucursal,atm,0
TXN00000531,CUST000157,2025-09-06 08:48:57.003505,1660.57,EUR,IT,ES,sucursal,pos,0
TXN00000532,CUST000164,2025-05-17 21:24:57.003505,13811.75,CHF,US,GB,sucursal,desktop,0
TXN00000533,CUST000008,2025-01-31 02:23:57.107482,20615.84,EUR,IT,RU,cajero,tablet,1
TXN00000534,CUST000110,2025-12-11 20:20:57.003505,76.63,EUR,ES,FR,app,atm,0
TXN00000535,CUST000142,2026-01-09 20:18:57.003505,13560.96,EUR,DE,ES,sucursal,mobile,0
TXN00000536,CUST000159,2025-04-22 01:47:57.003505,4476.7,GBP,GB,ES,cajero,mobile,0
TXN00000537,CUST000065,2025-11-03 00:59:57.003505,1103.26,EUR,DE,FR,web,tablet,0
TXN00000538,CUST000014,2025-12-29 05:21:57.003505,1404.05,EUR,IT,GB,web,mobile,0
TXN00000539,CUST000071,2025-04-28 22:51:57.003505,6863.59,EUR,FR,GB,sucursal,pos,0
TXN00000540,CUST000016,2025-03-28 23:26:57.003505,2354.77,EUR,IT,ES,sucursal,desktop,0
TXN00000541,CUST000168,2025-10-03 01:35:57.003505,644.98,EUR,IT,FR,sucursal,pos,0
TXN00000542,CUST000046,2025-10-20 23:33:57.003505,2677.18,USD,GB,CH,app,mobile,0
TXN00000543,CUST000050,2025-11-19 18:58:57.003505,1819.05,EUR,FR,FR,web,desktop,0
TXN00000544,CUST000025,2025-08-19 21:24:57.003505,2357.1,EUR,ES,ES,cajero,atm,0
TXN00000545,CUST000130,2025-09-07 09:48:57.003505,4663.42,EUR,IT,ES,cajero,desktop,0
TXN00000546,CUST000150,2025-03-18 20:43:57.003505,2756.86,EUR,ES,GB,app,mobile,0
TXN00000547,CUST000018,2025-09-12 19:43:57.003505,301.49,EUR,FR,ES,sucursal,atm,0
TXN00000548,CUST000123,2025-11-11 03:21:57.003505,343.61,EUR,FR,FR,app,mobile,0
TXN00000549,CUST000061,2025-04-24 03:53:57.003505,2463.76,EUR,IT,DE,sucursal,tablet,0
TXN00000550,CUST000006,2025-07-10 23:53:57.003505,468.36,EUR,FR,IT,cajero,pos,0
TXN00000551,CUST000003,2025-02-12 22:08:57.003505,42.98,EUR,ES,IT,app,tablet,0
TXN00000552,CUST000010,2025-10-14 05:14:57.003505,1200.73,EUR,FR,ES,web,tablet,0
TXN00000553,CUST000173,2025-03-17 09:10:57.003505,4309.99,EUR,DE,DE,cajero,pos,0
TXN00000554,CUST000018,2025-10-03 03:28:57.003505,131.23,EUR,FR,IT,web,pos,0
TXN00000555,CUST000150,2025-09-17 19:05:57.003505,1556.53,EUR,ES,FR,app,pos,0
TXN00000556,CUST000045,2025-04-15 07:49:57.003505,1596.68,GBP,GB,DE,web,pos,0
TXN00000557,CUST000140,2025-09-06 01:55:57.003505,186.02,EUR,DE,GB,cajero,pos,0
TXN00000558,CUST000136,2025-06-22 05:54:57.003505,42.23,EUR,FR,IT,cajero,mobile,0
TXN00000559,CUST000176,2025-11-07 02:10:57.003505,279.71,EUR,ES,FR,cajero,pos,0
TXN00000560,CUST000039,2025-08-14 01:34:57.107482,10066.1,EUR,DE,RU,cajero,desktop,1
TXN00000561,CUST000032,2025-08-20 23:49:57.003505,148.1,EUR,FR,FR,web,pos,0
TXN00000562,CUST000173,2025-04-04 08:13:57.003505,5078.47,EUR,DE,IT,web,desktop,0
TXN00000563,CUST000020,2025-10-05 01:44:57.107482,56157.75,EUR,IT,IT,app,desktop,1
TXN00000564,CUST000003,2025-02-08 14:39:57.107482,94816.66,EUR,ES,KP,sucursal,atm,1
TXN00000565,CUST000006,2025-02-05 19:10:57.003505,135.1,EUR,FR,FR,cajero,mobile,0
TXN00000566,CUST000147,2025-04-23 06:22:57.003505,13200.92,EUR,US,FR,cajero,desktop,0
TXN00000567,CUST000084,2025-03-02 06:18:57.003505,62.92,EUR,ES,IT,app,tablet,0
TXN00000568,CUST000022,2025-12-03 18:52:57.003505,4532.32,EUR,IT,US,cajero,desktop,0
TXN00000569,CUST000089,2025-05-15 21:07:57.003505,357.64,EUR,ES,ES,cajero,mobile,0
TXN00000570,CUST000074,2025-01-20 09:04:57.003505,6481.57,EUR,IT,US,app,pos,0
TXN00000571,CUST000047,2025-04-04 23:15:57.003505,4797.12,EUR,ES,DE,cajero,mobile,0
TXN00000572,CUST000140,2025-08-14 06:16:57.003505,758.28,EUR,DE,ES,web,pos,0
TXN00000573,CUST000024,2025-11-23 18:10:57.003505,6878.43,EUR,FR,FR,cajero,desktop,0
TXN00000574,CUST000088,2025-07-01 21:25:57.003505,627.28,EUR,DE,FR,cajero,desktop,0
TXN00000575,CUST000174,2025-10-15 23:21:57.003505,909.03,EUR,IT,FR,cajero,tablet,0
TXN00000576,CUST000000,2025-03-02 03:08:57.107482,11066.62,EUR,DE,FR,web,pos,1
TXN00000577,CUST000065,2025-10-02 00:30:57.003505,328.68,EUR,DE,ES,sucursal,pos,0
TXN00000578,CUST000005,2025-09-07 04:12:57.003505,1864.97,GBP,GB,IT,web,mobile,0
TXN00000579,CUST000146,2025-02-10 05:39:57.003505,740.74,EUR,IT,GB,sucursal,desktop,0
TXN00000580,CUST000127,2025-06-24 04:56:57.003505,4041.69,EUR,FR,ES,cajero,pos,0
TXN00000581,CUST000180,2025-02-04 00:08:57.003505,2829.87,CHF,GB,GB,app,pos,0
TXN00000582,CUST000029,2025-09-05 08:43:57.003505,9726.28,EUR,GB,ES,sucursal,tablet,0
TXN00000583,CUST000086,2025-06-24 09:58:57.003505,2357.33,EUR,ES,ES,web,mobile,0
TXN00000584,CUST000075,2025-06-12 18:00:57.003505,1678.3,EUR,FR,FR,web,desktop,0
TXN00000585,CUST000158,2025-12-11 03:57:57.003505,1752.41,USD,GB,DE,cajero,atm,0
TXN00000586,CUST000012,2025-08-25 18:48:57.003505,3399.92,EUR,IT,FR,cajero,mobile,0
TXN00000587,CUST000004,2025-01-20 04:30:57.003505,2439.46,EUR,DE,ES,web,mobile,0
TXN00000588,CUST000174,2025-11-07 06:48:57.003505,288.93,EUR,IT,FR,cajero,mobile,0
TXN00000589,CUST000040,2025-05-11 23:16:57.003505,143.98,EUR,IT,ES,web,desktop,0
TXN00000590,CUST000140,2025-12-31 21:46:57.003505,243.29,EUR,DE,DE,sucursal,desktop,0
TXN00000591,CUST000186,2025-12-03 23:25:57.003505,3683.13,EUR,IT,ES,app,mobile,0
TXN00000592,CUST000025,2025-04-20 22:13:57.003505,467.76,EUR,ES,FR,sucursal,mobile,0
TXN00000593,CUST000022,2025-07-03 06:03:57.107482,20947.15,EUR,IT,CN,cajero,tablet,1
TXN00000594,CUST000092,2025-12-05 08:38:57.003505,4651.27,EUR,FR,IT,app,mobile,0
TXN00000595,CUST000130,2025-03-13 20:16:57.003505,2915.1,EUR,IT,DE,sucursal,tablet,0
TXN00000596,CUST000070,2025-05-12 21:54:57.003505,286.4,EUR,ES,ES,sucursal,tablet,0
TXN00000597,CUST000163,2025-03-08 21:44:57.003505,217.0,EUR,ES,IT,web,pos,0
TXN00000598,CUST000091,2026-01-12 03:53:57.003505,21601.35,CHF,GB,US,app,tablet,0
TXN00000599,CUST000020,2025-12-16 00:19:57.003505,43.55,EUR,IT,IT,cajero,pos,0
TXN00000600,CUST000010,2025-03-02 20:46:57.003505,845.22,EUR,FR,FR,cajero,atm,0
TXN00000601,CUST000057,2025-05-08 02:28:57.003505,35.65,EUR,ES,ES,sucursal,tablet,0
TXN00000602,CUST000026,2025-09-16 00:36:57.107482,49718.65,EUR,FR,IT,app,desktop,1
TXN00000603,CUST000152,2025-01-24 03:35:57.003505,517.33,GBP,GB,FR,app,desktop,0
TXN00000604,CUST000154,2025-08-22 21:59:57.003505,7573.37,EUR,ES,DE,app,pos,0
TXN00000605,CUST000115,2025-10-30 04:56:57.003505,6880.06,EUR,DE,FR,sucursal,mobile,0
TXN00000606,CUST000121,2025-08-10 21:55:57.003505,1505.74,EUR,ES,GB,cajero,mobile,0
TXN00000607,CUST000037,2025-02-03 21:41:57.003505,174.23,EUR,ES,ES,sucursal,desktop,0
TXN00000608,CUST000014,2025-07-06 15:20:57.107482,74397.18,EUR,IT,AF,cajero,atm,1
TXN00000609,CUST000071,2025-11-04 04:24:57.003505,18944.77,EUR,FR,FR,cajero,desktop,0
TXN00000610,CUST000109,2025-12-12 01:37:57.003505,3533.63,USD,CH,CH,app,mobile,0
TXN00000611,CUST000002,2025-11-28 07:43:57.003505,162.55,EUR,ES,IT,app,desktop,0
TXN00000612,CUST000129,2025-03-12 01:23:57.003505,3758.29,GBP,US,GB,web,tablet,0
TXN00000613,CUST000031,2025-12-03 03:46:57.003505,964.01,EUR,ES,FR,web,mobile,0
TXN00000614,CUST000144,2025-08-22 02:19:57.003505,556.92,EUR,DE,DE,sucursal,tablet,0
TXN00000615,CUST000026,2026-01-14 20:48:57.003505,16.14,EUR,FR,ES,sucursal,desktop,0
TXN00000616,CUST000179,2025-07-13 23:25:57.003505,1257.32,EUR,DE,ES,web,tablet,0
TXN00000617,CUST000125,2025-04-27 04:43:57.003505,3036.02,EUR,US,CH,app,mobile,0
TXN00000618,CUST000144,2025-10-30 19:51:57.003505,763.42,EUR,DE,GB,web,tablet,0
TXN00000619,CUST000002,2025-12-27 23:18:57.003505,74.02,EUR,ES,IT,cajero,pos,0
TXN00000620,CUST000103,2025-03-04 19:05:57.003505,4636.72,EUR,ES,ES,app,pos,0
TXN00000621,CUST000119,2025-01-27 03:37:57.003505,5921.72,USD,US,DE,cajero,mobile,0
TXN00000622,CUST000130,2026-01-14 19:12:57.003505,1879.31,EUR,IT,ES,cajero,mobile,0
TXN00000623,CUST000148,2025-10-18 07:11:57.003505,6687.69,EUR,ES,IT,cajero,atm,0
TXN00000624,CUST000187,2025-07-05 19:23:57.003505,7870.82,CHF,GB,IT,web,mobile,0
TXN00000625,CUST000037,2025-12-07 03:53:57.003505,319.25,EUR,ES,ES,app,desktop,0
TXN00000626,CUST000179,2025-08-27 02:23:57.003505,1870.15,EUR,DE,GB,sucursal,atm,0
TXN00000627,CUST000012,2025-02-03 23:10:57.003505,9793.1,EUR,IT,GB,sucursal,atm,0
TXN00000628,CUST000131,2025-06-11 07:58:57.003505,874.38,EUR,DE,ES,app,pos,0
TXN00000629,CUST000133,2025-04-14 05:38:57.003505,98.79,EUR,IT,FR,web,atm,0
TXN00000630,CUST000076,2025-02-08 21:19:57.003505,95.31,EUR,ES,FR,sucursal,tablet,0
TXN00000631,CUST000097,2025-06-11 00:04:57.003505,20827.36,CHF,GB,US,cajero,mobile,0
TXN00000632,CUST000000,2026-01-08 19:53:57.003505,235.67,EUR,DE,DE,cajero,atm,0
TXN00000633,CUST000011,2025-07-18 07:01:57.003505,778.8,EUR,ES,FR,app,desktop,0
TXN00000634,CUST000091,2026-01-08 18:25:57.003505,4694.78,GBP,GB,GB,app,tablet,0
TXN00000635,CUST000167,2025-09-20 04:54:57.003505,2491.06,CHF,US,GB,app,mobile,0
TXN00000636,CUST000107,2025-12-10 02:18:57.003505,6803.52,EUR,DE,ES,web,pos,0
TXN00000637,CUST000053,2025-04-20 02:01:57.003505,2420.71,EUR,FR,US,cajero,desktop,0
TXN00000638,CUST000159,2025-12-04 06:25:57.003505,14914.47,GBP,GB,ES,web,tablet,0
TXN00000639,CUST000081,2025-08-06 03:02:57.003505,6056.33,GBP,CH,GB,sucursal,desktop,0
TXN00000640,CUST000189,2025-02-25 04:33:57.003505,7765.31,EUR,DE,CH,cajero,desktop,0
TXN00000641,CUST000085,2025-04-07 20:14:57.003505,864.03,EUR,FR,FR,web,mobile,0
TXN00000642,CUST000020,2025-03-10 21:01:57.003505,69.14,EUR,IT,ES,web,tablet,0
TXN00000643,CUST000127,2025-11-12 06:31:57.003505,11895.23,EUR,FR,DE,app,desktop,0
TXN00000644,CUST000077,2025-03-31 00:30:57.003505,683.2,USD,CH,DE,web,pos,0
TXN00000645,CUST000034,2025-02-17 00:06:57.003505,214.35,EUR,FR,IT,sucursal,tablet,0
TXN00000646,CUST000094,2025-11-21 23:19:57.003505,5040.03,CHF,GB,GB,app,mobile,0
TXN00000647,CUST000027,2025-07-24 00:29:57.003505,29.48,EUR,FR,FR,sucursal,mobile,0
TXN00000648,CUST000002,2025-02-22 00:40:57.003505,380.43,EUR,ES,FR,cajero,tablet,0
TXN00000649,CUST000122,2025-05-05 06:39:57.003505,166.52,EUR,GB,GB,app,pos,0
TXN00000650,CUST000002,2026-01-06 01:09:57.003505,130.12,EUR,ES,FR,web,mobile,0
TXN00000651,CUST000021,2025-10-09 07:55:57.003505,113.3,EUR,FR,IT,cajero,atm,0
TXN00000652,CUST000057,2025-09-09 22:58:57.003505,210.64,EUR,ES,ES,web,pos,0
TXN00000653,CUST000074,2025-06-13 02:21:57.003505,8935.93,EUR,IT,ES,app,pos,0
TXN00000654,CUST000017,2025-11-15 22:51:57.107482,37865.03,EUR,FR,US,web,atm,1
TXN00000655,CUST000004,2025-06-17 21:33:57.107482,32986.23,EUR,DE,YE,app,tablet,1
TXN00000656,CUST000117,2026-01-07 08:31:57.003505,3424.06,EUR,ES,DE,app,mobile,0
TXN00000657,CUST000181,2025-07-11 07:59:57.003505,524.99,EUR,IT,IT,cajero,desktop,0
TXN00000658,CUST000056,2025-06-25 22:47:57.003505,2269.44,USD,GB,DE,app,pos,0
TXN00000659,CUST000101,2025-03-31 00:53:57.003505,135.3,EUR,FR,FR,app,atm,0
TXN00000660,CUST000174,2025-12-08 01:17:57.003505,1177.52,EUR,IT,IT,cajero,desktop,0
TXN00000661,CUST000169,2025-06-22 21:07:57.003505,417.19,EUR,DE,IT,sucursal,tablet,0
TXN00000662,CUST000162,2025-01-23 04:00:57.003505,2161.32,GBP,CH,FR,cajero,atm,0
TXN00000663,CUST000154,2025-10-22 22:21:57.003505,3338.78,EUR,ES,ES,web,desktop,0
TXN00000664,CUST000059,2025-04-30 23:01:57.003505,137.03,EUR,FR,IT,app,desktop,0
TXN00000665,CUST000004,2025-11-10 05:07:57.003505,7693.9,EUR,DE,CH,sucursal,tablet,0
TXN00000666,CUST000131,2025-10-10 18:14:57.003505,1498.87,EUR,DE,IT,cajero,mobile,0
TXN00000667,CUST000168,2025-03-06 04:31:57.003505,932.51,EUR,IT,IT,app,mobile,0
TXN00000668,CUST000137,2025-10-07 19:54:57.003505,1738.63,EUR,FR,GB,web,mobile,0
TXN00000669,CUST000114,2025-10-08 08:48:57.003505,3470.11,EUR,ES,DE,cajero,mobile,0
TXN00000670,CUST000107,2025-07-15 23:04:57.003505,1244.98,EUR,DE,US,cajero,mobile,0
TXN00000671,CUST000067,2025-08-07 19:26:57.003505,5977.91,EUR,DE,FR,sucursal,mobile,0
TXN00000672,CUST000039,2025-03-14 17:31:57.003505,2092.57,EUR,DE,ES,cajero,atm,0
TXN00000673,CUST000030,2025-10-11 19:11:57.003505,166.14,CHF,GB,IT,app,tablet,0
TXN00000674,CUST000017,2025-12-19 20:09:57.003505,5194.55,EUR,FR,IT,web,desktop,0
TXN00000675,CUST000074,2025-07-13 21:14:57.003505,11211.87,EUR,IT,ES,web,tablet,0
TXN00000676,CUST000149,2025-12-05 08:56:57.003505,4659.67,EUR,ES,DE,web,pos,0
TXN00000677,CUST000108,2025-05-19 02:46:57.003505,317.18,EUR,ES,IT,web,tablet,0
TXN00000678,CUST000182,2025-01-24 05:34:57.003505,2697.29,EUR,FR,US,web,tablet,0
TXN00000679,CUST000161,2025-05-22 21:03:57.003505,10.61,EUR,ES,ES,app,tablet,0
TXN00000680,CUST000151,2025-04-24 02:33:57.003505,1710.05,EUR,ES,DE,web,atm,0
TXN00000681,CUST000008,2025-05-04 04:42:57.003505,1886.13,EUR,IT,IT,sucursal,atm,0
TXN00000682,CUST000027,2025-03-27 01:47:57.003505,150.94,EUR,FR,FR,app,desktop,0
TXN00000683,CUST000059,2025-12-18 21:28:57.003505,123.2,EUR,FR,FR,app,mobile,0
TXN00000684,CUST000119,2025-06-22 04:44:57.003505,1485.65,EUR,US,GB,sucursal,atm,0
TXN00000685,CUST000145,2025-10-17 02:15:57.003505,1369.61,EUR,DE,IT,web,pos,0
TXN00000686,CUST000150,2025-03-13 07:08:57.003505,3084.26,EUR,ES,ES,cajero,pos,0
TXN00000687,CUST000010,2025-11-17 05:10:57.003505,700.95,EUR,FR,DE,web,mobile,0
TXN00000688,CUST000033,2025-09-06 04:00:57.003505,4994.64,EUR,IT,GB,app,atm,0
TXN00000689,CUST000080,2025-02-12 00:03:57.003505,36.62,EUR,ES,ES,cajero,desktop,0
TXN00000690,CUST000106,2025-03-02 05:46:57.003505,11.94,EUR,FR,FR,web,atm,0
TXN00000691,CUST000033,2025-09-13 18:10:57.003505,11129.14,EUR,IT,DE,sucursal,atm,0
TXN00000692,CUST000160,2025-01-29 08:14:57.003505,1596.11,EUR,DE,GB,app,desktop,0
TXN00000693,CUST000041,2025-06-21 09:49:57.003505,4473.91,EUR,DE,US,cajero,atm,0
TXN00000694,CUST000007,2025-05-18 14:51:57.107482,72545.59,EUR,DE,FR,web,desktop,1
TXN00000695,CUST000033,2025-05-21 05:41:57.003505,5796.23,EUR,IT,ES,sucursal,pos,0
TXN00000696,CUST000097,2025-08-29 01:48:57.003505,5899.83,USD,GB,FR,sucursal,desktop,0
TXN00000697,CUST000138,2025-05-02 04:16:57.003505,10525.36,EUR,FR,IT,sucursal,pos,0
TXN00000698,CUST000133,2025-11-16 00:19:57.003505,262.26,EUR,IT,ES,app,mobile,0
TXN00000699,CUST000185,2025-01-22 06:39:57.003505,732.29,CHF,GB,ES,sucursal,desktop,0
TXN00000700,CUST000127,2025-08-09 18:40:57.003505,1026.86,EUR,FR,GB,web,tablet,0
TXN00000701,CUST000059,2025-12-27 02:21:57.003505,215.03,EUR,FR,ES,cajero,mobile,0
TXN00000702,CUST000095,2025-09-15 20:19:57.003505,354.3,EUR,IT,FR,sucursal,tablet,0
TXN00000703,CUST000161,2025-01-27 03:19:57.003505,45.82,EUR,ES,IT,cajero,atm,0
TXN00000704,CUST000100,2025-09-07 18:52:57.003505,9098.94,GBP,GB,IT,app,pos,0
TXN00000705,CUST000161,2025-11-05 19:50:57.003505,221.8,EUR,ES,IT,sucursal,tablet,0
TXN00000706,CUST000005,2025-07-04 06:04:57.003505,919.6,EUR,GB,FR,cajero,mobile,0
TXN00000707,CUST000065,2025-07-19 05:52:57.003505,378.01,EUR,DE,FR,web,atm,0
TXN00000708,CUST000092,2026-01-14 19:50:57.003505,4948.59,EUR,FR,US,sucursal,mobile,0
TXN00000709,CUST000069,2025-10-30 04:59:57.003505,63.16,EUR,FR,IT,app,atm,0
TXN00000710,CUST000156,2025-03-10 20:09:57.003505,24.96,EUR,FR,ES,app,pos,0
TXN00000711,CUST000080,2025-03-22 07:04:57.003505,326.87,EUR,ES,FR,web,tablet,0
TXN00000712,CUST000113,2025-04-27 19:34:57.003505,2038.21,USD,CH,FR,app,atm,0
TXN00000713,CUST000090,2025-04-08 20:52:57.003505,19190.61,CHF,GB,FR,web,mobile,0
TXN00000714,CUST000077,2025-11-17 17:42:57.003505,19364.85,CHF,CH,FR,app,pos,0
TXN00000715,CUST000000,2025-10-24 08:30:57.003505,2419.38,EUR,DE,FR,web,atm,0
TXN00000716,CUST000154,2025-01-22 04:11:57.003505,1281.56,EUR,ES,US,cajero,desktop,0
TXN00000717,CUST000060,2025-05-01 02:16:57.003505,1444.05,EUR,IT,FR,sucursal,desktop,0
TXN00000718,CUST000034,2025-05-08 23:17:57.003505,167.32,EUR,FR,ES,app,desktop,0
TXN00000719,CUST000001,2025-01-25 12:03:57.107482,16725.5,EUR,FR,NG,app,atm,1
TXN00000720,CUST000111,2025-12-22 20:19:57.003505,156.93,EUR,ES,ES,web,tablet,0
TXN00000721,CUST000096,2025-10-09 20:28:57.003505,4088.33,EUR,ES,CH,cajero,atm,0
TXN00000722,CUST000136,2025-08-17 23:48:57.003505,104.78,EUR,FR,FR,web,tablet,0
TXN00000723,CUST000008,2025-01-31 21:37:57.003505,3038.56,EUR,IT,US,sucursal,atm,0
TXN00000724,CUST000005,2025-02-10 20:24:57.107482,5592.68,USD,GB,KP,app,pos,1
TXN00000725,CUST000051,2025-07-08 21:34:57.003505,895.31,EUR,DE,DE,web,desktop,0
TXN00000726,CUST000030,2025-03-19 20:06:57.003505,1855.37,CHF,GB,IT,web,mobile,0
TXN00000727,CUST000153,2025-12-25 22:07:57.003505,553.2,EUR,ES,FR,app,atm,0
TXN00000728,CUST000112,2025-04-09 19:18:57.003505,4826.8,GBP,US,GB,cajero,desktop,0
TXN00000729,CUST000181,2025-12-18 02:28:57.003505,932.76,EUR,IT,GB,web,mobile,0
TXN00000730,CUST000015,2025-12-12 15:27:57.107482,58039.61,EUR,FR,IR,web,mobile,1
TXN00000731,CUST000155,2025-01-26 06:17:57.003505,2727.66,EUR,IT,FR,sucursal,mobile,0
TXN00000732,CUST000163,2025-03-28 04:42:57.003505,267.24,EUR,ES,FR,sucursal,mobile,0
TXN00000733,CUST000127,2025-02-17 03:51:57.003505,2650.48,EUR,FR,DE,app,desktop,0
TXN00000734,CUST000027,2025-08-13 20:45:57.003505,401.91,EUR,FR,FR,cajero,atm,0
TXN00000735,CUST000096,2025-07-01 22:01:57.003505,18219.76,EUR,ES,FR,app,tablet,0
TXN00000736,CUST000059,2025-10-17 01:37:57.003505,11.48,EUR,FR,ES,web,mobile,0
TXN00000737,CUST000120,2025-06-19 22:44:57.003505,297.3,EUR,IT,ES,sucursal,atm,0
TXN00000738,CUST000126,2025-04-26 08:51:57.003505,1190.74,EUR,DE,GB,cajero,pos,0
TXN00000739,CUST000006,2025-09-20 23:21:57.003505,239.19,EUR,FR,FR,app,mobile,0
TXN00000740,CUST000052,2025-06-25 20:16:57.003505,236.62,EUR,ES,FR,sucursal,tablet,0
TXN00000741,CUST000016,2025-06-05 05:22:57.003505,217.05,EUR,IT,GB,sucursal,pos,0
TXN00000742,CUST000156,2026-01-06 22:25:57.003505,102.58,EUR,FR,FR,sucursal,mobile,0
TXN00000743,CUST000011,2025-07-07 05:20:57.003505,571.35,EUR,ES,GB,web,pos,0
TXN00000744,CUST000062,2025-08-08 05:40:57.003505,157.01,EUR,IT,DE,app,pos,0
TXN00000745,CUST000005,2025-02-21 22:14:57.003505,155.17,USD,GB,ES,cajero,pos,0
TXN00000746,CUST000011,2025-08-23 07:09:57.003505,540.2,EUR,ES,ES,app,pos,0
TXN00000747,CUST000019,2025-01-28 18:42:57.003505,6540.3,EUR,DE,FR,cajero,atm,0
TXN00000748,CUST000162,2025-06-05 20:43:57.003505,5094.5,GBP,CH,GB,app,pos,0
TXN00000749,CUST000005,2025-05-30 07:57:57.003505,204.64,EUR,GB,ES,sucursal,tablet,0
TXN00000750,CUST000187,2025-05-07 00:31:57.003505,4897.43,CHF,GB,US,cajero,atm,0
TXN00000751,CUST000084,2025-05-14 00:30:57.003505,122.84,EUR,ES,FR,web,mobile,0
TXN00000752,CUST000085,2025-03-10 02:38:57.003505,841.89,EUR,FR,IT,web,mobile,0
TXN00000753,CUST000095,2025-04-28 20:03:57.003505,490.31,EUR,IT,ES,cajero,atm,0
TXN00000754,CUST000110,2025-11-27 22:39:57.003505,126.14,EUR,ES,FR,web,atm,0
TXN00000755,CUST000121,2025-05-16 19:39:57.003505,1395.93,EUR,ES,ES,app,atm,0
TXN00000756,CUST000034,2025-07-26 03:01:57.003505,409.1,EUR,FR,FR,web,desktop,0
TXN00000757,CUST000044,2025-10-22 02:48:57.003505,1951.88,EUR,ES,GB,web,tablet,0
TXN00000758,CUST000040,2025-05-20 20:05:57.003505,63.69,EUR,IT,ES,sucursal,mobile,0
TXN00000759,CUST000066,2025-03-31 00:15:57.003505,494.55,EUR,DE,GB,app,tablet,0
TXN00000760,CUST000047,2025-02-25 19:17:57.003505,670.04,EUR,ES,CH,web,desktop,0
TXN00000761,CUST000144,2026-01-11 23:43:57.003505,1450.57,EUR,DE,DE,app,mobile,0
TXN00000762,CUST000024,2025-02-23 22:33:57.003505,7624.9,EUR,FR,CH,app,desktop,0
TXN00000763,CUST000020,2025-12-24 03:02:57.003505,369.27,EUR,IT,ES,app,desktop,0
TXN00000764,CUST000049,2025-05-27 02:23:57.003505,1152.67,EUR,ES,IT,sucursal,pos,0
TXN00000765,CUST000151,2025-01-31 08:44:57.003505,11405.59,EUR,ES,FR,cajero,pos,0
TXN00000766,CUST000165,2025-06-21 04:11:57.003505,2429.24,EUR,FR,IT,web,atm,0
TXN00000767,CUST000064,2025-08-10 03:22:57.003505,869.1,EUR,ES,DE,cajero,mobile,0
TXN00000768,CUST000123,2025-11-20 21:41:57.003505,2418.83,EUR,FR,FR,app,tablet,0
TXN00000769,CUST000005,2025-02-13 23:20:57.003505,599.99,CHF,GB,FR,cajero,desktop,0
TXN00000770,CUST000090,2025-06-14 04:21:57.003505,3608.07,USD,GB,ES,sucursal,tablet,0
TXN00000771,CUST000058,2025-10-02 05:40:57.003505,10624.88,EUR,FR,FR,sucursal,atm,0
TXN00000772,CUST000082,2025-06-15 03:14:57.003505,7828.88,EUR,ES,FR,app,atm,0
TXN00000773,CUST000157,2025-12-05 21:29:57.003505,5925.73,EUR,IT,GB,web,tablet,0
TXN00000774,CUST000136,2025-05-03 00:29:57.003505,131.57,EUR,FR,FR,app,atm,0
TXN00000775,CUST000006,2026-01-06 05:30:57.003505,13.39,EUR,FR,IT,web,desktop,0
TXN00000776,CUST000116,2025-11-28 23:07:57.003505,2237.57,EUR,FR,GB,app,pos,0
TXN00000777,CUST000007,2025-07-26 01:01:57.003505,2444.02,EUR,DE,US,sucursal,atm,0
TXN00000778,CUST000146,2025-08-23 23:00:57.003505,593.63,EUR,IT,DE,app,desktop,0
TXN00000779,CUST000133,2025-08-26 06:54:57.003505,59.33,EUR,IT,FR,cajero,mobile,0
TXN00000780,CUST000087,2025-12-28 07:09:57.003505,2950.0,EUR,ES,IT,sucursal,desktop,0
TXN00000781,CUST000156,2025-04-03 00:55:57.003505,49.05,EUR,FR,FR,app,desktop,0
TXN00000782,CUST000028,2025-06-29 12:59:57.107482,627.0,EUR,ES,FR,sucursal,atm,1
TXN00000783,CUST000185,2025-05-01 06:44:57.003505,1270.12,USD,GB,ES,app,pos,0
TXN00000784,CUST000049,2025-04-07 11:56:57.107482,53861.42,EUR,ES,NG,cajero,mobile,1
TXN00000785,CUST000136,2025-05-20 01:58:57.003505,52.46,EUR,FR,ES,app,tablet,0
TXN00000786,CUST000070,2025-06-05 05:18:57.003505,289.21,EUR,ES,IT,sucursal,mobile,0
TXN00000787,CUST000026,2026-01-06 07:27:57.003505,26.2,EUR,FR,IT,sucursal,mobile,0
TXN00000788,CUST000170,2025-10-01 22:05:57.003505,5104.05,EUR,US,DE,web,atm,0
TXN00000789,CUST000053,2025-03-23 02:49:57.003505,2628.5,EUR,FR,IT,sucursal,mobile,0
TXN00000790,CUST000094,2025-06-19 03:47:57.003505,22965.89,CHF,GB,CH,web,desktop,0
TXN00000791,CUST000010,2025-05-21 08:35:57.003505,1599.28,EUR,FR,IT,sucursal,atm,0
TXN00000792,CUST000175,2025-07-12 02:48:57.003505,16462.07,EUR,CH,GB,sucursal,desktop,0
TXN00000793,CUST000100,2025-05-22 07:20:57.003505,2183.11,GBP,GB,DE,cajero,mobile,0
TXN00000794,CUST000185,2025-05-05 02:25:57.003505,309.43,GBP,GB,GB,cajero,atm,0
TXN00000795,CUST000044,2025-01-28 08:36:57.003505,597.11,EUR,ES,GB,sucursal,tablet,0
TXN00000796,CUST000172,2026-01-06 22:29:57.003505,2743.94,EUR,FR,DE,web,atm,0
TXN00000797,CUST000025,2026-01-13 02:04:57.003505,928.51,EUR,ES,GB,cajero,atm,0
TXN00000798,CUST000181,2025-03-04 19:36:57.003505,619.56,EUR,IT,ES,web,tablet,0
TXN00000799,CUST000189,2025-05-20 17:03:57.003505,823.68,EUR,DE,US,cajero,atm,0
TXN00000800,CUST000144,2025-11-27 21:28:57.003505,719.58,EUR,DE,GB,app,pos,0
TXN00000801,CUST000101,2025-04-27 21:47:57.003505,305.25,EUR,FR,FR,cajero,mobile,0
TXN00000802,CUST000096,2025-09-15 19:16:57.003505,6847.45,EUR,ES,US,web,desktop,0
TXN00000803,CUST000126,2025-01-22 00:16:57.003505,708.49,EUR,DE,IT,web,atm,0
TXN00000804,CUST000142,2025-08-01 01:19:57.003505,19029.58,EUR,DE,DE,cajero,tablet,0
TXN00000805,CUST000088,2025-10-18 01:57:57.003505,265.93,EUR,DE,IT,cajero,mobile,0
TXN00000806,CUST000084,2025-09-03 23:49:57.003505,58.42,EUR,ES,FR,web,mobile,0
TXN00000807,CUST000161,2025-12-07 06:28:57.003505,46.29,EUR,ES,ES,cajero,mobile,0
TXN00000808,CUST000067,2025-10-16 21:24:57.003505,17579.98,EUR,DE,FR,sucursal,desktop,0
TXN00000809,CUST000060,2025-02-15 00:11:57.003505,285.96,EUR,IT,IT,web,atm,0
TXN00000810,CUST000102,2025-06-17 19:57:57.003505,1705.59,EUR,FR,GB,app,pos,0
TXN00000811,CUST000081,2026-01-08 20:20:57.003505,8487.14,CHF,CH,DE,sucursal,tablet,0
TXN00000812,CUST000056,2025-09-27 01:23:57.003505,1159.35,EUR,GB,FR,app,tablet,0
TXN00000813,CUST000066,2025-07-21 02:44:57.003505,822.5,EUR,DE,FR,web,atm,0
TXN00000814,CUST000021,2025-05-12 20:30:57.003505,62.09,EUR,FR,ES,app,tablet,0
TXN00000815,CUST000067,2025-04-02 17:49:57.003505,2473.93,EUR,DE,CH,web,desktop,0
TXN00000816,CUST000083,2025-07-23 21:45:57.003505,35.35,EUR,ES,IT,web,mobile,0
TXN00000817,CUST000075,2026-01-11 22:18:57.003505,23821.62,EUR,FR,ES,sucursal,pos,0
TXN00000818,CUST000155,2025-10-23 06:58:57.003505,1074.76,EUR,IT,ES,app,pos,0
TXN00000819,CUST000043,2025-02-14 03:58:57.003505,3796.24,CHF,CH,DE,app,desktop,0
TXN00000820,CUST000041,2025-10-01 01:37:57.003505,10665.61,EUR,DE,ES,web,pos,0
TXN00000821,CUST000178,2025-12-03 06:40:57.003505,87.2,EUR,ES,IT,web,pos,0
TXN00000822,CUST000144,2025-10-01 20:26:57.003505,884.88,EUR,DE,FR,sucursal,pos,0
TXN00000823,CUST000175,2025-12-16 00:26:57.003505,11648.93,CHF,CH,US,sucursal,tablet,0
TXN00000824,CUST000077,2025-07-22 05:38:57.003505,5470.42,USD,CH,DE,cajero,desktop,0
TXN00000825,CUST000031,2026-01-16 00:48:57.003505,5727.62,EUR,ES,CH,cajero,tablet,0
TXN00000826,CUST000179,2025-05-26 01:59:57.003505,3230.36,EUR,DE,GB,app,pos,0
TXN00000827,CUST000081,2025-06-02 21:43:57.003505,3129.15,EUR,CH,ES,app,tablet,0
TXN00000828,CUST000148,2025-01-26 01:01:57.003505,5143.51,EUR,ES,IT,sucursal,atm,0
TXN00000829,CUST000015,2025-10-13 13:26:57.107482,65320.06,EUR,FR,YE,sucursal,mobile,1
TXN00000830,CUST000067,2025-08-25 02:55:57.003505,5088.1,EUR,DE,CH,cajero,atm,0
TXN00000831,CUST000138,2025-06-22 18:13:57.003505,1890.02,EUR,FR,GB,app,desktop,0
TXN00000832,CUST000057,2025-04-15 06:53:57.003505,425.99,EUR,ES,IT,web,desktop,0
TXN00000833,CUST000121,2025-04-14 03:48:57.003505,2175.18,EUR,ES,DE,sucursal,mobile,0
TXN00000834,CUST000139,2025-08-26 01:12:57.003505,570.87,EUR,US,DE,cajero,mobile,0
TXN00000835,CUST000170,2025-12-30 22:29:57.003505,15758.65,USD,US,GB,app,atm,0
TXN00000836,CUST000102,2025-12-19 19:10:57.003505,3377.18,EUR,FR,CH,cajero,mobile,0
TXN00000837,CUST000150,2025-11-10 08:08:57.003505,2317.15,EUR,ES,FR,web,pos,0
TXN00000838,CUST000142,2025-08-26 19:35:57.003505,7049.54,EUR,DE,FR,web,desktop,0
TXN00000839,CUST000045,2025-08-19 20:43:57.003505,951.26,CHF,GB,IT,sucursal,pos,0
TXN00000840,CUST000102,2026-01-07 04:20:57.003505,4034.08,EUR,FR,GB,sucursal,desktop,0
TXN00000841,CUST000103,2025-05-02 09:16:57.003505,11962.75,EUR,ES,FR,web,desktop,0
TXN00000842,CUST000126,2025-07-28 03:20:57.003505,766.32,EUR,DE,ES,web,desktop,0
TXN00000843,CUST000158,2025-10-29 07:39:57.003505,441.29,CHF,GB,ES,sucursal,tablet,0
TXN00000844,CUST000166,2025-09-16 18:28:57.003505,2839.51,EUR,GB,FR,cajero,desktop,0
TXN00000845,CUST000139,2025-08-14 02:33:57.003505,987.5,USD,US,FR,sucursal,atm,0
TXN00000846,CUST000038,2025-03-24 01:03:57.003505,2193.24,EUR,ES,GB,sucursal,tablet,0
TXN00000847,CUST000020,2025-09-27 01:13:57.107482,745.29,EUR,IT,CN,cajero,pos,1
TXN00000848,CUST000138,2025-12-06 21:34:57.003505,5136.82,EUR,FR,GB,web,mobile,0
TXN00000849,CUST000146,2025-06-18 04:58:57.003505,658.85,EUR,IT,DE,web,tablet,0
TXN00000850,CUST000181,2025-05-14 20:22:57.003505,148.38,EUR,IT,FR,web,pos,0
TXN00000851,CUST000012,2026-01-13 00:03:57.003505,3673.95,EUR,IT,ES,cajero,atm,0
TXN00000852,CUST000051,2025-05-04 19:58:57.003505,2145.86,EUR,DE,ES,web,tablet,0
TXN00000853,CUST000147,2025-01-23 06:20:57.003505,4665.26,EUR,US,ES,cajero,mobile,0
TXN00000854,CUST000017,2025-12-11 09:27:57.003505,2229.72,EUR,FR,DE,app,desktop,0
TXN00000855,CUST000143,2025-08-16 21:30:57.003505,4491.95,EUR,ES,ES,web,mobile,0
TXN00000856,CUST000157,2025-06-16 19:25:57.003505,12708.08,EUR,IT,ES,cajero,mobile,0
TXN00000857,CUST000158,2025-07-17 05:03:57.003505,256.02,EUR,GB,ES,cajero,atm,0
TXN00000858,CUST000016,2025-06-18 18:14:57.003505,263.84,EUR,IT,DE,web,mobile,0
TXN00000859,CUST000152,2025-02-26 01:51:57.003505,1439.83,GBP,GB,GB,sucursal,atm,0
TXN00000860,CUST000124,2025-02-10 18:43:57.003505,2274.63,EUR,DE,DE,cajero,tablet,0
TXN00000861,CUST000028,2025-02-07 05:09:57.003505,344.04,EUR,ES,ES,web,tablet,0
TXN00000862,CUST000010,2025-10-04 18:24:57.003505,833.85,EUR,FR,DE,sucursal,desktop,0
TXN00000863,CUST000154,2025-08-03 09:45:57.003505,3670.64,EUR,ES,GB,app,pos,0
TXN00000864,CUST000051,2025-07-06 03:14:57.003505,553.25,EUR,DE,ES,app,atm,0
TXN00000865,CUST000019,2025-12-30 20:45:57.003505,4129.07,EUR,DE,FR,web,atm,0
TXN00000866,CUST000174,2026-01-11 08:48:57.003505,1623.16,EUR,IT,ES,web,mobile,0
TXN00000867,CUST000127,2025-05-12 00:38:57.003505,3054.17,EUR,FR,FR,web,tablet,0
TXN00000868,CUST000074,2025-08-28 00:35:57.003505,2096.45,EUR,IT,US,cajero,atm,0
TXN00000869,CUST000160,2025-09-09 07:28:57.003505,157.52,EUR,DE,DE,web,mobile,0
TXN00000870,CUST000128,2025-02-25 21:36:57.003505,1550.22,EUR,FR,ES,app,desktop,0
TXN00000871,CUST000123,2025-03-15 19:54:57.003505,461.9,EUR,FR,FR,cajero,tablet,0
TXN00000872,CUST000037,2025-03-25 01:59:57.003505,287.54,EUR,ES,FR,web,tablet,0
TXN00000873,CUST000020,2025-12-02 21:05:57.003505,176.18,EUR,IT,ES,app,pos,0
TXN00000874,CUST000189,2025-08-23 03:16:57.003505,4208.6,EUR,DE,US,cajero,atm,0
TXN00000875,CUST000034,2025-10-15 02:55:57.003505,357.52,EUR,FR,FR,cajero,pos,0
TXN00000876,CUST000089,2025-02-15 07:06:57.003505,314.16,EUR,ES,ES,cajero,desktop,0
TXN00000877,CUST000055,2025-03-28 17:16:57.003505,4003.05,GBP,CH,FR,app,mobile,0
TXN00000878,CUST000066,2025-12-19 08:14:57.003505,228.77,EUR,DE,ES,cajero,desktop,0
TXN00000879,CUST000087,2025-03-10 00:52:57.003505,2119.36,EUR,ES,GB,sucursal,mobile,0
TXN00000880,CUST000149,2025-06-02 03:39:57.003505,5097.65,EUR,ES,GB,app,desktop,0
TXN00000881,CUST000042,2025-07-03 19:01:57.003505,2740.63,EUR,ES,FR,cajero,atm,0
TXN00000882,CUST000113,2025-09-07 20:48:57.003505,7809.84,USD,CH,ES,sucursal,atm,0
TXN00000883,CUST000109,2025-06-06 20:49:57.003505,5679.81,EUR,CH,CH,web,pos,0
TXN00000884,CUST000072,2025-09-28 20:23:57.003505,9558.1,USD,GB,FR,app,desktop,0
TXN00000885,CUST000119,2025-06-26 07:27:57.003505,10361.22,GBP,US,DE,cajero,mobile,0
TXN00000886,CUST000133,2025-09-19 08:00:57.003505,371.13,EUR,IT,ES,cajero,mobile,0
TXN00000887,CUST000134,2025-07-26 01:17:57.003505,167.67,EUR,FR,IT,web,tablet,0
TXN00000888,CUST000007,2025-09-24 00:15:57.003505,6259.08,EUR,DE,DE,sucursal,atm,0
TXN00000889,CUST000004,2025-04-12 18:06:57.003505,11851.5,EUR,DE,ES,web,pos,0
TXN00000890,CUST000156,2025-10-29 01:26:57.003505,41.44,EUR,FR,ES,web,atm,0
TXN00000891,CUST000163,2025-01-25 00:57:57.003505,458.4,EUR,ES,FR,cajero,desktop,0
TXN00000892,CUST000134,2025-03-29 03:20:57.003505,368.11,EUR,FR,FR,web,pos,0
TXN00000893,CUST000167,2025-09-17 00:05:57.003505,1399.77,USD,US,FR,sucursal,desktop,0
TXN00000894,CUST000167,2025-10-02 01:07:57.003505,1977.1,CHF,US,FR,web,tablet,0
TXN00000895,CUST000126,2026-01-07 23:38:57.003505,1576.95,EUR,DE,DE,app,desktop,0
TXN00000896,CUST000069,2025-03-11 22:51:57.003505,374.83,EUR,FR,FR,web,tablet,0
TXN00000897,CUST000181,2025-10-28 00:34:57.003505,1785.46,EUR,IT,FR,sucursal,mobile,0
TXN00000898,CUST000050,2025-09-28 01:36:57.003505,2595.33,EUR,FR,US,cajero,tablet,0
TXN00000899,CUST000189,2026-01-01 01:39:57.003505,7265.37,EUR,DE,ES,sucursal,mobile,0
TXN00000900,CUST000043,2025-12-08 23:00:57.003505,5342.03,EUR,CH,CH,sucursal,atm,0
TXN00000901,CUST000162,2025-06-08 05:36:57.003505,19763.47,GBP,CH,DE,app,mobile,0
TXN00000902,CUST000156,2025-10-23 01:29:57.003505,375.54,EUR,FR,ES,sucursal,atm,0
TXN00000903,CUST000095,2025-02-11 01:16:57.003505,270.51,EUR,IT,ES,web,tablet,0
TXN00000904,CUST000030,2025-03-18 20:24:57.003505,516.05,GBP,GB,FR,cajero,desktop,0
TXN00000905,CUST000020,2025-09-30 00:14:57.003505,24.96,EUR,IT,IT,sucursal,tablet,0
TXN00000906,CUST000072,2025-09-23 03:57:57.003505,2090.17,USD,GB,DE,sucursal,mobile,0
TXN00000907,CUST000077,2025-10-02 02:42:57.003505,9713.8,GBP,CH,DE,sucursal,pos,0
TXN00000908,CUST000038,2025-05-22 22:34:57.003505,2816.9,EUR,ES,IT,cajero,pos,0
TXN00000909,CUST000011,2025-05-30 19:22:57.003505,924.02,EUR,ES,GB,sucursal,tablet,0
TXN00000910,CUST000002,2025-02-01 20:12:57.003505,218.58,EUR,ES,IT,app,mobile,0
TXN00000911,CUST000048,2025-08-20 04:31:57.003505,10249.25,EUR,FR,US,app,atm,0
TXN00000912,CUST000161,2025-11-15 02:02:57.003505,121.18,EUR,ES,ES,app,atm,0
TXN00000913,CUST000164,2025-04-23 01:30:57.003505,10028.32,EUR,US,GB,web,atm,0
TXN00000914,CUST000127,2025-03-27 04:38:57.003505,6699.66,EUR,FR,GB,app,mobile,0
TXN00000915,CUST000080,2025-12-12 00:53:57.003505,14.96,EUR,ES,FR,web,desktop,0
TXN00000916,CUST000053,2025-05-03 19:00:57.003505,7530.75,EUR,FR,FR,web,atm,0
TXN00000917,CUST000145,2025-10-25 08:05:57.003505,329.2,EUR,DE,GB,cajero,tablet,0
TXN00000918,CUST000156,2025-07-31 01:29:57.003505,12.77,EUR,FR,ES,app,mobile,0
TXN00000919,CUST000055,2025-07-15 21:45:57.003505,11393.97,USD,CH,DE,app,desktop,0
TXN00000920,CUST000097,2025-02-05 19:08:57.003505,1451.84,EUR,GB,GB,sucursal,mobile,0
TXN00000921,CUST000056,2025-05-10 20:43:57.003505,800.74,EUR,GB,ES,sucursal,tablet,0
TXN00000922,CUST000045,2025-12-10 18:19:57.003505,827.38,EUR,GB,DE,web,mobile,0
TXN00000923,CUST000115,2025-09-25 23:05:57.003505,2700.59,EUR,DE,FR,web,mobile,0
TXN00000924,CUST000062,2025-08-07 04:03:57.003505,583.07,EUR,IT,DE,web,mobile,0
TXN00000925,CUST000051,2025-08-20 23:08:57.003505,682.7,EUR,DE,ES,sucursal,desktop,0
TXN00000926,CUST000043,2025-03-24 04:03:57.003505,2093.37,GBP,CH,FR,sucursal,desktop,0
TXN00000927,CUST000018,2025-02-03 22:05:57.003505,277.94,EUR,FR,FR,web,desktop,0
TXN00000928,CUST000019,2025-11-26 23:25:57.003505,17105.7,EUR,DE,ES,app,atm,0
TXN00000929,CUST000140,2025-05-05 00:49:57.003505,221.55,EUR,DE,ES,sucursal,tablet,0
TXN00000930,CUST000094,2025-08-25 20:14:57.003505,12772.69,GBP,GB,ES,web,mobile,0
TXN00000931,CUST000117,2025-09-30 23:42:57.003505,5137.82,EUR,ES,US,web,atm,0
TXN00000932,CUST000009,2025-03-17 15:10:57.107482,32675.02,EUR,FR,FR,cajero,desktop,1
TXN00000933,CUST000162,2025-09-03 05:30:57.003505,15062.94,USD,CH,CH,sucursal,desktop,0
TXN00000934,CUST000031,2025-12-16 18:27:57.003505,1647.05,EUR,ES,DE,web,tablet,0
TXN00000935,CUST000018,2025-09-23 07:29:57.003505,135.53,EUR,FR,IT,cajero,tablet,0
TXN00000936,CUST000187,2025-10-29 06:13:57.003505,1774.27,CHF,GB,GB,cajero,atm,0
TXN00000937,CUST000022,2025-05-20 20:47:57.003505,3283.69,EUR,IT,US,web,atm,0
TXN00000938,CUST000022,2025-05-19 06:17:57.003505,3018.28,EUR,IT,US,web,tablet,0
TXN00000939,CUST000077,2025-06-30 20:09:57.003505,19940.24,USD,CH,CH,cajero,atm,0
TXN00000940,CUST000088,2025-01-27 08:20:57.003505,2144.65,EUR,DE,FR,cajero,desktop,0
TXN00000941,CUST000185,2025-07-08 20:56:57.003505,594.86,USD,GB,DE,cajero,atm,0
TXN00000942,CUST000093,2025-08-05 03:35:57.003505,3177.48,EUR,FR,DE,cajero,pos,0
TXN00000943,CUST000147,2026-01-11 09:24:57.003505,5108.58,CHF,US,ES,web,mobile,0
TXN00000944,CUST000183,2025-10-11 22:54:57.003505,109.95,EUR,IT,ES,cajero,desktop,0
TXN00000945,CUST000090,2025-07-10 04:55:57.003505,4175.98,USD,GB,CH,sucursal,tablet,0
TXN00000946,CUST000114,2025-04-13 23:48:57.003505,3867.17,EUR,ES,GB,web,atm,0
TXN00000947,CUST000068,2025-02-19 05:38:57.003505,840.56,EUR,ES,GB,web,atm,0
TXN00000948,CUST000168,2025-02-12 03:57:57.003505,468.79,EUR,IT,IT,sucursal,pos,0
TXN00000949,CUST000013,2025-11-16 07:49:57.003505,373.07,GBP,GB,GB,web,tablet,0
TXN00000950,CUST000044,2025-07-04 09:02:57.107482,8992.01,EUR,ES,DE,app,tablet,1
TXN00000951,CUST000034,2025-10-13 20:37:57.003505,109.54,EUR,FR,ES,app,atm,0
TXN00000952,CUST000057,2025-12-08 19:10:57.003505,45.02,EUR,ES,FR,app,tablet,0
TXN00000953,CUST000029,2025-05-11 20:50:57.003505,1608.2,EUR,GB,DE,cajero,mobile,0
TXN00000954,CUST000146,2025-12-02 06:08:57.003505,1747.22,EUR,IT,GB,cajero,mobile,0
TXN00000955,CUST000074,2026-01-09 20:13:57.003505,1289.22,EUR,IT,IT,cajero,atm,0
TXN00000956,CUST000174,2025-08-01 01:05:57.003505,854.34,EUR,IT,IT,cajero,pos,0
TXN00000957,CUST000028,2025-04-29 06:54:57.003505,39.22,EUR,ES,IT,web,atm,0
TXN00000958,CUST000013,2025-08-12 21:45:57.003505,278.83,GBP,GB,GB,cajero,tablet,0
TXN00000959,CUST000120,2025-11-29 04:05:57.003505,103.26,EUR,IT,FR,app,pos,0
TXN00000960,CUST000036,2025-07-29 18:01:57.003505,9990.22,EUR,FR,GB,web,atm,0
TXN00000961,CUST000072,2025-08-11 05:25:57.003505,2016.36,GBP,GB,GB,web,mobile,0
TXN00000962,CUST000105,2025-11-19 01:50:57.003505,10327.89,USD,US,FR,web,atm,0
TXN00000963,CUST000087,2025-06-25 23:31:57.003505,858.16,EUR,ES,FR,cajero,desktop,0
TXN00000964,CUST000055,2025-02-10 19:54:57.003505,544.87,CHF,CH,ES,web,atm,0
TXN00000965,CUST000182,2025-06-15 08:53:57.003505,2854.24,EUR,FR,FR,sucursal,desktop,0
TXN00000966,CUST000130,2025-08-30 18:11:57.003505,2367.11,EUR,IT,DE,cajero,mobile,0
TXN00000967,CUST000062,2025-07-04 22:52:57.003505,379.66,EUR,IT,ES,web,mobile,0
TXN00000968,CUST000017,2025-04-12 09:36:57.003505,3675.01,EUR,FR,IT,sucursal,tablet,0
TXN00000969,CUST000175,2025-05-04 00:20:57.003505,15658.69,CHF,CH,DE,cajero,desktop,0
TXN00000970,CUST000034,2025-08-30 02:27:57.107482,63426.08,EUR,FR,FR,cajero,mobile,1
TXN00000971,CUST000142,2025-11-20 01:18:57.003505,666.85,EUR,DE,US,app,pos,0
TXN00000972,CUST000050,2025-03-23 01:49:57.003505,2329.26,EUR,FR,IT,cajero,pos,0
TXN00000973,CUST000141,2025-08-02 20:39:57.003505,2446.43,EUR,GB,IT,app,mobile,0
TXN00000974,CUST000107,2025-12-04 18:41:57.003505,6122.22,EUR,DE,FR,cajero,desktop,0
TXN00000975,CUST000123,2025-12-01 21:32:57.003505,1493.63,EUR,FR,GB,app,atm,0
TXN00000976,CUST000032,2025-03-16 01:30:57.003505,75.36,EUR,FR,IT,web,tablet,0
TXN00000977,CUST000069,2025-03-13 21:54:57.003505,132.4,EUR,FR,ES,app,atm,0
TXN00000978,CUST000042,2025-09-09 22:06:57.003505,14987.04,EUR,ES,IT,web,pos,0
TXN00000979,CUST000106,2025-11-15 05:32:57.003505,410.1,EUR,FR,ES,web,mobile,0
TXN00000980,CUST000021,2025-09-14 20:45:57.003505,442.5,EUR,FR,FR,sucursal,atm,0
TXN00000981,CUST000175,2025-09-28 05:38:57.003505,13085.4,CHF,CH,DE,cajero,tablet,0
TXN00000982,CUST000011,2025-11-25 23:34:57.003505,448.08,EUR,ES,ES,app,tablet,0
TXN00000983,CUST000116,2025-11-07 18:22:57.003505,2571.09,EUR,FR,ES,web,pos,0
TXN00000984,CUST000080,2025-03-07 06:07:57.003505,474.86,EUR,ES,FR,app,tablet,0
TXN00000985,CUST000171,2025-01-21 05:29:57.003505,10683.19,EUR,IT,IT,app,atm,0
TXN00000986,CUST000030,2025-07-14 08:09:57.003505,901.93,USD,GB,DE,web,pos,0
TXN00000987,CUST000135,2025-11-26 01:05:57.003505,2803.04,EUR,ES,DE,web,tablet,0
TXN00000988,CUST000132,2025-09-08 19:52:57.003505,3632.03,EUR,ES,GB,sucursal,tablet,0
TXN00000989,CUST000015,2025-09-29 05:22:57.107482,91371.5,EUR,FR,IT,sucursal,pos,1
TXN00000990,CUST000038,2025-08-06 11:25:57.107482,60781.8,EUR,ES,PK,web,pos,1
TXN00000991,CUST000022,2025-04-03 12:10:57.107482,27204.88,EUR,IT,DE,web,pos,1
TXN00000992,CUST000079,2025-10-03 02:54:57.003505,22155.05,EUR,FR,CH,app,mobile,0
TXN00000993,CUST000124,2025-03-23 22:13:57.003505,2033.66,EUR,DE,ES,app,desktop,0
TXN00000994,CUST000153,2025-06-16 01:11:57.003505,237.4,EUR,ES,GB,app,mobile,0
TXN00000995,CUST000119,2025-04-21 09:10:57.003505,4075.28,GBP,US,GB,app,tablet,0
TXN00000996,CUST000074,2025-04-06 03:10:57.003505,14301.57,EUR,IT,IT,sucursal,mobile,0
TXN00000997,CUST000141,2025-06-22 18:55:57.003505,199.14,EUR,GB,GB,app,pos,0
TXN00000998,CUST000040,2025-08-25 20:15:57.003505,32.6,EUR,IT,IT,app,tablet,0
TXN00000999,CUST000165,2025-03-14 20:42:57.003505,570.59,EUR,FR,FR,app,desktop,0
TXN00001000,CUST000062,2025-08-24 22:24:57.003505,729.87,EUR,IT,IT,cajero,atm,0
TXN00001001,CUST000149,2025-04-24 20:10:57.003505,9779.71,EUR,ES,US,cajero,desktop,0
TXN00001002,CUST000160,2025-01-26 23:48:57.003505,179.14,EUR,DE,GB,sucursal,pos,0
TXN00001003,CUST000062,2025-07-19 19:47:57.003505,653.9,EUR,IT,GB,cajero,pos,0
TXN00001004,CUST000121,2025-06-25 03:53:57.003505,2045.67,EUR,ES,FR,web,pos,0
TXN00001005,CUST000038,2025-08-22 12:07:57.107482,5816.07,EUR,ES,IT,sucursal,pos,1
TXN00001006,CUST000129,2025-11-27 03:05:57.003505,3615.83,CHF,US,GB,cajero,desktop,0
TXN00001007,CUST000017,2025-10-22 04:21:57.003505,3317.04,EUR,FR,FR,app,pos,0
TXN00001008,CUST000156,2025-05-30 21:38:57.003505,126.58,EUR,FR,IT,sucursal,atm,0
TXN00001009,CUST000115,2025-05-11 02:16:57.003505,5792.73,EUR,DE,DE,cajero,desktop,0
TXN00001010,CUST000130,2025-04-07 19:25:57.003505,2421.44,EUR,IT,US,web,desktop,0
TXN00001011,CUST000127,2025-04-26 18:19:57.003505,5152.28,EUR,FR,US,cajero,tablet,0
TXN00001012,CUST000053,2025-03-22 07:49:57.003505,3934.72,EUR,FR,US,cajero,mobile,0
TXN00001013,CUST000057,2025-07-12 20:30:57.003505,77.95,EUR,ES,FR,sucursal,desktop,0
TXN00001014,CUST000112,2025-02-05 17:56:57.003505,3118.76,GBP,US,DE,cajero,desktop,0
TXN00001015,CUST000018,2025-08-17 13:31:57.107482,16645.7,EUR,FR,PK,app,atm,1
TXN00001016,CUST000055,2025-03-18 17:36:57.003505,5936.5,EUR,CH,DE,web,atm,0
TXN00001017,CUST000057,2025-08-27 19:01:57.003505,59.89,EUR,ES,ES,cajero,desktop,0
TXN00001018,CUST000139,2025-07-27 17:50:57.003505,12593.29,EUR,US,US,app,atm,0
TXN00001019,CUST000100,2025-08-04 05:26:57.003505,3847.17,GBP,GB,ES,cajero,mobile,0
TXN00001020,CUST000176,2025-05-07 21:58:57.003505,156.16,EUR,ES,GB,app,desktop,0
TXN00001021,CUST000047,2025-04-08 22:08:57.003505,877.49,EUR,ES,ES,cajero,pos,0
TXN00001022,CUST000113,2025-12-23 02:12:57.003505,2017.43,USD,CH,DE,sucursal,pos,0
TXN00001023,CUST000001,2025-11-11 06:03:57.003505,637.96,EUR,FR,ES,cajero,pos,0
TXN00001024,CUST000168,2025-04-22 02:19:57.003505,2011.15,EUR,IT,GB,cajero,mobile,0
TXN00001025,CUST000143,2025-07-08 00:34:57.003505,4178.39,EUR,ES,ES,sucursal,pos,0
TXN00001026,CUST000134,2025-08-01 03:21:57.003505,34.78,EUR,FR,FR,app,atm,0
TXN00001027,CUST000025,2025-08-18 22:45:57.003505,1406.53,EUR,ES,DE,sucursal,tablet,0
TXN00001028,CUST000160,2025-06-17 05:57:57.003505,764.68,EUR,DE,FR,web,atm,0
TXN00001029,CUST000131,2025-10-26 19:08:57.003505,1349.06,EUR,DE,GB,web,desktop,0
TXN00001030,CUST000007,2025-11-25 02:25:57.003505,23822.49,EUR,DE,FR,web,atm,0
TXN00001031,CUST000008,2025-08-21 07:07:57.003505,2117.22,EUR,IT,DE,cajero,pos,0
TXN00001032,CUST000092,2025-01-20 20:09:57.003505,3404.87,EUR,FR,IT,app,mobile,0
TXN00001033,CUST000115,2025-01-26 18:03:57.003505,6322.94,EUR,DE,GB,sucursal,pos,0
TXN00001034,CUST000169,2025-12-24 22:35:57.003505,612.57,EUR,DE,GB,sucursal,pos,0
TXN00001035,CUST000089,2026-01-15 04:00:57.003505,70.09,EUR,ES,IT,web,pos,0
TXN00001036,CUST000117,2025-09-22 19:35:57.003505,3714.06,EUR,ES,IT,app,pos,0
TXN00001037,CUST000030,2025-06-15 21:43:57.003505,730.07,EUR,GB,FR,app,atm,0
TXN00001038,CUST000156,2026-01-08 03:28:57.003505,76.31,EUR,FR,ES,sucursal,atm,0
TXN00001039,CUST000066,2025-05-24 23:44:57.003505,1060.03,EUR,DE,FR,web,mobile,0
TXN00001040,CUST000161,2025-09-16 23:45:57.003505,132.72,EUR,ES,ES,app,pos,0
TXN00001041,CUST000181,2025-08-08 21:20:57.003505,531.64,EUR,IT,IT,app,tablet,0
TXN00001042,CUST000097,2025-04-18 02:17:57.003505,4539.86,EUR,GB,DE,app,mobile,0
TXN00001043,CUST000009,2025-06-21 22:51:57.107482,76970.98,EUR,FR,FR,sucursal,mobile,1
TXN00001044,CUST000029,2025-06-27 04:57:57.003505,2109.64,USD,GB,ES,app,pos,0
TXN00001045,CUST000132,2025-04-21 01:08:57.003505,2398.31,EUR,ES,FR,sucursal,atm,0
TXN00001046,CUST000106,2025-06-08 03:22:57.003505,433.98,EUR,FR,ES,app,mobile,0
TXN00001047,CUST000168,2025-06-03 23:58:57.003505,1276.91,EUR,IT,DE,web,mobile,0
TXN00001048,CUST000086,2025-10-15 04:34:57.003505,3056.64,EUR,ES,GB,web,tablet,0
TXN00001049,CUST000145,2025-07-21 22:14:57.003505,717.4,EUR,DE,ES,cajero,atm,0
TXN00001050,CUST000074,2025-10-09 23:26:57.003505,8359.5,EUR,IT,FR,sucursal,mobile,0
TXN00001051,CUST000048,2025-03-21 02:22:57.003505,6345.77,EUR,FR,GB,app,desktop,0
TXN00001052,CUST000026,2025-07-24 23:32:57.003505,241.92,EUR,FR,ES,cajero,atm,0
TXN00001053,CUST000117,2025-09-23 23:31:57.003505,13885.08,EUR,ES,GB,cajero,mobile,0
TXN00001054,CUST000082,2025-10-19 20:26:57.003505,1893.17,EUR,ES,US,web,mobile,0
TXN00001055,CUST000138,2025-08-29 21:46:57.003505,6728.71,EUR,FR,DE,web,desktop,0
TXN00001056,CUST000062,2025-05-02 23:34:57.003505,944.88,EUR,IT,DE,web,desktop,0
TXN00001057,CUST000178,2025-10-28 06:07:57.003505,81.65,EUR,ES,IT,web,tablet,0
TXN00001058,CUST000175,2025-12-02 02:13:57.003505,6445.75,USD,CH,ES,web,mobile,0
TXN00001059,CUST000132,2025-05-08 18:41:57.003505,1071.04,EUR,ES,FR,web,tablet,0
TXN00001060,CUST000023,2025-12-06 22:11:57.003505,2795.06,EUR,FR,ES,web,pos,0
TXN00001061,CUST000054,2025-08-29 06:23:57.003505,941.96,GBP,GB,FR,sucursal,desktop,0
TXN00001062,CUST000049,2025-03-31 01:11:57.003505,778.4,EUR,ES,GB,app,desktop,0
TXN00001063,CUST000177,2025-10-07 05:04:57.003505,2474.1,EUR,FR,GB,app,pos,0
TXN00001064,CUST000144,2025-12-25 18:47:57.003505,292.09,EUR,DE,IT,sucursal,pos,0
TXN00001065,CUST000030,2025-09-23 23:22:57.003505,1760.86,CHF,GB,DE,app,pos,0
TXN00001066,CUST000020,2025-03-02 02:55:57.003505,127.79,EUR,IT,FR,sucursal,tablet,0
TXN00001067,CUST000187,2025-01-22 07:24:57.003505,2601.22,EUR,GB,GB,cajero,pos,0
TXN00001068,CUST000149,2025-05-05 00:08:57.003505,11868.05,EUR,ES,FR,app,mobile,0
TXN00001069,CUST000009,2025-03-01 05:17:57.003505,2132.55,EUR,FR,FR,web,mobile,0
TXN00001070,CUST000056,2025-03-13 07:10:57.003505,757.53,CHF,GB,FR,web,atm,0
TXN00001071,CUST000115,2025-04-21 17:09:57.003505,4867.63,EUR,DE,FR,app,tablet,0
TXN00001072,CUST000055,2025-03-04 19:54:57.003505,6588.78,EUR,CH,CH,sucursal,atm,0
TXN00001073,CUST000087,2025-12-06 20:52:57.003505,882.74,EUR,ES,IT,sucursal,desktop,0
TXN00001074,CUST000100,2025-12-21 01:39:57.003505,1672.49,USD,GB,ES,sucursal,desktop,0
TXN00001075,CUST000153,2025-07-09 01:00:57.003505,787.31,EUR,ES,GB,cajero,desktop,0
TXN00001076,CUST000142,2025-11-10 19:49:57.003505,4782.93,EUR,DE,CH,app,pos,0
TXN00001077,CUST000023,2025-03-20 18:44:57.003505,3918.66,EUR,FR,CH,cajero,tablet,0
TXN00001078,CUST000108,2025-09-15 07:45:57.003505,148.0,EUR,ES,FR,app,tablet,0
TXN00001079,CUST000111,2025-01-22 05:24:57.003505,271.26,EUR,ES,IT,web,mobile,0
TXN00001080,CUST000113,2025-05-08 20:43:57.003505,4475.53,EUR,CH,FR,sucursal,desktop,0
TXN00001081,CUST000172,2025-07-31 00:29:57.003505,808.13,EUR,FR,IT,sucursal,tablet,0
TXN00001082,CUST000047,2025-05-29 18:43:57.003505,1948.5,EUR,ES,US,cajero,pos,0
TXN00001083,CUST000176,2025-07-05 02:38:57.003505,1934.64,EUR,ES,DE,web,mobile,0
TXN00001084,CUST000106,2025-04-12 23:50:57.003505,137.71,EUR,FR,IT,sucursal,tablet,0
TXN00001085,CUST000181,2025-07-25 05:27:57.003505,314.53,EUR,IT,ES,cajero,tablet,0
TXN00001086,CUST000108,2025-04-15 07:34:57.003505,43.51,EUR,ES,FR,cajero,mobile,0
TXN00001087,CUST000125,2025-09-08 02:58:57.003505,2015.77,USD,US,DE,web,mobile,0
TXN00001088,CUST000087,2025-09-27 02:14:57.003505,2122.86,EUR,ES,IT,sucursal,mobile,0
TXN00001089,CUST000095,2025-09-17 04:41:57.003505,72.99,EUR,IT,IT,web,atm,0
TXN00001090,CUST000047,2025-06-06 19:34:57.003505,6625.83,EUR,ES,GB,app,mobile,0
TXN00001091,CUST000150,2025-08-17 10:00:57.003505,4325.72,EUR,ES,IT,app,tablet,0
TXN00001092,CUST000028,2025-01-22 03:16:57.003505,133.13,EUR,ES,IT,sucursal,tablet,0
TXN00001093,CUST000003,2025-08-19 11:28:57.107482,99303.62,EUR,ES,PK,cajero,mobile,1
TXN00001094,CUST000047,2025-04-08 03:16:57.107482,99973.8,EUR,ES,US,app,atm,1
TXN00001095,CUST000040,2025-01-30 06:16:57.003505,21.32,EUR,IT,IT,cajero,mobile,0
TXN00001096,CUST000153,2025-06-24 02:52:57.003505,2501.37,EUR,ES,ES,cajero,tablet,0
TXN00001097,CUST000043,2025-06-28 22:47:57.003505,24409.45,USD,CH,CH,app,desktop,0
TXN00001098,CUST000013,2025-05-04 08:43:57.003505,1648.36,CHF,GB,DE,sucursal,atm,0
TXN00001099,CUST000129,2025-07-01 20:22:57.003505,2311.87,GBP,US,GB,cajero,desktop,0
TXN00001100,CUST000156,2025-02-11 02:05:57.003505,210.07,EUR,FR,ES,cajero,pos,0
TXN00001101,CUST000011,2025-12-27 07:11:57.003505,682.77,EUR,ES,GB,sucursal,desktop,0
TXN00001102,CUST000070,2025-11-06 02:23:57.003505,54.64,EUR,ES,FR,sucursal,mobile,0
TXN00001103,CUST000145,2025-06-23 21:20:57.003505,363.17,EUR,DE,DE,web,atm,0
TXN00001104,CUST000153,2025-05-23 22:13:57.003505,103.35,EUR,ES,IT,cajero,mobile,0
TXN00001105,CUST000031,2025-12-19 22:14:57.003505,2747.11,EUR,ES,DE,app,atm,0
TXN00001106,CUST000159,2025-09-14 19:55:57.003505,4739.71,USD,GB,US,web,pos,0
TXN00001107,CUST000011,2025-11-05 18:07:57.003505,696.83,EUR,ES,DE,web,desktop,0
TXN00001108,CUST000083,2025-07-13 21:12:57.003505,54.57,EUR,ES,FR,sucursal,atm,0
TXN00001109,CUST000170,2025-02-16 20:08:57.003505,4727.47,GBP,US,ES,sucursal,mobile,0
TXN00001110,CUST000171,2025-02-01 05:06:57.003505,1641.88,EUR,IT,US,cajero,pos,0
TXN00001111,CUST000166,2025-09-08 09:01:57.003505,3246.75,CHF,GB,US,cajero,desktop,0
TXN00001112,CUST000054,2025-04-24 18:08:57.003505,1674.43,GBP,GB,IT,sucursal,tablet,0
TXN00001113,CUST000171,2025-06-13 01:08:57.003505,4025.53,EUR,IT,GB,cajero,tablet,0
TXN00001114,CUST000175,2025-08-13 19:55:57.003505,5202.53,USD,CH,FR,cajero,atm,0
TXN00001115,CUST000153,2025-08-17 23:18:57.003505,589.19,EUR,ES,GB,web,desktop,0
TXN00001116,CUST000179,2025-09-07 00:06:57.003505,2070.61,EUR,DE,ES,sucursal,desktop,0
TXN00001117,CUST000168,2025-08-12 22:00:57.003505,805.13,EUR,IT,FR,sucursal,pos,0
TXN00001118,CUST000018,2025-06-22 11:27:57.107482,1320.55,EUR,FR,ES,cajero,mobile,1
TXN00001119,CUST000082,2025-08-18 03:54:57.003505,3441.71,EUR,ES,ES,sucursal,atm,0
TXN00001120,CUST000126,2025-11-09 21:04:57.003505,494.68,EUR,DE,FR,sucursal,desktop,0
TXN00001121,CUST000138,2025-03-09 09:17:57.003505,10042.54,EUR,FR,ES,app,tablet,0
TXN00001122,CUST000063,2025-10-10 06:32:57.003505,87.53,EUR,FR,FR,app,tablet,0
TXN00001123,CUST000080,2025-10-20 06:41:57.003505,370.87,EUR,ES,IT,sucursal,desktop,0
TXN00001124,CUST000116,2025-10-27 07:50:57.003505,5133.17,EUR,FR,US,app,pos,0
TXN00001125,CUST000017,2025-03-28 19:34:57.003505,5181.16,EUR,FR,ES,cajero,atm,0
TXN00001126,CUST000061,2025-09-26 22:01:57.003505,1143.39,EUR,IT,FR,sucursal,tablet,0
TXN00001127,CUST000064,2025-02-13 19:39:57.003505,120.62,EUR,ES,FR,web,desktop,0
TXN00001128,CUST000185,2026-01-10 21:10:57.003505,1153.18,CHF,GB,GB,web,tablet,0
TXN00001129,CUST000097,2025-11-27 05:01:57.003505,3629.41,CHF,GB,ES,cajero,pos,0
TXN00001130,CUST000009,2025-10-27 19:05:57.003505,4219.3,EUR,FR,DE,app,atm,0
TXN00001131,CUST000003,2025-09-26 02:42:57.003505,51.96,EUR,ES,FR,sucursal,desktop,0
TXN00001132,CUST000166,2025-05-02 06:16:57.003505,14682.41,GBP,GB,US,sucursal,tablet,0
TXN00001133,CUST000022,2025-11-25 03:12:57.003505,1903.38,EUR,IT,DE,sucursal,atm,0
TXN00001134,CUST000183,2025-12-13 02:54:57.003505,118.74,EUR,IT,FR,app,desktop,0
TXN00001135,CUST000073,2025-08-08 02:31:57.003505,1340.94,EUR,DE,FR,app,pos,0
TXN00001136,CUST000061,2026-01-01 19:23:57.003505,3946.07,EUR,IT,US,cajero,pos,0
TXN00001137,CUST000030,2025-11-16 20:38:57.003505,2045.87,USD,GB,ES,sucursal,pos,0
TXN00001138,CUST000182,2025-03-01 21:35:57.003505,1117.5,EUR,FR,FR,app,pos,0
TXN00001139,CUST000154,2025-03-08 05:47:57.003505,5148.8,EUR,ES,ES,cajero,pos,0
TXN00001140,CUST000072,2026-01-08 20:48:57.003505,4887.67,CHF,GB,US,app,atm,0
TXN00001141,CUST000094,2025-01-28 04:23:57.003505,3832.77,USD,GB,ES,web,atm,0
TXN00001142,CUST000162,2025-06-25 18:18:57.003505,14839.13,GBP,CH,ES,app,atm,0
TXN00001143,CUST000186,2025-08-31 23:04:57.003505,2617.38,EUR,IT,DE,app,pos,0
TXN00001144,CUST000108,2025-07-15 04:02:57.003505,48.75,EUR,ES,FR,web,pos,0
TXN00001145,CUST000101,2025-03-30 01:57:57.003505,15.8,EUR,FR,IT,cajero,mobile,0
TXN00001146,CUST000053,2025-07-17 05:40:57.003505,2989.68,EUR,FR,GB,app,desktop,0
TXN00001147,CUST000018,2025-05-22 20:28:57.107482,15721.06,EUR,FR,FR,app,pos,1
TXN00001148,CUST000009,2025-10-29 19:19:57.003505,7061.37,EUR,FR,DE,app,mobile,0
TXN00001149,CUST000068,2025-02-14 00:34:57.003505,769.28,EUR,ES,FR,web,tablet,0
TXN00001150,CUST000062,2025-02-03 22:55:57.003505,815.28,EUR,IT,ES,web,tablet,0
TXN00001151,CUST000144,2025-04-22 04:40:57.003505,753.82,EUR,DE,IT,sucursal,tablet,0
TXN00001152,CUST000123,2026-01-08 05:43:57.003505,963.3,EUR,FR,ES,sucursal,pos,0
TXN00001153,CUST000124,2025-10-28 03:31:57.003505,726.26,EUR,DE,ES,app,desktop,0
TXN00001154,CUST000010,2025-06-04 05:09:57.003505,124.92,EUR,FR,ES,sucursal,mobile,0
TXN00001155,CUST000082,2025-03-02 03:13:57.003505,3563.28,EUR,ES,US,app,atm,0
TXN00001156,CUST000053,2025-07-14 08:08:57.003505,2376.98,EUR,FR,IT,cajero,atm,0
TXN00001157,CUST000094,2025-04-16 18:17:57.003505,3876.98,CHF,GB,DE,app,atm,0
TXN00001158,CUST000102,2025-02-26 01:35:57.003505,15493.67,EUR,FR,ES,cajero,mobile,0
TXN00001159,CUST000026,2025-04-10 00:31:57.003505,116.35,EUR,FR,FR,sucursal,pos,0
TXN00001160,CUST000139,2025-05-18 04:37:57.003505,18502.62,USD,US,US,sucursal,desktop,0
TXN00001161,CUST000166,2025-06-09 06:44:57.003505,8535.0,CHF,GB,GB,sucursal,mobile,0
TXN00001162,CUST000086,2025-08-03 07:36:57.003505,9683.12,EUR,ES,GB,sucursal,desktop,0
TXN00001163,CUST000061,2025-09-26 18:35:57.003505,4179.04,EUR,IT,GB,web,atm,0
TXN00001164,CUST000072,2025-07-27 01:59:57.003505,3061.18,USD,GB,GB,sucursal,pos,0
TXN00001165,CUST000176,2025-08-20 20:04:57.003505,832.5,EUR,ES,ES,web,desktop,0
TXN00001166,CUST000008,2025-11-10 19:15:57.003505,3277.3,EUR,IT,FR,app,tablet,0
TXN00001167,CUST000062,2025-12-22 00:18:57.003505,292.61,EUR,IT,ES,sucursal,pos,0
TXN00001168,CUST000140,2025-05-04 23:51:57.003505,223.97,EUR,DE,GB,cajero,tablet,0
TXN00001169,CUST000042,2025-02-25 01:52:57.003505,4751.42,EUR,ES,GB,app,mobile,0
TXN00001170,CUST000052,2025-04-14 05:19:57.003505,305.55,EUR,ES,ES,sucursal,desktop,0
TXN00001171,CUST000075,2025-05-10 18:13:57.003505,17445.02,EUR,FR,GB,sucursal,atm,0
TXN00001172,CUST000030,2025-08-30 01:30:57.003505,889.22,CHF,GB,ES,app,desktop,0
TXN00001173,CUST000108,2025-09-22 04:46:57.003505,117.65,EUR,ES,ES,web,desktop,0
TXN00001174,CUST000089,2025-09-29 01:16:57.003505,199.99,EUR,ES,FR,cajero,mobile,0
TXN00001175,CUST000006,2025-10-21 03:19:57.003505,102.09,EUR,FR,FR,sucursal,mobile,0
TXN00001176,CUST000175,2025-07-13 03:47:57.003505,12248.26,USD,CH,DE,cajero,tablet,0
TXN00001177,CUST000000,2025-06-27 10:30:57.107482,40124.77,EUR,DE,RU,sucursal,desktop,1
TXN00001178,CUST000176,2025-02-10 02:39:57.003505,944.97,EUR,ES,IT,app,atm,0
TXN00001179,CUST000009,2025-09-16 02:42:57.003505,5912.6,EUR,FR,CH,app,mobile,0
TXN00001180,CUST000039,2025-05-07 19:42:57.003505,3882.24,EUR,DE,US,web,atm,0
TXN00001181,CUST000062,2025-05-01 02:57:57.003505,1227.1,EUR,IT,GB,sucursal,mobile,0
TXN00001182,CUST000070,2025-06-23 23:15:57.003505,126.62,EUR,ES,ES,app,mobile,0
TXN00001183,CUST000061,2025-08-08 21:46:57.003505,13214.78,EUR,IT,FR,sucursal,mobile,0
TXN00001184,CUST000066,2025-11-25 03:53:57.003505,866.45,EUR,DE,GB,cajero,desktop,0
TXN00001185,CUST000086,2025-05-09 21:42:57.003505,1860.0,EUR,ES,GB,web,desktop,0
TXN00001186,CUST000131,2025-11-03 20:37:57.003505,286.39,EUR,DE,IT,app,atm,0
TXN00001187,CUST000045,2025-10-10 00:24:57.003505,672.89,CHF,GB,IT,web,atm,0
TXN00001188,CUST000189,2025-12-10 22:22:57.003505,24792.93,EUR,DE,CH,app,mobile,0
TXN00001189,CUST000119,2026-01-05 03:51:57.003505,2935.57,USD,US,IT,sucursal,tablet,0
TXN00001190,CUST000110,2025-07-28 01:30:57.003505,250.49,EUR,ES,FR,cajero,atm,0
TXN00001191,CUST000128,2025-05-02 18:41:57.003505,8466.43,EUR,FR,IT,sucursal,atm,0
TXN00001192,CUST000117,2025-01-17 20:23:57.003505,3438.15,EUR,ES,ES,cajero,desktop,0
TXN00001193,CUST000006,2025-03-06 01:28:57.003505,310.16,EUR,FR,FR,cajero,atm,0
TXN00001194,CUST000041,2025-04-02 03:46:57.003505,10393.07,EUR,DE,IT,app,atm,0
TXN00001195,CUST000021,2025-11-01 00:23:57.003505,36.79,EUR,FR,ES,web,mobile,0
TXN00001196,CUST000005,2025-05-18 19:58:57.003505,932.72,GBP,GB,DE,app,pos,0
TXN00001197,CUST000010,2025-02-09 23:57:57.003505,525.97,EUR,FR,GB,cajero,tablet,0
TXN00001198,CUST000031,2025-07-26 17:51:57.003505,1698.67,EUR,ES,GB,app,desktop,0
TXN00001199,CUST000184,2025-07-10 21:59:57.003505,116.94,EUR,FR,IT,app,mobile,0
TXN00001200,CUST000178,2025-02-21 20:15:57.003505,67.02,EUR,ES,IT,cajero,desktop,0
TXN00001201,CUST000112,2025-08-03 05:26:57.003505,12555.84,GBP,US,GB,app,mobile,0
TXN00001202,CUST000005,2026-01-05 05:10:57.003505,1665.6,EUR,GB,FR,sucursal,atm,0
TXN00001203,CUST000181,2026-01-14 22:06:57.003505,1599.54,EUR,IT,IT,app,pos,0
TXN00001204,CUST000122,2025-07-14 07:49:57.003505,743.83,GBP,GB,ES,web,desktop,0
TXN00001205,CUST000012,2025-03-05 20:26:57.003505,4680.75,EUR,IT,GB,sucursal,atm,0
TXN00001206,CUST000141,2025-02-17 08:01:57.003505,1704.05,USD,GB,DE,cajero,desktop,0
TXN00001207,CUST000082,2025-09-13 18:41:57.003505,6064.36,EUR,ES,ES,cajero,desktop,0
TXN00001208,CUST000005,2025-01-17 23:27:57.003505,644.16,USD,GB,GB,sucursal,tablet,0
TXN00001209,CUST000178,2025-11-11 00:40:57.003505,150.41,EUR,ES,FR,web,desktop,0
TXN00001210,CUST000155,2025-07-10 02:49:57.003505,333.1,EUR,IT,GB,sucursal,tablet,0
TXN00001211,CUST000154,2025-10-06 21:49:57.003505,10644.19,EUR,ES,FR,sucursal,tablet,0
TXN00001212,CUST000014,2025-10-12 07:59:57.003505,439.62,EUR,IT,IT,app,atm,0
TXN00001213,CUST000016,2025-11-27 01:32:57.003505,930.59,EUR,IT,DE,sucursal,mobile,0
TXN00001214,CUST000076,2025-02-15 01:09:57.003505,457.19,EUR,ES,FR,sucursal,atm,0
TXN00001215,CUST000186,2025-09-08 19:36:57.003505,4160.75,EUR,IT,DE,app,tablet,0
TXN00001216,CUST000040,2026-01-04 05:30:57.003505,326.48,EUR,IT,ES,app,tablet,0
TXN00001217,CUST000116,2025-05-06 08:07:57.003505,4550.24,EUR,FR,ES,web,mobile,0
TXN00001218,CUST000042,2025-09-29 03:35:57.003505,6970.1,EUR,ES,US,sucursal,pos,0
TXN00001219,CUST000157,2025-11-23 19:10:57.003505,3557.83,EUR,IT,US,app,mobile,0
TXN00001220,CUST000004,2025-08-27 01:53:57.107482,54510.55,EUR,DE,GB,web,pos,1
TXN00001221,CUST000084,2025-08-05 04:06:57.003505,156.5,EUR,ES,FR,web,pos,0
TXN00001222,CUST000118,2025-04-19 23:51:57.003505,18558.94,EUR,DE,DE,sucursal,desktop,0
TXN00001223,CUST000041,2025-01-22 23:48:57.003505,9738.0,EUR,DE,DE,cajero,pos,0
TXN00001224,CUST000121,2026-01-04 05:58:57.003505,882.68,EUR,ES,ES,web,mobile,0
TXN00001225,CUST000165,2025-04-17 19:50:57.003505,728.7,EUR,FR,GB,app,atm,0
TXN00001226,CUST000130,2025-01-17 08:09:57.003505,1569.85,EUR,IT,ES,sucursal,mobile,0
TXN00001227,CUST000125,2025-12-04 03:22:57.003505,7411.86,GBP,US,ES,sucursal,desktop,0
TXN00001228,CUST000010,2025-07-01 23:46:57.003505,543.65,EUR,FR,ES,web,atm,0
TXN00001229,CUST000089,2025-04-15 07:25:57.003505,23.19,EUR,ES,ES,app,desktop,0
TXN00001230,CUST000099,2025-08-23 02:32:57.003505,304.01,EUR,IT,ES,app,atm,0
TXN00001231,CUST000081,2025-08-30 02:18:57.003505,9923.02,CHF,CH,US,web,tablet,0
TXN00001232,CUST000046,2025-09-22 14:33:57.107482,37368.09,USD,GB,PK,cajero,pos,1
TXN00001233,CUST000067,2025-07-23 21:10:57.003505,6793.35,EUR,DE,DE,cajero,tablet,0
TXN00001234,CUST000037,2025-10-08 04:09:57.107482,706.39,EUR,ES,KP,web,tablet,1
TXN00001235,CUST000016,2025-07-04 07:08:57.003505,1103.37,EUR,IT,ES,sucursal,desktop,0
TXN00001236,CUST000151,2025-10-20 01:45:57.003505,4583.56,EUR,ES,DE,cajero,atm,0
TXN00001237,CUST000135,2025-06-03 06:37:57.003505,583.24,EUR,ES,ES,cajero,atm,0
TXN00001238,CUST000101,2025-03-06 00:54:57.003505,74.03,EUR,FR,IT,cajero,atm,0
TXN00001239,CUST000027,2025-03-22 04:07:57.003505,454.36,EUR,FR,FR,cajero,desktop,0
TXN00001240,CUST000052,2026-01-11 05:56:57.003505,75.63,EUR,ES,ES,app,desktop,0
TXN00001241,CUST000043,2025-12-28 18:09:57.003505,2836.2,USD,CH,US,sucursal,atm,0
TXN00001242,CUST000033,2025-11-04 09:41:57.107482,12566.9,EUR,IT,US,web,desktop,1
TXN00001243,CUST000155,2025-10-01 20:56:57.003505,375.72,EUR,IT,DE,cajero,mobile,0
TXN00001244,CUST000114,2025-05-24 04:32:57.003505,4462.44,EUR,ES,IT,sucursal,tablet,0
TXN00001245,CUST000070,2025-07-25 20:44:57.003505,118.62,EUR,ES,FR,cajero,pos,0
TXN00001246,CUST000010,2026-01-03 01:33:57.003505,739.1,EUR,FR,IT,sucursal,desktop,0
TXN00001247,CUST000102,2025-01-18 17:45:57.003505,16394.23,EUR,FR,ES,web,pos,0
TXN00001248,CUST000100,2025-11-24 22:45:57.003505,5510.52,USD,GB,IT,cajero,tablet,0
TXN00001249,CUST000121,2026-01-02 22:50:57.003505,913.87,EUR,ES,FR,cajero,pos,0
TXN00001250,CUST000004,2025-04-23 22:44:57.003505,7771.29,EUR,DE,CH,web,mobile,0
TXN00001251,CUST000061,2025-05-03 23:20:57.003505,11506.68,EUR,IT,GB,web,desktop,0
TXN00001252,CUST000075,2025-02-16 03:40:57.003505,1452.04,EUR,FR,DE,sucursal,mobile,0
TXN00001253,CUST000154,2025-12-03 09:57:57.003505,4910.24,EUR,ES,FR,cajero,pos,0
TXN00001254,CUST000082,2025-12-15 20:14:57.003505,19436.82,EUR,ES,US,web,atm,0
TXN00001255,CUST000189,2025-11-16 01:57:57.003505,6297.29,EUR,DE,US,sucursal,pos,0
TXN00001256,CUST000127,2025-02-10 02:04:57.003505,3654.96,EUR,FR,FR,sucursal,tablet,0
TXN00001257,CUST000008,2025-09-06 13:57:57.107482,72337.47,EUR,IT,NG,sucursal,atm,1
TXN00001258,CUST000013,2025-02-21 03:54:57.003505,516.52,GBP,GB,DE,sucursal,tablet,0
TXN00001259,CUST000147,2025-03-20 21:14:57.003505,7789.56,CHF,US,GB,app,tablet,0
TXN00001260,CUST000138,2025-04-13 02:32:57.003505,7353.24,EUR,FR,GB,cajero,mobile,0
TXN00001261,CUST000064,2025-04-28 00:15:57.003505,260.57,EUR,ES,DE,web,tablet,0
TXN00001262,CUST000136,2025-12-06 19:36:57.003505,217.24,EUR,FR,IT,cajero,mobile,0
TXN00001263,CUST000042,2025-06-13 19:17:57.003505,3423.07,EUR,ES,IT,sucursal,tablet,0
TXN00001264,CUST000052,2025-11-09 20:44:57.003505,348.76,EUR,ES,FR,web,mobile,0
TXN00001265,CUST000040,2025-07-24 05:10:57.003505,303.29,EUR,IT,ES,sucursal,pos,0
TXN00001266,CUST000044,2025-10-22 06:52:57.003505,861.2,EUR,ES,ES,web,tablet,0
TXN00001267,CUST000136,2025-12-16 03:59:57.003505,455.13,EUR,FR,FR,sucursal,tablet,0
TXN00001268,CUST000178,2025-04-18 23:14:57.003505,35.96,EUR,ES,FR,app,pos,0
TXN00001269,CUST000064,2025-01-25 23:05:57.003505,1062.4,EUR,ES,IT,sucursal,tablet,0
TXN00001270,CUST000079,2025-06-29 03:13:57.003505,1864.74,EUR,FR,DE,web,desktop,0
TXN00001271,CUST000025,2025-08-11 20:42:57.003505,2987.19,EUR,ES,IT,sucursal,mobile,0
TXN00001272,CUST000113,2025-07-20 19:22:57.003505,7801.18,CHF,CH,ES,sucursal,pos,0
TXN00001273,CUST000169,2025-12-31 07:28:57.003505,641.53,EUR,DE,FR,cajero,tablet,0
TXN00001274,CUST000041,2025-04-02 01:02:57.003505,3923.31,EUR,DE,GB,app,pos,0
TXN00001275,CUST000042,2025-11-21 23:16:57.003505,6914.47,EUR,ES,DE,cajero,pos,0
TXN00001276,CUST000048,2025-03-23 04:36:57.003505,3469.05,EUR,FR,DE,web,mobile,0
TXN00001277,CUST000126,2025-06-04 02:44:57.003505,663.28,EUR,DE,GB,sucursal,tablet,0
TXN00001278,CUST000137,2025-11-27 23:59:57.003505,106.89,EUR,FR,DE,web,tablet,0
TXN00001279,CUST000007,2025-09-03 03:03:57.003505,11275.92,EUR,DE,FR,sucursal,tablet,0
TXN00001280,CUST000056,2025-02-16 21:40:57.003505,716.84,CHF,GB,DE,sucursal,pos,0
TXN00001281,CUST000139,2026-01-08 00:23:57.003505,5043.68,CHF,US,CH,app,tablet,0
TXN00001282,CUST000160,2025-12-19 23:29:57.003505,1887.75,EUR,DE,GB,sucursal,desktop,0
TXN00001283,CUST000125,2025-02-25 00:15:57.003505,11441.15,EUR,US,DE,app,tablet,0
TXN00001284,CUST000177,2025-11-15 21:16:57.003505,956.26,EUR,FR,GB,cajero,mobile,0
TXN00001285,CUST000115,2025-05-06 22:33:57.003505,4226.94,EUR,DE,DE,web,atm,0
TXN00001286,CUST000015,2025-06-10 02:28:57.003505,2417.94,EUR,FR,FR,app,mobile,0
TXN00001287,CUST000096,2026-01-03 01:48:57.003505,10886.76,EUR,ES,US,web,tablet,0
TXN00001288,CUST000072,2025-12-02 06:34:57.003505,3345.22,GBP,GB,FR,web,pos,0
TXN00001289,CUST000022,2025-06-30 22:06:57.003505,1670.97,EUR,IT,US,cajero,tablet,0
TXN00001290,CUST000108,2025-08-04 03:34:57.003505,138.46,EUR,ES,ES,web,mobile,0
TXN00001291,CUST000034,2025-02-17 20:20:57.003505,100.46,EUR,FR,ES,app,desktop,0
TXN00001292,CUST000076,2025-11-15 00:30:57.003505,241.71,EUR,ES,FR,web,desktop,0
TXN00001293,CUST000117,2025-07-27 09:19:57.003505,2109.93,EUR,ES,IT,web,mobile,0
TXN00001294,CUST000064,2025-12-25 00:24:57.003505,431.42,EUR,ES,FR,web,pos,0
TXN00001295,CUST000120,2025-12-02 23:09:57.003505,127.58,EUR,IT,IT,web,mobile,0
TXN00001296,CUST000135,2026-01-07 03:35:57.003505,722.62,EUR,ES,IT,cajero,mobile,0
TXN00001297,CUST000136,2025-05-21 20:57:57.003505,10.52,EUR,FR,FR,sucursal,pos,0
TXN00001298,CUST000065,2025-11-23 18:02:57.003505,647.39,EUR,DE,GB,app,tablet,0
TXN00001299,CUST000071,2026-01-09 04:51:57.003505,20558.59,EUR,FR,US,cajero,mobile,0
TXN00001300,CUST000074,2025-12-29 09:30:57.003505,9139.07,EUR,IT,GB,web,atm,0
TXN00001301,CUST000186,2025-02-01 23:36:57.003505,1958.22,EUR,IT,IT,app,pos,0
TXN00001302,CUST000043,2025-08-18 18:42:57.107482,13724.49,EUR,CH,KP,sucursal,pos,1
TXN00001303,CUST000122,2025-12-24 06:23:57.003505,467.08,EUR,GB,IT,web,tablet,0
TXN00001304,CUST000066,2025-02-04 20:47:57.003505,337.15,EUR,DE,IT,sucursal,tablet,0
TXN00001305,CUST000093,2025-04-15 05:42:57.003505,1171.67,EUR,FR,GB,web,pos,0
TXN00001306,CUST000141,2025-03-28 08:25:57.003505,997.69,USD,GB,DE,web,mobile,0
TXN00001307,CUST000027,2025-03-18 01:35:57.003505,78.51,EUR,FR,FR,app,atm,0
TXN00001308,CUST000066,2025-01-28 19:49:57.003505,890.12,EUR,DE,FR,cajero,atm,0
TXN00001309,CUST000161,2025-06-11 00:48:57.003505,30.15,EUR,ES,IT,cajero,tablet,0
TXN00001310,CUST000101,2025-10-12 07:29:57.003505,155.62,EUR,FR,IT,web,atm,0
TXN00001311,CUST000067,2025-11-24 04:36:57.003505,16563.74,EUR,DE,ES,app,desktop,0
TXN00001312,CUST000169,2025-02-06 03:13:57.003505,1351.27,EUR,DE,DE,app,tablet,0
TXN00001313,CUST000179,2025-05-15 00:30:57.003505,4710.99,EUR,DE,ES,sucursal,desktop,0
TXN00001314,CUST000055,2025-05-22 04:20:57.003505,3883.57,USD,CH,CH,app,tablet,0
TXN00001315,CUST000183,2025-06-09 01:05:57.003505,170.0,EUR,IT,ES,app,desktop,0
TXN00001316,CUST000016,2025-02-16 18:35:57.107482,2459.72,EUR,IT,SY,cajero,desktop,1
TXN00001317,CUST000026,2025-09-07 05:56:57.003505,22.02,EUR,FR,IT,sucursal,mobile,0
TXN00001318,CUST000019,2025-02-02 04:20:57.003505,15355.05,EUR,DE,US,sucursal,desktop,0
TXN00001319,CUST000117,2025-08-08 00:47:57.003505,3645.64,EUR,ES,GB,web,atm,0
TXN00001320,CUST000053,2025-05-28 03:03:57.003505,4614.57,EUR,FR,FR,app,tablet,0
TXN00001321,CUST000088,2025-08-26 19:48:57.003505,1668.24,EUR,DE,GB,app,atm,0
TXN00001322,CUST000176,2025-03-27 18:44:57.003505,516.71,EUR,ES,GB,web,tablet,0
TXN00001323,CUST000108,2025-11-04 04:34:57.003505,107.06,EUR,ES,FR,app,desktop,0
TXN00001324,CUST000080,2025-07-12 22:46:57.003505,131.47,EUR,ES,IT,app,atm,0
TXN00001325,CUST000043,2025-10-26 20:26:57.003505,24964.86,CHF,CH,FR,web,pos,0
TXN00001326,CUST000058,2025-08-14 02:31:57.003505,4986.06,EUR,FR,IT,sucursal,pos,0
TXN00001327,CUST000133,2025-07-09 04:16:57.003505,307.85,EUR,IT,IT,web,desktop,0
TXN00001328,CUST000140,2025-07-10 07:49:57.003505,183.96,EUR,DE,GB,cajero,desktop,0
TXN00001329,CUST000160,2025-09-21 05:36:57.003505,1047.14,EUR,DE,GB,cajero,pos,0
TXN00001330,CUST000014,2025-01-18 02:35:57.003505,1125.14,EUR,IT,IT,sucursal,pos,0
TXN00001331,CUST000138,2025-07-20 18:25:57.003505,3756.1,EUR,FR,DE,cajero,atm,0
TXN00001332,CUST000178,2025-11-12 04:00:57.003505,487.7,EUR,ES,ES,app,desktop,0
TXN00001333,CUST000181,2025-08-10 00:55:57.003505,1681.49,EUR,IT,ES,app,desktop,0
TXN00001334,CUST000133,2025-06-26 06:27:57.003505,106.22,EUR,IT,FR,web,mobile,0
TXN00001335,CUST000145,2025-08-02 04:55:57.003505,569.82,EUR,DE,ES,app,desktop,0
TXN00001336,CUST000100,2025-05-30 04:08:57.003505,4801.76,USD,GB,FR,sucursal,mobile,0
TXN00001337,CUST000177,2025-05-29 00:10:57.003505,619.71,EUR,FR,DE,cajero,pos,0
TXN00001338,CUST000122,2025-01-23 02:12:57.003505,1794.77,USD,GB,IT,web,pos,0
TXN00001339,CUST000058,2025-04-10 18:22:57.003505,11540.88,EUR,FR,FR,app,tablet,0
TXN00001340,CUST000011,2025-06-16 22:17:57.003505,1627.28,EUR,ES,GB,web,atm,0
TXN00001341,CUST000184,2025-09-30 01:22:57.003505,73.89,EUR,FR,IT,sucursal,atm,0
TXN00001342,CUST000131,2025-11-19 00:34:57.003505,556.2,EUR,DE,IT,app,mobile,0
TXN00001343,CUST000110,2025-12-24 20:43:57.003505,70.35,EUR,ES,IT,cajero,atm,0
TXN00001344,CUST000010,2025-02-18 03:31:57.003505,719.35,EUR,FR,ES,sucursal,desktop,0
TXN00001345,CUST000150,2025-09-20 08:21:57.003505,4860.07,EUR,ES,DE,sucursal,mobile,0
TXN00001346,CUST000060,2025-01-25 02:16:57.003505,1742.19,EUR,IT,IT,cajero,pos,0
TXN00001347,CUST000117,2025-04-16 00:36:57.003505,7229.71,EUR,ES,ES,sucursal,mobile,0
TXN00001348,CUST000025,2025-11-20 01:54:57.003505,620.95,EUR,ES,DE,sucursal,desktop,0
TXN00001349,CUST000073,2025-09-03 08:41:57.003505,2625.25,EUR,DE,FR,sucursal,mobile,0
TXN00001350,CUST000166,2025-08-03 01:02:57.003505,2787.94,EUR,GB,IT,web,desktop,0
TXN00001351,CUST000148,2025-05-17 18:03:57.003505,3996.95,EUR,ES,US,app,mobile,0
TXN00001352,CUST000076,2026-01-03 05:23:57.003505,141.78,EUR,ES,FR,web,atm,0
TXN00001353,CUST000147,2026-01-02 18:43:57.003505,2610.3,EUR,US,GB,sucursal,tablet,0
TXN00001354,CUST000055,2025-12-25 02:05:57.003505,2543.66,CHF,CH,GB,sucursal,tablet,0
TXN00001355,CUST000017,2025-04-08 10:16:57.107482,36332.67,EUR,FR,US,cajero,pos,1
TXN00001356,CUST000005,2025-09-06 18:32:57.003505,491.96,USD,GB,GB,cajero,tablet,0
TXN00001357,CUST000163,2025-05-19 02:16:57.003505,55.05,EUR,ES,FR,app,tablet,0
TXN00001358,CUST000184,2025-10-10 05:30:57.003505,128.64,EUR,FR,IT,app,pos,0
TXN00001359,CUST000095,2026-01-03 05:18:57.003505,32.52,EUR,IT,FR,web,tablet,0
TXN00001360,CUST000045,2025-04-08 22:42:57.003505,687.16,CHF,GB,IT,app,tablet,0
TXN00001361,CUST000160,2025-04-29 20:11:57.003505,1900.19,EUR,DE,ES,sucursal,desktop,0
TXN00001362,CUST000123,2025-11-16 04:14:57.003505,1373.31,EUR,FR,GB,sucursal,mobile,0
TXN00001363,CUST000142,2025-10-13 05:32:57.003505,7426.01,EUR,DE,ES,web,desktop,0
TXN00001364,CUST000055,2025-06-16 03:53:57.003505,5753.71,USD,CH,US,web,pos,0
TXN00001365,CUST000123,2025-06-11 22:46:57.003505,359.69,EUR,FR,FR,sucursal,tablet,0
TXN00001366,CUST000038,2025-10-08 13:10:57.107482,94991.86,EUR,ES,SY,sucursal,tablet,1
TXN00001367,CUST000083,2025-12-24 01:22:57.003505,25.9,EUR,ES,ES,app,atm,0
TXN00001368,CUST000064,2025-02-21 18:41:57.003505,138.83,EUR,ES,IT,sucursal,tablet,0
TXN00001369,CUST000061,2025-12-08 09:39:57.003505,1473.52,EUR,IT,ES,web,tablet,0
TXN00001370,CUST000173,2025-10-02 01:59:57.003505,9017.43,EUR,DE,DE,sucursal,pos,0
TXN00001371,CUST000185,2025-08-24 04:31:57.003505,728.99,USD,GB,IT,web,pos,0
TXN00001372,CUST000036,2025-05-06 09:57:57.003505,3835.57,EUR,FR,US,web,tablet,0
TXN00001373,CUST000127,2025-05-25 23:50:57.003505,6368.17,EUR,FR,ES,web,mobile,0
TXN00001374,CUST000026,2025-10-25 01:51:57.003505,292.28,EUR,FR,ES,sucursal,tablet,0
TXN00001375,CUST000112,2025-08-20 18:23:57.003505,2606.55,GBP,US,FR,cajero,tablet,0
TXN00001376,CUST000130,2025-09-03 09:39:57.003505,5117.59,EUR,IT,FR,cajero,pos,0
TXN00001377,CUST000131,2025-10-21 19:05:57.003505,2116.02,EUR,DE,GB,app,pos,0
TXN00001378,CUST000018,2025-10-19 20:04:57.003505,60.65,EUR,FR,ES,sucursal,desktop,0
TXN00001379,CUST000055,2025-12-08 04:59:57.003505,2922.89,GBP,CH,ES,cajero,tablet,0
TXN00001380,CUST000039,2025-05-09 20:07:57.003505,3719.87,EUR,DE,FR,cajero,pos,0
TXN00001381,CUST000065,2026-01-14 04:52:57.003505,1578.46,EUR,DE,ES,app,desktop,0
TXN00001382,CUST000137,2025-06-30 23:42:57.003505,906.99,EUR,FR,GB,web,desktop,0
TXN00001383,CUST000179,2025-08-10 07:44:57.003505,4020.57,EUR,DE,ES,sucursal,atm,0
TXN00001384,CUST000056,2025-10-14 03:12:57.003505,959.1,USD,GB,FR,web,atm,0
TXN00001385,CUST000049,2025-10-04 03:33:57.003505,2238.45,EUR,ES,FR,sucursal,pos,0
TXN00001386,CUST000143,2025-03-08 01:35:57.003505,12838.0,EUR,ES,FR,web,desktop,0
TXN00001387,CUST000042,2025-02-24 19:50:57.003505,4121.05,EUR,ES,GB,web,tablet,0
TXN00001388,CUST000120,2025-05-20 06:49:57.003505,132.21,EUR,IT,ES,sucursal,mobile,0
TXN00001389,CUST000011,2025-12-17 05:00:57.003505,221.62,EUR,ES,DE,sucursal,desktop,0
TXN00001390,CUST000007,2026-01-09 03:47:57.003505,4842.73,EUR,DE,DE,sucursal,atm,0
TXN00001391,CUST000104,2025-03-05 01:32:57.003505,1066.59,EUR,ES,GB,app,mobile,0
TXN00001392,CUST000045,2025-01-29 21:08:57.003505,698.42,CHF,GB,DE,web,pos,0
TXN00001393,CUST000102,2025-09-11 21:34:57.003505,8194.18,EUR,FR,FR,web,atm,0
TXN00001394,CUST000134,2025-09-11 23:28:57.003505,87.13,EUR,FR,ES,sucursal,tablet,0
TXN00001395,CUST000169,2025-02-28 23:13:57.003505,731.15,EUR,DE,ES,sucursal,tablet,0
TXN00001396,CUST000068,2025-07-15 01:17:57.003505,675.84,EUR,ES,ES,web,tablet,0
TXN00001397,CUST000156,2025-12-20 19:13:57.003505,124.63,EUR,FR,IT,cajero,desktop,0
TXN00001398,CUST000073,2025-04-28 03:50:57.003505,710.94,EUR,DE,IT,app,tablet,0
TXN00001399,CUST000095,2025-03-30 07:30:57.003505,153.1,EUR,IT,FR,sucursal,desktop,0
TXN00001400,CUST000053,2025-01-20 19:26:57.003505,1363.06,EUR,FR,FR,web,desktop,0
TXN00001401,CUST000144,2025-10-04 01:07:57.003505,2568.34,EUR,DE,FR,sucursal,pos,0
TXN00001402,CUST000095,2025-12-18 23:17:57.003505,281.35,EUR,IT,FR,sucursal,mobile,0
TXN00001403,CUST000179,2025-03-03 02:33:57.003505,13744.51,EUR,DE,FR,cajero,mobile,0
TXN00001404,CUST000125,2025-06-09 18:37:57.003505,15201.51,CHF,US,US,web,tablet,0
TXN00001405,CUST000024,2025-04-19 01:44:57.003505,16733.54,EUR,FR,DE,web,mobile,0
TXN00001406,CUST000034,2025-09-11 03:56:57.003505,113.2,EUR,FR,ES,app,mobile,0
TXN00001407,CUST000103,2025-05-31 20:32:57.003505,2396.57,EUR,ES,IT,app,tablet,0
TXN00001408,CUST000136,2025-02-18 22:36:57.003505,328.34,EUR,FR,FR,app,pos,0
TXN00001409,CUST000028,2026-01-10 22:17:57.003505,124.82,EUR,ES,IT,cajero,mobile,0
TXN00001410,CUST000133,2025-05-04 22:37:57.003505,26.58,EUR,IT,ES,sucursal,mobile,0
TXN00001411,CUST000152,2025-10-26 20:23:57.003505,218.67,EUR,GB,DE,cajero,mobile,0
TXN00001412,CUST000092,2025-05-04 06:16:57.003505,3543.85,EUR,FR,GB,app,mobile,0
TXN00001413,CUST000104,2025-03-14 18:39:57.003505,674.36,EUR,ES,ES,web,desktop,0
TXN00001414,CUST000080,2025-04-01 23:17:57.003505,319.68,EUR,ES,FR,sucursal,atm,0
TXN00001415,CUST000028,2026-01-12 23:25:57.107482,23978.91,EUR,ES,IT,cajero,pos,1
TXN00001416,CUST000179,2025-06-27 20:59:57.003505,9713.94,EUR,DE,DE,app,pos,0
TXN00001417,CUST000110,2025-03-08 01:00:57.003505,25.49,EUR,ES,FR,sucursal,desktop,0
TXN00001418,CUST000012,2025-10-17 02:53:57.003505,14446.7,EUR,IT,GB,sucursal,desktop,0
TXN00001419,CUST000046,2025-06-10 20:00:57.003505,8046.46,USD,GB,GB,sucursal,pos,0
TXN00001420,CUST000166,2025-04-30 06:12:57.003505,1121.03,EUR,GB,ES,sucursal,desktop,0
TXN00001421,CUST000098,2025-03-21 05:29:57.003505,1970.43,EUR,IT,GB,cajero,desktop,0
TXN00001422,CUST000108,2026-01-04 19:40:57.003505,68.84,EUR,ES,ES,web,pos,0
TXN00001423,CUST000131,2026-01-09 03:45:57.003505,1716.57,EUR,DE,FR,sucursal,atm,0
TXN00001424,CUST000034,2025-12-06 01:27:57.003505,83.83,EUR,FR,ES,web,atm,0
TXN00001425,CUST000035,2025-04-20 22:41:57.003505,809.25,EUR,DE,FR,app,pos,0
TXN00001426,CUST000131,2026-01-13 00:22:57.003505,2106.97,EUR,DE,FR,cajero,tablet,0
TXN00001427,CUST000066,2025-07-11 21:26:57.003505,1044.19,EUR,DE,FR,web,mobile,0
TXN00001428,CUST000000,2025-11-11 04:14:57.003505,765.31,EUR,DE,DE,sucursal,tablet,0
TXN00001429,CUST000156,2025-09-12 04:21:57.003505,308.8,EUR,FR,FR,sucursal,tablet,0
TXN00001430,CUST000099,2025-06-02 06:55:57.003505,69.08,EUR,IT,FR,cajero,pos,0
TXN00001431,CUST000092,2025-10-10 01:43:57.003505,4859.28,EUR,FR,DE,cajero,mobile,0
TXN00001432,CUST000180,2025-03-30 23:42:57.003505,477.06,USD,GB,GB,sucursal,mobile,0
TXN00001433,CUST000041,2025-03-16 04:23:57.003505,12339.96,EUR,DE,ES,app,mobile,0
TXN00001434,CUST000052,2025-12-13 03:30:57.003505,49.3,EUR,ES,ES,cajero,atm,0
TXN00001435,CUST000021,2025-09-07 07:29:57.003505,76.83,EUR,FR,FR,app,pos,0
TXN00001436,CUST000141,2025-09-29 01:22:57.003505,178.55,GBP,GB,FR,sucursal,tablet,0
TXN00001437,CUST000006,2025-08-14 01:49:57.003505,403.9,EUR,FR,IT,cajero,atm,0
TXN00001438,CUST000033,2025-01-18 06:22:57.003505,4918.01,EUR,IT,ES,sucursal,tablet,0
TXN00001439,CUST000161,2025-08-21 01:13:57.003505,135.26,EUR,ES,ES,cajero,desktop,0
TXN00001440,CUST000166,2025-08-18 08:07:57.003505,4098.45,EUR,GB,DE,web,atm,0
TXN00001441,CUST000036,2025-03-02 21:00:57.003505,8983.04,EUR,FR,GB,sucursal,atm,0
TXN00001442,CUST000178,2025-05-02 07:51:57.003505,289.9,EUR,ES,IT,web,pos,0
TXN00001443,CUST000174,2025-03-03 04:24:57.003505,148.02,EUR,IT,GB,cajero,desktop,0
TXN00001444,CUST000043,2025-03-16 00:20:57.003505,7681.37,CHF,CH,US,sucursal,tablet,0
TXN00001445,CUST000153,2025-06-09 07:33:57.003505,237.0,EUR,ES,FR,cajero,desktop,0
TXN00001446,CUST000052,2025-03-25 21:55:57.003505,284.23,EUR,ES,ES,cajero,desktop,0
TXN00001447,CUST000117,2025-12-23 18:39:57.003505,2799.28,EUR,ES,US,sucursal,pos,0
TXN00001448,CUST000163,2025-12-22 01:25:57.003505,449.78,EUR,ES,FR,cajero,pos,0
TXN00001449,CUST000134,2025-04-13 04:29:57.003505,226.22,EUR,FR,ES,cajero,tablet,0
TXN00001450,CUST000149,2025-04-25 22:51:57.003505,4403.04,EUR,ES,FR,web,tablet,0
TXN00001451,CUST000116,2025-02-22 23:26:57.003505,10615.48,EUR,FR,US,cajero,desktop,0
TXN00001452,CUST000063,2025-04-23 06:37:57.003505,23.08,EUR,FR,ES,app,desktop,0
TXN00001453,CUST000147,2025-05-05 09:45:57.003505,6984.59,CHF,US,FR,web,tablet,0
TXN00001454,CUST000032,2025-08-22 05:05:57.003505,155.56,EUR,FR,FR,web,mobile,0
TXN00001455,CUST000153,2025-08-16 06:17:57.003505,890.72,EUR,ES,ES,app,mobile,0
TXN00001456,CUST000180,2025-05-04 23:01:57.003505,436.27,USD,GB,GB,cajero,atm,0
TXN00001457,CUST000083,2026-01-13 05:14:57.003505,100.08,EUR,ES,IT,cajero,mobile,0
TXN00001458,CUST000016,2025-02-21 18:29:57.003505,317.92,EUR,IT,DE,web,mobile,0
TXN00001459,CUST000054,2025-06-01 07:11:57.003505,465.9,GBP,GB,ES,web,desktop,0
TXN00001460,CUST000015,2025-01-19 09:18:57.003505,4506.63,EUR,FR,DE,app,mobile,0
TXN00001461,CUST000051,2025-08-20 20:55:57.003505,1011.57,EUR,DE,DE,web,pos,0
TXN00001462,CUST000123,2025-10-13 06:27:57.003505,458.43,EUR,FR,FR,app,mobile,0
TXN00001463,CUST000153,2025-11-29 00:06:57.003505,929.33,EUR,ES,FR,app,desktop,0
TXN00001464,CUST000090,2025-03-26 21:23:57.003505,504.72,USD,GB,DE,web,tablet,0
TXN00001465,CUST000041,2025-10-19 19:31:57.003505,3410.36,EUR,DE,GB,app,tablet,0
TXN00001466,CUST000113,2025-03-04 00:24:57.003505,4011.0,EUR,CH,GB,app,mobile,0
TXN00001467,CUST000046,2025-09-25 21:09:57.003505,6282.51,USD,GB,FR,app,pos,0
TXN00001468,CUST000131,2025-01-15 22:10:57.003505,902.52,EUR,DE,IT,app,desktop,0
TXN00001469,CUST000119,2025-02-06 22:43:57.003505,7102.01,CHF,US,GB,sucursal,tablet,0
TXN00001470,CUST000058,2025-08-05 01:48:57.003505,1447.48,EUR,FR,GB,cajero,desktop,0
TXN00001471,CUST000037,2025-04-19 19:15:57.003505,129.98,EUR,ES,ES,web,desktop,0
TXN00001472,CUST000000,2025-11-04 19:43:57.003505,177.43,EUR,DE,IT,app,desktop,0
TXN00001473,CUST000025,2025-03-24 04:14:57.003505,2330.13,EUR,ES,ES,sucursal,atm,0
TXN00001474,CUST000031,2025-10-22 23:02:57.107482,35472.18,EUR,ES,PK,cajero,atm,1
TXN00001475,CUST000029,2025-01-26 06:55:57.003505,5161.47,GBP,GB,DE,app,atm,0
TXN00001476,CUST000009,2025-11-07 05:01:57.003505,4079.15,EUR,FR,GB,web,mobile,0
TXN00001477,CUST000059,2025-06-20 05:23:57.003505,21.52,EUR,FR,FR,cajero,mobile,0
TXN00001478,CUST000132,2025-08-29 06:59:57.003505,2344.95,EUR,ES,US,app,tablet,0
TXN00001479,CUST000098,2025-04-22 23:23:57.003505,815.52,EUR,IT,GB,sucursal,desktop,0
TXN00001480,CUST000034,2025-11-17 22:14:57.003505,114.12,EUR,FR,ES,web,tablet,0
TXN00001481,CUST000184,2025-11-03 01:11:57.003505,314.74,EUR,FR,IT,web,atm,0
TXN00001482,CUST000043,2025-11-04 00:06:57.003505,1352.14,CHF,CH,US,sucursal,desktop,0
TXN00001483,CUST000133,2026-01-02 05:15:57.003505,462.02,EUR,IT,FR,app,pos,0
TXN00001484,CUST000156,2025-08-11 20:35:57.003505,39.32,EUR,FR,FR,sucursal,desktop,0
TXN00001485,CUST000009,2025-05-22 03:37:57.003505,1591.8,EUR,FR,DE,web,tablet,0
TXN00001486,CUST000011,2025-02-27 00:24:57.107482,3305.74,EUR,ES,CN,cajero,desktop,1
TXN00001487,CUST000012,2025-01-24 05:37:57.003505,5622.0,EUR,IT,IT,web,pos,0
TXN00001488,CUST000026,2025-11-04 12:26:57.107482,311.25,EUR,FR,IT,sucursal,mobile,1
TXN00001489,CUST000106,2025-07-11 23:40:57.003505,112.45,EUR,FR,IT,cajero,pos,0
TXN00001490,CUST000110,2025-01-19 07:36:57.003505,303.27,EUR,ES,FR,app,atm,0
TXN00001491,CUST000139,2025-07-08 01:51:57.003505,1189.07,CHF,US,FR,web,desktop,0
TXN00001492,CUST000105,2025-07-23 23:36:57.003505,3341.76,CHF,US,GB,cajero,tablet,0
TXN00001493,CUST000134,2025-02-28 19:47:57.003505,320.36,EUR,FR,IT,sucursal,mobile,0
TXN00001494,CUST000094,2025-08-07 17:16:57.003505,6982.41,CHF,GB,FR,sucursal,tablet,0
TXN00001495,CUST000149,2025-09-12 22:20:57.003505,10628.47,EUR,ES,GB,cajero,tablet,0
TXN00001496,CUST000069,2026-01-05 05:50:57.003505,147.7,EUR,FR,IT,sucursal,desktop,0
TXN00001497,CUST000089,2025-10-13 20:58:57.003505,135.31,EUR,ES,FR,app,tablet,0
TXN00001498,CUST000135,2025-08-12 20:38:57.003505,1242.14,EUR,ES,IT,web,atm,0
TXN00001499,CUST000174,2025-05-12 00:45:57.003505,657.41,EUR,IT,ES,cajero,pos,0
TXN00001500,CUST000016,2025-07-10 21:08:57.003505,577.11,EUR,IT,DE,cajero,tablet,0
TXN00001501,CUST000005,2025-04-25 06:36:57.003505,2408.82,EUR,GB,IT,cajero,atm,0
TXN00001502,CUST000032,2025-01-17 06:12:57.003505,93.6,EUR,FR,ES,app,desktop,0
TXN00001503,CUST000031,2025-02-26 20:58:57.003505,2040.3,EUR,ES,DE,app,tablet,0
TXN00001504,CUST000146,2025-03-03 03:33:57.003505,1441.88,EUR,IT,IT,sucursal,pos,0
TXN00001505,CUST000167,2025-07-05 04:29:57.003505,4966.53,EUR,US,DE,cajero,tablet,0
TXN00001506,CUST000006,2025-03-01 00:14:57.003505,40.47,EUR,FR,FR,sucursal,mobile,0
TXN00001507,CUST000074,2025-11-01 04:35:57.003505,2015.72,EUR,IT,ES,app,tablet,0
TXN00001508,CUST000177,2025-07-13 21:50:57.003505,715.67,EUR,FR,DE,app,desktop,0
TXN00001509,CUST000024,2025-07-28 18:44:57.003505,7414.76,EUR,FR,DE,web,tablet,0
TXN00001510,CUST000173,2025-09-27 09:33:57.003505,4069.35,EUR,DE,US,web,atm,0
TXN00001511,CUST000140,2026-01-06 23:47:57.003505,1707.84,EUR,DE,IT,sucursal,desktop,0
TXN00001512,CUST000024,2025-12-06 03:40:57.003505,24084.53,EUR,FR,DE,sucursal,desktop,0
TXN00001513,CUST000118,2025-11-22 01:31:57.003505,2581.71,EUR,DE,ES,cajero,mobile,0
TXN00001514,CUST000066,2025-08-30 06:42:57.003505,2987.52,EUR,DE,FR,web,pos,0
TXN00001515,CUST000001,2025-05-14 03:37:57.003505,463.39,EUR,FR,ES,web,atm,0
TXN00001516,CUST000048,2025-12-01 22:08:57.107482,90946.25,EUR,FR,IT,sucursal,pos,1
TXN00001517,CUST000058,2025-07-09 21:21:57.003505,4612.05,EUR,FR,DE,app,desktop,0
TXN00001518,CUST000052,2025-06-11 22:21:57.003505,103.91,EUR,ES,ES,cajero,mobile,0
TXN00001519,CUST000182,2025-07-02 18:27:57.003505,3855.47,EUR,FR,IT,web,atm,0
TXN00001520,CUST000117,2025-09-14 02:40:57.003505,3553.92,EUR,ES,GB,web,desktop,0
TXN00001521,CUST000129,2025-06-26 19:30:57.003505,1483.34,CHF,US,GB,web,atm,0
TXN00001522,CUST000172,2025-10-19 08:34:57.003505,2392.36,EUR,FR,DE,cajero,tablet,0
TXN00001523,CUST000099,2025-11-03 00:57:57.003505,103.97,EUR,IT,FR,cajero,desktop,0
TXN00001524,CUST000189,2025-02-12 22:33:57.003505,4296.29,EUR,DE,FR,web,tablet,0
TXN00001525,CUST000182,2025-10-29 22:49:57.003505,11317.82,EUR,FR,IT,sucursal,pos,0
TXN00001526,CUST000072,2025-05-15 07:47:57.003505,1816.41,USD,GB,GB,cajero,pos,0
TXN00001527,CUST000007,2025-02-12 03:02:57.003505,4228.31,EUR,DE,CH,sucursal,desktop,0
TXN00001528,CUST000138,2025-02-17 08:55:57.003505,4035.32,EUR,FR,DE,app,tablet,0
TXN00001529,CUST000012,2025-03-05 21:13:57.107482,27259.34,EUR,IT,AF,sucursal,pos,1
TXN00001530,CUST000041,2025-06-14 22:12:57.003505,6028.9,EUR,DE,IT,sucursal,atm,0
TXN00001531,CUST000189,2025-12-09 03:55:57.003505,20768.37,EUR,DE,FR,cajero,tablet,0
TXN00001532,CUST000119,2025-07-06 20:50:57.003505,9764.2,EUR,US,IT,sucursal,desktop,0
TXN00001533,CUST000043,2025-07-16 21:05:57.003505,21200.16,GBP,CH,GB,web,tablet,0
TXN00001534,CUST000150,2025-12-11 03:32:57.003505,4735.33,EUR,ES,ES,cajero,tablet,0
TXN00001535,CUST000084,2025-09-01 01:10:57.003505,66.76,EUR,ES,ES,web,atm,0
TXN00001536,CUST000128,2025-03-09 09:44:57.003505,4218.97,EUR,FR,DE,app,pos,0
TXN00001537,CUST000105,2025-08-23 01:15:57.003505,2439.02,GBP,US,IT,web,tablet,0
TXN00001538,CUST000072,2025-12-31 00:17:57.003505,12862.22,CHF,GB,ES,sucursal,pos,0
TXN00001539,CUST000013,2025-04-20 04:25:57.003505,677.21,CHF,GB,ES,cajero,tablet,0
TXN00001540,CUST000012,2025-07-29 04:18:57.003505,2909.74,EUR,IT,IT,cajero,desktop,0
TXN00001541,CUST000156,2025-07-19 06:36:57.003505,20.11,EUR,FR,FR,app,tablet,0
TXN00001542,CUST000113,2025-04-01 04:26:57.003505,5723.43,USD,CH,DE,sucursal,pos,0
TXN00001543,CUST000120,2025-03-31 23:12:57.003505,330.51,EUR,IT,ES,web,mobile,0
TXN00001544,CUST000184,2025-03-23 23:56:57.003505,104.39,EUR,FR,IT,app,atm,0
TXN00001545,CUST000067,2025-04-29 05:06:57.003505,2721.76,EUR,DE,ES,web,atm,0
TXN00001546,CUST000114,2025-10-13 18:51:57.003505,3433.36,EUR,ES,DE,sucursal,atm,0
TXN00001547,CUST000174,2025-06-08 20:03:57.003505,737.03,EUR,IT,DE,sucursal,tablet,0
TXN00001548,CUST000047,2025-07-26 01:36:57.003505,3778.85,EUR,ES,DE,sucursal,desktop,0
TXN00001549,CUST000184,2025-09-11 07:44:57.003505,25.12,EUR,FR,ES,cajero,mobile,0
TXN00001550,CUST000045,2025-04-13 00:52:57.003505,2661.05,CHF,GB,GB,app,mobile,0
TXN00001551,CUST000176,2025-04-30 21:59:57.003505,747.59,EUR,ES,IT,cajero,pos,0
TXN00001552,CUST000180,2025-06-08 19:56:57.003505,951.47,USD,GB,ES,sucursal,pos,0
TXN00001553,CUST000159,2025-11-20 23:56:57.003505,8832.24,GBP,GB,IT,sucursal,desktop,0
TXN00001554,CUST000040,2025-04-02 03:17:57.003505,220.58,EUR,IT,IT,sucursal,mobile,0
TXN00001555,CUST000075,2026-01-02 01:43:57.003505,5632.56,EUR,FR,US,cajero,tablet,0
TXN00001556,CUST000158,2025-06-04 20:01:57.003505,1221.62,GBP,GB,GB,web,atm,0
TXN00001557,CUST000078,2025-06-28 03:48:57.003505,18412.73,EUR,DE,DE,web,pos,0
TXN00001558,CUST000026,2025-10-05 21:50:57.003505,119.4,EUR,FR,ES,app,mobile,0
TXN00001559,CUST000145,2025-06-14 23:50:57.003505,985.63,EUR,DE,GB,cajero,mobile,0
TXN00001560,CUST000114,2025-01-22 01:30:57.003505,4584.48,EUR,ES,DE,app,mobile,0
TXN00001561,CUST000057,2025-06-07 06:07:57.003505,450.19,EUR,ES,FR,sucursal,tablet,0
TXN00001562,CUST000097,2025-03-07 01:24:57.003505,2164.31,GBP,GB,ES,web,pos,0
TXN00001563,CUST000130,2025-08-02 03:56:57.003505,10284.09,EUR,IT,US,cajero,mobile,0
TXN00001564,CUST000150,2025-11-16 02:06:57.003505,10336.61,EUR,ES,FR,sucursal,atm,0
TXN00001565,CUST000022,2025-08-10 06:19:57.003505,1874.54,EUR,IT,US,app,desktop,0
TXN00001566,CUST000142,2025-08-18 04:37:57.003505,14706.87,EUR,DE,GB,cajero,pos,0
TXN00001567,CUST000090,2025-10-30 20:31:57.003505,7006.92,EUR,GB,GB,cajero,atm,0
TXN00001568,CUST000126,2025-06-01 21:27:57.003505,238.77,EUR,DE,ES,sucursal,tablet,0
TXN00001569,CUST000025,2025-11-28 21:02:57.107482,4629.8,EUR,ES,IR,app,tablet,1
TXN00001570,CUST000185,2025-02-27 21:20:57.003505,517.97,EUR,GB,FR,cajero,desktop,0
TXN00001571,CUST000185,2025-06-28 08:42:57.003505,581.14,EUR,GB,FR,web,atm,0
TXN00001572,CUST000084,2025-04-15 19:01:57.003505,150.68,EUR,ES,ES,app,desktop,0
TXN00001573,CUST000086,2025-04-06 02:40:57.003505,2618.99,EUR,ES,GB,app,pos,0
TXN00001574,CUST000142,2025-06-01 01:13:57.003505,5591.42,EUR,DE,GB,sucursal,pos,0
TXN00001575,CUST000016,2025-07-19 12:13:57.107482,43826.81,EUR,IT,SY,app,mobile,1
TXN00001576,CUST000088,2025-02-19 18:30:57.003505,912.74,EUR,DE,GB,app,tablet,0
TXN00001577,CUST000042,2025-08-04 11:15:57.107482,54422.7,EUR,ES,PK,app,tablet,1
TXN00001578,CUST000124,2025-02-08 08:19:57.003505,329.65,EUR,DE,IT,cajero,mobile,0
TXN00001579,CUST000055,2025-01-30 19:55:57.003505,7519.18,EUR,CH,GB,cajero,desktop,0
TXN00001580,CUST000081,2025-05-29 23:34:57.003505,7629.32,EUR,CH,CH,sucursal,mobile,0
TXN00001581,CUST000037,2025-12-20 06:11:57.003505,14.34,EUR,ES,IT,sucursal,pos,0
TXN00001582,CUST000002,2025-06-25 01:17:57.003505,41.24,EUR,ES,ES,sucursal,mobile,0
TXN00001583,CUST000095,2025-02-09 19:02:57.003505,65.71,EUR,IT,IT,cajero,mobile,0
TXN00001584,CUST000093,2025-08-03 23:03:57.003505,1470.88,EUR,FR,ES,sucursal,desktop,0
TXN00001585,CUST000120,2025-02-04 19:35:57.003505,16.49,EUR,IT,ES,app,mobile,0
TXN00001586,CUST000037,2026-01-03 22:10:57.003505,152.57,EUR,ES,ES,app,pos,0
TXN00001587,CUST000036,2025-04-13 22:44:57.003505,4459.35,EUR,FR,FR,app,tablet,0
TXN00001588,CUST000185,2025-04-03 20:37:57.003505,1950.91,GBP,GB,FR,cajero,atm,0
TXN00001589,CUST000187,2025-04-21 20:47:57.003505,7513.21,GBP,GB,ES,cajero,atm,0
TXN00001590,CUST000005,2025-04-04 01:48:57.107482,4760.33,EUR,GB,SY,app,pos,1
TXN00001591,CUST000059,2026-01-02 20:50:57.003505,13.83,EUR,FR,FR,app,pos,0
TXN00001592,CUST000167,2025-03-10 04:12:57.003505,4519.39,CHF,US,FR,web,pos,0
TXN00001593,CUST000174,2025-12-09 20:58:57.003505,1353.09,EUR,IT,GB,cajero,mobile,0
TXN00001594,CUST000036,2025-08-18 02:50:57.003505,2570.33,EUR,FR,DE,web,tablet,0
TXN00001595,CUST000089,2025-07-21 22:24:57.003505,381.67,EUR,ES,IT,cajero,mobile,0
TXN00001596,CUST000100,2025-12-22 19:24:57.003505,2334.58,USD,GB,IT,sucursal,tablet,0
TXN00001597,CUST000087,2025-03-16 03:53:57.003505,2969.7,EUR,ES,GB,web,pos,0
TXN00001598,CUST000105,2025-05-24 04:08:57.003505,9982.19,EUR,US,IT,cajero,desktop,0
TXN00001599,CUST000162,2025-03-18 03:11:57.003505,16420.08,USD,CH,GB,app,atm,0
TXN00001600,CUST000181,2025-05-08 07:19:57.003505,1345.31,EUR,IT,DE,web,mobile,0
TXN00001601,CUST000024,2025-06-03 04:29:57.003505,7981.37,EUR,FR,ES,web,mobile,0
TXN00001602,CUST000108,2025-03-01 23:32:57.003505,132.52,EUR,ES,FR,web,pos,0
TXN00001603,CUST000010,2025-04-07 20:38:57.003505,584.24,EUR,FR,DE,web,tablet,0
TXN00001604,CUST000059,2025-11-19 03:49:57.003505,436.67,EUR,FR,ES,cajero,pos,0
TXN00001605,CUST000068,2025-03-08 18:07:57.003505,404.5,EUR,ES,FR,cajero,desktop,0
TXN00001606,CUST000010,2025-02-13 05:31:57.003505,664.51,EUR,FR,DE,web,tablet,0
TXN00001607,CUST000093,2025-08-15 23:15:57.003505,4901.17,EUR,FR,FR,web,pos,0
TXN00001608,CUST000168,2026-01-11 06:00:57.003505,195.47,EUR,IT,ES,web,pos,0
TXN00001609,CUST000155,2025-02-04 01:25:57.003505,928.01,EUR,IT,DE,app,atm,0
TXN00001610,CUST000112,2025-08-26 21:51:57.003505,6881.44,GBP,US,DE,sucursal,pos,0
TXN00001611,CUST000095,2025-11-11 07:49:57.003505,26.19,EUR,IT,ES,cajero,tablet,0
TXN00001612,CUST000106,2025-04-26 00:27:57.003505,174.17,EUR,FR,IT,web,desktop,0
TXN00001613,CUST000168,2025-01-21 00:28:57.003505,2238.89,EUR,IT,ES,cajero,desktop,0
TXN00001614,CUST000054,2025-03-12 20:28:57.003505,777.52,GBP,GB,DE,app,mobile,0
TXN00001615,CUST000170,2025-05-24 01:32:57.003505,19483.51,USD,US,ES,web,tablet,0
TXN00001616,CUST000007,2025-12-30 03:37:57.003505,6281.2,EUR,DE,FR,sucursal,desktop,0
TXN00001617,CUST000032,2025-08-19 03:57:57.003505,117.2,EUR,FR,FR,sucursal,atm,0
TXN00001618,CUST000015,2025-09-29 21:46:57.003505,2377.98,EUR,FR,ES,web,tablet,0
TXN00001619,CUST000126,2025-11-21 23:19:57.003505,304.34,EUR,DE,GB,app,mobile,0
TXN00001620,CUST000020,2025-11-09 02:45:57.003505,154.47,EUR,IT,FR,web,tablet,0
TXN00001621,CUST000034,2025-04-22 13:17:57.107482,89753.64,EUR,FR,RU,cajero,desktop,1
TXN00001622,CUST000187,2025-04-09 04:46:57.003505,6565.99,GBP,GB,DE,app,mobile,0
TXN00001623,CUST000106,2025-02-04 23:57:57.003505,258.48,EUR,FR,ES,web,mobile,0
TXN00001624,CUST000012,2025-10-20 22:16:57.003505,10556.1,EUR,IT,FR,web,pos,0
TXN00001625,CUST000104,2025-08-14 00:30:57.003505,475.01,EUR,ES,ES,web,desktop,0
TXN00001626,CUST000083,2025-12-30 03:18:57.003505,439.12,EUR,ES,FR,app,mobile,0
TXN00001627,CUST000083,2025-11-02 07:47:57.003505,177.25,EUR,ES,FR,web,pos,0
TXN00001628,CUST000093,2025-09-26 08:43:57.003505,14272.39,EUR,FR,ES,cajero,tablet,0
TXN00001629,CUST000080,2025-03-18 07:17:57.003505,154.13,EUR,ES,ES,cajero,atm,0
TXN00001630,CUST000024,2025-09-25 20:54:57.003505,520.55,EUR,FR,US,app,mobile,0
TXN00001631,CUST000069,2025-11-16 00:07:57.003505,316.22,EUR,FR,FR,sucursal,tablet,0
TXN00001632,CUST000103,2025-11-17 00:24:57.003505,2427.42,EUR,ES,ES,web,desktop,0
TXN00001633,CUST000123,2026-01-10 05:37:57.003505,818.36,EUR,FR,ES,cajero,desktop,0
TXN00001634,CUST000036,2025-10-29 21:11:57.003505,12030.72,EUR,FR,FR,sucursal,pos,0
TXN00001635,CUST000164,2025-09-30 22:30:57.003505,3074.43,USD,US,DE,web,tablet,0
TXN00001636,CUST000132,2025-12-09 03:02:57.003505,2211.48,EUR,ES,FR,sucursal,mobile,0
TXN00001637,CUST000047,2025-01-22 01:12:57.003505,17814.87,EUR,ES,GB,cajero,tablet,0
TXN00001638,CUST000153,2025-03-23 04:31:57.003505,2648.6,EUR,ES,IT,web,atm,0
TXN00001639,CUST000029,2025-08-29 19:23:57.003505,14796.18,CHF,GB,US,sucursal,atm,0
TXN00001640,CUST000170,2025-03-26 21:21:57.003505,4399.32,CHF,US,FR,app,mobile,0
TXN00001641,CUST000021,2025-11-02 23:47:57.003505,251.97,EUR,FR,FR,web,tablet,0
TXN00001642,CUST000140,2025-10-07 08:54:57.003505,2150.44,EUR,DE,GB,web,atm,0
TXN00001643,CUST000021,2025-11-07 05:35:57.003505,31.75,EUR,FR,FR,cajero,atm,0
TXN00001644,CUST000003,2025-11-08 02:45:57.003505,116.55,EUR,ES,IT,cajero,tablet,0
TXN00001645,CUST000098,2025-03-29 19:53:57.003505,390.41,EUR,IT,ES,sucursal,mobile,0
TXN00001646,CUST000089,2025-03-12 01:16:57.003505,286.34,EUR,ES,ES,app,mobile,0
TXN00001647,CUST000005,2025-10-24 05:44:57.003505,878.55,GBP,GB,IT,app,desktop,0
TXN00001648,CUST000109,2025-08-27 20:29:57.003505,16399.78,EUR,CH,GB,cajero,mobile,0
TXN00001649,CUST000043,2025-11-27 22:00:57.003505,4625.98,GBP,CH,GB,app,atm,0
TXN00001650,CUST000045,2025-03-16 02:05:57.003505,125.29,CHF,GB,FR,cajero,atm,0
TXN00001651,CUST000068,2025-05-14 02:18:57.003505,333.7,EUR,ES,DE,web,pos,0
TXN00001652,CUST000131,2025-02-28 05:16:57.003505,333.66,EUR,DE,GB,sucursal,pos,0
TXN00001653,CUST000079,2025-10-04 18:07:57.003505,19103.2,EUR,FR,GB,sucursal,pos,0
TXN00001654,CUST000139,2025-11-20 19:24:57.003505,3917.99,CHF,US,ES,sucursal,atm,0
TXN00001655,CUST000148,2025-07-05 08:59:57.003505,10438.92,EUR,ES,IT,cajero,tablet,0
TXN00001656,CUST000085,2025-05-08 18:13:57.003505,544.17,EUR,FR,ES,app,atm,0
TXN00001657,CUST000098,2025-03-01 04:05:57.003505,231.71,EUR,IT,DE,sucursal,atm,0
TXN00001658,CUST000134,2026-01-15 21:32:57.003505,80.44,EUR,FR,ES,web,pos,0
TXN00001659,CUST000040,2025-07-12 20:15:57.003505,88.94,EUR,IT,ES,cajero,tablet,0
TXN00001660,CUST000122,2025-02-18 21:58:57.003505,1198.48,EUR,GB,GB,web,atm,0
TXN00001661,CUST000093,2025-08-16 23:21:57.003505,1371.08,EUR,FR,IT,cajero,atm,0
TXN00001662,CUST000150,2025-03-09 20:34:57.003505,3615.75,EUR,ES,GB,app,desktop,0
TXN00001663,CUST000158,2026-01-05 07:50:57.003505,241.16,USD,GB,GB,sucursal,desktop,0
TXN00001664,CUST000127,2025-10-29 03:44:57.003505,14073.5,EUR,FR,US,sucursal,atm,0
TXN00001665,CUST000145,2025-05-04 07:03:57.003505,816.52,EUR,DE,GB,web,desktop,0
TXN00001666,CUST000036,2025-08-12 20:30:57.003505,11759.56,EUR,FR,DE,web,desktop,0
TXN00001667,CUST000057,2025-01-29 02:24:57.003505,215.0,EUR,ES,IT,cajero,atm,0
TXN00001668,CUST000137,2025-05-01 00:09:57.003505,746.53,EUR,FR,FR,cajero,atm,0
TXN00001669,CUST000029,2026-01-06 00:17:57.107482,19674.02,EUR,GB,AF,cajero,mobile,1
TXN00001670,CUST000097,2025-08-31 22:56:57.003505,7417.45,USD,GB,GB,sucursal,desktop,0
TXN00001671,CUST000165,2025-12-30 18:01:57.003505,456.27,EUR,FR,IT,app,mobile,0
TXN00001672,CUST000109,2025-08-16 23:38:57.003505,20040.5,GBP,CH,DE,sucursal,atm,0
TXN00001673,CUST000013,2025-09-30 19:19:57.003505,201.2,CHF,GB,FR,cajero,desktop,0
TXN00001674,CUST000047,2025-02-14 21:31:57.107482,27687.24,EUR,ES,CN,sucursal,atm,1
TXN00001675,CUST000077,2025-03-11 22:22:57.003505,2890.26,USD,CH,CH,app,mobile,0
TXN00001676,CUST000038,2025-02-09 23:37:57.107482,3501.7,EUR,ES,IR,sucursal,pos,1
TXN00001677,CUST000049,2025-08-03 07:51:57.003505,1496.75,EUR,ES,DE,sucursal,atm,0
TXN00001678,CUST000182,2025-08-10 05:16:57.003505,1776.96,EUR,FR,US,web,desktop,0
TXN00001679,CUST000028,2025-06-30 04:41:57.003505,73.74,EUR,ES,IT,web,tablet,0
TXN00001680,CUST000081,2025-06-25 01:32:57.003505,12754.22,EUR,CH,GB,sucursal,tablet,0
TXN00001681,CUST000068,2025-10-21 06:14:57.003505,810.88,EUR,ES,FR,app,atm,0
TXN00001682,CUST000150,2025-01-25 02:01:57.003505,11703.12,EUR,ES,IT,sucursal,desktop,0
TXN00001683,CUST000120,2025-05-10 00:42:57.003505,156.99,EUR,IT,ES,web,desktop,0
TXN00001684,CUST000099,2025-06-17 03:59:57.003505,130.28,EUR,IT,ES,sucursal,atm,0
TXN00001685,CUST000131,2025-07-29 01:11:57.003505,144.29,EUR,DE,DE,web,tablet,0
TXN00001686,CUST000109,2025-02-25 01:03:57.003505,1027.34,CHF,CH,CH,cajero,pos,0
TXN00001687,CUST000037,2025-03-10 09:18:57.107482,1054.65,EUR,ES,ES,cajero,mobile,1
TXN00001688,CUST000123,2025-03-21 05:28:57.003505,766.14,EUR,FR,IT,app,desktop,0
TXN00001689,CUST000089,2025-06-29 01:36:57.003505,264.35,EUR,ES,FR,cajero,desktop,0
TXN00001690,CUST000009,2025-05-11 20:02:57.003505,2876.48,EUR,FR,ES,app,mobile,0
TXN00001691,CUST000076,2025-07-07 06:33:57.003505,190.86,EUR,ES,FR,cajero,pos,0
TXN00001692,CUST000026,2025-08-22 03:06:57.003505,85.18,EUR,FR,ES,sucursal,atm,0
TXN00001693,CUST000147,2025-10-04 04:18:57.003505,13468.84,CHF,US,DE,app,atm,0
TXN00001694,CUST000017,2025-07-11 06:42:57.107482,24328.57,EUR,FR,NG,web,pos,1
TXN00001695,CUST000137,2026-01-15 23:15:57.003505,722.48,EUR,FR,GB,app,pos,0
TXN00001696,CUST000114,2025-06-21 19:03:57.003505,3072.35,EUR,ES,FR,app,tablet,0
TXN00001697,CUST000137,2025-11-23 22:01:57.003505,529.18,EUR,FR,FR,app,desktop,0
TXN00001698,CUST000090,2025-04-04 02:13:57.003505,16607.58,USD,GB,FR,cajero,mobile,0
TXN00001699,CUST000141,2025-03-10 06:33:57.003505,420.8,CHF,GB,DE,sucursal,mobile,0
TXN00001700,CUST000027,2025-04-17 21:08:57.003505,318.53,EUR,FR,ES,app,atm,0
TXN00001701,CUST000060,2025-02-05 01:31:57.003505,602.67,EUR,IT,FR,cajero,tablet,0
TXN00001702,CUST000069,2025-05-04 03:59:57.003505,78.53,EUR,FR,ES,web,desktop,0
TXN00001703,CUST000151,2025-12-02 21:32:57.003505,10468.53,EUR,ES,ES,web,atm,0
TXN00001704,CUST000187,2025-01-23 23:14:57.003505,6373.11,CHF,GB,IT,sucursal,tablet,0
TXN00001705,CUST000167,2025-03-11 20:58:57.003505,14648.94,GBP,US,DE,sucursal,desktop,0
TXN00001706,CUST000074,2025-09-17 20:29:57.003505,2602.37,EUR,IT,US,sucursal,mobile,0
TXN00001707,CUST000090,2025-04-19 21:28:57.003505,3645.58,USD,GB,US,cajero,desktop,0
TXN00001708,CUST000130,2025-05-03 20:49:57.003505,4956.56,EUR,IT,DE,sucursal,mobile,0
TXN00001709,CUST000052,2025-11-26 23:06:57.003505,99.63,EUR,ES,ES,cajero,pos,0
TXN00001710,CUST000124,2025-08-13 00:55:57.003505,847.33,EUR,DE,GB,app,atm,0
TXN00001711,CUST000115,2025-05-03 19:28:57.003505,8327.62,EUR,DE,GB,web,desktop,0
TXN00001712,CUST000158,2025-12-26 05:45:57.003505,1864.28,GBP,GB,IT,web,mobile,0
TXN00001713,CUST000083,2025-10-04 03:58:57.003505,66.04,EUR,ES,IT,cajero,pos,0
TXN00001714,CUST000136,2025-05-08 20:01:57.003505,244.85,EUR,FR,IT,app,desktop,0
TXN00001715,CUST000182,2025-12-29 18:14:57.003505,1748.49,EUR,FR,GB,sucursal,atm,0
TXN00001716,CUST000111,2026-01-16 06:15:57.003505,390.61,EUR,ES,IT,cajero,mobile,0
TXN00001717,CUST000064,2025-12-03 03:49:57.003505,872.8,EUR,ES,GB,web,mobile,0
TXN00001718,CUST000089,2025-04-15 07:22:57.003505,225.26,EUR,ES,FR,app,atm,0
TXN00001719,CUST000100,2025-03-16 23:54:57.003505,7486.67,USD,GB,ES,sucursal,mobile,0
TXN00001720,CUST000065,2025-10-20 06:35:57.003505,349.64,EUR,DE,ES,sucursal,desktop,0
TXN00001721,CUST000149,2025-02-11 06:22:57.003505,2238.29,EUR,ES,ES,web,atm,0
TXN00001722,CUST000146,2025-12-09 00:32:57.003505,872.94,EUR,IT,DE,sucursal,atm,0
TXN00001723,CUST000030,2025-12-02 05:13:57.003505,2816.05,GBP,GB,FR,app,desktop,0
TXN00001724,CUST000019,2025-05-25 00:55:57.107482,55498.75,EUR,DE,US,app,desktop,1
TXN00001725,CUST000136,2025-12-30 07:42:57.003505,62.08,EUR,FR,IT,cajero,pos,0
TXN00001726,CUST000184,2025-12-17 00:44:57.003505,379.09,EUR,FR,IT,cajero,atm,0
TXN00001727,CUST000056,2025-03-24 21:47:57.003505,394.79,CHF,GB,DE,app,tablet,0
TXN00001728,CUST000136,2025-09-23 01:14:57.003505,118.18,EUR,FR,FR,web,atm,0
TXN00001729,CUST000059,2025-02-11 07:39:57.003505,67.27,EUR,FR,ES,web,atm,0
TXN00001730,CUST000014,2025-07-02 14:20:57.107482,46861.1,EUR,IT,NG,cajero,pos,1
TXN00001731,CUST000049,2025-05-31 22:24:57.003505,127.97,EUR,ES,DE,web,tablet,0
TXN00001732,CUST000104,2025-01-17 07:20:57.003505,749.74,EUR,ES,DE,cajero,desktop,0
TXN00001733,CUST000171,2025-02-05 01:44:57.003505,2009.46,EUR,IT,DE,sucursal,desktop,0
TXN00001734,CUST000132,2025-09-15 19:55:57.003505,4747.73,EUR,ES,US,app,pos,0
TXN00001735,CUST000040,2025-07-23 07:01:57.003505,45.96,EUR,IT,IT,cajero,atm,0
TXN00001736,CUST000154,2025-04-25 23:18:57.003505,2527.92,EUR,ES,ES,sucursal,desktop,0
TXN00001737,CUST000135,2025-07-27 23:43:57.003505,1664.85,EUR,ES,DE,app,pos,0
TXN00001738,CUST000135,2025-10-15 08:41:57.003505,135.69,EUR,ES,DE,sucursal,pos,0
TXN00001739,CUST000022,2025-09-27 06:14:57.003505,5046.37,EUR,IT,GB,app,pos,0
TXN00001740,CUST000059,2025-05-12 00:23:57.003505,46.1,EUR,FR,IT,sucursal,mobile,0
TXN00001741,CUST000078,2025-07-21 02:27:57.003505,22782.82,EUR,DE,CH,web,desktop,0
TXN00001742,CUST000038,2025-04-12 12:30:57.107482,44505.45,EUR,ES,KP,web,pos,1
TXN00001743,CUST000082,2025-12-07 19:37:57.003505,3803.9,EUR,ES,GB,app,mobile,0
TXN00001744,CUST000140,2025-06-25 08:37:57.003505,735.39,EUR,DE,IT,sucursal,mobile,0
TXN00001745,CUST000161,2025-08-04 20:44:57.003505,109.06,EUR,ES,IT,cajero,desktop,0
TXN00001746,CUST000187,2025-05-29 19:33:57.003505,4548.17,EUR,GB,DE,cajero,pos,0
TXN00001747,CUST000117,2025-02-12 02:30:57.003505,5102.21,EUR,ES,US,cajero,desktop,0
TXN00001748,CUST000105,2025-09-15 22:14:57.003505,1261.21,EUR,US,IT,cajero,pos,0
TXN00001749,CUST000075,2025-05-30 04:33:57.003505,7510.55,EUR,FR,FR,web,tablet,0
TXN00001750,CUST000137,2025-08-01 08:05:57.003505,748.62,EUR,FR,FR,sucursal,pos,0
TXN00001751,CUST000075,2025-07-04 00:07:57.003505,5605.63,EUR,FR,DE,app,atm,0
TXN00001752,CUST000071,2025-03-07 17:04:57.003505,22971.96,EUR,FR,CH,cajero,tablet,0
TXN00001753,CUST000154,2025-11-06 23:36:57.003505,4337.17,EUR,ES,FR,web,atm,0
TXN00001754,CUST000120,2025-09-16 19:02:57.003505,95.93,EUR,IT,ES,sucursal,desktop,0
TXN00001755,CUST000035,2025-04-24 07:57:57.003505,352.03,EUR,DE,FR,web,pos,0
TXN00001756,CUST000172,2025-09-29 20:35:57.003505,718.04,EUR,FR,DE,web,tablet,0
TXN00001757,CUST000055,2025-10-06 19:06:57.003505,4505.7,EUR,CH,US,app,tablet,0
TXN00001758,CUST000158,2025-10-10 03:13:57.003505,759.13,EUR,GB,IT,web,pos,0
TXN00001759,CUST000099,2026-01-06 20:16:57.003505,94.53,EUR,IT,IT,cajero,desktop,0
TXN00001760,CUST000050,2025-12-10 23:49:57.003505,9075.43,EUR,FR,FR,app,atm,0
TXN00001761,CUST000013,2025-09-18 00:45:57.003505,2555.06,CHF,GB,IT,sucursal,desktop,0
TXN00001762,CUST000159,2025-09-16 23:48:57.003505,7547.32,EUR,GB,US,sucursal,mobile,0
TXN00001763,CUST000188,2025-06-01 01:11:57.003505,11248.45,EUR,IT,US,web,atm,0
TXN00001764,CUST000102,2025-03-06 02:57:57.003505,5260.15,EUR,FR,US,web,pos,0
TXN00001765,CUST000173,2025-11-15 01:21:57.003505,1487.45,EUR,DE,FR,web,pos,0
TXN00001766,CUST000106,2025-04-09 02:50:57.003505,71.69,EUR,FR,FR,app,mobile,0
TXN00001767,CUST000039,2025-02-03 20:15:57.107482,81661.54,EUR,DE,DE,app,atm,1
TXN00001768,CUST000094,2025-11-25 22:38:57.003505,5476.29,GBP,GB,US,app,atm,0
TXN00001769,CUST000041,2025-03-02 03:26:57.003505,9141.57,EUR,DE,US,web,mobile,0
TXN00001770,CUST000126,2025-09-28 01:03:57.003505,577.57,EUR,DE,FR,app,pos,0
TXN00001771,CUST000133,2025-08-26 22:28:57.003505,284.51,EUR,IT,ES,sucursal,pos,0
TXN00001772,CUST000003,2025-04-11 21:08:57.107482,83676.15,EUR,ES,IT,web,mobile,1
TXN00001773,CUST000171,2025-11-14 06:44:57.003505,4348.79,EUR,IT,FR,app,desktop,0
TXN00001774,CUST000072,2025-05-02 18:43:57.003505,3410.56,EUR,GB,FR,cajero,mobile,0
TXN00001775,CUST000028,2025-11-07 07:19:57.003505,65.71,EUR,ES,ES,app,mobile,0
TXN00001776,CUST000173,2025-03-17 22:20:57.003505,5191.56,EUR,DE,IT,web,desktop,0
TXN00001777,CUST000186,2025-07-02 01:28:57.003505,4664.91,EUR,IT,GB,app,pos,0
TXN00001778,CUST000025,2025-05-26 07:31:57.003505,152.23,EUR,ES,ES,sucursal,tablet,0
TXN00001779,CUST000168,2026-01-11 18:59:57.003505,355.55,EUR,IT,FR,cajero,mobile,0
TXN00001780,CUST000176,2025-07-20 21:52:57.003505,804.87,EUR,ES,FR,app,mobile,0
TXN00001781,CUST000129,2025-01-26 07:01:57.003505,10536.7,USD,US,US,web,pos,0
TXN00001782,CUST000070,2025-01-22 03:17:57.003505,387.65,EUR,ES,FR,sucursal,desktop,0
TXN00001783,CUST000083,2025-09-02 06:18:57.003505,91.88,EUR,ES,IT,web,pos,0
TXN00001784,CUST000055,2025-02-06 20:20:57.003505,7703.82,CHF,CH,ES,sucursal,tablet,0
TXN00001785,CUST000031,2025-05-05 03:14:57.003505,4603.09,EUR,ES,DE,sucursal,atm,0
TXN00001786,CUST000083,2025-10-03 20:28:57.003505,97.32,EUR,ES,ES,sucursal,mobile,0
TXN00001787,CUST000072,2025-07-27 09:17:57.003505,4027.58,GBP,GB,IT,sucursal,mobile,0
TXN00001788,CUST000173,2025-02-15 20:28:57.003505,3080.91,EUR,DE,GB,web,desktop,0
TXN00001789,CUST000180,2025-02-12 22:21:57.003505,732.6,CHF,GB,GB,cajero,mobile,0
TXN00001790,CUST000024,2025-09-06 03:43:57.107482,73708.1,EUR,FR,DE,app,pos,1
TXN00001791,CUST000163,2025-09-04 07:33:57.003505,70.84,EUR,ES,ES,sucursal,desktop,0
TXN00001792,CUST000110,2025-11-11 00:19:57.003505,257.93,EUR,ES,IT,sucursal,mobile,0
TXN00001793,CUST000149,2025-04-30 06:35:57.003505,1923.46,EUR,ES,GB,web,mobile,0
TXN00001794,CUST000066,2025-06-13 20:45:57.003505,328.89,EUR,DE,GB,cajero,tablet,0
TXN00001795,CUST000158,2025-06-29 18:14:57.003505,478.52,CHF,GB,FR,app,pos,0
TXN00001796,CUST000103,2025-02-08 22:41:57.003505,1578.7,EUR,ES,DE,app,atm,0
TXN00001797,CUST000044,2025-07-08 20:26:57.003505,2317.26,EUR,ES,IT,sucursal,desktop,0
TXN00001798,CUST000084,2025-11-10 05:15:57.003505,13.22,EUR,ES,ES,sucursal,pos,0
TXN00001799,CUST000002,2025-06-20 00:22:57.003505,132.54,EUR,ES,FR,cajero,mobile,0
TXN00001800,CUST000108,2025-11-28 02:23:57.003505,150.74,EUR,ES,ES,web,tablet,0
TXN00001801,CUST000061,2025-10-31 01:03:57.003505,5237.31,EUR,IT,US,sucursal,tablet,0
TXN00001802,CUST000146,2025-06-08 00:26:57.003505,820.97,EUR,IT,GB,app,tablet,0
TXN00001803,CUST000071,2025-11-09 22:22:57.003505,9845.32,EUR,FR,DE,web,mobile,0
TXN00001804,CUST000084,2025-08-17 23:30:57.003505,339.4,EUR,ES,IT,web,desktop,0
TXN00001805,CUST000001,2025-06-02 23:43:57.003505,436.37,EUR,FR,DE,cajero,atm,0
TXN00001806,CUST000051,2025-07-27 20:46:57.003505,238.25,EUR,DE,IT,sucursal,tablet,0
TXN00001807,CUST000155,2025-03-30 19:42:57.003505,616.31,EUR,IT,IT,sucursal,tablet,0
TXN00001808,CUST000077,2025-05-13 03:37:57.003505,899.6,USD,CH,DE,web,tablet,0
TXN00001809,CUST000186,2026-01-12 23:56:57.003505,3661.53,EUR,IT,IT,cajero,atm,0
TXN00001810,CUST000184,2025-06-04 01:35:57.003505,17.21,EUR,FR,FR,sucursal,pos,0
TXN00001811,CUST000168,2025-08-15 01:22:57.003505,797.26,EUR,IT,GB,web,tablet,0
TXN00001812,CUST000127,2025-11-18 23:43:57.003505,3479.81,EUR,FR,IT,app,atm,0
TXN00001813,CUST000150,2025-07-23 23:11:57.003505,4053.03,EUR,ES,GB,cajero,atm,0
TXN00001814,CUST000182,2025-06-27 01:47:57.003505,10518.85,EUR,FR,US,cajero,atm,0
TXN00001815,CUST000047,2025-06-03 19:33:57.003505,564.29,EUR,ES,ES,web,atm,0
TXN00001816,CUST000031,2025-11-15 17:49:57.003505,3646.58,EUR,ES,FR,app,desktop,0
TXN00001817,CUST000060,2025-11-11 08:28:57.003505,770.47,EUR,IT,IT,sucursal,mobile,0
TXN00001818,CUST000187,2025-04-14 20:41:57.003505,4605.85,CHF,GB,FR,sucursal,mobile,0
TXN00001819,CUST000041,2025-10-22 09:57:57.107482,11146.88,EUR,DE,US,app,pos,1
TXN00001820,CUST000009,2025-03-09 00:12:57.003505,5965.15,EUR,FR,DE,web,tablet,0
TXN00001821,CUST000085,2025-11-29 22:10:57.003505,2222.17,EUR,FR,DE,cajero,mobile,0
TXN00001822,CUST000076,2025-06-28 23:41:57.003505,302.86,EUR,ES,IT,cajero,tablet,0
TXN00001823,CUST000139,2025-05-11 17:21:57.003505,4607.56,EUR,US,US,web,pos,0
TXN00001824,CUST000082,2025-07-12 20:58:57.003505,24431.66,EUR,ES,CH,web,desktop,0
TXN00001825,CUST000082,2025-08-13 23:29:57.003505,2355.02,EUR,ES,DE,sucursal,desktop,0
TXN00001826,CUST000151,2025-03-06 18:10:57.003505,7092.21,EUR,ES,US,web,atm,0
TXN00001827,CUST000008,2025-04-19 22:43:57.003505,12849.9,EUR,IT,FR,web,tablet,0
TXN00001828,CUST000051,2025-06-22 05:29:57.003505,936.39,EUR,DE,FR,app,tablet,0
TXN00001829,CUST000048,2025-07-15 09:50:57.107482,91202.35,EUR,FR,GB,app,atm,1
TXN00001830,CUST000049,2025-04-18 01:52:57.107482,72698.74,EUR,ES,FR,web,tablet,1
TXN00001831,CUST000026,2025-07-03 06:16:57.003505,143.77,EUR,FR,FR,web,pos,0
TXN00001832,CUST000070,2025-05-14 04:13:57.003505,30.81,EUR,ES,FR,app,pos,0
TXN00001833,CUST000186,2025-07-31 00:51:57.003505,2792.43,EUR,IT,US,cajero,atm,0
TXN00001834,CUST000127,2025-12-01 07:51:57.003505,1469.68,EUR,FR,GB,cajero,atm,0
TXN00001835,CUST000041,2025-05-21 07:49:57.003505,2332.13,EUR,DE,IT,app,desktop,0
TXN00001836,CUST000014,2025-01-21 21:55:57.003505,171.13,EUR,IT,IT,cajero,mobile,0
TXN00001837,CUST000003,2025-05-31 00:55:57.003505,93.56,EUR,ES,ES,sucursal,atm,0
TXN00001838,CUST000167,2025-10-29 03:07:57.003505,1308.26,EUR,US,FR,app,desktop,0
TXN00001839,CUST000179,2025-04-18 01:16:57.003505,2580.37,EUR,DE,FR,app,atm,0
TXN00001840,CUST000010,2025-05-06 20:13:57.003505,169.28,EUR,FR,ES,cajero,mobile,0
TXN00001841,CUST000084,2025-04-07 07:54:57.003505,147.76,EUR,ES,ES,sucursal,mobile,0
TXN00001842,CUST000071,2025-06-19 22:54:57.003505,6430.06,EUR,FR,GB,cajero,tablet,0
TXN00001843,CUST000152,2025-06-07 20:26:57.003505,284.75,EUR,GB,DE,app,tablet,0
TXN00001844,CUST000045,2025-02-27 22:13:57.107482,32048.92,CHF,GB,DE,web,pos,1
TXN00001845,CUST000049,2025-04-01 21:16:57.107482,48811.5,EUR,ES,IT,web,desktop,1
TXN00001846,CUST000021,2025-08-02 03:07:57.003505,447.34,EUR,FR,IT,web,mobile,0
TXN00001847,CUST000003,2025-05-23 12:06:57.107482,723.66,EUR,ES,ES,cajero,pos,1
TXN00001848,CUST000166,2025-08-02 06:46:57.003505,5249.3,EUR,GB,GB,web,desktop,0
TXN00001849,CUST000137,2026-01-01 19:05:57.003505,2369.78,EUR,FR,DE,sucursal,mobile,0
TXN00001850,CUST000189,2026-01-14 01:20:57.003505,1619.77,EUR,DE,US,sucursal,atm,0
TXN00001851,CUST000176,2025-10-24 22:25:57.003505,1943.82,EUR,ES,DE,cajero,desktop,0
TXN00001852,CUST000020,2025-12-20 19:56:57.003505,50.26,EUR,IT,IT,cajero,pos,0
TXN00001853,CUST000140,2025-07-28 20:14:57.003505,525.97,EUR,DE,ES,cajero,atm,0
TXN00001854,CUST000110,2025-08-17 05:34:57.003505,74.19,EUR,ES,FR,web,mobile,0
TXN00001855,CUST000139,2025-07-23 20:44:57.003505,17640.03,CHF,US,CH,app,desktop,0
TXN00001856,CUST000020,2025-02-07 00:49:57.003505,27.02,EUR,IT,ES,sucursal,tablet,0
TXN00001857,CUST000119,2025-08-06 04:28:57.003505,4260.76,EUR,US,US,web,tablet,0
TXN00001858,CUST000081,2025-04-20 19:44:57.003505,16817.6,CHF,CH,US,web,desktop,0
TXN00001859,CUST000173,2025-06-21 01:09:57.003505,3608.67,EUR,DE,DE,app,tablet,0
TXN00001860,CUST000187,2025-09-27 01:57:57.003505,1272.52,USD,GB,FR,app,tablet,0
TXN00001861,CUST000113,2025-11-13 21:06:57.003505,873.98,CHF,CH,CH,cajero,tablet,0
TXN00001862,CUST000034,2025-02-21 23:13:57.003505,179.0,EUR,FR,IT,app,atm,0
TXN00001863,CUST000070,2025-09-22 01:41:57.003505,108.88,EUR,ES,IT,web,mobile,0
TXN00001864,CUST000134,2025-05-01 02:17:57.003505,262.9,EUR,FR,IT,sucursal,desktop,0
TXN00001865,CUST000109,2025-11-29 02:10:57.003505,6611.93,GBP,CH,GB,app,atm,0
TXN00001866,CUST000082,2025-06-01 17:43:57.003505,9964.0,EUR,ES,FR,app,mobile,0
TXN00001867,CUST000111,2025-10-09 20:04:57.003505,23.06,EUR,ES,IT,web,atm,0
TXN00001868,CUST000177,2025-03-18 20:55:57.003505,159.67,EUR,FR,ES,app,desktop,0
TXN00001869,CUST000115,2025-02-06 03:40:57.003505,6935.19,EUR,DE,CH,web,mobile,0
TXN00001870,CUST000039,2025-10-23 19:27:57.003505,4906.07,EUR,DE,CH,sucursal,pos,0
TXN00001871,CUST000038,2025-12-20 00:11:57.003505,503.5,EUR,ES,IT,app,desktop,0
TXN00001872,CUST000092,2025-12-17 21:20:57.003505,5013.8,EUR,FR,ES,sucursal,tablet,0
TXN00001873,CUST000027,2025-07-10 01:16:57.003505,28.06,EUR,FR,IT,cajero,mobile,0
TXN00001874,CUST000113,2025-06-23 02:22:57.003505,1932.43,GBP,CH,ES,cajero,pos,0
TXN00001875,CUST000060,2025-11-21 08:36:57.003505,618.31,EUR,IT,GB,sucursal,atm,0
TXN00001876,CUST000003,2025-02-07 01:46:57.003505,70.68,EUR,ES,IT,web,mobile,0
TXN00001877,CUST000049,2025-02-08 05:47:57.003505,236.55,EUR,ES,FR,app,mobile,0
TXN00001878,CUST000151,2025-10-06 04:32:57.003505,14338.55,EUR,ES,US,cajero,mobile,0
TXN00001879,CUST000108,2025-06-22 22:39:57.003505,74.24,EUR,ES,ES,sucursal,atm,0
TXN00001880,CUST000141,2025-03-25 21:16:57.003505,2519.88,GBP,GB,DE,app,mobile,0
TXN00001881,CUST000125,2025-01-25 21:20:57.003505,10059.98,USD,US,FR,sucursal,pos,0
TXN00001882,CUST000179,2025-09-24 22:25:57.003505,12053.45,EUR,DE,FR,cajero,desktop,0
TXN00001883,CUST000052,2025-07-17 22:12:57.003505,305.78,EUR,ES,FR,web,desktop,0
TXN00001884,CUST000121,2025-11-29 03:28:57.003505,256.77,EUR,ES,ES,web,tablet,0
TXN00001885,CUST000031,2026-01-01 04:04:57.003505,24751.03,EUR,ES,GB,web,pos,0
TXN00001886,CUST000094,2025-03-27 02:08:57.003505,17898.34,EUR,GB,DE,web,pos,0
TXN00001887,CUST000151,2025-12-21 19:37:57.003505,13620.39,EUR,ES,GB,app,pos,0
TXN00001888,CUST000081,2025-07-18 23:44:57.003505,3638.97,EUR,CH,DE,app,pos,0
TXN00001889,CUST000029,2026-01-06 06:08:57.107482,9635.9,EUR,GB,NG,web,desktop,1
TXN00001890,CUST000090,2025-04-27 22:20:57.003505,4886.28,EUR,GB,ES,cajero,atm,0
TXN00001891,CUST000117,2025-01-24 19:54:57.003505,2680.9,EUR,ES,GB,app,tablet,0
TXN00001892,CUST000116,2025-04-13 21:28:57.003505,1145.06,EUR,FR,DE,app,pos,0
TXN00001893,CUST000119,2025-12-20 06:18:57.003505,1035.0,GBP,US,US,web,desktop,0
TXN00001894,CUST000090,2025-05-14 04:01:57.003505,10162.08,USD,GB,DE,cajero,pos,0
TXN00001895,CUST000108,2025-07-19 02:57:57.003505,91.62,EUR,ES,FR,sucursal,tablet,0
TXN00001896,CUST000099,2025-08-30 02:41:57.003505,146.43,EUR,IT,IT,sucursal,mobile,0
TXN00001897,CUST000068,2025-04-02 22:10:57.003505,707.49,EUR,ES,DE,cajero,atm,0
TXN00001898,CUST000084,2025-01-22 03:22:57.003505,79.91,EUR,ES,FR,cajero,tablet,0
TXN00001899,CUST000107,2025-02-01 19:54:57.003505,10140.42,EUR,DE,CH,sucursal,tablet,0
TXN00001900,CUST000179,2025-04-23 00:39:57.003505,4152.74,EUR,DE,ES,sucursal,mobile,0
TXN00001901,CUST000186,2025-09-05 05:41:57.003505,1527.21,EUR,IT,FR,app,mobile,0
TXN00001902,CUST000154,2025-06-12 07:44:57.003505,10702.07,EUR,ES,IT,web,pos,0
TXN00001903,CUST000064,2025-05-28 19:38:57.003505,235.97,EUR,ES,GB,web,desktop,0
TXN00001904,CUST000182,2025-09-23 08:45:57.003505,2836.42,EUR,FR,DE,web,pos,0
TXN00001905,CUST000058,2025-04-02 00:12:57.003505,3702.6,EUR,FR,FR,cajero,pos,0
TXN00001906,CUST000026,2025-08-18 00:28:57.003505,80.62,EUR,FR,IT,cajero,desktop,0
TXN00001907,CUST000106,2025-11-17 06:04:57.003505,355.48,EUR,FR,IT,sucursal,tablet,0
TXN00001908,CUST000073,2026-01-05 05:58:57.003505,252.56,EUR,DE,FR,app,mobile,0
TXN00001909,CUST000025,2025-02-18 02:23:57.003505,1982.8,EUR,ES,IT,cajero,atm,0
TXN00001910,CUST000004,2025-11-18 05:46:57.003505,6485.66,EUR,DE,US,app,tablet,0
TXN00001911,CUST000142,2025-10-06 05:08:57.003505,1371.05,EUR,DE,ES,app,desktop,0
TXN00001912,CUST000117,2025-12-14 02:40:57.003505,3763.44,EUR,ES,DE,web,desktop,0
TXN00001913,CUST000132,2025-06-04 21:11:57.003505,2630.85,EUR,ES,IT,sucursal,tablet,0
TXN00001914,CUST000054,2025-08-02 08:56:57.003505,700.71,CHF,GB,GB,cajero,atm,0
TXN00001915,CUST000130,2025-09-13 18:11:57.003505,3510.96,EUR,IT,IT,cajero,pos,0
TXN00001916,CUST000006,2026-01-08 23:49:57.003505,137.74,EUR,FR,ES,cajero,atm,0
TXN00001917,CUST000020,2025-05-24 20:57:57.107482,736.04,EUR,IT,NG,web,atm,1
TXN00001918,CUST000162,2025-04-19 21:08:57.003505,1636.41,EUR,CH,CH,app,mobile,0
TXN00001919,CUST000179,2025-09-02 07:45:57.003505,3769.08,EUR,DE,DE,cajero,atm,0
TXN00001920,CUST000128,2026-01-04 01:45:57.003505,4745.7,EUR,FR,ES,web,pos,0
TXN00001921,CUST000188,2025-09-02 21:26:57.003505,9076.9,EUR,IT,DE,web,atm,0
TXN00001922,CUST000093,2025-07-06 19:58:57.003505,4705.67,EUR,FR,ES,app,mobile,0
TXN00001923,CUST000101,2025-03-15 21:14:57.003505,32.19,EUR,FR,ES,web,atm,0
TXN00001924,CUST000060,2025-01-16 06:30:57.003505,108.05,EUR,IT,IT,web,tablet,0
TXN00001925,CUST000083,2025-07-05 04:41:57.003505,277.54,EUR,ES,ES,web,pos,0
TXN00001926,CUST000019,2025-08-21 21:36:57.003505,7259.9,EUR,DE,GB,web,tablet,0
TXN00001927,CUST000083,2025-03-31 03:51:57.003505,101.24,EUR,ES,FR,cajero,atm,0
TXN00001928,CUST000083,2025-07-27 03:07:57.003505,154.7,EUR,ES,ES,app,tablet,0
TXN00001929,CUST000177,2025-02-25 20:10:57.003505,1080.0,EUR,FR,FR,cajero,pos,0
TXN00001930,CUST000040,2025-08-27 01:54:57.003505,78.64,EUR,IT,IT,app,desktop,0
TXN00001931,CUST000177,2025-10-09 22:29:57.003505,224.49,EUR,FR,IT,app,mobile,0
TXN00001932,CUST000054,2025-06-12 18:09:57.003505,729.79,EUR,GB,DE,web,atm,0
TXN00001933,CUST000079,2025-02-18 19:10:57.003505,6486.62,EUR,FR,ES,app,mobile,0
TXN00001934,CUST000183,2025-02-13 03:52:57.003505,110.54,EUR,IT,FR,app,pos,0
TXN00001935,CUST000039,2025-03-14 21:56:57.003505,10139.04,EUR,DE,DE,app,atm,0
TXN00001936,CUST000116,2025-11-12 22:36:57.003505,1921.67,EUR,FR,FR,sucursal,pos,0
TXN00001937,CUST000056,2025-12-30 00:51:57.003505,645.35,USD,GB,ES,app,desktop,0
TXN00001938,CUST000064,2025-05-14 05:37:57.003505,509.35,EUR,ES,ES,web,atm,0
TXN00001939,CUST000131,2025-11-11 18:10:57.003505,231.84,EUR,DE,DE,web,mobile,0
TXN00001940,CUST000098,2025-06-15 21:35:57.003505,2605.58,EUR,IT,ES,app,tablet,0
TXN00001941,CUST000063,2025-11-22 19:26:57.003505,116.09,EUR,FR,FR,app,mobile,0
TXN00001942,CUST000178,2025-05-12 22:01:57.003505,69.36,EUR,ES,IT,cajero,atm,0
TXN00001943,CUST000084,2025-10-05 05:43:57.003505,212.7,EUR,ES,FR,app,atm,0
TXN00001944,CUST000138,2025-05-19 08:11:57.003505,11759.99,EUR,FR,GB,web,pos,0
TXN00001945,CUST000049,2025-05-05 22:31:57.003505,336.79,EUR,ES,IT,sucursal,mobile,0
TXN00001946,CUST000169,2025-02-24 08:38:57.003505,852.03,EUR,DE,FR,sucursal,atm,0
TXN00001947,CUST000121,2025-07-10 07:46:57.003505,805.54,EUR,ES,ES,app,desktop,0
TXN00001948,CUST000052,2025-06-09 04:34:57.003505,193.92,EUR,ES,IT,web,atm,0
TXN00001949,CUST000126,2025-08-29 21:39:57.003505,477.66,EUR,DE,DE,web,pos,0
TXN00001950,CUST000076,2025-09-13 04:37:57.003505,16.86,EUR,ES,FR,cajero,atm,0
TXN00001951,CUST000040,2025-06-11 20:18:57.003505,89.85,EUR,IT,IT,sucursal,pos,0
TXN00001952,CUST000175,2025-03-08 00:56:57.003505,3756.61,USD,CH,DE,web,mobile,0
TXN00001953,CUST000179,2025-06-17 04:11:57.003505,7012.28,EUR,DE,US,sucursal,mobile,0
TXN00001954,CUST000122,2026-01-01 20:38:57.003505,1163.59,GBP,GB,DE,app,desktop,0
TXN00001955,CUST000076,2025-03-27 05:27:57.003505,162.12,EUR,ES,IT,sucursal,pos,0
TXN00001956,CUST000001,2025-12-26 23:49:57.003505,354.26,EUR,FR,IT,sucursal,atm,0
TXN00001957,CUST000001,2025-02-11 06:16:57.107482,27855.07,EUR,FR,ES,cajero,mobile,1
TXN00001958,CUST000025,2025-04-12 01:53:57.003505,346.16,EUR,ES,FR,cajero,atm,0
TXN00001959,CUST000033,2025-01-23 22:16:57.003505,1138.99,EUR,IT,GB,web,atm,0
TXN00001960,CUST000020,2025-12-13 22:02:57.003505,72.39,EUR,IT,ES,app,mobile,0
TXN00001961,CUST000094,2025-04-18 17:36:57.003505,7052.36,CHF,GB,FR,sucursal,tablet,0
TXN00001962,CUST000025,2025-03-06 07:24:57.003505,758.84,EUR,ES,DE,cajero,pos,0
TXN00001963,CUST000068,2025-01-22 19:40:57.003505,527.52,EUR,ES,ES,sucursal,desktop,0
TXN00001964,CUST000040,2025-06-03 04:13:57.003505,15.08,EUR,IT,ES,cajero,mobile,0
TXN00001965,CUST000130,2025-04-07 03:55:57.003505,10624.74,EUR,IT,ES,cajero,pos,0
TXN00001966,CUST000124,2025-02-08 07:20:57.003505,1462.77,EUR,DE,IT,sucursal,mobile,0
TXN00001967,CUST000112,2025-12-11 20:32:57.003505,8060.04,USD,US,US,app,desktop,0
TXN00001968,CUST000134,2025-08-01 01:47:57.003505,133.81,EUR,FR,IT,cajero,tablet,0
TXN00001969,CUST000152,2025-08-04 08:43:57.003505,344.51,CHF,GB,ES,app,pos,0
TXN00001970,CUST000079,2025-11-22 05:32:57.003505,20297.72,EUR,FR,FR,sucursal,pos,0
TXN00001971,CUST000091,2025-10-27 01:59:57.003505,5183.47,GBP,GB,US,app,desktop,0
TXN00001972,CUST000076,2026-01-10 20:13:57.003505,68.89,EUR,ES,ES,web,pos,0
TXN00001973,CUST000113,2025-04-16 01:38:57.003505,7471.37,CHF,CH,GB,sucursal,pos,0
TXN00001974,CUST000003,2025-05-01 00:32:57.003505,36.6,EUR,ES,IT,sucursal,tablet,0
TXN00001975,CUST000103,2025-08-16 00:07:57.003505,5625.8,EUR,ES,US,web,pos,0
TXN00001976,CUST000097,2025-08-21 00:06:57.003505,3706.75,GBP,GB,US,cajero,mobile,0
TXN00001977,CUST000183,2025-04-30 01:07:57.003505,184.1,EUR,IT,IT,web,pos,0
TXN00001978,CUST000147,2025-07-31 01:52:57.003505,1101.13,EUR,US,IT,app,desktop,0
TXN00001979,CUST000049,2025-11-10 05:23:57.003505,748.52,EUR,ES,FR,sucursal,atm,0
TXN00001980,CUST000171,2025-05-11 01:05:57.003505,8360.4,EUR,IT,DE,web,pos,0
TXN00001981,CUST000105,2025-10-01 18:29:57.003505,3872.06,USD,US,ES,sucursal,tablet,0
TXN00001982,CUST000031,2025-02-27 05:23:57.003505,5015.59,EUR,ES,ES,cajero,mobile,0
TXN00001983,CUST000007,2025-08-08 01:58:57.003505,18279.66,EUR,DE,DE,cajero,pos,0
TXN00001984,CUST000189,2025-07-24 01:44:57.003505,6741.77,EUR,DE,CH,web,mobile,0
TXN00001985,CUST000005,2025-12-16 01:55:57.003505,2414.99,EUR,GB,DE,web,pos,0
TXN00001986,CUST000023,2025-02-11 04:19:57.003505,3567.71,EUR,FR,FR,web,atm,0
TXN00001987,CUST000000,2025-01-21 22:16:57.003505,587.43,EUR,DE,ES,app,mobile,0
TXN00001988,CUST000164,2025-09-23 18:13:57.003505,8029.16,GBP,US,DE,sucursal,desktop,0
TXN00001989,CUST000067,2025-07-10 02:24:57.003505,3964.39,EUR,DE,FR,sucursal,atm,0
TXN00001990,CUST000146,2025-11-30 07:40:57.003505,2383.09,EUR,IT,GB,web,pos,0
TXN00001991,CUST000030,2025-11-05 02:05:57.003505,1222.77,EUR,GB,FR,cajero,desktop,0
TXN00001992,CUST000010,2025-05-27 22:33:57.003505,337.72,EUR,FR,FR,web,atm,0
TXN00001993,CUST000132,2025-01-21 21:39:57.003505,1808.42,EUR,ES,US,web,pos,0
TXN00001994,CUST000017,2025-02-08 03:31:57.003505,1156.46,EUR,FR,DE,app,mobile,0
TXN00001995,CUST000087,2025-12-15 05:18:57.003505,356.73,EUR,ES,FR,web,desktop,0
TXN00001996,CUST000185,2025-06-06 19:44:57.003505,607.97,EUR,GB,ES,sucursal,desktop,0
TXN00001997,CUST000043,2025-04-09 21:53:57.003505,12732.78,EUR,CH,DE,cajero,atm,0
TXN00001998,CUST000102,2025-08-21 03:45:57.003505,7443.84,EUR,FR,FR,app,desktop,0
TXN00001999,CUST000127,2025-10-04 19:34:57.003505,4177.71,EUR,FR,GB,app,atm,0
TXN00002000,CUST000028,2025-01-30 21:15:57.003505,404.18,EUR,ES,FR,app,tablet,0
TXN00002001,CUST000015,2025-07-25 03:40:57.003505,1881.27,EUR,FR,IT,app,atm,0
TXN00002002,CUST000159,2025-10-25 04:57:57.003505,1837.52,CHF,GB,FR,sucursal,mobile,0
TXN00002003,CUST000133,2025-06-10 00:08:57.003505,71.06,EUR,IT,ES,cajero,tablet,0
TXN00002004,CUST000089,2025-12-26 22:18:57.003505,21.64,EUR,ES,FR,cajero,mobile,0
TXN00002005,CUST000125,2025-07-16 05:08:57.003505,14400.92,CHF,US,US,web,pos,0
TXN00002006,CUST000082,2025-05-25 05:06:57.003505,22530.03,EUR,ES,US,cajero,pos,0
TXN00002007,CUST000018,2025-09-15 05:18:57.003505,326.23,EUR,FR,IT,sucursal,mobile,0
TXN00002008,CUST000119,2025-08-18 18:43:57.003505,5523.47,CHF,US,US,sucursal,desktop,0
TXN00002009,CUST000084,2025-09-29 07:57:57.003505,53.28,EUR,ES,FR,app,mobile,0
TXN00002010,CUST000046,2025-01-17 17:31:57.003505,16191.11,CHF,GB,ES,web,pos,0
TXN00002011,CUST000157,2025-12-21 23:43:57.003505,3396.79,EUR,IT,ES,cajero,desktop,0
TXN00002012,CUST000137,2025-08-23 20:35:57.003505,832.19,EUR,FR,IT,cajero,pos,0
TXN00002013,CUST000140,2025-02-19 23:50:57.003505,172.22,EUR,DE,FR,app,atm,0
TXN00002014,CUST000012,2025-10-28 22:26:57.107482,29292.29,EUR,IT,IR,app,pos,1
TXN00002015,CUST000153,2025-05-26 18:51:57.003505,953.25,EUR,ES,IT,web,atm,0
TXN00002016,CUST000004,2025-07-09 01:06:57.003505,6270.84,EUR,DE,ES,web,desktop,0
TXN00002017,CUST000042,2025-11-05 14:44:57.107482,12397.93,EUR,ES,ES,web,atm,1
TXN00002018,CUST000034,2025-05-10 02:54:57.003505,12.03,EUR,FR,FR,app,mobile,0
TXN00002019,CUST000057,2025-08-13 21:05:57.003505,72.74,EUR,ES,FR,cajero,atm,0
TXN00002020,CUST000118,2025-08-13 18:13:57.003505,11732.98,EUR,DE,DE,app,tablet,0
TXN00002021,CUST000048,2025-01-23 21:49:57.003505,2139.13,EUR,FR,IT,app,pos,0
TXN00002022,CUST000129,2025-08-23 08:36:57.003505,1822.86,USD,US,GB,sucursal,pos,0
TXN00002023,CUST000069,2025-08-16 20:58:57.003505,192.13,EUR,FR,FR,cajero,mobile,0
TXN00002024,CUST000086,2025-05-01 19:13:57.003505,2128.61,EUR,ES,US,sucursal,pos,0
TXN00002025,CUST000010,2025-08-25 11:50:57.107482,8082.96,EUR,FR,ES,sucursal,pos,1
TXN00002026,CUST000180,2025-09-17 04:34:57.003505,382.79,GBP,GB,IT,app,atm,0
TXN00002027,CUST000092,2025-11-17 01:48:57.003505,1647.48,EUR,FR,US,sucursal,atm,0
TXN00002028,CUST000003,2025-11-11 20:30:57.003505,122.11,EUR,ES,FR,cajero,mobile,0
TXN00002029,CUST000116,2025-03-10 20:08:57.003505,4508.48,EUR,FR,IT,app,desktop,0
TXN00002030,CUST000073,2025-12-07 05:12:57.003505,382.16,EUR,DE,DE,app,desktop,0
TXN00002031,CUST000089,2025-07-17 06:13:57.003505,296.12,EUR,ES,FR,sucursal,mobile,0
TXN00002032,CUST000184,2025-12-01 02:45:57.003505,402.63,EUR,FR,ES,web,desktop,0
TXN00002033,CUST000120,2025-10-30 19:44:57.003505,274.94,EUR,IT,IT,cajero,desktop,0
TXN00002034,CUST000083,2025-09-29 19:06:57.003505,401.42,EUR,ES,ES,cajero,atm,0
TXN00002035,CUST000036,2025-07-11 04:15:57.003505,5172.38,EUR,FR,FR,sucursal,tablet,0
TXN00002036,CUST000027,2025-08-30 22:46:57.107482,94066.9,EUR,FR,IT,sucursal,desktop,1
TXN00002037,CUST000184,2025-08-07 22:47:57.003505,362.94,EUR,FR,FR,app,mobile,0
TXN00002038,CUST000008,2025-12-22 05:12:57.107482,37039.25,EUR,IT,DE,web,pos,1
TXN00002039,CUST000138,2025-01-24 01:31:57.003505,4731.99,EUR,FR,FR,web,desktop,0
TXN00002040,CUST000125,2025-11-10 03:14:57.003505,5916.99,EUR,US,ES,cajero,mobile,0
TXN00002041,CUST000063,2025-08-08 01:58:57.003505,313.08,EUR,FR,ES,cajero,tablet,0
TXN00002042,CUST000164,2025-04-30 00:20:57.003505,3081.42,USD,US,DE,web,desktop,0
TXN00002043,CUST000120,2025-08-01 01:19:57.003505,121.47,EUR,IT,ES,app,desktop,0
TXN00002044,CUST000087,2025-07-22 23:02:57.003505,632.1,EUR,ES,DE,cajero,mobile,0
TXN00002045,CUST000079,2025-03-08 18:42:57.003505,6434.47,EUR,FR,GB,web,desktop,0
TXN00002046,CUST000175,2026-01-08 18:05:57.003505,11879.86,GBP,CH,FR,app,mobile,0
TXN00002047,CUST000052,2025-04-06 02:00:57.003505,36.98,EUR,ES,IT,app,desktop,0
TXN00002048,CUST000138,2025-10-03 03:18:57.003505,3467.97,EUR,FR,US,web,desktop,0
TXN00002049,CUST000176,2025-09-26 01:39:57.003505,1961.62,EUR,ES,GB,app,atm,0
TXN00002050,CUST000007,2025-04-14 18:40:57.003505,7639.44,EUR,DE,GB,app,tablet,0
TXN00002051,CUST000158,2025-03-19 19:51:57.003505,761.04,GBP,GB,FR,sucursal,desktop,0
TXN00002052,CUST000062,2025-08-24 01:56:57.003505,1258.86,EUR,IT,ES,cajero,pos,0
TXN00002053,CUST000148,2025-07-13 23:10:57.003505,4157.25,EUR,ES,ES,web,pos,0
TXN00002054,CUST000162,2025-05-21 04:22:57.003505,9585.97,CHF,CH,DE,app,mobile,0
TXN00002055,CUST000124,2025-09-19 06:40:57.003505,663.65,EUR,DE,IT,sucursal,tablet,0
TXN00002056,CUST000102,2025-01-22 01:33:57.003505,1161.76,EUR,FR,CH,sucursal,tablet,0
TXN00002057,CUST000044,2025-12-18 00:39:57.003505,1156.15,EUR,ES,GB,cajero,pos,0
TXN00002058,CUST000104,2025-12-28 07:51:57.003505,1823.62,EUR,ES,ES,web,desktop,0
TXN00002059,CUST000154,2025-02-01 03:10:57.003505,2634.06,EUR,ES,US,app,atm,0
TXN00002060,CUST000089,2025-12-12 22:20:57.003505,45.9,EUR,ES,IT,web,desktop,0
TXN00002061,CUST000112,2025-09-04 05:41:57.003505,11525.31,CHF,US,US,cajero,tablet,0
TXN00002062,CUST000010,2025-07-19 08:26:57.003505,607.4,EUR,FR,ES,web,desktop,0
TXN00002063,CUST000078,2025-03-17 05:42:57.003505,15721.37,EUR,DE,FR,sucursal,desktop,0
TXN00002064,CUST000048,2025-04-02 01:08:57.003505,6442.68,EUR,FR,US,sucursal,pos,0
TXN00002065,CUST000028,2025-08-27 02:40:57.003505,66.16,EUR,ES,IT,sucursal,desktop,0
TXN00002066,CUST000056,2025-07-28 04:03:57.003505,305.37,USD,GB,FR,app,mobile,0
TXN00002067,CUST000184,2025-03-16 01:51:57.003505,139.79,EUR,FR,ES,cajero,tablet,0
TXN00002068,CUST000143,2025-12-09 22:03:57.003505,4744.93,EUR,ES,DE,cajero,atm,0
TXN00002069,CUST000000,2025-12-21 08:08:57.003505,2362.03,EUR,DE,FR,sucursal,tablet,0
TXN00002070,CUST000001,2026-01-14 21:33:57.003505,836.72,EUR,FR,DE,sucursal,pos,0
TXN00002071,CUST000037,2025-06-20 20:48:57.003505,334.47,EUR,ES,IT,app,desktop,0
TXN00002072,CUST000074,2025-01-18 00:02:57.003505,2093.78,EUR,IT,ES,cajero,pos,0
TXN00002073,CUST000057,2025-12-30 21:52:57.003505,156.95,EUR,ES,FR,cajero,mobile,0
TXN00002074,CUST000041,2025-11-22 09:55:57.003505,10517.5,EUR,DE,US,cajero,mobile,0
TXN00002075,CUST000154,2025-04-21 03:48:57.003505,5056.7,EUR,ES,FR,web,pos,0
TXN00002076,CUST000091,2025-05-04 17:21:57.003505,13349.69,EUR,GB,DE,sucursal,tablet,0
TXN00002077,CUST000028,2025-10-28 05:06:57.003505,145.85,EUR,ES,FR,app,desktop,0
TXN00002078,CUST000025,2025-02-07 22:11:57.003505,552.66,EUR,ES,GB,sucursal,tablet,0
TXN00002079,CUST000060,2025-03-31 21:02:57.003505,295.44,EUR,IT,ES,app,atm,0
TXN00002080,CUST000089,2026-01-11 03:20:57.003505,33.19,EUR,ES,IT,web,pos,0
TXN00002081,CUST000087,2025-03-23 03:44:57.003505,2543.27,EUR,ES,DE,web,mobile,0
TXN00002082,CUST000036,2025-09-06 06:12:57.003505,4273.28,EUR,FR,DE,web,pos,0
TXN00002083,CUST000045,2025-12-27 00:06:57.003505,2728.39,EUR,GB,FR,cajero,pos,0
TXN00002084,CUST000110,2025-08-14 02:46:57.003505,192.28,EUR,ES,IT,app,atm,0
TXN00002085,CUST000081,2025-01-17 18:20:57.003505,1605.07,USD,CH,CH,app,desktop,0
TXN00002086,CUST000090,2025-04-30 03:09:57.003505,4460.98,CHF,GB,US,sucursal,pos,0
TXN00002087,CUST000114,2025-10-29 08:45:57.003505,7763.58,EUR,ES,US,app,atm,0
TXN00002088,CUST000186,2026-01-13 04:49:57.003505,8898.48,EUR,IT,US,web,atm,0
TXN00002089,CUST000072,2025-10-07 08:46:57.003505,11145.93,CHF,GB,GB,sucursal,atm,0
TXN00002090,CUST000086,2025-11-12 21:43:57.003505,11706.84,EUR,ES,FR,cajero,mobile,0
TXN00002091,CUST000118,2025-06-12 17:24:57.003505,6476.86,EUR,DE,CH,cajero,atm,0
TXN00002092,CUST000091,2025-04-26 22:11:57.003505,6684.55,CHF,GB,US,app,tablet,0
TXN00002093,CUST000033,2025-04-04 20:02:57.003505,1113.58,EUR,IT,FR,sucursal,desktop,0
TXN00002094,CUST000042,2025-02-05 22:28:57.003505,14463.69,EUR,ES,ES,sucursal,mobile,0
TXN00002095,CUST000013,2025-03-14 07:36:57.003505,709.23,CHF,GB,IT,app,desktop,0
TXN00002096,CUST000181,2025-12-25 01:38:57.003505,2527.98,EUR,IT,ES,cajero,mobile,0
TXN00002097,CUST000104,2025-06-26 00:02:57.003505,648.29,EUR,ES,IT,web,pos,0
TXN00002098,CUST000041,2025-10-06 18:07:57.003505,1179.02,EUR,DE,US,cajero,atm,0
TXN00002099,CUST000006,2025-05-13 04:54:57.003505,94.95,EUR,FR,IT,app,desktop,0
TXN00002100,CUST000013,2025-02-27 03:48:57.003505,956.85,USD,GB,ES,cajero,mobile,0
TXN00002101,CUST000154,2025-06-26 04:53:57.003505,2557.3,EUR,ES,FR,cajero,atm,0
TXN00002102,CUST000080,2025-02-15 01:07:57.003505,45.95,EUR,ES,IT,cajero,mobile,0
TXN00002103,CUST000139,2025-02-16 04:22:57.003505,3886.96,GBP,US,DE,web,atm,0
TXN00002104,CUST000068,2025-09-24 05:47:57.003505,1158.92,EUR,ES,DE,app,desktop,0
TXN00002105,CUST000069,2025-06-09 07:39:57.003505,238.57,EUR,FR,ES,sucursal,mobile,0
TXN00002106,CUST000078,2025-07-01 01:03:57.003505,1747.88,EUR,DE,US,sucursal,pos,0
TXN00002107,CUST000126,2025-02-27 06:26:57.003505,188.32,EUR,DE,IT,web,desktop,0
TXN00002108,CUST000127,2025-11-23 22:16:57.003505,10389.99,EUR,FR,US,app,atm,0
TXN00002109,CUST000028,2025-03-27 00:37:57.003505,295.53,EUR,ES,IT,sucursal,mobile,0
TXN00002110,CUST000030,2025-11-03 00:25:57.107482,25327.26,CHF,GB,IT,app,pos,1
TXN00002111,CUST000006,2025-12-05 20:45:57.003505,109.97,EUR,FR,IT,cajero,tablet,0
TXN00002112,CUST000019,2025-12-27 03:26:57.003505,7603.78,EUR,DE,GB,cajero,desktop,0
TXN00002113,CUST000110,2025-04-26 22:36:57.003505,145.13,EUR,ES,ES,cajero,desktop,0
TXN00002114,CUST000077,2025-04-30 05:08:57.003505,3858.42,EUR,CH,CH,sucursal,mobile,0
TXN00002115,CUST000139,2025-10-25 22:07:57.003505,12708.24,CHF,US,GB,cajero,pos,0
TXN00002116,CUST000059,2025-03-12 03:27:57.003505,377.71,EUR,FR,FR,cajero,pos,0
TXN00002117,CUST000089,2025-08-13 21:40:57.003505,310.88,EUR,ES,IT,sucursal,mobile,0
TXN00002118,CUST000148,2025-11-16 07:29:57.003505,5015.4,EUR,ES,GB,web,atm,0
TXN00002119,CUST000081,2025-06-30 21:06:57.003505,5176.71,EUR,CH,CH,app,atm,0
TXN00002120,CUST000068,2025-03-07 05:18:57.003505,1726.94,EUR,ES,GB,cajero,atm,0
TXN00002121,CUST000146,2025-07-10 20:52:57.003505,542.63,EUR,IT,IT,app,mobile,0
TXN00002122,CUST000006,2025-03-02 13:26:57.107482,1349.73,EUR,FR,FR,app,tablet,1
TXN00002123,CUST000116,2025-08-22 03:45:57.003505,3385.29,EUR,FR,FR,cajero,pos,0
TXN00002124,CUST000097,2025-11-02 18:27:57.003505,9221.22,USD,GB,GB,app,tablet,0
TXN00002125,CUST000087,2025-03-14 05:45:57.003505,2740.66,EUR,ES,ES,cajero,atm,0
TXN00002126,CUST000104,2025-01-31 02:51:57.003505,2145.89,EUR,ES,FR,sucursal,atm,0
TXN00002127,CUST000038,2025-07-18 00:45:57.003505,143.24,EUR,ES,DE,sucursal,tablet,0
TXN00002128,CUST000162,2025-09-07 04:11:57.003505,3251.17,USD,CH,ES,app,tablet,0
TXN00002129,CUST000020,2025-02-16 23:22:57.003505,65.53,EUR,IT,ES,app,atm,0
TXN00002130,CUST000054,2025-06-10 04:45:57.003505,853.48,GBP,GB,ES,cajero,pos,0
TXN00002131,CUST000046,2025-10-26 03:11:57.107482,66098.28,CHF,GB,US,web,tablet,1
TXN00002132,CUST000160,2025-10-20 07:03:57.003505,2071.13,EUR,DE,GB,web,mobile,0
TXN00002133,CUST000138,2025-02-07 21:02:57.003505,1975.67,EUR,FR,ES,sucursal,pos,0
TXN00002134,CUST000020,2025-03-03 01:47:57.003505,136.09,EUR,IT,ES,app,pos,0
TXN00002135,CUST000171,2025-04-14 19:24:57.003505,2092.83,EUR,IT,US,cajero,tablet,0
TXN00002136,CUST000043,2025-09-04 01:18:57.003505,10355.19,USD,CH,GB,web,atm,0
TXN00002137,CUST000124,2025-08-18 00:21:57.003505,138.26,EUR,DE,ES,sucursal,pos,0
TXN00002138,CUST000016,2025-05-11 01:22:57.003505,486.12,EUR,IT,DE,cajero,pos,0
TXN00002139,CUST000031,2025-03-15 01:29:57.003505,650.1,EUR,ES,CH,sucursal,desktop,0
TXN00002140,CUST000128,2025-09-24 02:27:57.003505,1576.89,EUR,FR,ES,sucursal,desktop,0
TXN00002141,CUST000115,2025-03-22 05:09:57.003505,7655.63,EUR,DE,GB,app,desktop,0
TXN00002142,CUST000184,2025-05-14 07:25:57.003505,137.85,EUR,FR,IT,app,mobile,0
TXN00002143,CUST000036,2025-05-07 09:40:57.003505,4558.85,EUR,FR,GB,app,desktop,0
TXN00002144,CUST000021,2025-11-23 00:53:57.003505,134.61,EUR,FR,IT,app,pos,0
TXN00002145,CUST000095,2025-10-09 23:44:57.003505,34.39,EUR,IT,ES,cajero,pos,0
TXN00002146,CUST000089,2025-11-06 22:37:57.003505,392.96,EUR,ES,IT,app,tablet,0
TXN00002147,CUST000073,2025-03-08 19:50:57.003505,827.92,EUR,DE,IT,app,atm,0
TXN00002148,CUST000156,2025-12-21 05:33:57.003505,29.57,EUR,FR,FR,web,mobile,0
TXN00002149,CUST000085,2025-05-11 22:15:57.003505,1583.17,EUR,FR,FR,cajero,pos,0
TXN00002150,CUST000088,2025-06-13 18:13:57.003505,741.81,EUR,DE,ES,web,mobile,0
TXN00002151,CUST000171,2025-12-12 05:44:57.003505,1151.4,EUR,IT,ES,web,desktop,0
TXN00002152,CUST000150,2025-09-24 09:50:57.003505,2613.63,EUR,ES,ES,app,atm,0
TXN00002153,CUST000042,2025-09-29 06:16:57.003505,11903.48,EUR,ES,DE,app,atm,0
TXN00002154,CUST000001,2025-04-13 04:43:57.107482,4608.87,EUR,FR,SY,web,atm,1
TXN00002155,CUST000100,2025-01-28 08:25:57.003505,3297.8,CHF,GB,US,sucursal,mobile,0
TXN00002156,CUST000172,2025-09-22 20:40:57.003505,693.23,EUR,FR,IT,app,atm,0
TXN00002157,CUST000176,2025-12-05 05:06:57.003505,216.58,EUR,ES,IT,web,tablet,0
TXN00002158,CUST000013,2025-01-18 06:57:57.003505,639.87,USD,GB,IT,sucursal,atm,0
TXN00002159,CUST000173,2025-04-03 04:25:57.003505,2393.09,EUR,DE,FR,app,mobile,0
TXN00002160,CUST000114,2025-04-23 18:15:57.003505,2661.28,EUR,ES,GB,cajero,atm,0
TXN00002161,CUST000145,2025-08-22 18:54:57.003505,422.33,EUR,DE,FR,sucursal,desktop,0
TXN00002162,CUST000085,2025-04-03 03:14:57.003505,504.31,EUR,FR,GB,sucursal,pos,0
TXN00002163,CUST000156,2025-06-05 20:23:57.003505,35.24,EUR,FR,FR,web,atm,0
TXN00002164,CUST000172,2025-12-08 01:41:57.003505,960.47,EUR,FR,FR,sucursal,pos,0
TXN00002165,CUST000186,2025-12-18 21:19:57.003505,4476.39,EUR,IT,US,cajero,desktop,0
TXN00002166,CUST000028,2025-01-22 23:22:57.003505,384.05,EUR,ES,IT,web,tablet,0
TXN00002167,CUST000179,2025-09-15 00:13:57.003505,3340.37,EUR,DE,IT,app,desktop,0
TXN00002168,CUST000051,2025-08-27 18:53:57.003505,277.54,EUR,DE,DE,sucursal,atm,0
TXN00002169,CUST000084,2025-03-15 00:23:57.003505,116.02,EUR,ES,ES,web,mobile,0
TXN00002170,CUST000080,2025-12-15 07:25:57.003505,458.32,EUR,ES,ES,cajero,mobile,0
TXN00002171,CUST000136,2025-08-08 20:32:57.003505,322.12,EUR,FR,ES,web,desktop,0
TXN00002172,CUST000187,2025-10-18 07:57:57.003505,2811.39,CHF,GB,US,app,desktop,0
TXN00002173,CUST000066,2025-05-25 20:16:57.003505,921.51,EUR,DE,GB,app,desktop,0
TXN00002174,CUST000099,2025-11-09 00:20:57.003505,37.91,EUR,IT,ES,app,desktop,0
TXN00002175,CUST000129,2025-09-05 21:02:57.003505,2072.2,CHF,US,ES,sucursal,atm,0
TXN00002176,CUST000007,2025-09-22 18:27:57.003505,5857.18,EUR,DE,DE,app,pos,0
TXN00002177,CUST000061,2025-09-17 20:20:57.003505,7483.9,EUR,IT,DE,cajero,atm,0
TXN00002178,CUST000039,2025-03-27 02:34:57.003505,6108.67,EUR,DE,DE,sucursal,tablet,0
TXN00002179,CUST000170,2025-06-11 02:25:57.003505,1489.56,EUR,US,FR,app,tablet,0
TXN00002180,CUST000072,2025-09-24 20:23:57.003505,5652.57,EUR,GB,US,sucursal,desktop,0
TXN00002181,CUST000022,2025-07-15 21:52:57.003505,12151.54,EUR,IT,ES,app,desktop,0
TXN00002182,CUST000046,2025-06-30 01:19:57.003505,5207.3,CHF,GB,DE,cajero,atm,0
TXN00002183,CUST000057,2025-05-18 23:34:57.003505,350.08,EUR,ES,FR,cajero,tablet,0
TXN00002184,CUST000154,2025-08-01 23:32:57.003505,3728.19,EUR,ES,IT,app,mobile,0
TXN00002185,CUST000017,2025-08-17 22:01:57.003505,4480.98,EUR,FR,ES,web,mobile,0
TXN00002186,CUST000026,2025-11-21 09:58:57.107482,34684.17,EUR,FR,PK,cajero,mobile,1
TXN00002187,CUST000161,2025-01-30 01:47:57.003505,181.21,EUR,ES,FR,cajero,tablet,0
TXN00002188,CUST000115,2025-06-01 18:12:57.003505,7831.14,EUR,DE,DE,sucursal,tablet,0
TXN00002189,CUST000179,2025-03-05 22:59:57.003505,3260.76,EUR,DE,GB,sucursal,pos,0
TXN00002190,CUST000106,2026-01-07 19:12:57.003505,17.08,EUR,FR,IT,web,atm,0
TXN00002191,CUST000016,2025-07-19 14:31:57.107482,20614.21,EUR,IT,KP,cajero,desktop,1
TXN00002192,CUST000181,2025-04-30 06:03:57.003505,229.58,EUR,IT,FR,sucursal,atm,0
TXN00002193,CUST000051,2025-01-19 04:41:57.003505,864.44,EUR,DE,DE,web,desktop,0
TXN00002194,CUST000110,2025-10-17 06:27:57.003505,447.89,EUR,ES,IT,app,pos,0
TXN00002195,CUST000121,2025-10-23 03:17:57.003505,707.29,EUR,ES,FR,sucursal,atm,0
TXN00002196,CUST000031,2026-01-02 21:12:57.003505,2559.17,EUR,ES,DE,web,desktop,0
TXN00002197,CUST000077,2025-12-26 18:31:57.003505,2813.77,GBP,CH,CH,sucursal,desktop,0
TXN00002198,CUST000125,2025-09-30 18:48:57.003505,4499.05,GBP,US,ES,app,pos,0
TXN00002199,CUST000024,2025-10-29 21:37:57.003505,2699.26,EUR,FR,ES,app,desktop,0
TXN00002200,CUST000109,2025-01-25 22:34:57.003505,5762.65,EUR,CH,CH,web,tablet,0
TXN00002201,CUST000176,2025-12-16 08:07:57.003505,1659.92,EUR,ES,FR,cajero,atm,0
TXN00002202,CUST000121,2025-09-04 01:24:57.003505,954.12,EUR,ES,IT,sucursal,atm,0
TXN00002203,CUST000074,2025-03-29 03:19:57.003505,1463.75,EUR,IT,DE,app,atm,0
TXN00002204,CUST000157,2025-04-19 05:49:57.003505,14281.22,EUR,IT,FR,app,tablet,0
TXN00002205,CUST000156,2025-09-10 07:55:57.003505,199.65,EUR,FR,ES,web,desktop,0
TXN00002206,CUST000166,2025-04-30 03:59:57.003505,4236.45,GBP,GB,DE,web,atm,0
TXN00002207,CUST000032,2025-08-03 02:05:57.003505,143.99,EUR,FR,FR,cajero,atm,0
TXN00002208,CUST000095,2025-08-05 03:30:57.003505,36.84,EUR,IT,IT,sucursal,mobile,0
TXN00002209,CUST000189,2025-05-08 01:15:57.003505,11720.16,EUR,DE,US,sucursal,tablet,0
TXN00002210,CUST000078,2025-05-19 18:49:57.003505,2632.13,EUR,DE,GB,app,tablet,0
TXN00002211,CUST000041,2025-11-25 19:27:57.003505,8043.25,EUR,DE,US,sucursal,atm,0
TXN00002212,CUST000188,2025-09-21 03:06:57.003505,3016.81,EUR,IT,IT,app,pos,0
TXN00002213,CUST000159,2025-12-19 06:04:57.003505,5718.48,USD,GB,IT,app,pos,0
TXN00002214,CUST000173,2025-06-28 01:47:57.003505,3459.25,EUR,DE,IT,cajero,mobile,0
TXN00002215,CUST000055,2025-08-04 22:42:57.003505,13064.78,CHF,CH,US,web,desktop,0
TXN00002216,CUST000082,2025-09-11 02:47:57.003505,5606.2,EUR,ES,ES,app,tablet,0
TXN00002217,CUST000158,2025-11-09 19:31:57.003505,706.84,EUR,GB,DE,web,tablet,0
TXN00002218,CUST000089,2025-03-02 02:22:57.003505,199.15,EUR,ES,FR,app,tablet,0
TXN00002219,CUST000008,2025-08-07 04:13:57.003505,4460.48,EUR,IT,US,web,tablet,0
TXN00002220,CUST000060,2025-11-26 07:56:57.003505,253.27,EUR,IT,FR,sucursal,tablet,0
TXN00002221,CUST000001,2025-06-17 06:37:57.003505,1769.79,EUR,FR,DE,sucursal,mobile,0
TXN00002222,CUST000166,2025-08-12 01:36:57.003505,3690.61,EUR,GB,GB,sucursal,tablet,0
TXN00002223,CUST000171,2025-06-16 09:13:57.003505,10758.09,EUR,IT,ES,sucursal,desktop,0
TXN00002224,CUST000184,2025-02-22 23:11:57.003505,156.8,EUR,FR,FR,cajero,mobile,0
TXN00002225,CUST000038,2025-10-25 19:27:57.003505,568.82,EUR,ES,GB,cajero,desktop,0
TXN00002226,CUST000154,2025-12-28 08:44:57.003505,4822.75,EUR,ES,GB,app,mobile,0
TXN00002227,CUST000189,2025-06-07 18:30:57.003505,2017.75,EUR,DE,CH,sucursal,tablet,0
TXN00002228,CUST000166,2025-01-24 09:18:57.003505,2636.68,GBP,GB,US,web,mobile,0
TXN00002229,CUST000179,2025-03-11 01:27:57.003505,5500.25,EUR,DE,ES,app,tablet,0
TXN00002230,CUST000000,2025-04-25 01:04:57.003505,1690.72,EUR,DE,GB,web,tablet,0
TXN00002231,CUST000040,2025-09-29 06:21:57.003505,39.01,EUR,IT,FR,web,mobile,0
TXN00002232,CUST000060,2025-08-04 06:38:57.003505,720.6,EUR,IT,IT,app,desktop,0
TXN00002233,CUST000089,2025-04-04 05:52:57.003505,118.62,EUR,ES,IT,cajero,desktop,0
TXN00002234,CUST000072,2025-12-11 20:04:57.003505,3998.31,CHF,GB,FR,cajero,pos,0
TXN00002235,CUST000036,2025-07-06 05:27:57.003505,3549.26,EUR,FR,US,cajero,atm,0
TXN00002236,CUST000113,2025-04-12 05:43:57.003505,3977.92,GBP,CH,ES,cajero,desktop,0
TXN00002237,CUST000005,2025-08-14 00:32:57.107482,4413.95,CHF,GB,IR,cajero,tablet,1
TXN00002238,CUST000181,2025-05-17 23:35:57.003505,1170.69,EUR,IT,ES,sucursal,pos,0
TXN00002239,CUST000150,2025-03-23 03:15:57.003505,7076.96,EUR,ES,DE,web,atm,0
TXN00002240,CUST000107,2025-11-09 00:19:57.003505,6510.09,EUR,DE,FR,app,desktop,0
TXN00002241,CUST000078,2025-10-17 19:46:57.003505,5424.62,EUR,DE,GB,cajero,tablet,0
TXN00002242,CUST000062,2025-12-28 06:15:57.003505,820.6,EUR,IT,ES,cajero,tablet,0
TXN00002243,CUST000109,2025-02-20 18:12:57.003505,2846.17,EUR,CH,ES,sucursal,atm,0
TXN00002244,CUST000046,2025-07-24 02:26:57.003505,2098.95,GBP,GB,US,cajero,atm,0
TXN00002245,CUST000014,2025-10-24 03:53:57.003505,617.19,EUR,IT,FR,web,tablet,0
TXN00002246,CUST000084,2025-11-07 20:30:57.003505,81.97,EUR,ES,ES,cajero,atm,0
TXN00002247,CUST000185,2025-08-29 21:12:57.003505,197.25,CHF,GB,ES,sucursal,atm,0
TXN00002248,CUST000026,2025-09-13 04:54:57.003505,359.52,EUR,FR,ES,app,atm,0
TXN00002249,CUST000130,2025-10-09 01:05:57.003505,14850.38,EUR,IT,ES,web,mobile,0
TXN00002250,CUST000134,2025-05-23 00:33:57.003505,128.89,EUR,FR,ES,web,mobile,0
TXN00002251,CUST000059,2025-03-24 05:18:57.003505,85.69,EUR,FR,FR,app,desktop,0
TXN00002252,CUST000104,2025-09-26 23:53:57.003505,2912.6,EUR,ES,ES,cajero,mobile,0
TXN00002253,CUST000093,2025-03-19 02:41:57.003505,3014.15,EUR,FR,IT,cajero,atm,0
TXN00002254,CUST000028,2025-10-16 03:31:57.003505,150.2,EUR,ES,ES,cajero,atm,0
TXN00002255,CUST000064,2025-02-02 18:20:57.003505,178.35,EUR,ES,FR,sucursal,mobile,0
TXN00002256,CUST000039,2025-10-26 22:11:57.107482,72838.09,EUR,DE,GB,cajero,pos,1
TXN00002257,CUST000038,2025-06-28 04:44:57.003505,901.23,EUR,ES,ES,web,pos,0
TXN00002258,CUST000179,2025-09-05 04:32:57.003505,7512.3,EUR,DE,ES,web,atm,0
TXN00002259,CUST000014,2025-08-16 23:54:57.003505,584.75,EUR,IT,IT,sucursal,desktop,0
TXN00002260,CUST000055,2025-10-23 05:31:57.003505,7346.44,CHF,CH,ES,sucursal,atm,0
TXN00002261,CUST000167,2025-11-16 03:13:57.003505,3411.31,EUR,US,FR,sucursal,pos,0
TXN00002262,CUST000024,2025-08-29 12:39:57.107482,70561.83,EUR,FR,IR,app,pos,1
TXN00002263,CUST000017,2025-03-27 19:23:57.003505,4775.46,EUR,FR,FR,web,pos,0
TXN00002264,CUST000002,2025-06-14 21:04:57.003505,85.03,EUR,ES,FR,web,desktop,0
TXN00002265,CUST000070,2025-04-16 03:30:57.003505,66.62,EUR,ES,ES,cajero,atm,0
TXN00002266,CUST000027,2025-11-09 21:47:57.003505,111.58,EUR,FR,FR,web,pos,0
TXN00002267,CUST000172,2025-03-19 21:57:57.003505,1833.42,EUR,FR,GB,web,atm,0
TXN00002268,CUST000031,2025-03-20 01:57:57.003505,10946.99,EUR,ES,GB,web,tablet,0
TXN00002269,CUST000117,2025-02-11 05:52:57.003505,2371.49,EUR,ES,GB,web,atm,0
TXN00002270,CUST000094,2025-06-03 05:36:57.003505,8203.27,EUR,GB,GB,sucursal,tablet,0
TXN00002271,CUST000042,2025-02-21 18:13:57.107482,24186.05,EUR,ES,PK,sucursal,desktop,1
TXN00002272,CUST000172,2025-04-02 01:33:57.003505,1576.57,EUR,FR,GB,sucursal,mobile,0
TXN00002273,CUST000122,2025-09-09 21:20:57.003505,861.11,CHF,GB,FR,web,mobile,0
TXN00002274,CUST000016,2025-09-14 03:15:57.003505,125.68,EUR,IT,ES,app,mobile,0
TXN00002275,CUST000151,2025-11-05 21:28:57.003505,1225.28,EUR,ES,US,cajero,tablet,0
TXN00002276,CUST000146,2025-04-21 05:32:57.003505,605.87,EUR,IT,GB,app,atm,0
TXN00002277,CUST000176,2026-01-05 02:01:57.003505,681.74,EUR,ES,DE,web,desktop,0
TXN00002278,CUST000180,2025-10-22 19:47:57.003505,2298.24,EUR,GB,FR,app,desktop,0
TXN00002279,CUST000139,2025-11-09 18:15:57.003505,5903.96,CHF,US,DE,cajero,desktop,0
TXN00002280,CUST000030,2025-08-14 22:04:57.003505,1523.42,USD,GB,FR,app,tablet,0
TXN00002281,CUST000167,2025-03-27 00:20:57.003505,3273.69,USD,US,US,sucursal,mobile,0
TXN00002282,CUST000036,2025-02-21 02:36:57.003505,6927.34,EUR,FR,IT,cajero,atm,0
TXN00002283,CUST000135,2025-04-01 07:23:57.003505,315.96,EUR,ES,ES,web,pos,0
TXN00002284,CUST000003,2025-12-09 23:31:57.003505,14.93,EUR,ES,FR,web,tablet,0
TXN00002285,CUST000098,2025-08-29 02:10:57.003505,571.21,EUR,IT,IT,app,tablet,0
TXN00002286,CUST000116,2025-06-24 05:12:57.003505,8946.33,EUR,FR,ES,web,mobile,0
TXN00002287,CUST000019,2025-03-16 23:33:57.003505,6576.63,EUR,DE,CH,app,desktop,0
TXN00002288,CUST000022,2025-07-15 07:29:57.003505,4048.71,EUR,IT,IT,cajero,mobile,0
TXN00002289,CUST000083,2025-10-20 19:59:57.003505,131.57,EUR,ES,ES,web,desktop,0
TXN00002290,CUST000137,2025-09-12 03:39:57.003505,182.4,EUR,FR,FR,web,tablet,0
TXN00002291,CUST000124,2025-09-28 20:17:57.003505,793.86,EUR,DE,ES,web,mobile,0
TXN00002292,CUST000169,2025-06-09 18:13:57.003505,322.25,EUR,DE,GB,cajero,desktop,0
TXN00002293,CUST000005,2025-04-12 19:44:57.003505,329.53,GBP,GB,ES,sucursal,pos,0
TXN00002294,CUST000186,2025-04-30 05:36:57.003505,3272.8,EUR,IT,FR,cajero,atm,0
TXN00002295,CUST000043,2025-11-25 20:03:57.003505,14705.14,EUR,CH,DE,web,desktop,0
TXN00002296,CUST000164,2025-08-17 05:55:57.003505,4924.66,USD,US,FR,app,mobile,0
TXN00002297,CUST000068,2025-02-21 18:13:57.003505,626.32,EUR,ES,GB,app,atm,0
TXN00002298,CUST000130,2025-08-28 05:20:57.003505,5181.63,EUR,IT,GB,app,atm,0
TXN00002299,CUST000120,2025-06-10 06:53:57.003505,83.11,EUR,IT,IT,web,atm,0
TXN00002300,CUST000090,2025-11-20 17:53:57.003505,7641.26,GBP,GB,ES,web,tablet,0
TXN00002301,CUST000126,2025-06-12 04:15:57.003505,342.95,EUR,DE,FR,app,pos,0
TXN00002302,CUST000149,2025-06-11 09:35:57.003505,3078.56,EUR,ES,ES,web,atm,0
TXN00002303,CUST000118,2025-10-25 00:07:57.003505,6194.54,EUR,DE,FR,web,tablet,0
TXN00002304,CUST000099,2025-10-17 23:49:57.003505,17.67,EUR,IT,FR,sucursal,desktop,0
TXN00002305,CUST000161,2025-08-13 06:02:57.003505,341.44,EUR,ES,IT,app,desktop,0
TXN00002306,CUST000003,2025-04-27 19:18:57.003505,17.8,EUR,ES,ES,cajero,tablet,0
TXN00002307,CUST000021,2025-09-03 02:52:57.107482,374.36,EUR,FR,KP,cajero,mobile,1
TXN00002308,CUST000124,2025-01-20 03:16:57.003505,162.5,EUR,DE,FR,app,mobile,0
TXN00002309,CUST000177,2025-11-03 18:18:57.003505,2029.83,EUR,FR,DE,cajero,atm,0
TXN00002310,CUST000066,2025-12-14 18:42:57.003505,357.61,EUR,DE,IT,web,tablet,0
TXN00002311,CUST000147,2025-06-01 03:45:57.003505,9350.23,GBP,US,US,cajero,atm,0
TXN00002312,CUST000156,2025-08-01 04:27:57.003505,14.6,EUR,FR,FR,sucursal,atm,0
TXN00002313,CUST000079,2025-12-08 03:04:57.003505,7015.92,EUR,FR,CH,sucursal,desktop,0
TXN00002314,CUST000060,2025-08-03 08:13:57.003505,245.72,EUR,IT,GB,sucursal,tablet,0
TXN00002315,CUST000188,2025-04-25 04:43:57.003505,4310.13,EUR,IT,ES,app,atm,0
TXN00002316,CUST000028,2025-02-25 01:17:57.003505,171.72,EUR,ES,IT,cajero,mobile,0
TXN00002317,CUST000095,2025-04-04 00:02:57.003505,149.83,EUR,IT,ES,sucursal,atm,0
TXN00002318,CUST000142,2025-09-22 18:47:57.003505,11118.03,EUR,DE,CH,sucursal,atm,0
TXN00002319,CUST000113,2025-06-08 05:44:57.003505,5962.11,GBP,CH,CH,app,desktop,0
TXN00002320,CUST000100,2026-01-05 09:50:57.003505,13465.18,CHF,GB,DE,app,desktop,0
TXN00002321,CUST000125,2025-12-10 05:34:57.003505,3172.56,USD,US,US,web,pos,0
TXN00002322,CUST000173,2025-06-06 07:20:57.003505,2391.02,EUR,DE,FR,web,pos,0
TXN00002323,CUST000131,2025-06-23 03:01:57.003505,1483.15,EUR,DE,IT,app,mobile,0
TXN00002324,CUST000081,2025-03-27 20:25:57.003505,4803.07,USD,CH,US,cajero,mobile,0
TXN00002325,CUST000105,2025-04-07 19:53:57.003505,2640.02,USD,US,GB,web,tablet,0
TXN00002326,CUST000170,2025-07-19 19:54:57.003505,6172.47,EUR,US,FR,sucursal,tablet,0
TXN00002327,CUST000105,2025-06-20 00:12:57.003505,2399.68,CHF,US,GB,cajero,tablet,0
TXN00002328,CUST000180,2025-02-07 02:46:57.003505,432.1,GBP,GB,ES,app,atm,0
TXN00002329,CUST000144,2025-11-30 00:45:57.003505,915.65,EUR,DE,ES,sucursal,mobile,0
TXN00002330,CUST000125,2025-10-01 00:17:57.003505,2210.23,CHF,US,US,sucursal,desktop,0
TXN00002331,CUST000068,2025-06-04 22:48:57.003505,695.12,EUR,ES,GB,cajero,pos,0
TXN00002332,CUST000125,2025-03-03 04:19:57.003505,4734.58,CHF,US,CH,cajero,tablet,0
TXN00002333,CUST000091,2025-12-18 04:23:57.003505,656.16,GBP,GB,ES,sucursal,pos,0
TXN00002334,CUST000048,2025-03-04 18:07:57.003505,10235.26,EUR,FR,FR,web,pos,0
TXN00002335,CUST000129,2025-12-09 18:12:57.003505,4944.54,GBP,US,GB,web,tablet,0
TXN00002336,CUST000067,2025-03-05 22:33:57.003505,16294.41,EUR,DE,ES,app,atm,0
TXN00002337,CUST000085,2025-06-12 07:24:57.003505,141.58,EUR,FR,GB,cajero,atm,0
TXN00002338,CUST000129,2025-10-30 21:22:57.003505,5027.16,CHF,US,IT,cajero,atm,0
TXN00002339,CUST000103,2025-04-21 04:35:57.003505,1334.35,EUR,ES,DE,sucursal,mobile,0
TXN00002340,CUST000084,2025-09-03 00:35:57.003505,52.99,EUR,ES,IT,cajero,tablet,0
TXN00002341,CUST000114,2025-02-15 21:54:57.003505,2519.5,EUR,ES,GB,app,pos,0
TXN00002342,CUST000014,2025-11-03 00:45:57.003505,1611.72,EUR,IT,GB,web,mobile,0
TXN00002343,CUST000183,2025-07-14 07:27:57.003505,85.18,EUR,IT,FR,sucursal,desktop,0
TXN00002344,CUST000016,2025-04-19 22:06:57.003505,363.06,EUR,IT,DE,app,atm,0
TXN00002345,CUST000072,2025-09-07 22:32:57.003505,5150.15,GBP,GB,ES,web,desktop,0
TXN00002346,CUST000091,2025-08-19 20:52:57.003505,5526.1,USD,GB,US,app,mobile,0
TXN00002347,CUST000085,2026-01-04 19:01:57.003505,853.7,EUR,FR,IT,cajero,atm,0
TXN00002348,CUST000004,2025-08-13 20:33:57.003505,3535.26,EUR,DE,GB,sucursal,desktop,0
TXN00002349,CUST000100,2025-01-31 18:38:57.003505,6841.19,CHF,GB,FR,web,tablet,0
TXN00002350,CUST000170,2025-10-28 21:23:57.003505,14646.26,EUR,US,ES,sucursal,atm,0
TXN00002351,CUST000138,2025-05-03 08:30:57.003505,1167.12,EUR,FR,GB,web,tablet,0
TXN00002352,CUST000113,2025-08-28 23:36:57.003505,3499.7,CHF,CH,DE,app,atm,0
TXN00002353,CUST000152,2025-05-01 05:49:57.003505,912.78,EUR,GB,ES,app,atm,0
TXN00002354,CUST000092,2025-07-10 07:49:57.003505,13146.84,EUR,FR,ES,sucursal,atm,0
TXN00002355,CUST000131,2026-01-15 19:55:57.003505,609.13,EUR,DE,DE,web,pos,0
TXN00002356,CUST000106,2025-11-03 20:24:57.003505,235.38,EUR,FR,ES,web,mobile,0
TXN00002357,CUST000122,2025-04-09 00:39:57.003505,1900.31,GBP,GB,ES,cajero,pos,0
TXN00002358,CUST000107,2026-01-07 17:42:57.003505,22241.74,EUR,DE,ES,web,desktop,0
TXN00002359,CUST000073,2025-05-03 21:34:57.003505,754.52,EUR,DE,ES,web,desktop,0
TXN00002360,CUST000106,2025-09-23 04:52:57.003505,485.43,EUR,FR,IT,cajero,pos,0
TXN00002361,CUST000158,2025-11-03 19:25:57.003505,2304.86,USD,GB,ES,sucursal,tablet,0
TXN00002362,CUST000160,2025-09-22 23:04:57.003505,241.88,EUR,DE,FR,web,desktop,0
TXN00002363,CUST000099,2025-11-30 23:34:57.003505,116.78,EUR,IT,ES,cajero,pos,0
TXN00002364,CUST000148,2025-10-13 06:55:57.003505,3131.38,EUR,ES,DE,sucursal,desktop,0
TXN00002365,CUST000184,2025-11-29 06:07:57.003505,61.46,EUR,FR,FR,app,tablet,0
TXN00002366,CUST000185,2025-08-28 03:00:57.003505,746.04,USD,GB,FR,app,desktop,0
TXN00002367,CUST000007,2025-10-24 02:01:57.003505,16999.25,EUR,DE,ES,cajero,mobile,0
TXN00002368,CUST000091,2025-03-04 00:47:57.003505,3746.98,GBP,GB,CH,sucursal,mobile,0
TXN00002369,CUST000037,2026-01-15 20:37:57.003505,94.88,EUR,ES,IT,app,mobile,0
TXN00002370,CUST000001,2025-05-22 21:24:57.003505,428.33,EUR,FR,FR,app,desktop,0
TXN00002371,CUST000004,2025-03-13 19:44:57.003505,15918.07,EUR,DE,GB,sucursal,pos,0
TXN00002372,CUST000148,2025-03-25 23:48:57.003505,4429.71,EUR,ES,ES,cajero,mobile,0
TXN00002373,CUST000115,2025-04-05 05:08:57.003505,6484.53,EUR,DE,DE,app,tablet,0
TXN00002374,CUST000120,2025-02-08 00:55:57.003505,140.87,EUR,IT,FR,cajero,atm,0
TXN00002375,CUST000131,2025-04-15 07:02:57.003505,359.99,EUR,DE,IT,sucursal,pos,0
TXN00002376,CUST000008,2025-08-17 07:44:57.003505,1067.78,EUR,IT,IT,web,atm,0
TXN00002377,CUST000106,2025-11-25 07:23:57.003505,92.39,EUR,FR,ES,cajero,pos,0
TXN00002378,CUST000121,2026-01-07 04:47:57.003505,570.74,EUR,ES,ES,sucursal,mobile,0
TXN00002379,CUST000103,2025-06-13 02:40:57.003505,5006.71,EUR,ES,ES,web,pos,0
TXN00002380,CUST000029,2025-09-20 04:29:57.003505,1574.28,USD,GB,DE,sucursal,atm,0
TXN00002381,CUST000174,2025-12-03 20:47:57.003505,2963.0,EUR,IT,ES,web,tablet,0
TXN00002382,CUST000057,2025-10-18 21:40:57.003505,341.02,EUR,ES,FR,app,tablet,0
TXN00002383,CUST000123,2025-11-22 04:27:57.003505,819.73,EUR,FR,FR,web,pos,0
TXN00002384,CUST000118,2025-02-24 21:29:57.003505,9631.89,EUR,DE,DE,sucursal,pos,0
TXN00002385,CUST000007,2025-07-05 17:20:57.003505,4817.91,EUR,DE,CH,cajero,tablet,0
TXN00002386,CUST000050,2025-10-14 04:42:57.003505,4646.87,EUR,FR,ES,web,pos,0
TXN00002387,CUST000050,2025-08-10 08:59:57.003505,12162.1,EUR,FR,FR,web,tablet,0
TXN00002388,CUST000054,2025-05-07 01:00:57.003505,649.12,EUR,GB,DE,sucursal,pos,0
TXN00002389,CUST000053,2025-03-06 21:50:57.003505,6176.23,EUR,FR,DE,web,atm,0
TXN00002390,CUST000057,2025-08-31 06:05:57.003505,96.62,EUR,ES,IT,web,desktop,0
TXN00002391,CUST000022,2025-05-07 22:00:57.003505,4524.97,EUR,IT,US,sucursal,pos,0
TXN00002392,CUST000121,2025-07-20 21:15:57.003505,1839.17,EUR,ES,GB,cajero,atm,0
TXN00002393,CUST000051,2025-12-31 20:49:57.003505,228.54,EUR,DE,DE,sucursal,atm,0
TXN00002394,CUST000035,2025-05-18 21:10:57.003505,148.14,EUR,DE,DE,sucursal,atm,0
TXN00002395,CUST000162,2025-05-14 22:21:57.003505,5770.59,EUR,CH,DE,app,desktop,0
TXN00002396,CUST000047,2025-02-06 02:55:57.003505,2007.91,EUR,ES,DE,app,desktop,0
TXN00002397,CUST000067,2025-04-27 03:28:57.003505,15506.96,EUR,DE,ES,app,mobile,0
TXN00002398,CUST000107,2025-02-15 05:09:57.003505,2958.88,EUR,DE,FR,cajero,desktop,0
TXN00002399,CUST000055,2025-09-25 21:20:57.003505,7785.57,CHF,CH,US,app,atm,0
TXN00002400,CUST000094,2025-06-27 20:35:57.003505,7302.47,EUR,GB,DE,app,tablet,0
TXN00002401,CUST000136,2025-10-22 00:28:57.003505,149.46,EUR,FR,FR,app,tablet,0
TXN00002402,CUST000162,2025-09-08 01:05:57.003505,4108.87,CHF,CH,DE,cajero,pos,0
TXN00002403,CUST000011,2026-01-12 18:10:57.003505,2061.05,EUR,ES,GB,cajero,tablet,0
TXN00002404,CUST000050,2025-05-18 06:33:57.003505,2838.27,EUR,FR,US,sucursal,atm,0
TXN00002405,CUST000099,2025-12-24 20:33:57.003505,24.69,EUR,IT,IT,web,atm,0
TXN00002406,CUST000120,2026-01-09 02:19:57.003505,395.9,EUR,IT,IT,sucursal,mobile,0
TXN00002407,CUST000010,2026-01-04 04:15:57.003505,490.74,EUR,FR,ES,web,desktop,0
TXN00002408,CUST000004,2025-05-13 02:19:57.003505,7561.0,EUR,DE,CH,app,mobile,0
TXN00002409,CUST000022,2025-01-19 19:03:57.107482,67315.05,EUR,IT,US,web,pos,1
TXN00002410,CUST000149,2025-01-21 03:14:57.003505,9320.42,EUR,ES,IT,cajero,pos,0
TXN00002411,CUST000153,2025-11-29 23:03:57.003505,675.49,EUR,ES,GB,sucursal,tablet,0
TXN00002412,CUST000139,2025-12-24 01:11:57.003505,4872.28,USD,US,CH,app,mobile,0
TXN00002413,CUST000102,2025-11-01 04:32:57.003505,2664.7,EUR,FR,ES,app,atm,0
TXN00002414,CUST000165,2025-10-20 23:16:57.003505,823.47,EUR,FR,GB,sucursal,tablet,0
TXN00002415,CUST000068,2025-12-27 01:14:57.003505,163.94,EUR,ES,IT,sucursal,desktop,0
TXN00002416,CUST000169,2025-03-09 06:54:57.003505,1640.73,EUR,DE,IT,sucursal,tablet,0
TXN00002417,CUST000179,2025-06-29 01:23:57.003505,4129.07,EUR,DE,DE,sucursal,tablet,0
TXN00002418,CUST000043,2025-06-30 23:57:57.003505,5924.42,GBP,CH,ES,cajero,tablet,0
TXN00002419,CUST000082,2025-04-20 05:04:57.003505,4150.39,EUR,ES,US,web,mobile,0
TXN00002420,CUST000142,2025-11-07 23:32:57.003505,16421.56,EUR,DE,GB,cajero,pos,0
TXN00002421,CUST000043,2025-04-26 21:26:57.107482,37368.43,EUR,CH,KP,app,tablet,1
TXN00002422,CUST000087,2025-10-18 23:17:57.003505,876.09,EUR,ES,GB,app,pos,0
TXN00002423,CUST000009,2025-03-30 03:05:57.003505,4092.58,EUR,FR,CH,web,pos,0
TXN00002424,CUST000163,2025-03-28 06:03:57.003505,107.27,EUR,ES,FR,cajero,tablet,0
TXN00002425,CUST000044,2025-06-23 19:02:57.003505,764.91,EUR,ES,DE,sucursal,mobile,0
TXN00002426,CUST000180,2025-06-22 21:58:57.003505,2316.62,EUR,GB,ES,app,tablet,0
TXN00002427,CUST000088,2025-03-17 05:59:57.003505,1620.3,EUR,DE,IT,web,atm,0
TXN00002428,CUST000012,2025-07-30 21:53:57.003505,1146.32,EUR,IT,FR,sucursal,pos,0
TXN00002429,CUST000018,2025-06-18 00:56:57.003505,105.15,EUR,FR,ES,web,mobile,0
TXN00002430,CUST000039,2025-04-06 20:00:57.003505,1251.24,EUR,DE,DE,app,atm,0
TXN00002431,CUST000008,2025-02-13 08:09:57.003505,2891.18,EUR,IT,DE,web,desktop,0
TXN00002432,CUST000110,2025-09-15 00:09:57.003505,420.4,EUR,ES,ES,app,desktop,0
TXN00002433,CUST000186,2025-06-22 02:57:57.003505,4003.84,EUR,IT,DE,sucursal,tablet,0
TXN00002434,CUST000089,2025-03-06 22:43:57.003505,141.94,EUR,ES,FR,sucursal,tablet,0
TXN00002435,CUST000157,2025-12-18 23:20:57.003505,1950.14,EUR,IT,DE,sucursal,pos,0
TXN00002436,CUST000011,2025-10-21 00:31:57.003505,369.77,EUR,ES,DE,web,mobile,0
TXN00002437,CUST000031,2025-10-08 00:58:57.003505,13830.46,EUR,ES,CH,web,mobile,0
TXN00002438,CUST000066,2025-06-01 04:31:57.003505,1496.62,EUR,DE,FR,sucursal,mobile,0
TXN00002439,CUST000064,2025-08-20 06:01:57.003505,220.59,EUR,ES,IT,sucursal,tablet,0
TXN00002440,CUST000095,2025-09-25 06:20:57.003505,233.59,EUR,IT,FR,web,desktop,0
TXN00002441,CUST000179,2026-01-14 22:03:57.003505,4874.0,EUR,DE,FR,cajero,desktop,0
TXN00002442,CUST000137,2025-09-16 06:37:57.003505,1278.5,EUR,FR,FR,web,pos,0
TXN00002443,CUST000134,2025-10-17 01:21:57.003505,135.01,EUR,FR,FR,cajero,mobile,0
TXN00002444,CUST000014,2025-09-10 08:32:57.003505,1695.28,EUR,IT,DE,cajero,tablet,0
TXN00002445,CUST000096,2025-04-27 00:49:57.003505,675.49,EUR,ES,ES,app,atm,0
TXN00002446,CUST000141,2025-07-17 23:43:57.003505,1603.17,EUR,GB,IT,cajero,tablet,0
TXN00002447,CUST000166,2025-04-21 00:03:57.003505,2844.39,EUR,GB,FR,sucursal,desktop,0
TXN00002448,CUST000089,2025-05-31 22:43:57.003505,216.08,EUR,ES,IT,app,atm,0
TXN00002449,CUST000142,2025-06-22 01:26:57.003505,5395.19,EUR,DE,ES,sucursal,tablet,0
TXN00002450,CUST000055,2025-12-29 20:45:57.003505,931.57,GBP,CH,GB,app,pos,0
TXN00002451,CUST000131,2025-02-04 22:24:57.003505,888.75,EUR,DE,IT,cajero,tablet,0
TXN00002452,CUST000049,2025-07-22 14:06:57.107482,4637.33,EUR,ES,IT,app,atm,1
TXN00002453,CUST000136,2025-01-20 01:59:57.003505,367.12,EUR,FR,FR,cajero,tablet,0
TXN00002454,CUST000143,2025-06-27 00:08:57.003505,4334.44,EUR,ES,IT,app,mobile,0
TXN00002455,CUST000107,2025-03-08 23:58:57.003505,3716.36,EUR,DE,FR,app,mobile,0
TXN00002456,CUST000023,2025-08-19 20:32:57.003505,2547.42,EUR,FR,CH,sucursal,mobile,0
TXN00002457,CUST000143,2025-12-28 23:20:57.003505,1717.65,EUR,ES,DE,sucursal,atm,0
TXN00002458,CUST000122,2026-01-05 00:39:57.003505,930.52,EUR,GB,DE,web,tablet,0
TXN00002459,CUST000027,2026-01-13 02:10:57.003505,63.24,EUR,FR,FR,app,pos,0
TXN00002460,CUST000070,2025-06-23 19:24:57.003505,225.64,EUR,ES,IT,app,desktop,0
TXN00002461,CUST000116,2025-05-18 04:51:57.003505,2846.44,EUR,FR,ES,app,desktop,0
TXN00002462,CUST000026,2025-06-13 23:59:57.003505,146.55,EUR,FR,ES,web,desktop,0
TXN00002463,CUST000043,2025-08-22 03:12:57.003505,716.69,USD,CH,DE,app,tablet,0
TXN00002464,CUST000174,2025-12-23 06:13:57.003505,241.89,EUR,IT,IT,cajero,atm,0
TXN00002465,CUST000086,2025-11-07 01:27:57.003505,1398.53,EUR,ES,GB,sucursal,desktop,0
TXN00002466,CUST000014,2025-10-04 08:00:57.003505,428.34,EUR,IT,ES,web,atm,0
TXN00002467,CUST000142,2025-07-01 18:09:57.003505,1923.7,EUR,DE,US,sucursal,pos,0
TXN00002468,CUST000036,2025-09-09 23:34:57.003505,2667.58,EUR,FR,US,cajero,atm,0
TXN00002469,CUST000098,2025-02-06 19:59:57.003505,294.06,EUR,IT,DE,web,atm,0
TXN00002470,CUST000151,2025-08-14 00:18:57.003505,1892.66,EUR,ES,DE,sucursal,desktop,0
TXN00002471,CUST000162,2025-04-29 20:49:57.003505,1376.16,CHF,CH,DE,app,pos,0
TXN00002472,CUST000045,2025-02-11 00:16:57.003505,1434.06,GBP,GB,DE,sucursal,mobile,0
TXN00002473,CUST000117,2025-10-28 02:05:57.003505,1227.93,EUR,ES,GB,app,tablet,0
TXN00002474,CUST000157,2025-10-21 21:50:57.003505,3152.62,EUR,IT,DE,app,pos,0
TXN00002475,CUST000052,2025-04-01 05:28:57.003505,133.16,EUR,ES,ES,app,atm,0
TXN00002476,CUST000014,2025-03-24 00:56:57.003505,1360.14,EUR,IT,IT,cajero,desktop,0
TXN00002477,CUST000056,2025-05-30 02:18:57.003505,931.88,CHF,GB,FR,web,atm,0
TXN00002478,CUST000170,2025-09-22 20:29:57.003505,3200.81,CHF,US,US,cajero,pos,0
TXN00002479,CUST000086,2025-05-31 09:09:57.003505,1558.92,EUR,ES,FR,app,tablet,0
TXN00002480,CUST000020,2025-05-20 19:09:57.003505,133.62,EUR,IT,FR,cajero,desktop,0
TXN00002481,CUST000091,2025-08-30 03:59:57.003505,6816.55,USD,GB,US,cajero,mobile,0
TXN00002482,CUST000130,2025-07-14 21:54:57.003505,4571.18,EUR,IT,US,app,atm,0
TXN00002483,CUST000074,2025-02-05 07:52:57.003505,1337.04,EUR,IT,GB,web,pos,0
TXN00002484,CUST000147,2025-01-29 06:41:57.003505,13831.0,GBP,US,GB,web,tablet,0
TXN00002485,CUST000151,2026-01-02 05:35:57.003505,1276.26,EUR,ES,IT,app,atm,0
TXN00002486,CUST000027,2025-05-06 04:54:57.003505,106.15,EUR,FR,IT,app,tablet,0
TXN00002487,CUST000168,2026-01-07 23:49:57.003505,1156.83,EUR,IT,DE,sucursal,pos,0
TXN00002488,CUST000144,2025-12-28 21:06:57.003505,1345.66,EUR,DE,IT,web,desktop,0
TXN00002489,CUST000124,2025-12-19 07:59:57.003505,1403.7,EUR,DE,FR,web,pos,0
TXN00002490,CUST000155,2026-01-12 08:33:57.003505,1294.66,EUR,IT,IT,cajero,pos,0
TXN00002491,CUST000100,2025-05-26 02:58:57.003505,1950.56,EUR,GB,DE,cajero,tablet,0
TXN00002492,CUST000177,2025-07-02 04:29:57.003505,1646.82,EUR,FR,ES,cajero,tablet,0
TXN00002493,CUST000033,2025-07-19 23:22:57.003505,2044.37,EUR,IT,FR,app,atm,0
TXN00002494,CUST000096,2025-02-17 00:13:57.003505,6017.27,EUR,ES,US,cajero,pos,0
TXN00002495,CUST000063,2025-11-05 22:05:57.003505,440.83,EUR,FR,FR,cajero,atm,0
TXN00002496,CUST000065,2025-07-11 06:39:57.003505,2337.03,EUR,DE,IT,sucursal,tablet,0
TXN00002497,CUST000060,2025-10-01 23:15:57.003505,438.93,EUR,IT,IT,cajero,pos,0
TXN00002498,CUST000085,2025-06-15 07:31:57.003505,495.56,EUR,FR,FR,cajero,desktop,0
TXN00002499,CUST000189,2025-11-17 01:19:57.003505,19813.44,EUR,DE,ES,app,tablet,0
TXN00002500,CUST000065,2025-05-06 19:43:57.003505,262.12,EUR,DE,GB,cajero,tablet,0
TXN00002501,CUST000008,2025-12-28 22:43:57.003505,8388.72,EUR,IT,ES,cajero,desktop,0
TXN00002502,CUST000047,2025-12-31 21:21:57.003505,12826.25,EUR,ES,DE,app,atm,0
TXN00002503,CUST000002,2025-08-14 04:02:57.107482,22117.05,EUR,ES,ES,app,mobile,1
TXN00002504,CUST000186,2025-03-05 09:34:57.003505,9321.79,EUR,IT,DE,cajero,pos,0
TXN00002505,CUST000045,2025-03-20 01:58:57.107482,38405.73,CHF,GB,FR,web,tablet,1
TXN00002506,CUST000094,2025-11-18 18:26:57.003505,6731.23,EUR,GB,FR,app,mobile,0
TXN00002507,CUST000000,2025-12-09 03:23:57.003505,430.02,EUR,DE,GB,web,desktop,0
TXN00002508,CUST000000,2025-08-28 04:57:57.003505,655.02,EUR,DE,FR,web,desktop,0
TXN00002509,CUST000101,2025-03-03 02:43:57.003505,152.33,EUR,FR,ES,web,desktop,0
TXN00002510,CUST000098,2026-01-09 04:00:57.003505,2393.87,EUR,IT,GB,web,tablet,0
TXN00002511,CUST000043,2025-07-31 09:57:57.107482,43161.8,EUR,CH,NG,app,tablet,1
TXN00002512,CUST000079,2025-04-20 18:16:57.003505,6010.68,EUR,FR,ES,web,atm,0
TXN00002513,CUST000187,2025-05-14 07:56:57.003505,2839.31,USD,GB,GB,web,pos,0
TXN00002514,CUST000021,2025-09-03 00:30:57.003505,116.45,EUR,FR,ES,web,tablet,0
TXN00002515,CUST000107,2025-01-18 00:28:57.003505,4578.91,EUR,DE,DE,web,desktop,0
TXN00002516,CUST000112,2025-12-16 05:14:57.003505,3942.65,CHF,US,GB,app,atm,0
TXN00002517,CUST000089,2025-12-12 01:46:57.003505,491.57,EUR,ES,IT,sucursal,desktop,0
TXN00002518,CUST000013,2025-05-01 14:10:57.107482,66232.6,USD,GB,KP,sucursal,tablet,1
TXN00002519,CUST000020,2025-01-27 22:54:57.003505,30.19,EUR,IT,IT,app,mobile,0
TXN00002520,CUST000075,2025-11-13 20:17:57.003505,1468.64,EUR,FR,US,web,mobile,0
TXN00002521,CUST000039,2025-08-02 04:32:57.003505,6949.11,EUR,DE,GB,app,tablet,0
TXN00002522,CUST000120,2025-07-16 22:50:57.003505,63.82,EUR,IT,ES,cajero,atm,0
TXN00002523,CUST000076,2025-03-07 03:49:57.003505,148.05,EUR,ES,FR,sucursal,atm,0
TXN00002524,CUST000117,2025-04-19 23:28:57.003505,6403.28,EUR,ES,IT,sucursal,atm,0
TXN00002525,CUST000116,2025-07-03 01:23:57.003505,5822.95,EUR,FR,IT,sucursal,pos,0
TXN00002526,CUST000096,2025-11-02 01:03:57.003505,9525.99,EUR,ES,DE,sucursal,mobile,0
TXN00002527,CUST000156,2025-04-29 00:16:57.003505,30.96,EUR,FR,FR,app,atm,0
TXN00002528,CUST000114,2025-11-26 05:28:57.003505,4654.16,EUR,ES,DE,web,desktop,0
TXN00002529,CUST000025,2026-01-14 21:21:57.003505,261.56,EUR,ES,ES,app,atm,0
TXN00002530,CUST000187,2025-01-30 05:29:57.003505,5073.62,GBP,GB,IT,cajero,atm,0
TXN00002531,CUST000063,2025-07-08 21:11:57.003505,68.5,EUR,FR,FR,web,mobile,0
TXN00002532,CUST000088,2025-09-21 22:29:57.003505,203.14,EUR,DE,FR,app,tablet,0
TXN00002533,CUST000187,2025-05-23 03:51:57.003505,4716.04,CHF,GB,IT,web,tablet,0
TXN00002534,CUST000165,2025-08-17 01:31:57.003505,961.71,EUR,FR,ES,cajero,pos,0
TXN00002535,CUST000116,2025-05-18 20:18:57.003505,2095.25,EUR,FR,GB,app,desktop,0
TXN00002536,CUST000114,2025-06-18 03:00:57.003505,3301.41,EUR,ES,GB,app,pos,0
TXN00002537,CUST000177,2025-10-24 00:03:57.003505,676.45,EUR,FR,IT,web,tablet,0
TXN00002538,CUST000020,2025-08-02 21:25:57.003505,110.07,EUR,IT,ES,web,tablet,0
TXN00002539,CUST000039,2025-06-17 18:17:57.003505,5050.66,EUR,DE,FR,app,pos,0
TXN00002540,CUST000026,2025-10-30 00:42:57.003505,156.92,EUR,FR,IT,cajero,tablet,0
TXN00002541,CUST000011,2025-06-14 14:21:57.107482,81442.3,EUR,ES,RU,sucursal,atm,1
TXN00002542,CUST000119,2025-10-25 23:02:57.003505,14102.78,EUR,US,DE,app,tablet,0
TXN00002543,CUST000175,2025-09-06 19:20:57.003505,14945.43,USD,CH,GB,web,pos,0
TXN00002544,CUST000130,2025-01-28 18:38:57.003505,3917.15,EUR,IT,GB,sucursal,atm,0
TXN00002545,CUST000037,2025-06-20 19:45:57.003505,38.42,EUR,ES,ES,web,tablet,0
TXN00002546,CUST000126,2025-06-17 20:45:57.003505,591.23,EUR,DE,FR,web,mobile,0
TXN00002547,CUST000116,2025-10-18 02:48:57.003505,13634.98,EUR,FR,IT,sucursal,pos,0
TXN00002548,CUST000060,2025-02-25 03:04:57.003505,2068.01,EUR,IT,FR,cajero,atm,0
TXN00002549,CUST000048,2025-09-12 15:02:57.107482,54574.23,EUR,FR,KP,web,pos,1
TXN00002550,CUST000133,2025-11-06 00:50:57.003505,122.61,EUR,IT,IT,cajero,pos,0
TXN00002551,CUST000050,2025-08-30 03:57:57.003505,2217.57,EUR,FR,ES,cajero,pos,0
TXN00002552,CUST000055,2025-03-24 01:33:57.003505,5214.25,CHF,CH,CH,cajero,mobile,0
TXN00002553,CUST000037,2025-09-09 15:14:57.107482,1426.92,EUR,ES,FR,cajero,desktop,1
TXN00002554,CUST000007,2025-07-18 23:14:57.003505,5946.44,EUR,DE,CH,web,mobile,0
TXN00002555,CUST000011,2025-11-29 21:44:57.003505,120.51,EUR,ES,DE,sucursal,mobile,0
TXN00002556,CUST000106,2025-09-12 21:22:57.003505,22.19,EUR,FR,ES,cajero,desktop,0
TXN00002557,CUST000066,2025-01-18 08:59:57.003505,1845.13,EUR,DE,DE,app,atm,0
TXN00002558,CUST000010,2025-02-24 05:06:57.003505,2209.48,EUR,FR,GB,sucursal,tablet,0
TXN00002559,CUST000075,2025-11-04 01:51:57.003505,5732.77,EUR,FR,CH,web,mobile,0
TXN00002560,CUST000140,2025-04-18 18:31:57.003505,491.42,EUR,DE,GB,cajero,mobile,0
TXN00002561,CUST000090,2025-04-26 22:30:57.003505,4820.87,USD,GB,CH,app,atm,0
TXN00002562,CUST000075,2025-05-23 00:31:57.003505,13985.05,EUR,FR,FR,cajero,pos,0
TXN00002563,CUST000042,2025-10-04 08:10:57.003505,2350.31,EUR,ES,DE,sucursal,mobile,0
TXN00002564,CUST000030,2026-01-16 02:02:57.003505,1850.12,CHF,GB,IT,web,tablet,0
TXN00002565,CUST000007,2025-10-08 17:48:57.003505,9543.79,EUR,DE,GB,web,mobile,0
TXN00002566,CUST000153,2025-02-23 02:14:57.003505,354.9,EUR,ES,FR,web,pos,0
TXN00002567,CUST000186,2025-10-24 08:54:57.003505,3373.18,EUR,IT,ES,app,atm,0
TXN00002568,CUST000006,2025-08-31 02:30:57.003505,410.45,EUR,FR,ES,cajero,mobile,0
TXN00002569,CUST000048,2025-03-29 03:09:57.003505,10428.83,EUR,FR,DE,app,pos,0
TXN00002570,CUST000035,2025-07-19 08:54:57.003505,434.6,EUR,DE,IT,app,tablet,0
TXN00002571,CUST000062,2025-02-17 20:04:57.003505,931.26,EUR,IT,GB,cajero,desktop,0
TXN00002572,CUST000064,2025-11-01 18:46:57.003505,358.78,EUR,ES,IT,web,tablet,0
TXN00002573,CUST000002,2025-04-06 20:05:57.003505,145.88,EUR,ES,FR,cajero,atm,0
TXN00002574,CUST000135,2025-04-12 20:12:57.003505,693.17,EUR,ES,ES,sucursal,pos,0
TXN00002575,CUST000122,2025-12-02 07:00:57.003505,120.9,GBP,GB,DE,app,desktop,0
TXN00002576,CUST000083,2025-03-15 03:40:57.003505,368.13,EUR,ES,FR,sucursal,mobile,0
TXN00002577,CUST000127,2025-05-06 03:15:57.003505,4226.27,EUR,FR,US,app,atm,0
TXN00002578,CUST000040,2025-04-27 09:21:57.107482,69394.51,EUR,IT,IR,web,pos,1
TXN00002579,CUST000100,2026-01-08 06:40:57.003505,2964.31,CHF,GB,GB,cajero,tablet,0
TXN00002580,CUST000168,2025-03-10 07:55:57.003505,709.97,EUR,IT,ES,sucursal,desktop,0
TXN00002581,CUST000119,2025-09-12 01:08:57.003505,1236.2,EUR,US,IT,sucursal,desktop,0
TXN00002582,CUST000062,2025-06-16 08:11:57.003505,268.05,EUR,IT,DE,cajero,desktop,0
TXN00002583,CUST000114,2025-04-26 23:06:57.003505,5213.51,EUR,ES,US,sucursal,desktop,0
TXN00002584,CUST000057,2025-12-20 02:40:57.003505,466.35,EUR,ES,FR,sucursal,desktop,0
TXN00002585,CUST000175,2025-10-11 04:14:57.003505,2794.65,CHF,CH,US,cajero,atm,0
TXN00002586,CUST000184,2025-05-14 00:43:57.003505,23.28,EUR,FR,FR,cajero,pos,0
TXN00002587,CUST000137,2025-02-20 23:02:57.003505,540.02,EUR,FR,FR,web,tablet,0
TXN00002588,CUST000059,2026-01-15 20:18:57.003505,35.29,EUR,FR,IT,web,atm,0
TXN00002589,CUST000171,2025-11-08 07:00:57.003505,1674.96,EUR,IT,IT,cajero,atm,0
TXN00002590,CUST000137,2025-03-04 02:17:57.003505,395.03,EUR,FR,DE,cajero,pos,0
TXN00002591,CUST000124,2025-08-07 05:03:57.003505,1208.37,EUR,DE,ES,sucursal,atm,0
TXN00002592,CUST000090,2025-10-09 18:37:57.003505,14274.3,EUR,GB,US,cajero,pos,0
TXN00002593,CUST000143,2025-02-19 19:21:57.003505,8282.35,EUR,ES,US,app,tablet,0
TXN00002594,CUST000007,2025-12-18 23:28:57.003505,1489.34,EUR,DE,GB,sucursal,tablet,0
TXN00002595,CUST000181,2025-08-17 07:10:57.003505,652.4,EUR,IT,GB,app,desktop,0
TXN00002596,CUST000010,2025-01-16 05:10:57.003505,1597.34,EUR,FR,DE,sucursal,pos,0
TXN00002597,CUST000044,2025-03-26 04:31:57.003505,609.75,EUR,ES,GB,web,desktop,0
TXN00002598,CUST000037,2025-09-15 04:17:57.003505,347.98,EUR,ES,IT,app,tablet,0
TXN00002599,CUST000027,2025-09-25 05:40:57.003505,21.54,EUR,FR,ES,web,atm,0
TXN00002600,CUST000087,2025-11-19 03:35:57.003505,2700.67,EUR,ES,ES,app,pos,0
TXN00002601,CUST000153,2025-06-26 07:53:57.003505,1758.38,EUR,ES,DE,cajero,tablet,0
TXN00002602,CUST000047,2025-07-24 05:25:57.003505,1638.12,EUR,ES,US,web,pos,0
TXN00002603,CUST000030,2026-01-13 19:16:57.003505,862.97,GBP,GB,ES,app,tablet,0
TXN00002604,CUST000124,2025-05-26 02:36:57.003505,2302.36,EUR,DE,ES,cajero,mobile,0
TXN00002605,CUST000157,2025-08-03 23:53:57.003505,4874.71,EUR,IT,IT,web,tablet,0
TXN00002606,CUST000166,2025-01-23 04:53:57.003505,4613.55,USD,GB,GB,app,atm,0
TXN00002607,CUST000108,2025-10-22 20:30:57.003505,228.89,EUR,ES,FR,sucursal,pos,0
TXN00002608,CUST000074,2025-07-28 22:20:57.003505,1693.82,EUR,IT,US,cajero,desktop,0
TXN00002609,CUST000120,2025-07-26 03:25:57.003505,104.37,EUR,IT,IT,web,atm,0
TXN00002610,CUST000082,2025-05-06 19:17:57.003505,10457.45,EUR,ES,DE,cajero,desktop,0
TXN00002611,CUST000111,2025-05-03 06:26:57.003505,111.48,EUR,ES,ES,web,mobile,0
TXN00002612,CUST000051,2025-12-07 03:04:57.003505,1707.64,EUR,DE,DE,sucursal,tablet,0
TXN00002613,CUST000108,2025-01-17 22:44:57.003505,26.7,EUR,ES,ES,cajero,desktop,0
TXN00002614,CUST000132,2025-11-28 08:38:57.003505,8078.49,EUR,ES,IT,app,desktop,0
TXN00002615,CUST000056,2025-06-18 04:01:57.003505,161.1,GBP,GB,IT,cajero,pos,0
TXN00002616,CUST000123,2025-08-19 18:49:57.003505,182.63,EUR,FR,DE,app,desktop,0
TXN00002617,CUST000019,2025-04-12 23:11:57.003505,7556.47,EUR,DE,CH,cajero,desktop,0
TXN00002618,CUST000154,2025-09-14 22:27:57.003505,6689.89,EUR,ES,US,app,atm,0
TXN00002619,CUST000122,2025-06-02 20:09:57.003505,585.86,GBP,GB,IT,web,tablet,0
TXN00002620,CUST000074,2025-08-15 04:14:57.003505,11574.58,EUR,IT,GB,app,desktop,0
TXN00002621,CUST000004,2025-04-30 00:25:57.003505,5911.81,EUR,DE,CH,sucursal,mobile,0
TXN00002622,CUST000040,2025-04-24 00:46:57.003505,113.06,EUR,IT,IT,sucursal,tablet,0
TXN00002623,CUST000187,2025-06-08 00:12:57.003505,5557.96,USD,GB,GB,web,atm,0
TXN00002624,CUST000130,2026-01-07 05:04:57.003505,9644.86,EUR,IT,US,sucursal,atm,0
TXN00002625,CUST000175,2025-09-04 01:11:57.003505,1192.28,USD,CH,FR,cajero,atm,0
TXN00002626,CUST000040,2025-08-15 04:14:57.003505,228.02,EUR,IT,FR,cajero,tablet,0
TXN00002627,CUST000073,2025-08-24 04:52:57.003505,807.45,EUR,DE,FR,web,desktop,0
TXN00002628,CUST000155,2025-04-17 22:48:57.003505,165.87,EUR,IT,ES,app,tablet,0
TXN00002629,CUST000133,2025-08-22 19:41:57.003505,91.52,EUR,IT,FR,cajero,desktop,0
TXN00002630,CUST000004,2025-11-27 05:26:57.003505,18577.68,EUR,DE,CH,web,pos,0
TXN00002631,CUST000176,2025-01-28 18:07:57.003505,711.14,EUR,ES,FR,app,atm,0
TXN00002632,CUST000061,2025-08-28 23:08:57.003505,7947.47,EUR,IT,US,sucursal,mobile,0
TXN00002633,CUST000122,2025-10-31 04:36:57.003505,395.96,USD,GB,FR,cajero,mobile,0
TXN00002634,CUST000098,2025-10-01 02:44:57.003505,114.41,EUR,IT,IT,app,pos,0
TXN00002635,CUST000126,2025-02-10 00:55:57.003505,2772.03,EUR,DE,DE,cajero,pos,0
TXN00002636,CUST000053,2025-12-24 00:43:57.003505,3189.25,EUR,FR,FR,cajero,pos,0
TXN00002637,CUST000075,2025-06-05 02:24:57.003505,3400.32,EUR,FR,DE,cajero,pos,0
TXN00002638,CUST000079,2026-01-13 04:41:57.003505,1063.91,EUR,FR,DE,app,mobile,0
TXN00002639,CUST000106,2025-03-09 23:24:57.003505,134.68,EUR,FR,ES,sucursal,tablet,0
TXN00002640,CUST000070,2025-03-25 22:18:57.003505,447.02,EUR,ES,FR,app,pos,0
TXN00002641,CUST000128,2025-01-16 05:12:57.003505,4884.45,EUR,FR,FR,sucursal,tablet,0
TXN00002642,CUST000096,2025-12-15 02:49:57.003505,4024.25,EUR,ES,CH,app,mobile,0
TXN00002643,CUST000172,2025-05-19 04:07:57.003505,890.61,EUR,FR,ES,web,pos,0
TXN00002644,CUST000062,2026-01-06 23:03:57.003505,1614.52,EUR,IT,GB,sucursal,atm,0
TXN00002645,CUST000079,2025-10-08 20:39:57.003505,7810.99,EUR,FR,FR,cajero,pos,0
TXN00002646,CUST000161,2025-03-18 23:39:57.003505,27.9,EUR,ES,ES,sucursal,desktop,0
TXN00002647,CUST000180,2025-09-25 19:21:57.003505,790.32,EUR,GB,IT,web,pos,0
TXN00002648,CUST000018,2025-09-25 19:07:57.003505,54.59,EUR,FR,IT,web,mobile,0
TXN00002649,CUST000050,2025-05-07 09:03:57.003505,1244.47,EUR,FR,ES,app,desktop,0
TXN00002650,CUST000032,2025-05-10 04:16:57.003505,438.2,EUR,FR,IT,app,mobile,0
TXN00002651,CUST000053,2025-10-03 22:53:57.003505,3967.07,EUR,FR,DE,sucursal,atm,0
TXN00002652,CUST000005,2025-04-03 20:22:57.003505,128.02,CHF,GB,GB,sucursal,mobile,0
TXN00002653,CUST000153,2025-02-14 00:26:57.003505,572.49,EUR,ES,GB,sucursal,mobile,0
TXN00002654,CUST000075,2025-09-07 05:27:57.003505,20641.2,EUR,FR,ES,cajero,mobile,0
TXN00002655,CUST000046,2026-01-08 01:20:57.003505,1529.83,CHF,GB,US,cajero,atm,0
TXN00002656,CUST000163,2025-09-19 00:35:57.003505,55.52,EUR,ES,ES,web,atm,0
TXN00002657,CUST000160,2025-10-13 23:03:57.003505,877.29,EUR,DE,DE,sucursal,tablet,0
TXN00002658,CUST000171,2025-02-26 00:29:57.003505,3045.11,EUR,IT,FR,sucursal,desktop,0
TXN00002659,CUST000101,2025-08-19 02:38:57.003505,38.02,EUR,FR,ES,app,mobile,0
TXN00002660,CUST000068,2025-03-18 03:01:57.003505,1874.57,EUR,ES,FR,web,pos,0
TXN00002661,CUST000036,2025-08-30 02:28:57.003505,4795.03,EUR,FR,FR,app,atm,0
TXN00002662,CUST000172,2025-10-23 23:09:57.003505,395.96,EUR,FR,ES,app,atm,0
TXN00002663,CUST000170,2025-09-21 00:59:57.003505,14188.45,CHF,US,GB,app,tablet,0
TXN00002664,CUST000043,2025-03-18 01:18:57.003505,654.06,USD,CH,ES,cajero,atm,0
TXN00002665,CUST000089,2025-01-17 01:39:57.003505,104.84,EUR,ES,FR,cajero,desktop,0
TXN00002666,CUST000089,2025-03-19 21:07:57.003505,349.16,EUR,ES,ES,cajero,mobile,0
TXN00002667,CUST000115,2025-10-14 03:23:57.003505,6554.24,EUR,DE,DE,sucursal,desktop,0
TXN00002668,CUST000089,2025-03-23 21:50:57.003505,85.66,EUR,ES,IT,sucursal,tablet,0
TXN00002669,CUST000166,2025-08-13 23:10:57.003505,10142.23,USD,GB,IT,cajero,desktop,0
TXN00002670,CUST000093,2025-11-16 06:05:57.003505,1664.71,EUR,FR,IT,app,atm,0
TXN00002671,CUST000163,2025-06-01 05:23:57.003505,480.82,EUR,ES,FR,cajero,tablet,0
TXN00002672,CUST000169,2025-11-06 21:47:57.003505,654.69,EUR,DE,DE,web,tablet,0
TXN00002673,CUST000062,2025-10-18 07:06:57.003505,957.68,EUR,IT,DE,cajero,pos,0
TXN00002674,CUST000009,2025-11-18 20:29:57.003505,971.91,EUR,FR,CH,cajero,desktop,0
TXN00002675,CUST000130,2025-09-28 05:34:57.003505,4706.17,EUR,IT,IT,app,tablet,0
TXN00002676,CUST000165,2025-07-08 20:43:57.003505,814.57,EUR,FR,GB,sucursal,mobile,0
TXN00002677,CUST000160,2025-10-24 20:05:57.003505,236.64,EUR,DE,FR,web,atm,0
TXN00002678,CUST000172,2025-08-11 01:49:57.003505,1743.8,EUR,FR,IT,web,pos,0
TXN00002679,CUST000015,2025-07-22 09:50:57.003505,3960.37,EUR,FR,GB,app,tablet,0
TXN00002680,CUST000030,2025-11-15 15:26:57.107482,96740.03,GBP,GB,YE,cajero,desktop,1
TXN00002681,CUST000042,2025-10-06 21:52:57.003505,4991.8,EUR,ES,ES,cajero,tablet,0
TXN00002682,CUST000095,2025-02-28 02:39:57.003505,81.94,EUR,IT,ES,web,desktop,0
TXN00002683,CUST000102,2025-12-24 20:38:57.003505,2537.25,EUR,FR,FR,cajero,mobile,0
TXN00002684,CUST000141,2025-03-13 21:27:57.003505,364.95,CHF,GB,ES,sucursal,pos,0
TXN00002685,CUST000005,2025-06-28 20:52:57.003505,601.58,USD,GB,FR,app,tablet,0
TXN00002686,CUST000081,2025-11-23 02:33:57.003505,8368.14,GBP,CH,ES,sucursal,atm,0
TXN00002687,CUST000144,2025-12-24 05:06:57.003505,1808.71,EUR,DE,GB,web,desktop,0
TXN00002688,CUST000046,2025-10-18 18:00:57.003505,7969.23,GBP,GB,DE,web,desktop,0
TXN00002689,CUST000011,2025-08-13 07:07:57.003505,1684.01,EUR,ES,DE,app,mobile,0
TXN00002690,CUST000036,2025-09-03 02:03:57.003505,3835.62,EUR,FR,US,web,desktop,0
TXN00002691,CUST000065,2025-08-23 00:08:57.003505,2903.34,EUR,DE,GB,app,tablet,0
TXN00002692,CUST000067,2025-08-16 05:00:57.003505,8472.57,EUR,DE,GB,sucursal,mobile,0
TXN00002693,CUST000126,2025-12-30 06:51:57.003505,282.89,EUR,DE,DE,app,desktop,0
TXN00002694,CUST000017,2025-09-25 02:56:57.003505,4540.78,EUR,FR,IT,app,desktop,0
TXN00002695,CUST000173,2025-09-03 04:23:57.003505,13793.76,EUR,DE,US,sucursal,tablet,0
TXN00002696,CUST000094,2025-09-23 22:22:57.003505,4623.64,GBP,GB,CH,app,pos,0
TXN00002697,CUST000124,2025-11-17 08:45:57.003505,1463.49,EUR,DE,DE,web,pos,0
TXN00002698,CUST000123,2025-12-07 06:22:57.003505,460.13,EUR,FR,FR,app,atm,0
TXN00002699,CUST000037,2026-01-07 07:34:57.003505,210.62,EUR,ES,FR,web,pos,0
TXN00002700,CUST000124,2025-05-31 18:49:57.003505,187.7,EUR,DE,ES,web,desktop,0
TXN00002701,CUST000145,2025-08-09 08:41:57.003505,1138.11,EUR,DE,DE,web,tablet,0
TXN00002702,CUST000034,2026-01-06 19:13:57.003505,26.45,EUR,FR,ES,app,atm,0
TXN00002703,CUST000086,2025-10-29 07:56:57.003505,5482.23,EUR,ES,ES,web,mobile,0
TXN00002704,CUST000162,2025-04-15 21:57:57.003505,888.73,GBP,CH,GB,web,mobile,0
TXN00002705,CUST000080,2025-05-27 02:40:57.003505,110.24,EUR,ES,IT,app,atm,0
TXN00002706,CUST000169,2025-09-16 01:04:57.003505,616.83,EUR,DE,IT,app,pos,0
TXN00002707,CUST000154,2025-09-15 05:46:57.003505,11557.48,EUR,ES,DE,cajero,desktop,0
TXN00002708,CUST000145,2025-05-21 04:46:57.003505,652.77,EUR,DE,IT,cajero,pos,0
TXN00002709,CUST000009,2025-07-16 21:14:57.003505,16787.98,EUR,FR,GB,web,tablet,0
TXN00002710,CUST000127,2025-07-17 23:37:57.003505,4338.12,EUR,FR,FR,web,atm,0
TXN00002711,CUST000110,2025-12-14 20:51:57.003505,208.12,EUR,ES,ES,app,pos,0
TXN00002712,CUST000137,2025-12-29 19:14:57.003505,552.7,EUR,FR,GB,sucursal,desktop,0
TXN00002713,CUST000127,2025-01-27 04:15:57.003505,3526.26,EUR,FR,DE,cajero,atm,0
TXN00002714,CUST000186,2025-11-07 06:13:57.003505,3147.98,EUR,IT,DE,web,atm,0
TXN00002715,CUST000118,2025-02-11 19:18:57.003505,9509.84,EUR,DE,DE,sucursal,tablet,0
TXN00002716,CUST000045,2025-09-22 19:19:57.003505,310.6,USD,GB,ES,app,atm,0
TXN00002717,CUST000067,2026-01-03 17:26:57.003505,4257.18,EUR,DE,FR,sucursal,desktop,0
TXN00002718,CUST000139,2025-08-06 05:45:57.003505,3560.19,EUR,US,FR,app,atm,0
TXN00002719,CUST000007,2025-09-16 01:50:57.003505,20475.4,EUR,DE,US,cajero,desktop,0
TXN00002720,CUST000053,2025-09-11 20:52:57.003505,4899.3,EUR,FR,US,web,tablet,0
TXN00002721,CUST000029,2026-01-01 14:40:57.107482,25613.08,EUR,GB,FR,sucursal,mobile,1
TXN00002722,CUST000061,2025-06-18 20:46:57.003505,1329.84,EUR,IT,FR,web,mobile,0
TXN00002723,CUST000036,2025-04-14 03:14:57.003505,8419.2,EUR,FR,IT,app,atm,0
TXN00002724,CUST000174,2025-01-16 21:05:57.003505,2268.3,EUR,IT,DE,sucursal,tablet,0
TXN00002725,CUST000170,2025-12-07 05:21:57.003505,19612.93,CHF,US,GB,app,atm,0
TXN00002726,CUST000048,2025-05-05 02:35:57.003505,12249.6,EUR,FR,ES,web,atm,0
TXN00002727,CUST000013,2025-08-23 19:00:57.003505,105.77,EUR,GB,IT,sucursal,desktop,0
TXN00002728,CUST000055,2025-11-22 02:48:57.003505,3211.38,EUR,CH,CH,app,tablet,0
TXN00002729,CUST000021,2025-09-03 05:48:57.003505,134.97,EUR,FR,ES,app,tablet,0
TXN00002730,CUST000082,2025-05-01 04:07:57.003505,4627.67,EUR,ES,US,app,mobile,0
TXN00002731,CUST000008,2025-02-06 02:43:57.003505,3907.03,EUR,IT,IT,app,tablet,0
TXN00002732,CUST000089,2025-12-27 23:34:57.003505,42.08,EUR,ES,IT,sucursal,pos,0
TXN00002733,CUST000095,2025-03-16 23:50:57.003505,124.83,EUR,IT,ES,cajero,atm,0
TXN00002734,CUST000096,2025-05-21 01:27:57.003505,18697.16,EUR,ES,DE,sucursal,mobile,0
TXN00002735,CUST000004,2025-09-08 20:26:57.107482,19850.81,EUR,DE,AF,cajero,pos,1
TXN00002736,CUST000182,2026-01-07 09:54:57.003505,2204.89,EUR,FR,FR,sucursal,atm,0
TXN00002737,CUST000069,2025-06-14 07:20:57.003505,73.71,EUR,FR,FR,web,tablet,0
TXN00002738,CUST000030,2025-04-27 00:05:57.003505,941.27,CHF,GB,IT,cajero,pos,0
TXN00002739,CUST000155,2025-07-20 20:05:57.003505,1256.02,EUR,IT,FR,web,pos,0
TXN00002740,CUST000150,2025-06-10 21:42:57.003505,3823.43,EUR,ES,GB,app,atm,0
TXN00002741,CUST000107,2025-06-03 02:38:57.003505,7553.79,EUR,DE,DE,app,mobile,0
TXN00002742,CUST000053,2025-10-25 07:46:57.003505,12650.75,EUR,FR,GB,web,atm,0
TXN00002743,CUST000093,2025-10-12 01:58:57.003505,7248.78,EUR,FR,DE,cajero,pos,0
TXN00002744,CUST000042,2025-02-02 05:57:57.003505,2294.33,EUR,ES,FR,app,tablet,0
TXN00002745,CUST000104,2025-04-12 05:47:57.003505,115.19,EUR,ES,DE,cajero,desktop,0
TXN00002746,CUST000117,2025-04-19 03:20:57.003505,4608.69,EUR,ES,GB,sucursal,mobile,0
TXN00002747,CUST000052,2025-08-16 23:44:57.003505,102.21,EUR,ES,IT,app,atm,0
TXN00002748,CUST000109,2025-11-16 03:22:57.003505,7031.25,EUR,CH,DE,sucursal,desktop,0
TXN00002749,CUST000018,2025-09-01 07:02:57.003505,116.95,EUR,FR,FR,app,desktop,0
TXN00002750,CUST000053,2025-11-06 01:07:57.003505,2288.34,EUR,FR,FR,app,mobile,0
TXN00002751,CUST000050,2025-09-17 06:00:57.003505,4654.42,EUR,FR,ES,web,tablet,0
TXN00002752,CUST000037,2025-04-26 07:10:57.107482,773.71,EUR,ES,YE,web,desktop,1
TXN00002753,CUST000049,2025-04-15 06:33:57.107482,4360.1,EUR,ES,CN,app,desktop,1
TXN00002754,CUST000049,2025-03-27 04:56:57.003505,910.85,EUR,ES,IT,web,desktop,0
TXN00002755,CUST000006,2025-02-23 19:14:57.107482,209.51,EUR,FR,NG,app,tablet,1
TXN00002756,CUST000125,2025-03-01 22:37:57.003505,13100.18,GBP,US,GB,sucursal,tablet,0
TXN00002757,CUST000036,2025-05-25 08:32:57.003505,1953.7,EUR,FR,IT,sucursal,atm,0
TXN00002758,CUST000137,2025-05-19 01:15:57.003505,100.69,EUR,FR,ES,cajero,tablet,0
TXN00002759,CUST000031,2025-09-07 23:04:57.003505,901.18,EUR,ES,DE,web,tablet,0
TXN00002760,CUST000062,2025-05-18 19:47:57.003505,125.17,EUR,IT,GB,sucursal,desktop,0
TXN00002761,CUST000111,2025-07-29 02:49:57.003505,52.55,EUR,ES,ES,app,atm,0
TXN00002762,CUST000113,2025-02-11 20:34:57.003505,22408.12,CHF,CH,CH,web,tablet,0
TXN00002763,CUST000084,2025-11-24 19:14:57.003505,107.89,EUR,ES,FR,sucursal,desktop,0
TXN00002764,CUST000078,2025-02-20 02:26:57.003505,7254.06,EUR,DE,FR,sucursal,atm,0
TXN00002765,CUST000052,2025-05-12 04:05:57.003505,105.2,EUR,ES,IT,app,tablet,0
TXN00002766,CUST000099,2025-06-18 03:24:57.003505,26.0,EUR,IT,FR,cajero,desktop,0
TXN00002767,CUST000073,2026-01-02 18:11:57.003505,885.04,EUR,DE,DE,cajero,desktop,0
TXN00002768,CUST000129,2025-03-20 22:55:57.003505,4548.67,CHF,US,DE,web,pos,0
TXN00002769,CUST000023,2025-05-02 21:56:57.003505,17119.18,EUR,FR,FR,sucursal,tablet,0
TXN00002770,CUST000023,2025-07-31 18:38:57.003505,1311.23,EUR,FR,GB,cajero,tablet,0
TXN00002771,CUST000063,2025-05-14 03:23:57.003505,75.08,EUR,FR,IT,cajero,tablet,0
TXN00002772,CUST000069,2025-08-19 02:42:57.003505,326.03,EUR,FR,ES,web,mobile,0
TXN00002773,CUST000074,2025-12-17 04:43:57.003505,7603.84,EUR,IT,IT,cajero,mobile,0
TXN00002774,CUST000109,2025-05-25 03:28:57.003505,1294.13,EUR,CH,US,web,atm,0
TXN00002775,CUST000175,2025-12-15 23:09:57.003505,2846.6,GBP,CH,FR,cajero,pos,0
TXN00002776,CUST000034,2025-11-19 01:51:57.107482,831.55,EUR,FR,YE,app,tablet,1
TXN00002777,CUST000121,2025-02-12 00:48:57.003505,674.72,EUR,ES,DE,sucursal,atm,0
TXN00002778,CUST000075,2025-07-14 22:06:57.003505,2558.86,EUR,FR,ES,app,atm,0
TXN00002779,CUST000096,2025-02-08 22:40:57.003505,1984.99,EUR,ES,DE,web,atm,0
TXN00002780,CUST000120,2025-11-23 22:32:57.003505,84.12,EUR,IT,ES,web,atm,0
TXN00002781,CUST000025,2025-09-13 18:27:57.003505,566.58,EUR,ES,FR,app,pos,0
TXN00002782,CUST000175,2025-02-07 21:53:57.003505,6340.06,GBP,CH,GB,web,desktop,0
TXN00002783,CUST000041,2025-12-31 22:40:57.003505,4535.78,EUR,DE,ES,web,pos,0
TXN00002784,CUST000087,2025-08-24 22:18:57.003505,572.32,EUR,ES,ES,cajero,pos,0
TXN00002785,CUST000117,2025-05-15 05:20:57.003505,10317.54,EUR,ES,IT,app,pos,0
TXN00002786,CUST000178,2025-11-03 02:44:57.003505,143.95,EUR,ES,FR,app,pos,0
TXN00002787,CUST000076,2025-03-31 06:16:57.003505,88.86,EUR,ES,FR,web,desktop,0
TXN00002788,CUST000063,2025-12-14 05:18:57.003505,184.0,EUR,FR,IT,app,pos,0
TXN00002789,CUST000026,2026-01-10 04:48:57.107482,53193.92,EUR,FR,ES,cajero,pos,1
TXN00002790,CUST000119,2025-02-21 23:29:57.003505,9943.28,GBP,US,DE,sucursal,tablet,0
TXN00002791,CUST000087,2025-11-18 19:45:57.003505,803.59,EUR,ES,FR,cajero,pos,0
TXN00002792,CUST000051,2025-04-04 00:19:57.003505,1051.82,EUR,DE,GB,web,mobile,0
TXN00002793,CUST000075,2025-07-29 23:21:57.003505,8140.07,EUR,FR,GB,app,mobile,0
TXN00002794,CUST000125,2025-02-06 22:48:57.003505,5216.35,EUR,US,FR,web,tablet,0
TXN00002795,CUST000184,2025-11-27 03:35:57.003505,148.74,EUR,FR,ES,app,mobile,0
TXN00002796,CUST000074,2025-12-09 19:54:57.003505,14680.96,EUR,IT,IT,cajero,desktop,0
TXN00002797,CUST000119,2025-03-02 04:17:57.003505,1046.5,USD,US,US,web,atm,0
TXN00002798,CUST000069,2025-05-27 23:45:57.003505,200.39,EUR,FR,FR,cajero,desktop,0
TXN00002799,CUST000037,2025-02-25 06:23:57.003505,52.28,EUR,ES,FR,cajero,atm,0
TXN00002800,CUST000166,2025-08-24 07:06:57.003505,2769.32,USD,GB,ES,cajero,atm,0
TXN00002801,CUST000133,2025-05-27 01:58:57.003505,210.84,EUR,IT,FR,web,atm,0
TXN00002802,CUST000129,2025-07-18 06:55:57.003505,1448.31,EUR,US,ES,web,desktop,0
TXN00002803,CUST000137,2025-11-19 07:00:57.003505,328.33,EUR,FR,IT,web,atm,0
TXN00002804,CUST000149,2025-05-26 06:36:57.003505,7770.92,EUR,ES,GB,app,desktop,0
TXN00002805,CUST000045,2025-06-06 23:12:57.107482,4087.52,USD,GB,SY,sucursal,desktop,1
TXN00002806,CUST000186,2025-01-18 20:38:57.003505,4385.18,EUR,IT,US,web,mobile,0
TXN00002807,CUST000166,2025-04-20 18:32:57.003505,5034.18,CHF,GB,GB,web,tablet,0
TXN00002808,CUST000019,2025-09-01 18:03:57.003505,8140.76,EUR,DE,FR,cajero,atm,0
TXN00002809,CUST000081,2025-06-16 03:50:57.003505,3976.06,USD,CH,FR,sucursal,atm,0
TXN00002810,CUST000010,2025-05-28 04:40:57.003505,166.12,EUR,FR,GB,web,pos,0
TXN00002811,CUST000058,2025-03-21 19:13:57.003505,3829.91,EUR,FR,ES,cajero,mobile,0
TXN00002812,CUST000168,2025-02-03 02:30:57.003505,2763.92,EUR,IT,IT,sucursal,pos,0
TXN00002813,CUST000124,2025-03-21 08:03:57.003505,953.91,EUR,DE,DE,sucursal,pos,0
TXN00002814,CUST000020,2025-02-06 22:15:57.003505,79.45,EUR,IT,ES,app,tablet,0
TXN00002815,CUST000042,2026-01-15 02:44:57.003505,3882.42,EUR,ES,DE,web,mobile,0
TXN00002816,CUST000108,2025-10-01 20:16:57.003505,21.03,EUR,ES,FR,sucursal,pos,0
TXN00002817,CUST000143,2025-03-27 20:06:57.003505,2059.99,EUR,ES,FR,web,desktop,0
TXN00002818,CUST000114,2025-08-11 01:45:57.003505,5851.37,EUR,ES,FR,cajero,pos,0
TXN00002819,CUST000165,2025-07-20 06:48:57.003505,872.29,EUR,FR,GB,sucursal,atm,0
TXN00002820,CUST000175,2025-02-26 19:10:57.003505,2352.72,GBP,CH,ES,sucursal,desktop,0
TXN00002821,CUST000111,2025-07-19 05:32:57.003505,104.01,EUR,ES,IT,web,pos,0
TXN00002822,CUST000086,2025-03-05 05:06:57.003505,4952.2,EUR,ES,DE,web,mobile,0
TXN00002823,CUST000177,2025-05-17 19:09:57.003505,447.91,EUR,FR,FR,sucursal,atm,0
TXN00002824,CUST000007,2025-03-02 12:27:57.107482,40463.19,EUR,DE,GB,web,desktop,1
TXN00002825,CUST000075,2025-06-04 04:04:57.003505,14483.4,EUR,FR,FR,sucursal,mobile,0
TXN00002826,CUST000016,2025-05-12 08:27:57.003505,1647.98,EUR,IT,FR,cajero,atm,0
TXN00002827,CUST000076,2025-06-19 05:14:57.003505,144.45,EUR,ES,FR,cajero,mobile,0
TXN00002828,CUST000079,2025-10-28 05:57:57.003505,6052.59,EUR,FR,GB,app,atm,0
TXN00002829,CUST000037,2025-11-25 22:14:57.003505,216.2,EUR,ES,FR,cajero,atm,0
TXN00002830,CUST000054,2025-05-28 03:56:57.003505,749.92,CHF,GB,ES,web,desktop,0
TXN00002831,CUST000168,2025-02-18 05:35:57.003505,1954.4,EUR,IT,ES,sucursal,tablet,0
TXN00002832,CUST000115,2025-07-30 21:56:57.003505,1211.57,EUR,DE,GB,sucursal,mobile,0
TXN00002833,CUST000038,2025-06-20 12:36:57.107482,1630.64,EUR,ES,IT,web,desktop,1
TXN00002834,CUST000027,2025-05-22 02:46:57.003505,61.46,EUR,FR,FR,sucursal,atm,0
TXN00002835,CUST000004,2025-07-07 10:02:57.107482,57567.18,EUR,DE,RU,app,atm,1
TXN00002836,CUST000136,2025-06-20 22:25:57.003505,169.65,EUR,FR,IT,sucursal,desktop,0
TXN00002837,CUST000119,2025-07-01 02:50:57.003505,1599.74,EUR,US,US,web,atm,0
TXN00002838,CUST000173,2025-05-07 04:51:57.003505,14525.1,EUR,DE,GB,cajero,pos,0
TXN00002839,CUST000012,2025-08-21 22:44:57.003505,3975.42,EUR,IT,DE,sucursal,atm,0
TXN00002840,CUST000028,2025-06-24 04:51:57.003505,469.99,EUR,ES,FR,app,mobile,0
TXN00002841,CUST000023,2025-11-07 03:02:57.003505,6922.98,EUR,FR,FR,cajero,atm,0
TXN00002842,CUST000045,2025-06-05 02:24:57.003505,2983.23,GBP,GB,DE,web,tablet,0
TXN00002843,CUST000139,2025-05-28 04:17:57.003505,12085.39,CHF,US,GB,web,tablet,0
TXN00002844,CUST000073,2025-08-04 22:28:57.003505,2097.31,EUR,DE,DE,app,tablet,0
TXN00002845,CUST000114,2025-07-25 09:15:57.003505,1962.14,EUR,ES,US,sucursal,mobile,0
TXN00002846,CUST000083,2025-01-19 07:14:57.003505,159.07,EUR,ES,FR,cajero,pos,0
TXN00002847,CUST000047,2025-10-03 17:51:57.003505,4975.94,EUR,ES,FR,app,pos,0
TXN00002848,CUST000114,2025-04-26 01:44:57.003505,1829.56,EUR,ES,ES,app,pos,0
TXN00002849,CUST000004,2025-10-16 00:55:57.003505,4662.71,EUR,DE,FR,cajero,desktop,0
TXN00002850,CUST000155,2025-11-20 20:46:57.003505,966.9,EUR,IT,IT,cajero,mobile,0
TXN00002851,CUST000176,2026-01-06 20:30:57.003505,623.8,EUR,ES,DE,web,pos,0
TXN00002852,CUST000154,2025-02-27 07:58:57.003505,8519.86,EUR,ES,DE,sucursal,atm,0
TXN00002853,CUST000163,2025-03-18 23:21:57.003505,125.81,EUR,ES,IT,app,mobile,0
TXN00002854,CUST000092,2025-02-11 05:30:57.003505,3341.64,EUR,FR,FR,app,tablet,0
TXN00002855,CUST000049,2026-01-05 20:04:57.003505,736.09,EUR,ES,GB,cajero,tablet,0
TXN00002856,CUST000001,2026-01-01 09:00:57.003505,935.34,EUR,FR,IT,sucursal,desktop,0
TXN00002857,CUST000073,2025-03-02 08:42:57.003505,661.93,EUR,DE,GB,app,pos,0
TXN00002858,CUST000059,2025-04-09 21:27:57.003505,58.12,EUR,FR,IT,cajero,tablet,0
TXN00002859,CUST000009,2025-04-19 04:12:57.107482,38937.49,EUR,FR,IR,web,atm,1
TXN00002860,CUST000186,2025-03-11 02:48:57.003505,7562.57,EUR,IT,GB,app,atm,0
TXN00002861,CUST000112,2025-11-18 01:26:57.003505,5573.02,USD,US,GB,app,tablet,0
TXN00002862,CUST000103,2025-07-21 20:33:57.003505,1826.31,EUR,ES,DE,web,desktop,0
TXN00002863,CUST000119,2025-10-30 01:05:57.003505,2350.56,GBP,US,IT,app,pos,0
TXN00002864,CUST000187,2025-07-21 21:46:57.003505,3119.46,EUR,GB,US,sucursal,tablet,0
TXN00002865,CUST000014,2026-01-04 07:36:57.003505,794.73,EUR,IT,IT,web,mobile,0
TXN00002866,CUST000087,2025-08-09 20:38:57.003505,942.71,EUR,ES,FR,app,tablet,0
TXN00002867,CUST000039,2025-02-12 23:09:57.003505,4126.87,EUR,DE,CH,web,atm,0
TXN00002868,CUST000140,2025-12-19 03:06:57.003505,249.4,EUR,DE,IT,cajero,atm,0
TXN00002869,CUST000173,2026-01-11 19:00:57.003505,14676.84,EUR,DE,FR,sucursal,desktop,0
TXN00002870,CUST000027,2025-08-02 21:27:57.003505,147.83,EUR,FR,FR,web,tablet,0
TXN00002871,CUST000167,2025-09-17 08:53:57.003505,1620.68,EUR,US,ES,sucursal,tablet,0
TXN00002872,CUST000164,2025-12-23 20:04:57.003505,13667.04,CHF,US,ES,app,mobile,0
TXN00002873,CUST000109,2025-10-15 17:13:57.003505,21978.25,GBP,CH,CH,web,tablet,0
TXN00002874,CUST000020,2026-01-06 02:09:57.003505,308.99,EUR,IT,FR,web,pos,0
TXN00002875,CUST000185,2025-11-25 06:55:57.003505,606.57,CHF,GB,ES,sucursal,mobile,0
TXN00002876,CUST000141,2025-05-02 18:21:57.003505,235.66,EUR,GB,FR,sucursal,desktop,0
TXN00002877,CUST000029,2025-08-28 22:17:57.003505,2329.83,USD,GB,DE,app,pos,0
TXN00002878,CUST000157,2025-09-20 05:34:57.003505,3452.38,EUR,IT,US,app,tablet,0
TXN00002879,CUST000182,2025-02-07 03:44:57.003505,6010.85,EUR,FR,GB,web,tablet,0
TXN00002880,CUST000081,2026-01-09 20:48:57.003505,4942.12,EUR,CH,US,cajero,atm,0
TXN00002881,CUST000058,2025-02-09 05:11:57.003505,4323.78,EUR,FR,FR,cajero,atm,0
TXN00002882,CUST000079,2025-10-09 05:30:57.003505,5835.9,EUR,FR,US,web,mobile,0
TXN00002883,CUST000100,2025-10-08 02:43:57.003505,5844.02,GBP,GB,GB,sucursal,pos,0
TXN00002884,CUST000033,2025-10-05 06:32:57.003505,6904.29,EUR,IT,FR,app,desktop,0
TXN00002885,CUST000030,2025-12-05 07:20:57.003505,564.25,USD,GB,DE,sucursal,desktop,0
TXN00002886,CUST000010,2025-06-15 06:55:57.003505,736.63,EUR,FR,DE,cajero,atm,0
TXN00002887,CUST000005,2025-11-24 20:21:57.003505,289.6,USD,GB,IT,sucursal,pos,0
TXN00002888,CUST000083,2025-12-30 05:42:57.003505,103.24,EUR,ES,ES,cajero,atm,0
TXN00002889,CUST000048,2025-03-13 22:32:57.003505,1506.72,EUR,FR,US,sucursal,tablet,0
TXN00002890,CUST000036,2025-04-23 23:21:57.003505,3254.46,EUR,FR,FR,web,desktop,0
TXN00002891,CUST000027,2025-12-08 19:09:57.003505,26.69,EUR,FR,ES,sucursal,desktop,0
TXN00002892,CUST000123,2025-10-09 21:54:57.003505,243.39,EUR,FR,DE,app,tablet,0
TXN00002893,CUST000038,2025-05-30 01:01:57.003505,183.59,EUR,ES,GB,cajero,atm,0
TXN00002894,CUST000026,2025-08-24 19:10:57.003505,73.78,EUR,FR,IT,cajero,pos,0
TXN00002895,CUST000074,2025-12-17 02:56:57.003505,4882.86,EUR,IT,IT,cajero,desktop,0
TXN00002896,CUST000067,2025-10-03 18:02:57.003505,1243.22,EUR,DE,CH,app,pos,0
TXN00002897,CUST000001,2025-10-26 19:30:57.003505,586.71,EUR,FR,FR,web,pos,0
TXN00002898,CUST000133,2025-08-24 20:51:57.003505,361.37,EUR,IT,FR,cajero,tablet,0
TXN00002899,CUST000007,2025-02-19 18:04:57.003505,14840.09,EUR,DE,CH,app,tablet,0
TXN00002900,CUST000135,2025-10-17 00:02:57.003505,610.42,EUR,ES,IT,sucursal,tablet,0
TXN00002901,CUST000139,2025-06-01 21:11:57.003505,6313.13,GBP,US,DE,app,desktop,0
TXN00002902,CUST000165,2025-06-29 04:18:57.003505,544.72,EUR,FR,DE,app,desktop,0
TXN00002903,CUST000052,2025-10-07 08:00:57.003505,443.66,EUR,ES,ES,sucursal,atm,0
TXN00002904,CUST000041,2025-07-07 01:02:57.003505,11140.94,EUR,DE,FR,app,atm,0
TXN00002905,CUST000130,2025-04-19 02:30:57.003505,2945.86,EUR,IT,ES,cajero,tablet,0
TXN00002906,CUST000182,2025-05-15 04:20:57.003505,6817.62,EUR,FR,GB,web,desktop,0
TXN00002907,CUST000081,2025-09-14 01:04:57.003505,6207.4,GBP,CH,DE,cajero,tablet,0
TXN00002908,CUST000028,2025-04-01 05:30:57.003505,450.89,EUR,ES,IT,app,pos,0
TXN00002909,CUST000119,2025-07-06 09:28:57.003505,2694.65,EUR,US,IT,sucursal,desktop,0
TXN00002910,CUST000154,2025-11-03 01:53:57.003505,4302.48,EUR,ES,FR,app,atm,0
TXN00002911,CUST000037,2025-02-07 02:18:57.003505,177.57,EUR,ES,IT,app,pos,0
TXN00002912,CUST000048,2025-12-03 21:22:57.107482,15810.85,EUR,FR,YE,app,desktop,1
TXN00002913,CUST000147,2025-04-01 04:06:57.003505,3414.33,GBP,US,FR,app,desktop,0
TXN00002914,CUST000007,2025-04-10 04:54:57.003505,6366.35,EUR,DE,US,app,pos,0
TXN00002915,CUST000164,2025-05-16 09:24:57.003505,3234.88,CHF,US,US,app,atm,0
TXN00002916,CUST000080,2025-02-16 05:22:57.003505,106.34,EUR,ES,FR,app,atm,0
TXN00002917,CUST000014,2025-03-11 20:27:57.003505,933.71,EUR,IT,IT,cajero,atm,0
TXN00002918,CUST000049,2025-04-03 06:28:57.003505,268.49,EUR,ES,GB,cajero,mobile,0
TXN00002919,CUST000092,2025-05-10 18:37:57.003505,4487.54,EUR,FR,DE,cajero,tablet,0
TXN00002920,CUST000044,2025-10-31 22:24:57.003505,1263.8,EUR,ES,ES,web,desktop,0
TXN00002921,CUST000052,2025-09-11 07:01:57.003505,132.73,EUR,ES,FR,sucursal,desktop,0
TXN00002922,CUST000001,2025-04-08 20:02:57.003505,1115.38,EUR,FR,GB,cajero,atm,0
TXN00002923,CUST000077,2025-03-05 19:04:57.003505,5856.3,USD,CH,DE,app,atm,0
TXN00002924,CUST000010,2025-04-18 02:18:57.003505,431.16,EUR,FR,FR,app,pos,0
TXN00002925,CUST000055,2025-09-21 05:39:57.003505,12246.72,USD,CH,US,app,tablet,0
TXN00002926,CUST000142,2025-11-19 22:02:57.003505,3205.8,EUR,DE,DE,app,desktop,0
TXN00002927,CUST000136,2025-10-09 06:44:57.003505,130.82,EUR,FR,IT,web,atm,0
TXN00002928,CUST000135,2025-03-07 05:29:57.003505,804.45,EUR,ES,IT,app,desktop,0
TXN00002929,CUST000115,2025-08-05 00:47:57.003505,686.2,EUR,DE,CH,sucursal,atm,0
TXN00002930,CUST000186,2025-11-05 06:45:57.003505,1374.24,EUR,IT,US,sucursal,atm,0
TXN00002931,CUST000080,2025-01-20 03:45:57.003505,61.91,EUR,ES,FR,app,tablet,0
TXN00002932,CUST000043,2025-06-14 03:19:57.003505,2885.77,EUR,CH,US,sucursal,pos,0
TXN00002933,CUST000104,2025-12-22 18:18:57.003505,1362.4,EUR,ES,ES,cajero,atm,0
TXN00002934,CUST000147,2025-02-13 05:31:57.003505,7844.82,EUR,US,ES,sucursal,atm,0
TXN00002935,CUST000021,2025-04-19 21:33:57.003505,230.86,EUR,FR,IT,app,mobile,0
TXN00002936,CUST000164,2025-09-28 00:47:57.003505,3363.82,EUR,US,ES,app,mobile,0
TXN00002937,CUST000011,2026-01-10 18:56:57.003505,669.83,EUR,ES,GB,app,tablet,0
TXN00002938,CUST000124,2025-04-13 06:54:57.003505,743.57,EUR,DE,FR,web,tablet,0
TXN00002939,CUST000096,2025-08-09 18:33:57.003505,6968.92,EUR,ES,CH,cajero,tablet,0
TXN00002940,CUST000096,2025-04-05 19:07:57.003505,16700.9,EUR,ES,ES,cajero,mobile,0
TXN00002941,CUST000189,2025-04-02 18:06:57.003505,14559.13,EUR,DE,DE,sucursal,tablet,0
TXN00002942,CUST000070,2025-02-22 01:35:57.003505,451.5,EUR,ES,IT,app,atm,0
TXN00002943,CUST000189,2025-10-13 17:53:57.003505,5113.02,EUR,DE,ES,sucursal,tablet,0
TXN00002944,CUST000153,2025-06-21 03:46:57.003505,1294.47,EUR,ES,DE,sucursal,atm,0
TXN00002945,CUST000029,2025-10-13 18:21:57.003505,11503.57,CHF,GB,DE,web,atm,0
TXN00002946,CUST000166,2025-03-01 00:20:57.003505,2015.48,USD,GB,IT,sucursal,atm,0
TXN00002947,CUST000135,2025-09-13 07:25:57.003505,370.07,EUR,ES,FR,app,desktop,0
TXN00002948,CUST000132,2025-06-23 22:05:57.003505,4405.62,EUR,ES,IT,web,atm,0
TXN00002949,CUST000019,2025-09-08 03:28:57.003505,13272.51,EUR,DE,US,web,desktop,0
TXN00002950,CUST000102,2025-08-02 21:19:57.003505,838.24,EUR,FR,GB,cajero,pos,0
TXN00002951,CUST000071,2025-11-13 18:51:57.003505,11717.71,EUR,FR,GB,sucursal,desktop,0
TXN00002952,CUST000172,2025-10-26 18:20:57.003505,717.31,EUR,FR,DE,cajero,pos,0
TXN00002953,CUST000042,2025-05-12 02:32:57.003505,6729.08,EUR,ES,ES,app,pos,0
TXN00002954,CUST000081,2025-03-15 04:02:57.003505,828.42,EUR,CH,DE,app,mobile,0
TXN00002955,CUST000071,2025-08-16 22:56:57.003505,11814.38,EUR,FR,DE,sucursal,mobile,0
TXN00002956,CUST000015,2025-02-06 08:13:57.003505,12708.77,EUR,FR,GB,web,pos,0
TXN00002957,CUST000027,2025-07-21 19:32:57.003505,58.94,EUR,FR,IT,app,tablet,0
TXN00002958,CUST000001,2025-10-31 21:02:57.003505,122.57,EUR,FR,GB,web,pos,0
TXN00002959,CUST000169,2025-03-25 21:48:57.003505,236.0,EUR,DE,IT,cajero,mobile,0
TXN00002960,CUST000116,2025-03-09 20:51:57.003505,4931.8,EUR,FR,ES,app,desktop,0
TXN00002961,CUST000033,2025-01-31 15:04:57.107482,26522.49,EUR,IT,US,app,desktop,1
TXN00002962,CUST000148,2025-09-01 21:14:57.003505,6247.56,EUR,ES,GB,sucursal,pos,0
TXN00002963,CUST000000,2025-05-07 05:09:57.003505,778.28,EUR,DE,FR,web,atm,0
TXN00002964,CUST000057,2025-04-07 05:16:57.003505,41.03,EUR,ES,FR,cajero,mobile,0
TXN00002965,CUST000133,2025-09-15 04:54:57.003505,156.36,EUR,IT,FR,cajero,desktop,0
TXN00002966,CUST000114,2025-11-16 23:15:57.003505,10176.73,EUR,ES,US,cajero,desktop,0
TXN00002967,CUST000131,2025-11-10 06:12:57.003505,700.79,EUR,DE,IT,web,mobile,0
TXN00002968,CUST000146,2025-09-01 08:26:57.003505,670.68,EUR,IT,GB,app,mobile,0
TXN00002969,CUST000047,2025-11-24 03:31:57.003505,7194.59,EUR,ES,DE,app,desktop,0
TXN00002970,CUST000052,2025-05-13 07:47:57.003505,89.19,EUR,ES,FR,cajero,desktop,0
TXN00002971,CUST000048,2025-01-31 08:06:57.003505,5502.13,EUR,FR,GB,app,tablet,0
TXN00002972,CUST000033,2025-07-03 07:07:57.003505,2609.4,EUR,IT,DE,cajero,tablet,0
TXN00002973,CUST000041,2025-09-13 04:38:57.003505,2026.44,EUR,DE,IT,cajero,atm,0
TXN00002974,CUST000078,2025-02-21 03:59:57.003505,848.73,EUR,DE,DE,sucursal,desktop,0
TXN00002975,CUST000123,2025-02-02 08:28:57.003505,1536.25,EUR,FR,ES,cajero,tablet,0
TXN00002976,CUST000109,2025-08-23 20:44:57.003505,1294.04,EUR,CH,DE,sucursal,pos,0
TXN00002977,CUST000006,2025-01-28 00:29:57.003505,102.71,EUR,FR,FR,cajero,pos,0
TXN00002978,CUST000029,2025-10-12 18:29:57.003505,4764.71,GBP,GB,FR,cajero,mobile,0
TXN00002979,CUST000077,2025-06-10 20:41:57.003505,14202.51,CHF,CH,CH,cajero,tablet,0
TXN00002980,CUST000096,2025-09-14 01:02:57.003505,7346.36,EUR,ES,CH,app,atm,0
TXN00002981,CUST000149,2025-06-26 21:21:57.003505,13300.68,EUR,ES,DE,sucursal,desktop,0
TXN00002982,CUST000170,2025-11-10 17:44:57.003505,3822.87,EUR,US,US,web,mobile,0
TXN00002983,CUST000100,2025-01-21 04:41:57.003505,4599.43,CHF,GB,DE,app,tablet,0
TXN00002984,CUST000130,2025-03-18 21:17:57.003505,4225.6,EUR,IT,IT,sucursal,mobile,0
TXN00002985,CUST000113,2025-06-05 18:23:57.003505,3202.94,GBP,CH,DE,cajero,tablet,0
TXN00002986,CUST000063,2025-10-07 06:39:57.003505,468.38,EUR,FR,ES,app,desktop,0
TXN00002987,CUST000147,2025-09-01 01:24:57.003505,13312.58,EUR,US,IT,cajero,tablet,0
TXN00002988,CUST000130,2025-10-20 09:34:57.003505,3155.09,EUR,IT,DE,sucursal,atm,0
TXN00002989,CUST000048,2025-10-27 09:49:57.003505,4024.31,EUR,FR,FR,sucursal,atm,0
TXN00002990,CUST000042,2025-04-29 12:24:57.107482,62306.16,EUR,ES,SY,app,tablet,1
TXN00002991,CUST000172,2025-12-13 07:41:57.003505,365.11,EUR,FR,IT,web,tablet,0
TXN00002992,CUST000052,2025-11-06 03:26:57.003505,450.42,EUR,ES,FR,app,atm,0
TXN00002993,CUST000040,2025-05-22 22:54:57.003505,67.48,EUR,IT,FR,web,mobile,0
TXN00002994,CUST000181,2025-02-08 00:28:57.003505,2323.03,EUR,IT,FR,web,pos,0
TXN00002995,CUST000089,2025-11-11 07:11:57.003505,141.79,EUR,ES,ES,app,atm,0
TXN00002996,CUST000180,2025-07-05 06:10:57.003505,2454.11,USD,GB,FR,web,mobile,0
TXN00002997,CUST000134,2025-11-21 01:19:57.003505,244.93,EUR,FR,IT,app,desktop,0
TXN00002998,CUST000077,2025-10-19 23:29:57.003505,10373.6,EUR,CH,US,app,pos,0
TXN00002999,CUST000020,2025-04-03 07:01:57.003505,85.68,EUR,IT,ES,web,atm,0
TXN00003000,CUST000113,2025-10-23 17:17:57.003505,20814.22,CHF,CH,CH,sucursal,tablet,0
TXN00003001,CUST000108,2025-02-04 22:04:57.003505,47.93,EUR,ES,ES,cajero,mobile,0
TXN00003002,CUST000094,2025-02-13 17:20:57.003505,7251.33,CHF,GB,GB,cajero,atm,0
TXN00003003,CUST000046,2025-04-25 01:10:57.003505,7418.19,USD,GB,CH,web,mobile,0
TXN00003004,CUST000078,2025-11-28 03:14:57.003505,5380.1,EUR,DE,US,web,mobile,0
TXN00003005,CUST000165,2025-11-20 07:01:57.003505,394.15,EUR,FR,GB,web,atm,0
TXN00003006,CUST000150,2025-01-27 06:51:57.003505,6965.62,EUR,ES,IT,web,atm,0
TXN00003007,CUST000090,2025-07-03 23:24:57.003505,6905.03,GBP,GB,DE,sucursal,desktop,0
TXN00003008,CUST000041,2025-03-17 22:56:57.003505,9047.37,EUR,DE,FR,app,desktop,0
TXN00003009,CUST000114,2026-01-09 07:21:57.003505,4128.59,EUR,ES,DE,cajero,pos,0
TXN00003010,CUST000185,2025-08-14 05:14:57.003505,303.71,GBP,GB,FR,web,mobile,0
TXN00003011,CUST000009,2025-08-21 22:40:57.003505,4957.32,EUR,FR,US,web,atm,0
TXN00003012,CUST000123,2025-11-25 06:22:57.003505,354.06,EUR,FR,ES,app,tablet,0
TXN00003013,CUST000179,2025-01-18 23:20:57.003505,10738.52,EUR,DE,GB,sucursal,atm,0
TXN00003014,CUST000076,2025-12-13 07:24:57.003505,144.38,EUR,ES,ES,app,desktop,0
TXN00003015,CUST000112,2025-07-14 22:13:57.003505,5025.05,CHF,US,DE,web,mobile,0
TXN00003016,CUST000170,2025-09-16 20:56:57.003505,7791.39,EUR,US,CH,sucursal,atm,0
TXN00003017,CUST000023,2025-09-16 05:18:57.107482,32557.81,EUR,FR,NG,cajero,desktop,1
TXN00003018,CUST000181,2025-10-21 04:07:57.003505,703.62,EUR,IT,IT,sucursal,desktop,0
TXN00003019,CUST000032,2025-06-14 01:58:57.003505,20.71,EUR,FR,IT,sucursal,desktop,0
TXN00003020,CUST000158,2025-02-18 05:13:57.003505,685.78,EUR,GB,IT,web,atm,0
TXN00003021,CUST000082,2025-01-27 22:47:57.003505,18590.82,EUR,ES,US,sucursal,tablet,0
TXN00003022,CUST000040,2025-03-24 02:14:57.003505,63.5,EUR,IT,ES,app,tablet,0
TXN00003023,CUST000030,2025-05-26 21:37:57.003505,148.82,CHF,GB,IT,cajero,pos,0
TXN00003024,CUST000025,2025-07-23 21:13:57.003505,656.97,EUR,ES,GB,web,desktop,0
TXN00003025,CUST000032,2025-08-11 22:03:57.003505,148.95,EUR,FR,ES,web,pos,0
TXN00003026,CUST000175,2025-08-10 17:18:57.003505,7784.53,GBP,CH,GB,cajero,tablet,0
TXN00003027,CUST000168,2025-05-13 08:22:57.003505,813.67,EUR,IT,DE,web,atm,0
TXN00003028,CUST000020,2026-01-09 11:20:57.107482,37755.93,EUR,IT,YE,cajero,tablet,1
TXN00003029,CUST000181,2025-12-20 18:22:57.003505,224.82,EUR,IT,GB,app,tablet,0
TXN00003030,CUST000098,2025-10-06 18:53:57.003505,729.86,EUR,IT,DE,sucursal,atm,0
TXN00003031,CUST000023,2025-04-07 01:52:57.003505,23924.88,EUR,FR,GB,web,pos,0
TXN00003032,CUST000154,2025-09-26 21:53:57.003505,1761.64,EUR,ES,US,app,tablet,0
TXN00003033,CUST000065,2025-12-17 04:48:57.003505,1425.69,EUR,DE,DE,sucursal,atm,0
TXN00003034,CUST000014,2025-11-06 06:38:57.003505,908.12,EUR,IT,ES,app,tablet,0
TXN00003035,CUST000096,2025-08-18 00:53:57.003505,2567.86,EUR,ES,GB,web,pos,0
TXN00003036,CUST000162,2025-09-19 03:05:57.003505,16273.41,EUR,CH,DE,sucursal,atm,0
TXN00003037,CUST000078,2025-12-25 19:00:57.003505,22254.04,EUR,DE,FR,sucursal,desktop,0
TXN00003038,CUST000011,2025-08-23 07:36:57.003505,2407.6,EUR,ES,GB,sucursal,tablet,0
TXN00003039,CUST000104,2025-08-19 01:59:57.003505,228.49,EUR,ES,DE,app,tablet,0
TXN00003040,CUST000088,2025-07-15 03:53:57.003505,424.97,EUR,DE,FR,app,mobile,0
TXN00003041,CUST000030,2025-06-03 06:14:57.003505,117.06,EUR,GB,FR,cajero,desktop,0
TXN00003042,CUST000131,2025-09-05 23:13:57.003505,703.7,EUR,DE,FR,web,mobile,0
TXN00003043,CUST000000,2025-12-07 04:31:57.003505,361.15,EUR,DE,ES,cajero,atm,0
TXN00003044,CUST000174,2025-01-19 03:18:57.003505,2036.41,EUR,IT,IT,app,atm,0
TXN00003045,CUST000127,2025-02-13 03:52:57.003505,1326.75,EUR,FR,FR,cajero,desktop,0
TXN00003046,CUST000149,2025-02-24 07:06:57.003505,14063.89,EUR,ES,GB,sucursal,tablet,0
TXN00003047,CUST000156,2025-01-15 22:08:57.003505,52.7,EUR,FR,ES,sucursal,desktop,0
TXN00003048,CUST000072,2025-08-21 07:27:57.003505,1365.35,CHF,GB,DE,web,mobile,0
TXN00003049,CUST000179,2025-02-27 07:43:57.003505,4830.45,EUR,DE,ES,cajero,desktop,0
TXN00003050,CUST000046,2025-05-16 04:30:57.003505,6915.95,EUR,GB,GB,sucursal,desktop,0
TXN00003051,CUST000033,2025-01-29 11:35:57.107482,41747.22,EUR,IT,IT,web,atm,1
TXN00003052,CUST000023,2025-06-11 04:36:57.003505,921.97,EUR,FR,US,web,atm,0
TXN00003053,CUST000179,2025-09-29 07:29:57.003505,1137.17,EUR,DE,ES,cajero,desktop,0
TXN00003054,CUST000006,2025-04-18 00:43:57.003505,153.22,EUR,FR,FR,app,atm,0
TXN00003055,CUST000151,2025-04-17 02:17:57.003505,4068.76,EUR,ES,GB,web,mobile,0
TXN00003056,CUST000187,2025-12-17 00:47:57.003505,8871.35,CHF,GB,FR,app,mobile,0
TXN00003057,CUST000140,2025-12-26 02:02:57.003505,1079.76,EUR,DE,ES,cajero,mobile,0
TXN00003058,CUST000006,2025-08-13 20:44:57.003505,49.43,EUR,FR,ES,sucursal,atm,0
TXN00003059,CUST000176,2025-12-03 05:25:57.003505,830.16,EUR,ES,FR,app,pos,0
TXN00003060,CUST000172,2026-01-05 05:38:57.003505,1394.85,EUR,FR,IT,sucursal,tablet,0
TXN00003061,CUST000029,2025-10-29 23:14:57.003505,3270.84,EUR,GB,GB,cajero,mobile,0
TXN00003062,CUST000040,2025-03-21 05:39:57.003505,199.52,EUR,IT,IT,cajero,tablet,0
TXN00003063,CUST000125,2025-02-27 22:57:57.003505,14793.09,EUR,US,DE,app,mobile,0
TXN00003064,CUST000027,2025-11-29 05:38:57.003505,150.72,EUR,FR,FR,sucursal,mobile,0
TXN00003065,CUST000113,2025-10-22 20:18:57.003505,4910.75,USD,CH,GB,web,mobile,0
TXN00003066,CUST000046,2025-06-17 00:51:57.003505,1074.25,USD,GB,FR,cajero,desktop,0
TXN00003067,CUST000138,2025-04-17 08:26:57.003505,2090.13,EUR,FR,FR,web,tablet,0
TXN00003068,CUST000102,2025-02-06 02:57:57.003505,4188.29,EUR,FR,US,app,tablet,0
TXN00003069,CUST000116,2025-08-26 04:27:57.003505,2626.58,EUR,FR,IT,app,pos,0
TXN00003070,CUST000089,2025-05-17 00:01:57.003505,15.94,EUR,ES,ES,web,desktop,0
TXN00003071,CUST000001,2025-09-23 22:17:57.003505,792.0,EUR,FR,ES,app,tablet,0
TXN00003072,CUST000159,2025-03-03 18:02:57.003505,3584.11,USD,GB,ES,cajero,mobile,0
TXN00003073,CUST000164,2025-08-15 04:33:57.003505,3588.23,EUR,US,IT,cajero,mobile,0
TXN00003074,CUST000094,2025-09-11 02:16:57.003505,699.35,GBP,GB,US,sucursal,pos,0
TXN00003075,CUST000029,2025-01-25 02:16:57.003505,2729.83,GBP,GB,DE,cajero,mobile,0
TXN00003076,CUST000123,2025-12-04 05:53:57.003505,216.05,EUR,FR,FR,app,desktop,0
TXN00003077,CUST000151,2025-09-11 22:27:57.003505,1712.04,EUR,ES,US,app,tablet,0
TXN00003078,CUST000029,2025-03-19 09:31:57.003505,4333.81,CHF,GB,GB,app,tablet,0
TXN00003079,CUST000043,2025-09-24 23:43:57.003505,1605.3,GBP,CH,US,sucursal,tablet,0
TXN00003080,CUST000092,2025-06-14 22:30:57.003505,11267.41,EUR,FR,FR,sucursal,mobile,0
TXN00003081,CUST000029,2025-04-28 19:17:57.003505,3652.34,GBP,GB,FR,web,atm,0
TXN00003082,CUST000104,2025-06-26 21:57:57.003505,188.12,EUR,ES,GB,cajero,desktop,0
TXN00003083,CUST000087,2025-10-20 00:58:57.003505,890.42,EUR,ES,GB,web,desktop,0
TXN00003084,CUST000085,2025-01-28 18:52:57.003505,2746.59,EUR,FR,IT,app,pos,0
TXN00003085,CUST000126,2025-02-08 06:34:57.003505,1591.57,EUR,DE,ES,web,mobile,0
TXN00003086,CUST000098,2025-05-06 23:12:57.003505,258.78,EUR,IT,GB,app,mobile,0
TXN00003087,CUST000136,2026-01-15 02:46:57.003505,369.54,EUR,FR,ES,app,mobile,0
TXN00003088,CUST000180,2025-08-13 03:21:57.003505,1493.35,EUR,GB,IT,web,mobile,0
TXN00003089,CUST000021,2025-04-12 00:12:57.003505,399.43,EUR,FR,IT,web,atm,0
TXN00003090,CUST000007,2025-10-10 03:12:57.003505,6780.68,EUR,DE,DE,app,desktop,0
TXN00003091,CUST000069,2025-02-26 02:43:57.003505,228.9,EUR,FR,ES,web,mobile,0
TXN00003092,CUST000044,2025-06-11 04:24:57.003505,330.13,EUR,ES,IT,web,mobile,0
TXN00003093,CUST000082,2025-02-26 01:59:57.003505,4050.02,EUR,ES,ES,sucursal,desktop,0
TXN00003094,CUST000038,2025-03-21 04:56:57.003505,1065.25,EUR,ES,FR,cajero,atm,0
TXN00003095,CUST000121,2025-10-25 04:57:57.003505,2004.53,EUR,ES,DE,web,atm,0
TXN00003096,CUST000189,2025-06-13 19:41:57.003505,7207.83,EUR,DE,ES,sucursal,tablet,0
TXN00003097,CUST000172,2025-11-17 18:34:57.003505,2124.07,EUR,FR,IT,app,pos,0
TXN00003098,CUST000124,2025-12-13 02:08:57.003505,713.29,EUR,DE,ES,sucursal,mobile,0
TXN00003099,CUST000127,2025-10-16 20:14:57.003505,5091.25,EUR,FR,DE,cajero,desktop,0
TXN00003100,CUST000149,2025-01-17 09:36:57.003505,3845.67,EUR,ES,IT,web,pos,0
TXN00003101,CUST000039,2025-11-20 19:02:57.003505,3438.31,EUR,DE,ES,sucursal,tablet,0
TXN00003102,CUST000034,2025-01-28 11:14:57.107482,676.91,EUR,FR,ES,sucursal,atm,1
TXN00003103,CUST000021,2025-03-09 02:16:57.003505,16.24,EUR,FR,ES,sucursal,mobile,0
TXN00003104,CUST000175,2025-06-29 01:14:57.003505,5737.76,USD,CH,US,web,tablet,0
TXN00003105,CUST000011,2025-08-16 01:06:57.003505,376.96,EUR,ES,FR,sucursal,pos,0
TXN00003106,CUST000176,2025-03-10 22:28:57.003505,1639.68,EUR,ES,IT,app,mobile,0
TXN00003107,CUST000075,2025-05-06 21:51:57.003505,14337.59,EUR,FR,GB,sucursal,desktop,0
TXN00003108,CUST000155,2025-08-26 23:42:57.003505,1874.53,EUR,IT,DE,web,mobile,0
TXN00003109,CUST000147,2025-05-26 05:10:57.003505,3035.2,GBP,US,FR,web,desktop,0
TXN00003110,CUST000150,2025-10-12 07:08:57.003505,1220.08,EUR,ES,US,web,atm,0
TXN00003111,CUST000032,2025-07-20 00:25:57.003505,124.44,EUR,FR,IT,web,pos,0
TXN00003112,CUST000024,2025-09-20 00:13:57.003505,5293.1,EUR,FR,US,cajero,pos,0
TXN00003113,CUST000188,2025-09-29 03:56:57.003505,3186.61,EUR,IT,GB,web,tablet,0
TXN00003114,CUST000096,2025-03-22 03:47:57.003505,1263.24,EUR,ES,GB,cajero,atm,0
TXN00003115,CUST000006,2025-09-23 10:26:57.107482,1245.74,EUR,FR,FR,sucursal,pos,1
TXN00003116,CUST000116,2025-11-28 20:06:57.003505,2610.65,EUR,FR,GB,sucursal,tablet,0
TXN00003117,CUST000036,2025-03-10 18:35:57.003505,9397.46,EUR,FR,US,cajero,desktop,0
TXN00003118,CUST000013,2026-01-16 05:19:57.003505,765.2,GBP,GB,DE,web,mobile,0
TXN00003119,CUST000090,2025-06-05 00:02:57.003505,1528.49,USD,GB,CH,app,tablet,0
TXN00003120,CUST000111,2025-12-14 20:10:57.003505,19.9,EUR,ES,ES,sucursal,pos,0
TXN00003121,CUST000187,2025-09-13 02:12:57.003505,2581.93,EUR,GB,US,app,desktop,0
TXN00003122,CUST000062,2025-09-24 21:34:57.003505,1843.79,EUR,IT,FR,app,atm,0
TXN00003123,CUST000120,2025-12-19 07:25:57.003505,494.78,EUR,IT,IT,sucursal,mobile,0
TXN00003124,CUST000102,2025-10-30 18:52:57.003505,4451.76,EUR,FR,CH,app,mobile,0
TXN00003125,CUST000015,2025-03-27 18:14:57.003505,1443.31,EUR,FR,FR,web,desktop,0
TXN00003126,CUST000021,2025-12-12 03:24:57.003505,107.34,EUR,FR,IT,cajero,tablet,0
TXN00003127,CUST000099,2025-09-21 05:11:57.003505,69.57,EUR,IT,ES,cajero,tablet,0
TXN00003128,CUST000125,2025-09-03 17:23:57.003505,693.97,EUR,US,FR,web,mobile,0
TXN00003129,CUST000186,2025-05-24 20:16:57.003505,2368.27,EUR,IT,US,app,atm,0
TXN00003130,CUST000139,2025-05-23 02:45:57.003505,5374.28,CHF,US,GB,sucursal,tablet,0
TXN00003131,CUST000147,2025-05-31 10:00:57.003505,3790.12,CHF,US,IT,app,mobile,0
TXN00003132,CUST000146,2025-05-07 08:49:57.003505,207.37,EUR,IT,IT,web,atm,0
TXN00003133,CUST000039,2025-05-04 00:11:57.003505,17252.5,EUR,DE,US,web,mobile,0
TXN00003134,CUST000170,2025-02-27 22:14:57.003505,18937.29,CHF,US,US,app,pos,0
TXN00003135,CUST000111,2025-12-28 03:23:57.003505,88.16,EUR,ES,FR,sucursal,atm,0
TXN00003136,CUST000171,2025-12-28 23:19:57.003505,2674.42,EUR,IT,DE,web,atm,0
TXN00003137,CUST000151,2025-03-13 06:11:57.003505,4020.78,EUR,ES,IT,sucursal,atm,0
TXN00003138,CUST000173,2025-04-24 05:30:57.003505,14379.48,EUR,DE,US,app,desktop,0
TXN00003139,CUST000017,2025-05-05 09:42:57.107482,28021.89,EUR,FR,DE,app,tablet,1
TXN00003140,CUST000037,2025-09-24 06:29:57.107482,945.99,EUR,ES,IR,sucursal,tablet,1
TXN00003141,CUST000136,2025-08-17 21:42:57.003505,135.84,EUR,FR,IT,web,desktop,0
TXN00003142,CUST000072,2025-02-23 08:30:57.003505,10915.13,EUR,GB,DE,sucursal,atm,0
TXN00003143,CUST000174,2025-03-10 08:01:57.003505,318.23,EUR,IT,GB,cajero,tablet,0
TXN00003144,CUST000032,2025-10-20 21:32:57.107482,68232.3,EUR,FR,ES,cajero,desktop,1
TXN00003145,CUST000085,2025-06-26 23:05:57.003505,633.42,EUR,FR,DE,sucursal,tablet,0
TXN00003146,CUST000042,2025-07-30 03:11:57.003505,4658.38,EUR,ES,FR,web,desktop,0
TXN00003147,CUST000086,2025-05-08 23:13:57.003505,1806.65,EUR,ES,ES,app,desktop,0
TXN00003148,CUST000012,2025-10-05 09:34:57.003505,9399.27,EUR,IT,GB,web,pos,0
TXN00003149,CUST000025,2025-07-25 04:04:57.003505,878.04,EUR,ES,GB,web,mobile,0
TXN00003150,CUST000143,2025-07-28 06:15:57.003505,2049.56,EUR,ES,DE,web,atm,0
TXN00003151,CUST000125,2025-06-06 18:43:57.003505,17464.96,CHF,US,GB,app,atm,0
TXN00003152,CUST000021,2025-08-22 21:34:57.003505,305.1,EUR,FR,FR,app,atm,0
TXN00003153,CUST000119,2025-01-16 03:05:57.003505,4030.5,GBP,US,DE,app,pos,0
TXN00003154,CUST000067,2025-02-11 22:50:57.003505,21715.12,EUR,DE,US,app,atm,0
TXN00003155,CUST000049,2025-08-08 12:46:57.107482,97438.68,EUR,ES,YE,sucursal,tablet,1
TXN00003156,CUST000043,2025-01-24 20:04:57.003505,809.66,USD,CH,US,web,pos,0
TXN00003157,CUST000109,2025-06-25 03:55:57.003505,8499.28,GBP,CH,ES,app,tablet,0
TXN00003158,CUST000015,2025-08-25 06:44:57.003505,13887.67,EUR,FR,IT,cajero,mobile,0
TXN00003159,CUST000058,2025-04-13 08:33:57.003505,1676.97,EUR,FR,US,app,pos,0
TXN00003160,CUST000010,2025-06-06 22:25:57.003505,1809.65,EUR,FR,ES,sucursal,mobile,0
TXN00003161,CUST000088,2025-11-05 01:56:57.003505,483.01,EUR,DE,GB,web,atm,0
TXN00003162,CUST000187,2025-02-16 03:40:57.003505,4806.91,USD,GB,IT,cajero,pos,0
TXN00003163,CUST000073,2025-09-26 05:36:57.003505,497.87,EUR,DE,GB,web,pos,0
TXN00003164,CUST000001,2025-05-31 00:05:57.107482,3668.11,EUR,FR,IR,app,atm,1
TXN00003165,CUST000166,2025-08-14 20:24:57.003505,5126.99,CHF,GB,FR,cajero,atm,0
TXN00003166,CUST000057,2025-08-16 21:03:57.003505,22.5,EUR,ES,ES,app,mobile,0
TXN00003167,CUST000119,2025-10-12 23:58:57.003505,4047.3,USD,US,US,app,atm,0
TXN00003168,CUST000088,2025-12-17 07:01:57.003505,508.28,EUR,DE,IT,sucursal,tablet,0
TXN00003169,CUST000101,2025-07-23 19:03:57.003505,73.79,EUR,FR,ES,web,atm,0
TXN00003170,CUST000023,2025-02-14 17:54:57.003505,7770.4,EUR,FR,US,cajero,desktop,0
TXN00003171,CUST000017,2025-01-28 22:53:57.003505,14673.19,EUR,FR,ES,cajero,pos,0
TXN00003172,CUST000013,2025-08-29 02:21:57.003505,673.5,USD,GB,DE,cajero,mobile,0
TXN00003173,CUST000180,2025-04-18 20:37:57.003505,747.24,GBP,GB,IT,cajero,mobile,0
TXN00003174,CUST000019,2025-12-31 13:04:57.107482,42636.56,EUR,DE,DE,web,tablet,1
TXN00003175,CUST000161,2025-06-02 07:01:57.003505,359.05,EUR,ES,IT,sucursal,mobile,0
TXN00003176,CUST000035,2025-12-02 05:05:57.003505,1254.83,EUR,DE,ES,web,pos,0
TXN00003177,CUST000034,2025-09-10 01:24:57.003505,166.84,EUR,FR,FR,web,tablet,0
TXN00003178,CUST000000,2025-03-15 12:26:57.107482,4995.42,EUR,DE,DE,web,pos,1
TXN00003179,CUST000006,2025-03-15 03:11:57.003505,306.73,EUR,FR,IT,sucursal,desktop,0
TXN00003180,CUST000167,2026-01-14 21:42:57.003505,9651.56,GBP,US,GB,web,pos,0
TXN00003181,CUST000038,2025-07-18 21:37:57.003505,1735.95,EUR,ES,GB,cajero,pos,0
TXN00003182,CUST000037,2025-09-07 21:12:57.003505,179.95,EUR,ES,ES,app,pos,0
TXN00003183,CUST000046,2025-07-09 17:42:57.003505,4852.23,CHF,GB,DE,web,tablet,0
TXN00003184,CUST000000,2026-01-15 10:57:57.107482,7005.41,EUR,DE,ES,web,atm,1
TXN00003185,CUST000082,2025-04-09 21:35:57.003505,6932.7,EUR,ES,GB,web,atm,0
TXN00003186,CUST000124,2025-03-19 06:35:57.003505,165.83,EUR,DE,IT,app,pos,0
TXN00003187,CUST000067,2025-05-28 22:04:57.003505,1863.06,EUR,DE,CH,cajero,desktop,0
TXN00003188,CUST000023,2025-01-28 00:05:57.003505,3967.7,EUR,FR,CH,cajero,mobile,0
TXN00003189,CUST000029,2025-12-08 00:22:57.003505,13424.22,GBP,GB,GB,cajero,mobile,0
TXN00003190,CUST000009,2025-10-21 03:12:57.107482,34928.93,EUR,FR,AF,web,tablet,1
TXN00003191,CUST000132,2025-04-24 19:58:57.003505,3485.21,EUR,ES,IT,web,pos,0
TXN00003192,CUST000051,2025-07-24 04:12:57.003505,914.04,EUR,DE,FR,web,atm,0
TXN00003193,CUST000040,2025-05-29 19:18:57.107482,342.0,EUR,IT,AF,app,desktop,1
TXN00003194,CUST000028,2025-06-08 21:50:57.003505,77.8,EUR,ES,FR,app,pos,0
TXN00003195,CUST000167,2025-01-26 07:44:57.003505,3279.84,CHF,US,ES,sucursal,tablet,0
TXN00003196,CUST000145,2025-06-05 22:43:57.003505,433.37,EUR,DE,IT,cajero,mobile,0
TXN00003197,CUST000082,2025-10-09 23:09:57.003505,2824.22,EUR,ES,US,app,atm,0
TXN00003198,CUST000188,2025-08-15 07:03:57.003505,10796.95,EUR,IT,DE,cajero,pos,0
TXN00003199,CUST000051,2025-09-08 23:02:57.003505,811.49,EUR,DE,DE,cajero,desktop,0
TXN00003200,CUST000083,2025-08-22 04:11:57.003505,55.05,EUR,ES,IT,sucursal,tablet,0
TXN00003201,CUST000025,2025-07-29 23:49:57.003505,1091.5,EUR,ES,GB,cajero,tablet,0
TXN00003202,CUST000040,2025-12-01 14:23:57.107482,1459.64,EUR,IT,ES,web,tablet,1
TXN00003203,CUST000134,2025-02-05 22:28:57.003505,46.08,EUR,FR,IT,cajero,atm,0
TXN00003204,CUST000123,2025-01-31 19:51:57.003505,1031.65,EUR,FR,GB,web,atm,0
TXN00003205,CUST000164,2025-08-16 06:21:57.003505,2261.06,GBP,US,GB,cajero,mobile,0
TXN00003206,CUST000105,2025-08-17 02:05:57.003505,3265.36,CHF,US,US,app,mobile,0
TXN00003207,CUST000004,2025-12-14 01:53:57.107482,43441.89,EUR,DE,KP,web,atm,1
TXN00003208,CUST000024,2025-06-22 04:09:57.003505,7757.65,EUR,FR,CH,sucursal,pos,0
TXN00003209,CUST000065,2025-05-25 23:48:57.003505,761.51,EUR,DE,ES,app,pos,0
TXN00003210,CUST000030,2025-07-19 02:13:57.003505,2020.19,CHF,GB,FR,app,atm,0
TXN00003211,CUST000081,2025-04-05 19:54:57.003505,18165.14,GBP,CH,ES,cajero,pos,0
TXN00003212,CUST000141,2025-03-14 21:30:57.003505,454.95,USD,GB,ES,sucursal,tablet,0
TXN00003213,CUST000048,2025-08-20 20:37:57.003505,1296.19,EUR,FR,US,app,mobile,0
TXN00003214,CUST000183,2025-08-17 04:42:57.003505,30.66,EUR,IT,ES,web,tablet,0
TXN00003215,CUST000047,2025-08-21 02:26:57.107482,79093.55,EUR,ES,FR,app,desktop,1
TXN00003216,CUST000007,2025-04-26 19:15:57.003505,3578.06,EUR,DE,CH,web,tablet,0
TXN00003217,CUST000105,2025-05-10 18:47:57.003505,11241.59,GBP,US,ES,app,pos,0
TXN00003218,CUST000157,2025-05-24 01:02:57.003505,4917.7,EUR,IT,ES,web,mobile,0
TXN00003219,CUST000056,2025-08-20 02:31:57.003505,1155.96,EUR,GB,GB,cajero,atm,0
TXN00003220,CUST000054,2025-09-19 01:51:57.003505,508.66,EUR,GB,FR,app,desktop,0
TXN00003221,CUST000107,2026-01-04 05:35:57.003505,6031.8,EUR,DE,DE,cajero,pos,0
TXN00003222,CUST000017,2025-08-23 00:12:57.003505,4916.59,EUR,FR,GB,app,tablet,0
TXN00003223,CUST000011,2025-02-26 03:34:57.003505,231.46,EUR,ES,DE,cajero,atm,0
TXN00003224,CUST000102,2026-01-01 04:08:57.003505,868.82,EUR,FR,GB,sucursal,tablet,0
TXN00003225,CUST000012,2025-12-30 18:53:57.003505,2662.67,EUR,IT,ES,cajero,pos,0
TXN00003226,CUST000112,2025-10-18 17:12:57.003505,21931.62,EUR,US,ES,cajero,pos,0
TXN00003227,CUST000017,2025-11-08 06:19:57.003505,4753.06,EUR,FR,FR,sucursal,tablet,0
TXN00003228,CUST000111,2025-09-11 00:50:57.003505,36.17,EUR,ES,IT,cajero,atm,0
TXN00003229,CUST000168,2025-02-06 04:35:57.003505,362.76,EUR,IT,GB,sucursal,tablet,0
TXN00003230,CUST000175,2025-04-04 22:05:57.003505,6875.22,GBP,CH,GB,sucursal,pos,0
TXN00003231,CUST000078,2026-01-14 22:40:57.003505,6001.16,EUR,DE,DE,sucursal,pos,0
TXN00003232,CUST000013,2025-09-09 22:03:57.003505,308.51,CHF,GB,DE,web,tablet,0
TXN00003233,CUST000024,2025-08-31 04:17:57.003505,5355.8,EUR,FR,FR,sucursal,pos,0
TXN00003234,CUST000066,2025-07-08 07:37:57.003505,595.27,EUR,DE,ES,app,desktop,0
TXN00003235,CUST000038,2025-12-09 22:06:57.003505,1040.83,EUR,ES,IT,cajero,pos,0
TXN00003236,CUST000168,2025-05-10 05:38:57.003505,726.02,EUR,IT,FR,web,desktop,0
TXN00003237,CUST000024,2025-05-21 14:23:57.107482,46444.78,EUR,FR,GB,cajero,mobile,1
TXN00003238,CUST000015,2025-05-06 10:57:57.107482,14426.86,EUR,FR,DE,sucursal,tablet,1
TXN00003239,CUST000088,2025-01-19 03:33:57.003505,519.44,EUR,DE,FR,sucursal,mobile,0
TXN00003240,CUST000120,2025-06-22 20:53:57.003505,89.9,EUR,IT,ES,app,pos,0
TXN00003241,CUST000092,2025-06-18 02:42:57.003505,3441.1,EUR,FR,ES,sucursal,atm,0
TXN00003242,CUST000175,2025-04-01 19:03:57.003505,4857.39,EUR,CH,DE,app,tablet,0
TXN00003243,CUST000150,2025-10-05 20:21:57.003505,5911.23,EUR,ES,FR,sucursal,mobile,0
TXN00003244,CUST000072,2025-12-04 19:42:57.003505,4252.75,EUR,GB,DE,cajero,desktop,0
TXN00003245,CUST000128,2025-11-02 19:28:57.003505,1187.74,EUR,FR,DE,sucursal,desktop,0
TXN00003246,CUST000029,2025-06-19 09:31:57.003505,2948.86,USD,GB,US,sucursal,atm,0
TXN00003247,CUST000135,2025-12-31 08:18:57.003505,839.51,EUR,ES,ES,app,mobile,0
TXN00003248,CUST000033,2025-06-08 02:31:57.003505,7304.88,EUR,IT,ES,web,atm,0
TXN00003249,CUST000052,2025-06-17 06:54:57.003505,93.82,EUR,ES,IT,app,pos,0
TXN00003250,CUST000131,2025-07-26 06:33:57.003505,707.58,EUR,DE,ES,web,desktop,0
TXN00003251,CUST000152,2025-05-19 03:46:57.003505,649.8,GBP,GB,FR,sucursal,desktop,0
TXN00003252,CUST000026,2025-07-14 05:12:57.003505,40.37,EUR,FR,IT,app,mobile,0
TXN00003253,CUST000132,2025-07-31 19:22:57.003505,9384.05,EUR,ES,ES,sucursal,desktop,0
TXN00003254,CUST000084,2025-01-24 03:41:57.003505,23.31,EUR,ES,IT,web,pos,0
TXN00003255,CUST000104,2025-10-16 19:24:57.003505,2095.14,EUR,ES,IT,web,desktop,0
TXN00003256,CUST000187,2025-02-18 03:01:57.003505,4218.67,EUR,GB,DE,web,mobile,0
TXN00003257,CUST000061,2025-07-27 08:40:57.003505,10908.34,EUR,IT,GB,app,tablet,0
TXN00003258,CUST000090,2025-02-27 01:07:57.003505,16104.18,USD,GB,US,sucursal,desktop,0
TXN00003259,CUST000099,2025-12-27 05:07:57.003505,69.65,EUR,IT,ES,web,atm,0
TXN00003260,CUST000002,2025-07-05 07:54:57.003505,45.96,EUR,ES,FR,web,tablet,0
TXN00003261,CUST000169,2025-07-10 03:56:57.003505,818.33,EUR,DE,DE,app,mobile,0
TXN00003262,CUST000162,2025-06-14 00:22:57.003505,630.28,USD,CH,US,cajero,atm,0
TXN00003263,CUST000093,2025-04-10 09:09:57.003505,9041.59,EUR,FR,DE,sucursal,tablet,0
TXN00003264,CUST000035,2025-12-04 04:12:57.003505,504.07,EUR,DE,FR,cajero,atm,0
TXN00003265,CUST000162,2025-06-09 00:03:57.003505,12012.36,EUR,CH,US,sucursal,mobile,0
TXN00003266,CUST000131,2025-11-16 05:33:57.003505,1437.16,EUR,DE,ES,app,pos,0
TXN00003267,CUST000135,2025-06-26 00:11:57.003505,723.12,EUR,ES,FR,web,pos,0
TXN00003268,CUST000161,2025-05-30 22:11:57.003505,201.42,EUR,ES,IT,web,tablet,0
TXN00003269,CUST000090,2025-03-19 22:26:57.003505,15478.66,CHF,GB,US,web,atm,0
TXN00003270,CUST000102,2025-07-07 02:28:57.003505,4282.28,EUR,FR,DE,web,pos,0
TXN00003271,CUST000132,2025-12-26 01:32:57.003505,2222.69,EUR,ES,FR,web,tablet,0
TXN00003272,CUST000130,2025-12-11 02:15:57.003505,4039.02,EUR,IT,IT,cajero,tablet,0
TXN00003273,CUST000067,2025-03-18 03:36:57.003505,3921.36,EUR,DE,FR,app,mobile,0
TXN00003274,CUST000176,2025-03-23 21:24:57.003505,154.8,EUR,ES,IT,sucursal,desktop,0
TXN00003275,CUST000169,2025-07-25 08:53:57.003505,812.92,EUR,DE,IT,sucursal,pos,0
TXN00003276,CUST000041,2026-01-03 01:00:57.003505,3084.69,EUR,DE,IT,cajero,mobile,0
TXN00003277,CUST000161,2025-12-28 07:31:57.003505,137.57,EUR,ES,IT,sucursal,desktop,0
TXN00003278,CUST000161,2025-03-02 22:28:57.003505,52.24,EUR,ES,ES,web,atm,0
TXN00003279,CUST000157,2025-07-01 05:58:57.003505,3193.13,EUR,IT,IT,app,pos,0
TXN00003280,CUST000146,2026-01-04 07:46:57.003505,1276.33,EUR,IT,GB,web,atm,0
TXN00003281,CUST000106,2025-05-15 01:26:57.003505,189.19,EUR,FR,IT,web,tablet,0
TXN00003282,CUST000153,2025-12-30 01:02:57.003505,2643.17,EUR,ES,GB,cajero,desktop,0
TXN00003283,CUST000013,2025-06-15 06:25:57.003505,838.99,GBP,GB,ES,sucursal,desktop,0
TXN00003284,CUST000015,2025-11-17 18:43:57.003505,1077.24,EUR,FR,IT,sucursal,mobile,0
TXN00003285,CUST000009,2025-01-27 12:22:57.107482,68079.9,EUR,FR,KP,sucursal,atm,1
TXN00003286,CUST000090,2025-07-30 00:00:57.003505,1488.37,USD,GB,US,web,tablet,0
TXN00003287,CUST000131,2025-12-01 18:36:57.003505,606.23,EUR,DE,ES,web,desktop,0
TXN00003288,CUST000033,2025-04-23 19:34:57.003505,5269.96,EUR,IT,FR,cajero,mobile,0
TXN00003289,CUST000159,2026-01-07 08:12:57.003505,8511.23,CHF,GB,DE,sucursal,tablet,0
TXN00003290,CUST000183,2025-01-26 04:17:57.003505,94.19,EUR,IT,IT,web,desktop,0
TXN00003291,CUST000054,2025-06-08 19:39:57.003505,1906.59,EUR,GB,FR,sucursal,tablet,0
TXN00003292,CUST000167,2025-04-07 18:21:57.003505,10824.85,CHF,US,FR,sucursal,desktop,0
TXN00003293,CUST000186,2025-09-18 01:04:57.003505,4839.53,EUR,IT,FR,sucursal,desktop,0
TXN00003294,CUST000141,2025-11-01 03:40:57.003505,564.84,USD,GB,IT,sucursal,pos,0
TXN00003295,CUST000189,2025-12-15 23:02:57.003505,8782.22,EUR,DE,DE,web,desktop,0
TXN00003296,CUST000031,2025-03-09 03:24:57.107482,28979.24,EUR,ES,AF,sucursal,tablet,1
TXN00003297,CUST000073,2025-04-05 00:00:57.003505,409.04,EUR,DE,IT,cajero,mobile,0
TXN00003298,CUST000157,2025-08-01 23:13:57.003505,5090.19,EUR,IT,DE,app,desktop,0
TXN00003299,CUST000047,2025-09-03 19:37:57.003505,3246.27,EUR,ES,ES,app,mobile,0
TXN00003300,CUST000029,2025-08-17 23:18:57.003505,8550.64,USD,GB,ES,cajero,tablet,0
TXN00003301,CUST000162,2025-03-01 23:15:57.003505,3310.69,GBP,CH,CH,web,tablet,0
TXN00003302,CUST000038,2025-11-15 06:13:57.003505,731.72,EUR,ES,IT,web,tablet,0
TXN00003303,CUST000156,2025-06-15 00:09:57.003505,261.8,EUR,FR,ES,sucursal,tablet,0
TXN00003304,CUST000014,2025-02-05 20:35:57.003505,214.19,EUR,IT,GB,app,pos,0
TXN00003305,CUST000153,2025-06-27 04:54:57.003505,522.63,EUR,ES,IT,cajero,mobile,0
TXN00003306,CUST000057,2025-05-27 20:38:57.003505,304.27,EUR,ES,ES,app,pos,0
TXN00003307,CUST000042,2025-08-23 20:28:57.003505,1258.38,EUR,ES,GB,web,atm,0
TXN00003308,CUST000153,2025-08-13 20:34:57.003505,361.28,EUR,ES,DE,sucursal,tablet,0
TXN00003309,CUST000115,2025-06-04 00:48:57.003505,1551.31,EUR,DE,US,sucursal,pos,0
TXN00003310,CUST000148,2025-05-04 07:46:57.003505,1529.49,EUR,ES,DE,sucursal,desktop,0
TXN00003311,CUST000157,2026-01-15 23:33:57.003505,6040.75,EUR,IT,DE,web,desktop,0
TXN00003312,CUST000176,2025-04-09 00:10:57.003505,1679.83,EUR,ES,GB,app,atm,0
TXN00003313,CUST000115,2025-03-14 01:01:57.003505,5692.47,EUR,DE,FR,app,desktop,0
TXN00003314,CUST000029,2025-06-04 01:39:57.003505,11176.38,CHF,GB,IT,app,desktop,0
TXN00003315,CUST000158,2025-08-27 05:04:57.003505,848.9,GBP,GB,ES,web,desktop,0
TXN00003316,CUST000018,2025-10-23 04:43:57.003505,313.39,EUR,FR,FR,web,mobile,0
TXN00003317,CUST000091,2025-09-25 00:32:57.003505,5672.52,GBP,GB,US,cajero,tablet,0
TXN00003318,CUST000069,2025-02-12 01:53:57.003505,187.9,EUR,FR,FR,sucursal,atm,0
TXN00003319,CUST000017,2025-09-28 22:47:57.003505,4365.44,EUR,FR,US,web,mobile,0
TXN00003320,CUST000076,2025-04-21 06:08:57.003505,261.43,EUR,ES,FR,sucursal,desktop,0
TXN00003321,CUST000126,2025-05-16 05:41:57.003505,326.82,EUR,DE,IT,app,atm,0
TXN00003322,CUST000097,2025-08-24 05:31:57.003505,6442.72,EUR,GB,FR,app,desktop,0
TXN00003323,CUST000129,2025-12-26 01:32:57.003505,8353.08,CHF,US,DE,web,atm,0
TXN00003324,CUST000095,2025-10-28 19:59:57.003505,104.29,EUR,IT,FR,app,atm,0
TXN00003325,CUST000053,2025-10-27 23:58:57.003505,1060.21,EUR,FR,IT,web,atm,0
TXN00003326,CUST000047,2025-08-21 05:17:57.003505,2751.58,EUR,ES,CH,cajero,pos,0
TXN00003327,CUST000179,2025-09-28 08:28:57.003505,11639.98,EUR,DE,IT,sucursal,tablet,0
TXN00003328,CUST000178,2025-11-15 03:40:57.003505,97.42,EUR,ES,IT,web,desktop,0
TXN00003329,CUST000010,2025-08-05 04:23:57.003505,656.72,EUR,FR,FR,cajero,mobile,0
TXN00003330,CUST000013,2025-08-27 00:29:57.003505,106.86,GBP,GB,ES,app,pos,0
TXN00003331,CUST000142,2025-02-12 21:52:57.003505,6115.16,EUR,DE,DE,cajero,desktop,0
TXN00003332,CUST000157,2025-08-26 05:56:57.003505,2654.2,EUR,IT,US,web,atm,0
TXN00003333,CUST000150,2025-03-05 05:23:57.003505,3344.4,EUR,ES,GB,web,mobile,0
TXN00003334,CUST000049,2025-03-22 13:10:57.107482,3824.37,EUR,ES,ES,web,atm,1
TXN00003335,CUST000124,2025-07-28 00:02:57.003505,949.56,EUR,DE,GB,cajero,pos,0
TXN00003336,CUST000034,2025-07-16 21:24:57.003505,139.25,EUR,FR,IT,app,pos,0
TXN00003337,CUST000087,2025-11-05 22:56:57.003505,701.19,EUR,ES,FR,app,desktop,0
TXN00003338,CUST000033,2025-08-03 04:28:57.003505,3404.92,EUR,IT,DE,web,pos,0
TXN00003339,CUST000000,2025-08-02 06:00:57.003505,837.15,EUR,DE,DE,sucursal,mobile,0
TXN00003340,CUST000084,2025-10-09 03:13:57.003505,89.19,EUR,ES,IT,app,mobile,0
TXN00003341,CUST000041,2025-01-21 23:51:57.003505,2819.51,EUR,DE,DE,app,pos,0
TXN00003342,CUST000000,2025-09-03 13:43:57.107482,6576.96,EUR,DE,GB,sucursal,desktop,1
TXN00003343,CUST000080,2025-01-31 19:12:57.003505,265.43,EUR,ES,IT,cajero,mobile,0
TXN00003344,CUST000184,2025-05-07 04:39:57.003505,15.93,EUR,FR,FR,web,tablet,0
TXN00003345,CUST000042,2025-10-18 09:25:57.003505,3016.53,EUR,ES,GB,web,desktop,0
TXN00003346,CUST000103,2025-01-22 18:35:57.003505,3675.77,EUR,ES,US,cajero,mobile,0
TXN00003347,CUST000001,2025-05-25 01:17:57.003505,190.73,EUR,FR,IT,sucursal,tablet,0
TXN00003348,CUST000128,2025-04-01 21:43:57.003505,5823.21,EUR,FR,ES,sucursal,pos,0
TXN00003349,CUST000129,2025-10-12 21:41:57.003505,7715.96,USD,US,IT,app,pos,0
TXN00003350,CUST000054,2025-05-01 05:02:57.003505,627.0,GBP,GB,FR,web,mobile,0
TXN00003351,CUST000029,2025-07-17 23:16:57.003505,2355.26,USD,GB,ES,cajero,tablet,0
TXN00003352,CUST000049,2025-05-14 21:33:57.003505,270.87,EUR,ES,IT,cajero,pos,0
TXN00003353,CUST000183,2025-08-08 23:55:57.003505,123.07,EUR,IT,IT,sucursal,pos,0
TXN00003354,CUST000131,2025-12-15 01:10:57.003505,134.89,EUR,DE,IT,web,mobile,0
TXN00003355,CUST000021,2025-12-16 21:00:57.003505,100.86,EUR,FR,FR,cajero,mobile,0
TXN00003356,CUST000063,2025-08-17 04:27:57.003505,282.17,EUR,FR,FR,web,tablet,0
TXN00003357,CUST000039,2025-09-18 01:41:57.003505,3420.1,EUR,DE,FR,app,desktop,0
TXN00003358,CUST000128,2025-09-19 20:01:57.003505,3773.11,EUR,FR,GB,web,tablet,0
TXN00003359,CUST000135,2025-02-19 20:39:57.003505,2466.46,EUR,ES,ES,app,atm,0
TXN00003360,CUST000076,2025-08-15 23:48:57.003505,363.08,EUR,ES,IT,web,mobile,0
TXN00003361,CUST000057,2025-01-17 07:56:57.003505,490.57,EUR,ES,IT,cajero,tablet,0
TXN00003362,CUST000083,2025-02-19 02:04:57.003505,100.4,EUR,ES,FR,web,pos,0
TXN00003363,CUST000007,2025-04-16 04:56:57.003505,5742.83,EUR,DE,FR,web,atm,0
TXN00003364,CUST000033,2025-01-23 06:10:57.003505,1605.74,EUR,IT,DE,app,mobile,0
TXN00003365,CUST000037,2025-12-18 06:16:57.003505,37.17,EUR,ES,ES,app,atm,0
TXN00003366,CUST000106,2025-10-08 02:16:57.003505,43.39,EUR,FR,FR,app,desktop,0
TXN00003367,CUST000134,2025-04-28 02:09:57.003505,483.71,EUR,FR,ES,sucursal,desktop,0
TXN00003368,CUST000181,2025-09-01 18:59:57.003505,2246.84,EUR,IT,IT,cajero,mobile,0
TXN00003369,CUST000071,2025-05-24 01:27:57.003505,4979.53,EUR,FR,ES,cajero,desktop,0
TXN00003370,CUST000001,2025-01-28 18:10:57.003505,1571.11,EUR,FR,DE,cajero,tablet,0
TXN00003371,CUST000005,2025-01-31 18:09:57.003505,1899.51,USD,GB,DE,sucursal,tablet,0
TXN00003372,CUST000124,2025-10-20 20:39:57.003505,124.51,EUR,DE,IT,sucursal,atm,0
TXN00003373,CUST000013,2025-09-29 01:34:57.003505,400.35,CHF,GB,ES,cajero,atm,0
TXN00003374,CUST000088,2025-10-27 20:58:57.003505,658.02,EUR,DE,GB,web,desktop,0
TXN00003375,CUST000013,2025-07-15 19:13:57.003505,2367.12,GBP,GB,IT,app,desktop,0
TXN00003376,CUST000080,2025-03-01 07:04:57.003505,101.23,EUR,ES,FR,sucursal,atm,0
TXN00003377,CUST000173,2025-10-18 20:54:57.003505,9396.4,EUR,DE,US,cajero,mobile,0
TXN00003378,CUST000053,2025-03-16 22:45:57.003505,5591.06,EUR,FR,US,app,atm,0
TXN00003379,CUST000130,2025-03-06 19:05:57.003505,3102.13,EUR,IT,IT,cajero,mobile,0
TXN00003380,CUST000178,2025-03-21 22:30:57.003505,118.51,EUR,ES,IT,app,atm,0
TXN00003381,CUST000022,2025-03-17 03:42:57.107482,23800.42,EUR,IT,CN,web,desktop,1
TXN00003382,CUST000037,2025-04-27 23:54:57.107482,94457.02,EUR,ES,IT,cajero,desktop,1
TXN00003383,CUST000140,2025-12-07 06:30:57.003505,275.6,EUR,DE,IT,web,pos,0
TXN00003384,CUST000065,2025-11-04 07:19:57.003505,696.46,EUR,DE,IT,cajero,desktop,0
TXN00003385,CUST000136,2025-04-10 05:28:57.003505,54.97,EUR,FR,IT,app,mobile,0
TXN00003386,CUST000106,2025-09-14 04:36:57.003505,384.14,EUR,FR,ES,sucursal,pos,0
TXN00003387,CUST000011,2025-07-25 08:50:57.003505,771.33,EUR,ES,DE,app,pos,0
TXN00003388,CUST000118,2025-09-05 22:25:57.003505,6771.84,EUR,DE,DE,cajero,tablet,0
TXN00003389,CUST000073,2025-08-20 00:45:57.003505,535.91,EUR,DE,IT,web,pos,0
TXN00003390,CUST000183,2025-01-17 22:01:57.003505,32.74,EUR,IT,IT,cajero,atm,0
TXN00003391,CUST000004,2025-02-06 18:12:57.003505,1222.8,EUR,DE,ES,app,tablet,0
TXN00003392,CUST000090,2025-07-02 19:45:57.003505,21538.95,EUR,GB,CH,web,pos,0
TXN00003393,CUST000002,2025-12-13 05:43:57.003505,41.67,EUR,ES,FR,sucursal,desktop,0
TXN00003394,CUST000051,2025-08-07 19:39:57.003505,224.14,EUR,DE,FR,cajero,pos,0
TXN00003395,CUST000005,2025-04-28 05:50:57.003505,394.9,GBP,GB,IT,sucursal,pos,0
TXN00003396,CUST000176,2025-01-27 23:49:57.003505,565.95,EUR,ES,DE,cajero,desktop,0
TXN00003397,CUST000083,2025-06-26 05:59:57.003505,330.31,EUR,ES,IT,app,desktop,0
TXN00003398,CUST000072,2025-05-10 01:27:57.003505,2533.1,USD,GB,FR,web,tablet,0
TXN00003399,CUST000017,2025-10-06 04:52:57.003505,1012.73,EUR,FR,IT,app,pos,0
TXN00003400,CUST000076,2025-08-25 02:41:57.003505,117.13,EUR,ES,FR,web,tablet,0
TXN00003401,CUST000053,2025-08-09 05:18:57.003505,4159.22,EUR,FR,IT,app,pos,0
TXN00003402,CUST000030,2025-10-07 15:55:57.107482,8921.09,USD,GB,ES,web,desktop,1
TXN00003403,CUST000182,2025-05-30 09:50:57.003505,2109.35,EUR,FR,DE,app,mobile,0
TXN00003404,CUST000097,2025-04-30 03:49:57.003505,4926.58,EUR,GB,US,sucursal,mobile,0
TXN00003405,CUST000153,2025-10-23 23:21:57.003505,406.52,EUR,ES,DE,sucursal,atm,0
TXN00003406,CUST000031,2025-12-03 17:13:57.107482,54331.67,EUR,ES,CH,cajero,pos,1
TXN00003407,CUST000031,2025-11-14 20:50:57.003505,22051.34,EUR,ES,DE,sucursal,atm,0
TXN00003408,CUST000127,2025-05-23 09:08:57.003505,4790.94,EUR,FR,ES,cajero,mobile,0
TXN00003409,CUST000183,2025-10-11 03:33:57.003505,20.12,EUR,IT,ES,sucursal,pos,0
TXN00003410,CUST000104,2025-08-10 08:30:57.003505,501.63,EUR,ES,IT,sucursal,mobile,0
TXN00003411,CUST000022,2025-06-18 00:30:57.003505,3097.83,EUR,IT,DE,sucursal,desktop,0
TXN00003412,CUST000121,2025-06-24 03:28:57.003505,1477.38,EUR,ES,GB,cajero,mobile,0
TXN00003413,CUST000010,2025-05-30 19:24:57.003505,524.25,EUR,FR,FR,web,mobile,0
TXN00003414,CUST000170,2025-11-01 23:58:57.003505,1768.19,USD,US,GB,cajero,tablet,0
TXN00003415,CUST000016,2025-09-01 02:42:57.003505,578.63,EUR,IT,FR,app,desktop,0
TXN00003416,CUST000088,2025-03-05 05:21:57.003505,168.78,EUR,DE,IT,cajero,tablet,0
TXN00003417,CUST000138,2025-08-31 09:00:57.003505,2402.77,EUR,FR,DE,web,atm,0
TXN00003418,CUST000164,2025-02-03 05:16:57.003505,3048.78,GBP,US,ES,sucursal,tablet,0
TXN00003419,CUST000035,2025-07-16 14:38:57.107482,7925.26,EUR,DE,DE,sucursal,mobile,1
TXN00003420,CUST000000,2025-01-29 19:54:57.003505,472.82,EUR,DE,ES,web,atm,0
TXN00003421,CUST000085,2025-02-17 04:46:57.003505,665.01,EUR,FR,ES,web,mobile,0
TXN00003422,CUST000037,2025-07-06 00:53:57.107482,69273.25,EUR,ES,IT,sucursal,mobile,1
TXN00003423,CUST000133,2025-11-04 06:44:57.003505,397.33,EUR,IT,FR,cajero,pos,0
TXN00003424,CUST000006,2025-02-09 14:51:57.107482,257.06,EUR,FR,ES,web,desktop,1
TXN00003425,CUST000159,2025-04-12 22:15:57.003505,3432.94,EUR,GB,IT,web,atm,0
TXN00003426,CUST000052,2025-12-21 05:16:57.003505,37.64,EUR,ES,FR,sucursal,tablet,0
TXN00003427,CUST000098,2025-08-15 02:41:57.003505,879.73,EUR,IT,IT,cajero,mobile,0
TXN00003428,CUST000046,2025-11-02 18:26:57.003505,4578.74,USD,GB,DE,cajero,desktop,0
TXN00003429,CUST000108,2025-02-07 05:25:57.003505,97.24,EUR,ES,FR,cajero,pos,0
TXN00003430,CUST000156,2025-12-12 22:09:57.003505,322.12,EUR,FR,FR,sucursal,desktop,0
TXN00003431,CUST000123,2025-04-24 22:30:57.003505,1504.04,EUR,FR,ES,web,pos,0
TXN00003432,CUST000030,2025-08-14 07:01:57.003505,732.88,EUR,GB,GB,web,tablet,0
TXN00003433,CUST000088,2025-08-20 19:12:57.003505,2263.28,EUR,DE,IT,web,tablet,0
TXN00003434,CUST000064,2025-12-22 19:59:57.003505,318.81,EUR,ES,DE,sucursal,atm,0
TXN00003435,CUST000131,2025-03-11 07:23:57.003505,545.34,EUR,DE,IT,sucursal,mobile,0
TXN00003436,CUST000118,2025-12-29 18:02:57.003505,5170.26,EUR,DE,FR,cajero,atm,0
TXN00003437,CUST000092,2025-07-08 20:12:57.003505,9178.07,EUR,FR,US,sucursal,mobile,0
TXN00003438,CUST000140,2025-02-01 20:54:57.003505,471.01,EUR,DE,ES,app,pos,0
TXN00003439,CUST000064,2025-01-29 07:09:57.003505,1129.39,EUR,ES,ES,cajero,mobile,0
TXN00003440,CUST000045,2025-04-14 07:51:57.003505,1106.82,GBP,GB,ES,cajero,pos,0
TXN00003441,CUST000142,2025-01-24 01:32:57.003505,4691.55,EUR,DE,DE,app,atm,0
TXN00003442,CUST000071,2025-01-15 21:52:57.003505,1884.71,EUR,FR,US,cajero,desktop,0
TXN00003443,CUST000023,2025-09-10 00:27:57.003505,987.49,EUR,FR,GB,sucursal,mobile,0
TXN00003444,CUST000019,2025-10-11 18:41:57.003505,1021.21,EUR,DE,GB,cajero,desktop,0
TXN00003445,CUST000133,2025-02-20 22:53:57.003505,63.98,EUR,IT,ES,sucursal,pos,0
TXN00003446,CUST000109,2025-11-19 20:48:57.003505,1924.25,USD,CH,US,sucursal,mobile,0
TXN00003447,CUST000067,2025-06-18 22:47:57.003505,8451.38,EUR,DE,US,app,pos,0
TXN00003448,CUST000126,2025-02-09 04:36:57.003505,1065.27,EUR,DE,IT,app,mobile,0
TXN00003449,CUST000070,2025-02-17 01:31:57.003505,93.38,EUR,ES,IT,sucursal,desktop,0
TXN00003450,CUST000092,2025-03-29 09:40:57.003505,2526.15,EUR,FR,IT,cajero,tablet,0
TXN00003451,CUST000023,2025-08-26 00:02:57.003505,4975.66,EUR,FR,US,web,tablet,0
TXN00003452,CUST000047,2025-03-31 03:40:57.003505,2231.43,EUR,ES,CH,web,tablet,0
TXN00003453,CUST000092,2025-06-03 09:26:57.003505,13422.44,EUR,FR,IT,sucursal,desktop,0
TXN00003454,CUST000075,2025-01-16 00:50:57.003505,14484.67,EUR,FR,CH,sucursal,mobile,0
TXN00003455,CUST000020,2025-10-06 20:07:57.003505,39.11,EUR,IT,ES,web,tablet,0
TXN00003456,CUST000002,2025-09-28 23:05:57.003505,82.59,EUR,ES,IT,app,desktop,0
TXN00003457,CUST000149,2025-09-12 20:51:57.003505,6664.66,EUR,ES,US,web,mobile,0
TXN00003458,CUST000112,2025-03-07 17:30:57.003505,24547.91,EUR,US,US,sucursal,pos,0
TXN00003459,CUST000063,2025-10-10 02:47:57.003505,69.27,EUR,FR,IT,app,desktop,0
TXN00003460,CUST000033,2025-06-02 21:52:57.003505,14120.83,EUR,IT,FR,sucursal,atm,0
TXN00003461,CUST000037,2025-03-20 04:16:57.003505,148.11,EUR,ES,IT,sucursal,atm,0
TXN00003462,CUST000043,2025-05-05 20:41:57.003505,6941.6,GBP,CH,CH,sucursal,desktop,0
TXN00003463,CUST000011,2025-01-26 18:27:57.003505,1516.58,EUR,ES,IT,cajero,desktop,0
TXN00003464,CUST000014,2025-09-10 19:58:57.003505,833.52,EUR,IT,IT,web,mobile,0
TXN00003465,CUST000030,2025-06-24 18:07:57.003505,654.61,GBP,GB,GB,app,pos,0
TXN00003466,CUST000172,2025-03-11 06:10:57.003505,2096.98,EUR,FR,DE,sucursal,pos,0
TXN00003467,CUST000167,2025-01-27 21:52:57.003505,1598.65,GBP,US,DE,cajero,atm,0
TXN00003468,CUST000085,2025-06-14 22:53:57.003505,944.96,EUR,FR,FR,app,mobile,0
TXN00003469,CUST000156,2025-12-07 23:23:57.003505,41.32,EUR,FR,ES,app,pos,0
TXN00003470,CUST000020,2025-10-17 12:19:57.107482,486.78,EUR,IT,ES,web,mobile,1
TXN00003471,CUST000186,2025-01-18 06:19:57.003505,2876.8,EUR,IT,FR,app,atm,0
TXN00003472,CUST000148,2025-03-19 08:00:57.003505,3022.71,EUR,ES,US,cajero,mobile,0
TXN00003473,CUST000035,2025-03-02 18:20:57.003505,389.84,EUR,DE,FR,cajero,atm,0
TXN00003474,CUST000160,2025-05-10 23:53:57.003505,2187.67,EUR,DE,DE,sucursal,desktop,0
TXN00003475,CUST000028,2025-06-25 07:19:57.107482,76093.58,EUR,ES,FR,cajero,desktop,1
TXN00003476,CUST000041,2025-08-25 00:47:57.003505,2060.43,EUR,DE,DE,sucursal,atm,0
TXN00003477,CUST000150,2025-12-04 06:51:57.003505,2079.2,EUR,ES,IT,cajero,tablet,0
TXN00003478,CUST000056,2025-12-02 02:35:57.003505,1038.27,CHF,GB,IT,cajero,pos,0
TXN00003479,CUST000020,2025-06-14 21:10:57.003505,47.51,EUR,IT,FR,cajero,mobile,0
TXN00003480,CUST000046,2025-10-10 20:35:57.003505,3239.51,GBP,GB,FR,sucursal,pos,0
TXN00003481,CUST000130,2025-09-28 04:41:57.003505,12239.65,EUR,IT,US,app,pos,0
TXN00003482,CUST000066,2025-05-18 04:18:57.003505,1725.88,EUR,DE,IT,web,tablet,0
TXN00003483,CUST000106,2025-12-25 00:15:57.003505,92.6,EUR,FR,FR,web,pos,0
TXN00003484,CUST000106,2025-03-22 00:06:57.003505,395.67,EUR,FR,FR,app,atm,0
TXN00003485,CUST000181,2025-07-01 06:47:57.003505,700.98,EUR,IT,GB,web,tablet,0
TXN00003486,CUST000011,2025-10-05 23:06:57.003505,666.83,EUR,ES,ES,app,pos,0
TXN00003487,CUST000092,2025-10-03 21:20:57.003505,2733.68,EUR,FR,GB,sucursal,tablet,0
TXN00003488,CUST000073,2025-05-08 19:09:57.003505,892.59,EUR,DE,FR,app,tablet,0
TXN00003489,CUST000046,2025-12-17 22:29:57.003505,13335.49,GBP,GB,DE,sucursal,tablet,0
TXN00003490,CUST000111,2025-01-19 03:01:57.003505,60.39,EUR,ES,ES,sucursal,desktop,0
TXN00003491,CUST000094,2025-04-22 01:45:57.003505,2268.69,EUR,GB,GB,cajero,pos,0
TXN00003492,CUST000012,2025-09-27 22:45:57.003505,1824.48,EUR,IT,IT,app,pos,0
TXN00003493,CUST000120,2025-12-29 00:44:57.003505,29.62,EUR,IT,IT,cajero,pos,0
TXN00003494,CUST000033,2025-11-03 11:59:57.107482,55102.07,EUR,IT,PK,cajero,atm,1
TXN00003495,CUST000018,2025-08-07 20:17:57.003505,98.54,EUR,FR,ES,app,atm,0
TXN00003496,CUST000176,2025-02-15 04:13:57.003505,646.37,EUR,ES,ES,web,mobile,0
TXN00003497,CUST000174,2025-03-24 02:22:57.003505,601.62,EUR,IT,DE,sucursal,atm,0
TXN00003498,CUST000134,2025-06-08 20:34:57.003505,202.74,EUR,FR,FR,sucursal,desktop,0
TXN00003499,CUST000038,2025-06-27 07:51:57.003505,219.31,EUR,ES,GB,web,tablet,0
TXN00003500,CUST000000,2025-07-28 03:10:57.003505,388.22,EUR,DE,FR,cajero,desktop,0
TXN00003501,CUST000003,2025-11-08 02:37:57.003505,97.43,EUR,ES,FR,app,tablet,0
TXN00003502,CUST000075,2025-12-04 00:06:57.003505,2437.13,EUR,FR,DE,web,mobile,0
TXN00003503,CUST000165,2026-01-04 01:54:57.003505,699.83,EUR,FR,IT,app,atm,0
TXN00003504,CUST000127,2025-10-10 02:13:57.003505,1838.95,EUR,FR,DE,sucursal,tablet,0
TXN00003505,CUST000141,2025-08-24 20:33:57.003505,258.31,EUR,GB,ES,app,tablet,0
TXN00003506,CUST000052,2025-07-27 21:54:57.003505,118.3,EUR,ES,IT,sucursal,atm,0
TXN00003507,CUST000091,2025-09-10 04:09:57.003505,6825.6,EUR,GB,CH,sucursal,atm,0
TXN00003508,CUST000120,2025-05-21 22:44:57.003505,353.49,EUR,IT,IT,web,pos,0
TXN00003509,CUST000141,2025-05-16 02:59:57.003505,848.24,EUR,GB,DE,cajero,desktop,0
TXN00003510,CUST000037,2025-04-10 07:27:57.003505,176.42,EUR,ES,ES,web,desktop,0
TXN00003511,CUST000001,2025-10-12 18:10:57.003505,465.29,EUR,FR,IT,sucursal,desktop,0
TXN00003512,CUST000009,2025-04-09 02:13:57.003505,20709.94,EUR,FR,US,cajero,tablet,0
TXN00003513,CUST000054,2025-10-15 02:10:57.003505,1405.74,CHF,GB,FR,app,tablet,0
TXN00003514,CUST000048,2025-12-31 00:01:57.003505,1541.95,EUR,FR,GB,cajero,pos,0
TXN00003515,CUST000012,2025-12-20 07:49:57.003505,3565.01,EUR,IT,US,cajero,tablet,0
TXN00003516,CUST000132,2025-02-28 01:58:57.003505,1976.54,EUR,ES,GB,app,atm,0
TXN00003517,CUST000052,2025-08-26 06:42:57.003505,113.3,EUR,ES,ES,app,desktop,0
TXN00003518,CUST000001,2025-04-28 21:34:57.003505,837.79,EUR,FR,IT,sucursal,desktop,0
TXN00003519,CUST000122,2025-10-20 00:07:57.003505,804.27,USD,GB,DE,app,desktop,0
TXN00003520,CUST000052,2025-03-15 21:29:57.003505,336.14,EUR,ES,IT,cajero,atm,0
TXN00003521,CUST000160,2025-02-12 05:54:57.003505,1013.1,EUR,DE,ES,sucursal,desktop,0
TXN00003522,CUST000007,2025-07-15 02:37:57.003505,4799.29,EUR,DE,US,sucursal,desktop,0
TXN00003523,CUST000051,2025-11-23 00:05:57.003505,622.46,EUR,DE,ES,sucursal,atm,0
TXN00003524,CUST000094,2025-09-16 19:10:57.003505,2110.6,GBP,GB,US,sucursal,pos,0
TXN00003525,CUST000157,2025-06-01 23:05:57.003505,10383.93,EUR,IT,GB,sucursal,desktop,0
TXN00003526,CUST000050,2026-01-08 21:47:57.003505,4287.41,EUR,FR,GB,app,mobile,0
TXN00003527,CUST000152,2025-11-26 05:42:57.003505,559.8,USD,GB,DE,web,desktop,0
TXN00003528,CUST000027,2025-02-12 03:58:57.003505,148.55,EUR,FR,ES,app,mobile,0
TXN00003529,CUST000128,2025-07-04 01:55:57.003505,7067.36,EUR,FR,FR,cajero,desktop,0
TXN00003530,CUST000137,2025-02-08 01:17:57.003505,697.6,EUR,FR,FR,cajero,mobile,0
TXN00003531,CUST000005,2025-11-06 05:01:57.107482,3792.47,GBP,GB,IR,app,atm,1
TXN00003532,CUST000036,2025-07-31 04:56:57.003505,2508.53,EUR,FR,ES,app,desktop,0
TXN00003533,CUST000044,2025-01-27 14:13:57.107482,24725.19,EUR,ES,SY,sucursal,tablet,1
TXN00003534,CUST000079,2025-04-25 17:03:57.003505,3089.14,EUR,FR,GB,web,desktop,0
TXN00003535,CUST000085,2025-08-28 08:12:57.003505,638.19,EUR,FR,FR,sucursal,atm,0
TXN00003536,CUST000141,2025-12-31 04:44:57.003505,2971.69,EUR,GB,IT,cajero,tablet,0
TXN00003537,CUST000073,2025-05-23 05:25:57.003505,682.29,EUR,DE,ES,app,mobile,0
TXN00003538,CUST000174,2025-03-28 04:52:57.003505,105.45,EUR,IT,DE,sucursal,pos,0
TXN00003539,CUST000023,2025-09-16 22:50:57.107482,86788.98,EUR,FR,ES,web,mobile,1
TXN00003540,CUST000112,2025-11-19 23:36:57.003505,6480.44,GBP,US,CH,web,atm,0
TXN00003541,CUST000121,2025-03-20 22:52:57.003505,990.83,EUR,ES,ES,cajero,atm,0
TXN00003542,CUST000186,2025-04-24 07:51:57.003505,4751.03,EUR,IT,GB,cajero,desktop,0
TXN00003543,CUST000004,2025-12-22 19:01:57.003505,3694.29,EUR,DE,ES,sucursal,desktop,0
TXN00003544,CUST000118,2025-12-16 17:29:57.003505,6031.87,EUR,DE,FR,app,desktop,0
TXN00003545,CUST000009,2025-03-18 05:52:57.003505,18730.86,EUR,FR,DE,cajero,desktop,0
TXN00003546,CUST000017,2025-07-07 06:37:57.003505,2531.29,EUR,FR,IT,sucursal,mobile,0
TXN00003547,CUST000001,2025-03-06 20:42:57.003505,475.36,EUR,FR,GB,app,desktop,0
TXN00003548,CUST000089,2025-12-10 23:43:57.003505,122.19,EUR,ES,ES,cajero,tablet,0
TXN00003549,CUST000075,2025-10-19 05:54:57.003505,9088.97,EUR,FR,CH,web,tablet,0
TXN00003550,CUST000013,2025-06-03 22:11:57.003505,346.83,GBP,GB,FR,sucursal,tablet,0
TXN00003551,CUST000083,2025-08-17 19:33:57.003505,416.72,EUR,ES,ES,app,pos,0
TXN00003552,CUST000165,2025-08-24 00:29:57.003505,428.24,EUR,FR,GB,cajero,atm,0
TXN00003553,CUST000062,2025-09-15 07:52:57.003505,2822.56,EUR,IT,ES,cajero,mobile,0
TXN00003554,CUST000107,2025-07-30 04:42:57.003505,24596.82,EUR,DE,US,web,desktop,0
TXN00003555,CUST000153,2025-11-04 07:45:57.003505,1718.95,EUR,ES,IT,sucursal,desktop,0
TXN00003556,CUST000026,2025-02-12 19:22:57.003505,146.55,EUR,FR,FR,cajero,tablet,0
TXN00003557,CUST000020,2025-09-16 11:57:57.107482,701.79,EUR,IT,FR,cajero,desktop,1
TXN00003558,CUST000005,2026-01-06 11:18:57.107482,7862.62,CHF,GB,IT,web,desktop,1
TXN00003559,CUST000002,2025-03-04 23:00:57.003505,121.58,EUR,ES,ES,app,mobile,0
TXN00003560,CUST000072,2025-05-13 03:04:57.003505,2187.51,GBP,GB,FR,app,atm,0
TXN00003561,CUST000145,2025-09-04 01:44:57.003505,2026.62,EUR,DE,ES,sucursal,atm,0
TXN00003562,CUST000027,2026-01-16 04:47:57.107482,65844.1,EUR,FR,IT,cajero,pos,1
TXN00003563,CUST000004,2025-03-23 09:02:57.107482,32921.48,EUR,DE,GB,sucursal,atm,1
TXN00003564,CUST000011,2025-08-02 20:58:57.003505,2116.05,EUR,ES,ES,cajero,atm,0
TXN00003565,CUST000122,2025-11-04 07:48:57.003505,897.95,USD,GB,FR,app,mobile,0
TXN00003566,CUST000176,2025-06-16 08:20:57.003505,300.91,EUR,ES,DE,app,pos,0
TXN00003567,CUST000087,2025-03-28 07:08:57.003505,2631.96,EUR,ES,FR,app,desktop,0
TXN00003568,CUST000069,2025-11-06 20:47:57.003505,147.2,EUR,FR,FR,app,pos,0
TXN00003569,CUST000155,2025-05-08 08:33:57.003505,497.02,EUR,IT,FR,sucursal,tablet,0
TXN00003570,CUST000050,2025-06-28 02:14:57.003505,4027.16,EUR,FR,IT,cajero,atm,0
TXN00003571,CUST000000,2025-01-27 07:54:57.003505,630.27,EUR,DE,IT,cajero,desktop,0
TXN00003572,CUST000145,2025-03-12 07:01:57.003505,874.81,EUR,DE,IT,app,pos,0
TXN00003573,CUST000033,2025-08-11 08:12:57.003505,1912.71,EUR,IT,DE,app,mobile,0
TXN00003574,CUST000010,2025-08-02 07:38:57.003505,1757.12,EUR,FR,ES,cajero,pos,0
TXN00003575,CUST000075,2025-03-05 20:26:57.003505,6801.35,EUR,FR,US,app,mobile,0
TXN00003576,CUST000127,2025-10-02 01:19:57.003505,3146.97,EUR,FR,US,sucursal,tablet,0
TXN00003577,CUST000040,2025-06-17 03:13:57.003505,139.97,EUR,IT,FR,web,atm,0
TXN00003578,CUST000017,2025-02-01 20:58:57.003505,9980.7,EUR,FR,ES,sucursal,tablet,0
TXN00003579,CUST000116,2025-03-20 20:45:57.003505,2915.54,EUR,FR,IT,cajero,mobile,0
TXN00003580,CUST000110,2025-12-27 23:13:57.003505,304.02,EUR,ES,FR,app,atm,0
TXN00003581,CUST000088,2025-12-06 02:58:57.003505,760.43,EUR,DE,GB,cajero,pos,0
TXN00003582,CUST000000,2025-06-13 03:42:57.003505,2363.62,EUR,DE,FR,web,desktop,0
TXN00003583,CUST000050,2025-06-26 08:10:57.003505,3197.61,EUR,FR,DE,web,mobile,0
TXN00003584,CUST000044,2025-04-05 13:38:57.107482,5867.98,EUR,ES,ES,app,mobile,1
TXN00003585,CUST000167,2025-01-24 07:46:57.003505,1556.59,GBP,US,US,sucursal,mobile,0
TXN00003586,CUST000054,2025-04-28 20:22:57.003505,328.04,CHF,GB,FR,cajero,mobile,0
TXN00003587,CUST000132,2025-10-28 01:27:57.003505,4012.53,EUR,ES,US,app,mobile,0
TXN00003588,CUST000085,2025-07-31 08:10:57.003505,644.85,EUR,FR,FR,app,desktop,0
TXN00003589,CUST000023,2025-11-03 22:59:57.107482,65316.43,EUR,FR,ES,cajero,atm,1
TXN00003590,CUST000170,2025-06-21 05:11:57.003505,1469.86,USD,US,DE,sucursal,tablet,0
TXN00003591,CUST000074,2025-10-12 18:07:57.003505,3740.4,EUR,IT,GB,app,atm,0
TXN00003592,CUST000026,2025-07-15 21:44:57.003505,342.63,EUR,FR,IT,web,pos,0
TXN00003593,CUST000166,2025-07-30 06:13:57.003505,1547.38,EUR,GB,FR,app,mobile,0
TXN00003594,CUST000024,2025-10-29 05:07:57.003505,13806.67,EUR,FR,ES,app,mobile,0
TXN00003595,CUST000040,2025-07-31 02:28:57.003505,270.2,EUR,IT,IT,app,tablet,0
TXN00003596,CUST000181,2025-07-07 01:02:57.003505,175.6,EUR,IT,IT,sucursal,mobile,0
TXN00003597,CUST000096,2025-10-12 20:47:57.003505,18198.12,EUR,ES,US,app,desktop,0
TXN00003598,CUST000165,2025-07-10 07:25:57.003505,559.05,EUR,FR,GB,web,tablet,0
TXN00003599,CUST000013,2025-06-10 20:16:57.003505,576.42,GBP,GB,ES,sucursal,desktop,0
TXN00003600,CUST000026,2025-03-28 21:16:57.003505,249.83,EUR,FR,FR,web,atm,0
TXN00003601,CUST000145,2025-12-06 05:00:57.003505,675.98,EUR,DE,DE,sucursal,mobile,0
TXN00003602,CUST000041,2025-11-29 09:04:57.107482,48415.43,EUR,DE,AF,sucursal,desktop,1
TXN00003603,CUST000083,2025-12-30 02:19:57.003505,57.1,EUR,ES,FR,app,desktop,0
TXN00003604,CUST000169,2025-09-16 07:30:57.003505,896.29,EUR,DE,GB,cajero,pos,0
TXN00003605,CUST000017,2025-08-05 05:51:57.003505,11066.02,EUR,FR,GB,app,atm,0
TXN00003606,CUST000156,2025-01-22 01:20:57.003505,144.71,EUR,FR,ES,app,tablet,0
TXN00003607,CUST000060,2025-01-31 03:35:57.003505,484.28,EUR,IT,DE,sucursal,tablet,0
TXN00003608,CUST000041,2025-10-14 02:00:57.003505,11339.83,EUR,DE,DE,cajero,tablet,0
TXN00003609,CUST000001,2025-10-08 20:06:57.003505,316.96,EUR,FR,IT,cajero,tablet,0
TXN00003610,CUST000042,2025-05-07 00:37:57.003505,10145.83,EUR,ES,IT,web,desktop,0
TXN00003611,CUST000183,2025-09-16 07:31:57.003505,389.78,EUR,IT,FR,web,desktop,0
TXN00003612,CUST000088,2025-04-14 05:14:57.003505,2889.91,EUR,DE,ES,web,mobile,0
TXN00003613,CUST000010,2025-04-21 23:12:57.003505,567.45,EUR,FR,GB,sucursal,mobile,0
TXN00003614,CUST000032,2025-02-02 11:05:57.107482,363.23,EUR,FR,ES,app,pos,1
TXN00003615,CUST000124,2025-10-13 03:33:57.003505,281.54,EUR,DE,DE,cajero,atm,0
TXN00003616,CUST000097,2025-02-24 03:21:57.003505,2931.02,USD,GB,FR,sucursal,mobile,0
TXN00003617,CUST000002,2026-01-07 20:46:57.003505,240.74,EUR,ES,ES,app,tablet,0
TXN00003618,CUST000166,2025-10-01 07:58:57.003505,4882.53,GBP,GB,IT,app,atm,0
TXN00003619,CUST000153,2025-12-29 01:00:57.003505,648.86,EUR,ES,FR,cajero,mobile,0
TXN00003620,CUST000067,2025-08-25 20:49:57.003505,1651.04,EUR,DE,GB,cajero,desktop,0
TXN00003621,CUST000045,2025-04-09 19:18:57.003505,932.27,USD,GB,ES,sucursal,mobile,0
TXN00003622,CUST000121,2025-08-19 05:12:57.003505,1019.19,EUR,ES,IT,cajero,pos,0
TXN00003623,CUST000047,2025-05-26 23:17:57.003505,7166.43,EUR,ES,DE,cajero,mobile,0
TXN00003624,CUST000043,2025-07-14 17:54:57.107482,81158.31,CHF,CH,CH,cajero,desktop,1
TXN00003625,CUST000185,2025-12-08 06:38:57.003505,380.57,EUR,GB,ES,app,atm,0
TXN00003626,CUST000113,2025-10-31 17:44:57.003505,592.47,USD,CH,FR,cajero,mobile,0
TXN00003627,CUST000140,2025-03-28 06:08:57.003505,501.98,EUR,DE,ES,web,mobile,0
TXN00003628,CUST000149,2025-09-17 06:40:57.003505,2529.48,EUR,ES,FR,cajero,mobile,0
TXN00003629,CUST000074,2025-05-25 20:40:57.003505,5411.37,EUR,IT,GB,sucursal,tablet,0
TXN00003630,CUST000012,2025-12-09 14:41:57.107482,18143.91,EUR,IT,RU,cajero,atm,1
TXN00003631,CUST000029,2025-06-28 04:33:57.003505,10634.05,CHF,GB,US,app,atm,0
TXN00003632,CUST000136,2025-12-17 00:40:57.003505,135.76,EUR,FR,FR,cajero,pos,0
TXN00003633,CUST000022,2025-03-12 23:45:57.003505,6109.35,EUR,IT,FR,cajero,tablet,0
TXN00003634,CUST000026,2025-12-12 05:21:57.003505,319.34,EUR,FR,FR,sucursal,desktop,0
TXN00003635,CUST000054,2025-09-26 02:24:57.003505,640.94,EUR,GB,GB,cajero,mobile,0
TXN00003636,CUST000112,2025-12-23 00:32:57.003505,5047.7,USD,US,GB,web,atm,0
TXN00003637,CUST000178,2025-03-31 07:04:57.003505,237.91,EUR,ES,FR,sucursal,desktop,0
TXN00003638,CUST000038,2025-03-16 21:27:57.003505,797.27,EUR,ES,IT,web,pos,0
TXN00003639,CUST000115,2025-05-08 20:43:57.003505,7826.11,EUR,DE,FR,cajero,pos,0
TXN00003640,CUST000081,2025-05-21 23:20:57.003505,1830.63,EUR,CH,ES,web,tablet,0
TXN00003641,CUST000134,2025-02-03 07:19:57.003505,298.38,EUR,FR,FR,web,desktop,0
TXN00003642,CUST000133,2025-02-21 03:01:57.003505,103.29,EUR,IT,IT,sucursal,desktop,0
TXN00003643,CUST000169,2025-02-27 01:49:57.003505,347.51,EUR,DE,IT,app,tablet,0
TXN00003644,CUST000076,2025-10-16 02:41:57.003505,215.46,EUR,ES,IT,sucursal,mobile,0
TXN00003645,CUST000173,2025-06-09 08:50:57.003505,3116.53,EUR,DE,DE,app,atm,0
TXN00003646,CUST000002,2025-12-14 06:34:57.003505,73.86,EUR,ES,FR,web,atm,0
TXN00003647,CUST000005,2025-05-24 23:55:57.003505,1196.1,CHF,GB,DE,cajero,tablet,0
TXN00003648,CUST000138,2025-07-09 02:50:57.003505,4975.69,EUR,FR,GB,web,mobile,0
TXN00003649,CUST000078,2025-03-02 04:07:57.003505,17067.66,EUR,DE,CH,cajero,mobile,0
TXN00003650,CUST000071,2025-06-14 01:00:57.003505,3586.93,EUR,FR,GB,app,desktop,0
TXN00003651,CUST000023,2025-09-20 21:08:57.003505,5013.87,EUR,FR,ES,app,atm,0
TXN00003652,CUST000081,2026-01-14 04:04:57.003505,3226.67,GBP,CH,FR,app,pos,0
TXN00003653,CUST000043,2025-03-02 05:09:57.003505,1664.5,CHF,CH,GB,sucursal,atm,0
TXN00003654,CUST000097,2025-12-19 17:20:57.003505,3668.47,GBP,GB,ES,web,pos,0
TXN00003655,CUST000164,2025-04-26 01:30:57.003505,4354.56,EUR,US,ES,app,atm,0
TXN00003656,CUST000179,2025-07-19 08:24:57.003505,10971.55,EUR,DE,IT,web,mobile,0
TXN00003657,CUST000114,2025-08-26 03:57:57.003505,8206.81,EUR,ES,GB,cajero,pos,0
TXN00003658,CUST000147,2025-08-03 00:29:57.003505,4447.34,EUR,US,IT,sucursal,tablet,0
TXN00003659,CUST000067,2025-07-05 02:31:57.003505,11095.96,EUR,DE,CH,cajero,mobile,0
TXN00003660,CUST000118,2025-06-02 23:46:57.003505,2955.48,EUR,DE,FR,sucursal,desktop,0
TXN00003661,CUST000066,2025-09-05 05:28:57.003505,807.17,EUR,DE,ES,sucursal,tablet,0
TXN00003662,CUST000125,2025-07-07 19:41:57.003505,2763.86,CHF,US,DE,web,pos,0
TXN00003663,CUST000168,2025-05-28 06:24:57.003505,902.92,EUR,IT,GB,sucursal,pos,0
TXN00003664,CUST000033,2025-11-19 01:05:57.003505,11044.49,EUR,IT,US,app,tablet,0
TXN00003665,CUST000084,2025-12-31 02:25:57.003505,329.52,EUR,ES,ES,app,mobile,0
TXN00003666,CUST000012,2025-08-03 03:58:57.003505,14856.92,EUR,IT,GB,sucursal,atm,0
TXN00003667,CUST000009,2025-10-11 03:32:57.003505,13916.01,EUR,FR,FR,sucursal,atm,0
TXN00003668,CUST000088,2025-01-28 02:36:57.003505,808.2,EUR,DE,GB,cajero,mobile,0
TXN00003669,CUST000140,2025-02-21 02:45:57.003505,356.35,EUR,DE,DE,sucursal,desktop,0
TXN00003670,CUST000174,2025-06-12 00:06:57.003505,105.67,EUR,IT,FR,app,desktop,0
TXN00003671,CUST000119,2025-12-02 08:25:57.003505,12150.86,USD,US,GB,sucursal,tablet,0
TXN00003672,CUST000059,2025-07-18 00:46:57.003505,29.5,EUR,FR,ES,app,tablet,0
TXN00003673,CUST000092,2025-09-03 00:46:57.003505,2995.47,EUR,FR,GB,web,desktop,0
TXN00003674,CUST000115,2025-02-03 02:49:57.003505,4676.5,EUR,DE,FR,app,pos,0
TXN00003675,CUST000167,2025-08-18 08:15:57.003505,1606.17,GBP,US,US,sucursal,desktop,0
TXN00003676,CUST000138,2025-02-19 19:55:57.003505,2502.24,EUR,FR,IT,app,desktop,0
TXN00003677,CUST000184,2025-03-14 07:26:57.003505,180.89,EUR,FR,ES,sucursal,pos,0
TXN00003678,CUST000180,2025-06-11 20:05:57.003505,859.03,USD,GB,GB,cajero,atm,0
TXN00003679,CUST000106,2025-11-04 01:15:57.003505,67.84,EUR,FR,ES,web,pos,0
TXN00003680,CUST000013,2025-05-03 07:35:57.003505,316.64,EUR,GB,ES,cajero,pos,0
TXN00003681,CUST000097,2025-10-17 01:49:57.003505,3441.91,CHF,GB,FR,sucursal,mobile,0
TXN00003682,CUST000047,2025-11-13 03:13:57.003505,3463.75,EUR,ES,DE,cajero,desktop,0
TXN00003683,CUST000160,2025-09-06 06:27:57.003505,1419.42,EUR,DE,GB,web,atm,0
TXN00003684,CUST000156,2025-03-21 02:28:57.003505,112.01,EUR,FR,ES,cajero,mobile,0
TXN00003685,CUST000170,2025-02-01 04:54:57.003505,4054.15,CHF,US,CH,app,tablet,0
TXN00003686,CUST000119,2025-06-29 22:39:57.003505,6283.64,GBP,US,ES,sucursal,pos,0
TXN00003687,CUST000172,2025-03-01 00:39:57.003505,413.49,EUR,FR,DE,app,tablet,0
TXN00003688,CUST000059,2025-11-18 20:27:57.003505,485.42,EUR,FR,IT,app,mobile,0
TXN00003689,CUST000055,2025-09-06 21:03:57.003505,13598.92,USD,CH,CH,app,atm,0
TXN00003690,CUST000061,2025-07-18 21:56:57.003505,3260.37,EUR,IT,US,sucursal,atm,0
TXN00003691,CUST000165,2025-01-30 00:00:57.003505,550.55,EUR,FR,IT,cajero,desktop,0
TXN00003692,CUST000099,2025-04-23 21:01:57.003505,125.85,EUR,IT,FR,app,tablet,0
TXN00003693,CUST000060,2025-11-11 18:38:57.003505,530.77,EUR,IT,IT,cajero,desktop,0
TXN00003694,CUST000109,2025-11-19 03:31:57.003505,6555.65,EUR,CH,FR,web,mobile,0
TXN00003695,CUST000107,2025-11-06 18:16:57.003505,4800.03,EUR,DE,CH,app,mobile,0
TXN00003696,CUST000089,2025-12-06 00:33:57.003505,92.03,EUR,ES,IT,sucursal,tablet,0
TXN00003697,CUST000128,2026-01-12 07:40:57.003505,2455.87,EUR,FR,IT,cajero,desktop,0
TXN00003698,CUST000109,2025-04-14 04:26:57.003505,5176.61,USD,CH,DE,sucursal,mobile,0
TXN00003699,CUST000007,2025-10-07 21:02:57.003505,2964.37,EUR,DE,DE,app,desktop,0
TXN00003700,CUST000095,2025-07-30 19:12:57.003505,19.64,EUR,IT,IT,cajero,desktop,0
TXN00003701,CUST000035,2025-05-02 19:25:57.003505,541.79,EUR,DE,GB,cajero,desktop,0
TXN00003702,CUST000102,2025-12-29 23:07:57.003505,2247.8,EUR,FR,FR,web,pos,0
TXN00003703,CUST000167,2025-04-19 19:44:57.003505,1480.68,CHF,US,GB,cajero,desktop,0
TXN00003704,CUST000030,2025-11-17 05:12:57.003505,525.1,EUR,GB,IT,sucursal,atm,0
TXN00003705,CUST000027,2025-08-27 01:22:57.003505,398.82,EUR,FR,IT,web,atm,0
TXN00003706,CUST000104,2025-07-31 05:55:57.003505,1611.66,EUR,ES,GB,sucursal,desktop,0
TXN00003707,CUST000099,2025-05-31 21:59:57.003505,74.51,EUR,IT,FR,sucursal,desktop,0
TXN00003708,CUST000141,2025-05-28 05:17:57.003505,1058.18,GBP,GB,ES,web,pos,0
TXN00003709,CUST000151,2025-11-14 08:35:57.003505,3643.66,EUR,ES,GB,sucursal,tablet,0
TXN00003710,CUST000056,2025-04-01 19:45:57.003505,941.36,EUR,GB,IT,sucursal,mobile,0
TXN00003711,CUST000146,2025-07-25 08:42:57.003505,959.27,EUR,IT,DE,sucursal,desktop,0
TXN00003712,CUST000011,2025-05-05 06:53:57.003505,166.85,EUR,ES,ES,app,mobile,0
TXN00003713,CUST000123,2025-02-11 08:56:57.003505,272.89,EUR,FR,FR,web,mobile,0
TXN00003714,CUST000139,2025-07-29 02:44:57.003505,5728.82,GBP,US,US,cajero,mobile,0
TXN00003715,CUST000081,2025-06-10 02:52:57.003505,3348.19,EUR,CH,DE,cajero,pos,0
TXN00003716,CUST000009,2025-06-07 17:29:57.003505,2621.36,EUR,FR,DE,sucursal,atm,0
TXN00003717,CUST000148,2025-05-21 19:41:57.003505,4271.21,EUR,ES,US,web,tablet,0
TXN00003718,CUST000131,2025-06-16 05:35:57.003505,943.55,EUR,DE,IT,sucursal,tablet,0
TXN00003719,CUST000042,2025-04-23 00:44:57.003505,1907.78,EUR,ES,GB,web,tablet,0
TXN00003720,CUST000132,2025-09-02 04:51:57.003505,13904.47,EUR,ES,FR,cajero,tablet,0
TXN00003721,CUST000024,2025-03-23 01:57:57.003505,12035.23,EUR,FR,CH,web,pos,0
TXN00003722,CUST000127,2025-07-06 05:53:57.003505,5895.06,EUR,FR,FR,web,mobile,0
TXN00003723,CUST000170,2025-04-28 23:16:57.003505,2038.63,GBP,US,ES,sucursal,desktop,0
TXN00003724,CUST000103,2025-02-26 00:40:57.003505,7163.33,EUR,ES,DE,app,atm,0
TXN00003725,CUST000181,2025-10-26 05:27:57.003505,167.37,EUR,IT,IT,sucursal,mobile,0
TXN00003726,CUST000143,2025-07-23 18:20:57.003505,2054.81,EUR,ES,DE,sucursal,desktop,0
TXN00003727,CUST000004,2025-02-04 23:40:57.003505,4805.41,EUR,DE,US,sucursal,tablet,0
TXN00003728,CUST000078,2025-07-24 19:53:57.003505,4863.92,EUR,DE,DE,web,mobile,0
TXN00003729,CUST000079,2025-07-17 23:22:57.003505,2062.81,EUR,FR,GB,sucursal,desktop,0
TXN00003730,CUST000082,2025-01-27 17:44:57.003505,4199.79,EUR,ES,GB,cajero,desktop,0
TXN00003731,CUST000042,2025-03-01 04:41:57.107482,76105.74,EUR,ES,DE,cajero,tablet,1
TXN00003732,CUST000112,2025-09-29 02:50:57.003505,2656.93,USD,US,CH,sucursal,mobile,0
TXN00003733,CUST000184,2025-05-23 07:18:57.003505,33.36,EUR,FR,FR,cajero,atm,0
TXN00003734,CUST000119,2025-10-29 05:04:57.003505,3276.3,EUR,US,IT,cajero,pos,0
TXN00003735,CUST000137,2025-01-31 00:56:57.003505,188.72,EUR,FR,FR,sucursal,desktop,0
TXN00003736,CUST000084,2025-06-02 06:47:57.003505,255.34,EUR,ES,IT,cajero,mobile,0
TXN00003737,CUST000154,2025-02-27 08:38:57.003505,7281.57,EUR,ES,US,web,mobile,0
TXN00003738,CUST000017,2025-08-28 05:17:57.003505,2246.43,EUR,FR,GB,app,tablet,0
TXN00003739,CUST000042,2025-02-19 06:23:57.003505,5354.79,EUR,ES,FR,cajero,desktop,0
TXN00003740,CUST000006,2025-11-19 01:47:57.003505,291.07,EUR,FR,ES,web,desktop,0
TXN00003741,CUST000129,2025-06-28 07:18:57.003505,1940.81,USD,US,IT,app,desktop,0
TXN00003742,CUST000090,2025-05-30 17:16:57.003505,9474.91,EUR,GB,FR,web,pos,0
TXN00003743,CUST000078,2025-05-20 03:54:57.003505,4727.78,EUR,DE,CH,cajero,pos,0
TXN00003744,CUST000011,2025-09-01 06:31:57.003505,844.48,EUR,ES,IT,web,tablet,0
TXN00003745,CUST000058,2025-05-01 01:35:57.003505,7518.89,EUR,FR,ES,app,mobile,0
TXN00003746,CUST000056,2025-09-10 03:56:57.003505,309.73,USD,GB,DE,web,atm,0
TXN00003747,CUST000107,2025-07-28 00:26:57.003505,5350.41,EUR,DE,US,cajero,pos,0
TXN00003748,CUST000027,2025-11-16 02:37:57.003505,24.42,EUR,FR,FR,web,tablet,0
TXN00003749,CUST000036,2025-10-03 19:10:57.003505,11624.54,EUR,FR,FR,sucursal,desktop,0
TXN00003750,CUST000036,2025-05-19 03:02:57.003505,3254.48,EUR,FR,GB,sucursal,tablet,0
TXN00003751,CUST000158,2025-10-04 06:14:57.003505,784.77,EUR,GB,DE,web,atm,0
TXN00003752,CUST000006,2025-12-05 23:38:57.003505,37.57,EUR,FR,ES,web,pos,0
TXN00003753,CUST000091,2025-12-30 01:11:57.003505,3813.15,GBP,GB,ES,app,pos,0
TXN00003754,CUST000079,2025-04-10 19:34:57.003505,3130.38,EUR,FR,CH,cajero,pos,0
TXN00003755,CUST000182,2025-03-19 19:48:57.003505,6281.61,EUR,FR,DE,app,mobile,0
TXN00003756,CUST000130,2025-10-04 22:27:57.003505,1233.67,EUR,IT,IT,web,pos,0
TXN00003757,CUST000137,2025-06-07 00:10:57.003505,635.99,EUR,FR,GB,app,pos,0
TXN00003758,CUST000128,2025-06-16 09:48:57.003505,4463.7,EUR,FR,DE,web,atm,0
TXN00003759,CUST000157,2025-05-31 05:13:57.003505,2513.72,EUR,IT,US,cajero,tablet,0
TXN00003760,CUST000097,2025-11-25 22:11:57.003505,5442.24,USD,GB,GB,app,tablet,0
TXN00003761,CUST000021,2025-05-17 22:53:57.003505,173.82,EUR,FR,IT,app,atm,0
TXN00003762,CUST000130,2025-07-06 04:01:57.003505,2875.13,EUR,IT,ES,cajero,mobile,0
TXN00003763,CUST000172,2025-05-25 01:31:57.003505,577.51,EUR,FR,GB,web,desktop,0
TXN00003764,CUST000167,2025-03-23 18:37:57.003505,2129.35,GBP,US,DE,cajero,mobile,0
TXN00003765,CUST000025,2025-08-24 01:18:57.003505,2519.85,EUR,ES,ES,web,desktop,0
TXN00003766,CUST000084,2025-08-04 07:01:57.003505,35.27,EUR,ES,IT,app,pos,0
TXN00003767,CUST000156,2025-04-06 07:41:57.003505,62.33,EUR,FR,ES,sucursal,atm,0
TXN00003768,CUST000063,2025-02-18 23:40:57.003505,338.76,EUR,FR,FR,sucursal,mobile,0
TXN00003769,CUST000009,2025-04-01 17:16:57.003505,12377.5,EUR,FR,ES,web,atm,0
TXN00003770,CUST000071,2025-03-10 17:55:57.003505,9690.61,EUR,FR,GB,web,pos,0
TXN00003771,CUST000165,2025-02-08 00:02:57.003505,1574.14,EUR,FR,GB,sucursal,tablet,0
TXN00003772,CUST000117,2025-10-10 18:58:57.003505,3682.27,EUR,ES,FR,app,tablet,0
TXN00003773,CUST000171,2025-02-11 01:07:57.003505,6779.7,EUR,IT,IT,cajero,atm,0
TXN00003774,CUST000080,2025-07-15 07:02:57.003505,311.92,EUR,ES,FR,sucursal,desktop,0
TXN00003775,CUST000078,2025-12-30 19:17:57.003505,12976.42,EUR,DE,DE,cajero,desktop,0
TXN00003776,CUST000168,2025-12-15 01:57:57.003505,426.66,EUR,IT,DE,app,tablet,0
TXN00003777,CUST000038,2025-06-04 07:35:57.003505,152.61,EUR,ES,IT,web,atm,0
TXN00003778,CUST000118,2025-08-18 02:28:57.003505,5892.63,EUR,DE,FR,sucursal,pos,0
TXN00003779,CUST000013,2025-08-23 20:02:57.003505,1268.18,USD,GB,IT,cajero,atm,0
TXN00003780,CUST000021,2025-10-29 07:29:57.003505,16.42,EUR,FR,IT,app,atm,0
TXN00003781,CUST000148,2025-02-23 22:06:57.003505,3587.16,EUR,ES,GB,app,tablet,0
TXN00003782,CUST000008,2025-11-27 21:15:57.003505,7564.14,EUR,IT,ES,app,atm,0
TXN00003783,CUST000140,2025-11-18 00:18:57.003505,753.61,EUR,DE,DE,cajero,desktop,0
TXN00003784,CUST000016,2025-08-15 02:11:57.003505,476.83,EUR,IT,ES,web,atm,0
TXN00003785,CUST000185,2025-06-18 03:52:57.003505,2449.75,EUR,GB,DE,app,pos,0
TXN00003786,CUST000123,2025-12-20 06:25:57.003505,1672.08,EUR,FR,FR,web,desktop,0
TXN00003787,CUST000027,2025-09-09 01:18:57.003505,258.75,EUR,FR,FR,app,mobile,0
TXN00003788,CUST000081,2025-08-19 02:24:57.003505,6826.98,USD,CH,GB,sucursal,desktop,0
TXN00003789,CUST000109,2025-10-19 19:28:57.003505,4562.74,GBP,CH,US,sucursal,tablet,0
TXN00003790,CUST000186,2025-06-26 02:39:57.003505,3409.44,EUR,IT,IT,app,desktop,0
TXN00003791,CUST000071,2025-04-23 00:55:57.003505,6901.88,EUR,FR,DE,app,desktop,0
TXN00003792,CUST000148,2025-07-28 04:43:57.003505,9509.47,EUR,ES,US,app,tablet,0
TXN00003793,CUST000071,2025-09-15 00:08:57.003505,8739.21,EUR,FR,DE,cajero,mobile,0
TXN00003794,CUST000072,2025-12-26 05:16:57.003505,7135.13,CHF,GB,GB,cajero,mobile,0
TXN00003795,CUST000152,2025-12-13 07:50:57.003505,2232.31,GBP,GB,GB,app,desktop,0
TXN00003796,CUST000008,2025-03-11 19:33:57.003505,2208.68,EUR,IT,IT,sucursal,desktop,0
TXN00003797,CUST000169,2025-04-16 00:24:57.003505,945.51,EUR,DE,DE,app,desktop,0
TXN00003798,CUST000044,2025-07-24 04:14:57.107482,3057.75,EUR,ES,SY,cajero,mobile,1
TXN00003799,CUST000151,2025-03-23 21:26:57.003505,1624.65,EUR,ES,ES,cajero,mobile,0
TXN00003800,CUST000128,2025-02-16 05:07:57.003505,1501.23,EUR,FR,IT,sucursal,tablet,0
TXN00003801,CUST000098,2025-08-16 06:52:57.003505,393.69,EUR,IT,GB,app,tablet,0
TXN00003802,CUST000023,2025-02-02 01:11:57.003505,6815.84,EUR,FR,GB,web,pos,0
TXN00003803,CUST000062,2026-01-12 04:04:57.003505,2719.58,EUR,IT,FR,sucursal,pos,0
TXN00003804,CUST000121,2025-02-21 05:39:57.003505,908.18,EUR,ES,FR,cajero,desktop,0
TXN00003805,CUST000077,2025-10-08 22:20:57.003505,841.23,CHF,CH,GB,web,tablet,0
TXN00003806,CUST000129,2025-12-22 18:19:57.003505,6434.42,GBP,US,IT,app,tablet,0
TXN00003807,CUST000122,2025-07-29 07:10:57.003505,639.17,EUR,GB,FR,web,mobile,0
TXN00003808,CUST000071,2025-10-27 01:34:57.003505,17990.36,EUR,FR,ES,cajero,pos,0
TXN00003809,CUST000014,2025-08-19 08:13:57.003505,799.88,EUR,IT,DE,cajero,tablet,0
TXN00003810,CUST000043,2025-07-21 20:57:57.003505,1731.93,CHF,CH,US,sucursal,tablet,0
TXN00003811,CUST000034,2025-07-17 02:54:57.003505,107.39,EUR,FR,IT,web,mobile,0
TXN00003812,CUST000051,2025-05-14 19:54:57.003505,961.88,EUR,DE,IT,sucursal,tablet,0
TXN00003813,CUST000105,2025-08-17 06:02:57.003505,13100.75,EUR,US,ES,sucursal,tablet,0
TXN00003814,CUST000184,2025-04-28 23:22:57.003505,62.71,EUR,FR,ES,web,pos,0
TXN00003815,CUST000122,2025-02-12 01:52:57.003505,611.24,GBP,GB,DE,cajero,mobile,0
TXN00003816,CUST000171,2025-01-30 23:10:57.003505,2525.91,EUR,IT,GB,sucursal,desktop,0
TXN00003817,CUST000102,2025-02-17 01:34:57.003505,3224.16,EUR,FR,FR,cajero,mobile,0
TXN00003818,CUST000187,2025-12-09 21:38:57.003505,3797.31,GBP,GB,IT,cajero,desktop,0
TXN00003819,CUST000187,2025-02-12 05:45:57.003505,5052.64,EUR,GB,ES,sucursal,pos,0
TXN00003820,CUST000042,2025-08-14 22:48:57.003505,1968.85,EUR,ES,US,app,desktop,0
TXN00003821,CUST000014,2025-11-17 08:56:57.003505,1749.17,EUR,IT,IT,sucursal,pos,0
TXN00003822,CUST000009,2025-06-16 22:08:57.003505,4908.52,EUR,FR,GB,sucursal,atm,0
TXN00003823,CUST000069,2025-01-19 02:12:57.003505,66.17,EUR,FR,IT,sucursal,mobile,0
TXN00003824,CUST000057,2025-05-02 19:36:57.003505,65.35,EUR,ES,ES,web,desktop,0
TXN00003825,CUST000052,2025-08-07 05:00:57.003505,102.18,EUR,ES,FR,app,desktop,0
TXN00003826,CUST000113,2025-08-10 02:49:57.003505,19584.22,CHF,CH,FR,app,desktop,0
TXN00003827,CUST000162,2025-12-03 23:55:57.003505,7310.42,USD,CH,CH,web,mobile,0
TXN00003828,CUST000119,2025-03-02 18:26:57.003505,2295.87,CHF,US,GB,app,mobile,0
TXN00003829,CUST000120,2025-03-25 03:44:57.003505,61.87,EUR,IT,IT,cajero,tablet,0
TXN00003830,CUST000163,2025-12-28 04:30:57.003505,210.35,EUR,ES,IT,web,mobile,0
TXN00003831,CUST000084,2025-03-12 21:26:57.003505,141.82,EUR,ES,IT,web,pos,0
TXN00003832,CUST000168,2025-08-17 20:53:57.003505,544.94,EUR,IT,FR,cajero,atm,0
TXN00003833,CUST000063,2025-03-23 21:34:57.003505,265.57,EUR,FR,ES,web,desktop,0
TXN00003834,CUST000001,2025-01-23 06:57:57.003505,154.09,EUR,FR,ES,app,mobile,0
TXN00003835,CUST000026,2025-09-04 05:49:57.003505,142.35,EUR,FR,FR,web,desktop,0
TXN00003836,CUST000172,2025-12-23 02:27:57.003505,1814.9,EUR,FR,FR,web,pos,0
TXN00003837,CUST000037,2026-01-14 02:27:57.003505,46.72,EUR,ES,FR,cajero,atm,0
TXN00003838,CUST000077,2025-08-23 00:12:57.003505,3126.36,CHF,CH,CH,app,atm,0
TXN00003839,CUST000042,2025-11-10 07:07:57.003505,4807.09,EUR,ES,FR,cajero,mobile,0
TXN00003840,CUST000185,2025-09-30 02:22:57.003505,125.83,EUR,GB,IT,web,pos,0
TXN00003841,CUST000120,2025-10-08 01:21:57.003505,467.89,EUR,IT,IT,web,mobile,0
TXN00003842,CUST000137,2025-01-27 04:42:57.003505,768.08,EUR,FR,FR,web,atm,0
TXN00003843,CUST000145,2025-11-01 03:14:57.003505,2750.31,EUR,DE,GB,web,pos,0
TXN00003844,CUST000137,2025-12-22 19:13:57.003505,1433.54,EUR,FR,GB,web,mobile,0
TXN00003845,CUST000026,2025-02-04 05:11:57.003505,49.48,EUR,FR,IT,sucursal,desktop,0
TXN00003846,CUST000002,2025-06-16 23:04:57.003505,141.83,EUR,ES,IT,sucursal,atm,0
TXN00003847,CUST000042,2025-04-06 23:34:57.003505,3786.84,EUR,ES,FR,web,desktop,0
TXN00003848,CUST000096,2025-08-20 22:36:57.003505,2145.27,EUR,ES,GB,web,tablet,0
TXN00003849,CUST000033,2025-04-21 18:08:57.003505,3159.11,EUR,IT,IT,app,atm,0
TXN00003850,CUST000166,2025-09-11 09:28:57.003505,8967.21,GBP,GB,US,cajero,mobile,0
TXN00003851,CUST000072,2025-05-25 20:10:57.003505,4582.52,EUR,GB,ES,cajero,desktop,0
TXN00003852,CUST000048,2025-11-22 02:37:57.003505,1775.94,EUR,FR,GB,app,pos,0
TXN00003853,CUST000021,2025-03-20 01:59:57.003505,142.08,EUR,FR,FR,web,mobile,0
TXN00003854,CUST000157,2025-02-03 20:44:57.003505,4844.48,EUR,IT,US,app,pos,0
TXN00003855,CUST000088,2025-05-01 02:55:57.003505,1227.83,EUR,DE,ES,app,tablet,0
TXN00003856,CUST000067,2025-10-16 02:45:57.003505,3444.73,EUR,DE,GB,sucursal,desktop,0
TXN00003857,CUST000095,2025-10-17 22:28:57.003505,34.72,EUR,IT,IT,sucursal,desktop,0
TXN00003858,CUST000176,2025-03-05 18:53:57.003505,2909.03,EUR,ES,DE,sucursal,pos,0
TXN00003859,CUST000176,2025-04-01 18:35:57.003505,143.73,EUR,ES,IT,sucursal,mobile,0
TXN00003860,CUST000133,2025-04-05 02:32:57.003505,414.13,EUR,IT,ES,cajero,desktop,0
TXN00003861,CUST000029,2025-08-02 21:09:57.003505,1531.12,CHF,GB,DE,cajero,desktop,0
TXN00003862,CUST000027,2025-05-20 19:34:57.003505,131.57,EUR,FR,IT,sucursal,desktop,0
TXN00003863,CUST000159,2025-03-12 23:00:57.003505,2653.19,USD,GB,US,cajero,tablet,0
TXN00003864,CUST000122,2025-05-24 06:30:57.003505,1168.45,EUR,GB,IT,web,desktop,0
TXN00003865,CUST000030,2025-12-22 22:01:57.003505,1032.76,EUR,GB,ES,app,pos,0
TXN00003866,CUST000089,2025-02-18 06:58:57.003505,89.26,EUR,ES,ES,sucursal,desktop,0
TXN00003867,CUST000060,2025-06-07 07:00:57.003505,1582.43,EUR,IT,IT,web,atm,0
TXN00003868,CUST000147,2025-11-22 05:35:57.003505,2314.33,USD,US,GB,web,desktop,0
TXN00003869,CUST000176,2025-06-08 19:57:57.003505,1928.23,EUR,ES,GB,app,pos,0
TXN00003870,CUST000123,2025-07-17 03:29:57.003505,912.61,EUR,FR,FR,cajero,tablet,0
TXN00003871,CUST000157,2025-10-19 03:01:57.003505,4352.48,EUR,IT,FR,app,mobile,0
TXN00003872,CUST000154,2025-03-10 00:34:57.003505,2647.85,EUR,ES,US,app,tablet,0
TXN00003873,CUST000121,2025-05-19 00:18:57.003505,1632.29,EUR,ES,GB,cajero,desktop,0
TXN00003874,CUST000174,2025-07-19 01:34:57.003505,716.93,EUR,IT,DE,web,mobile,0
TXN00003875,CUST000083,2025-06-02 07:04:57.003505,245.7,EUR,ES,ES,sucursal,tablet,0
TXN00003876,CUST000026,2025-03-29 01:01:57.003505,25.08,EUR,FR,ES,web,mobile,0
TXN00003877,CUST000130,2025-05-22 18:38:57.003505,2421.71,EUR,IT,ES,sucursal,atm,0
TXN00003878,CUST000133,2025-05-10 07:14:57.003505,145.01,EUR,IT,FR,cajero,atm,0
TXN00003879,CUST000038,2025-10-20 08:13:57.003505,2256.15,EUR,ES,FR,sucursal,mobile,0
TXN00003880,CUST000019,2025-04-01 13:36:57.107482,43569.57,EUR,DE,GB,app,atm,1
TXN00003881,CUST000161,2025-04-06 04:12:57.003505,14.06,EUR,ES,FR,app,desktop,0
TXN00003882,CUST000160,2025-07-21 04:08:57.003505,1556.47,EUR,DE,ES,sucursal,tablet,0
TXN00003883,CUST000010,2025-10-23 02:06:57.003505,619.09,EUR,FR,DE,app,tablet,0
TXN00003884,CUST000060,2025-03-14 01:33:57.003505,167.41,EUR,IT,ES,app,mobile,0
TXN00003885,CUST000045,2025-03-16 07:42:57.003505,808.56,GBP,GB,ES,app,pos,0
TXN00003886,CUST000012,2025-12-11 08:16:57.003505,5629.15,EUR,IT,IT,sucursal,pos,0
TXN00003887,CUST000005,2025-12-28 02:56:57.003505,244.83,EUR,GB,IT,sucursal,mobile,0
TXN00003888,CUST000182,2025-05-10 06:48:57.003505,4973.66,EUR,FR,ES,sucursal,mobile,0
TXN00003889,CUST000157,2025-01-17 07:25:57.003505,1289.22,EUR,IT,GB,app,pos,0
TXN00003890,CUST000016,2025-12-05 20:53:57.003505,556.74,EUR,IT,ES,sucursal,desktop,0
TXN00003891,CUST000181,2025-05-13 08:13:57.003505,127.25,EUR,IT,IT,web,pos,0
TXN00003892,CUST000137,2025-08-23 02:51:57.003505,1340.18,EUR,FR,GB,sucursal,mobile,0
TXN00003893,CUST000140,2025-10-01 21:06:57.003505,2321.13,EUR,DE,IT,sucursal,tablet,0
TXN00003894,CUST000086,2025-08-19 19:59:57.003505,11916.3,EUR,ES,IT,web,tablet,0
TXN00003895,CUST000050,2025-03-29 09:28:57.003505,7571.12,EUR,FR,GB,app,pos,0
TXN00003896,CUST000132,2025-09-05 06:16:57.003505,4331.77,EUR,ES,GB,web,pos,0
TXN00003897,CUST000059,2025-06-07 22:44:57.003505,224.08,EUR,FR,FR,web,mobile,0
TXN00003898,CUST000052,2025-02-27 21:05:57.003505,52.7,EUR,ES,ES,sucursal,tablet,0
TXN00003899,CUST000180,2025-08-02 22:28:57.003505,626.07,EUR,GB,GB,app,atm,0
TXN00003900,CUST000134,2025-02-02 20:36:57.003505,143.58,EUR,FR,ES,app,pos,0
TXN00003901,CUST000090,2025-10-25 20:10:57.003505,4283.62,EUR,GB,GB,sucursal,desktop,0
TXN00003902,CUST000111,2025-07-10 21:11:57.003505,131.28,EUR,ES,IT,web,mobile,0
TXN00003903,CUST000165,2025-05-10 03:49:57.003505,887.97,EUR,FR,ES,app,mobile,0
TXN00003904,CUST000048,2025-04-14 18:40:57.003505,2247.22,EUR,FR,DE,cajero,pos,0
TXN00003905,CUST000094,2025-12-07 19:50:57.003505,7476.74,GBP,GB,US,web,pos,0
TXN00003906,CUST000088,2025-08-08 01:03:57.003505,1803.88,EUR,DE,ES,cajero,tablet,0
TXN00003907,CUST000010,2025-10-30 03:43:57.003505,147.62,EUR,FR,IT,cajero,atm,0
TXN00003908,CUST000180,2025-06-27 02:34:57.003505,371.23,USD,GB,ES,app,tablet,0
TXN00003909,CUST000111,2025-05-27 23:54:57.003505,121.48,EUR,ES,IT,app,tablet,0
TXN00003910,CUST000174,2025-07-15 00:17:57.003505,162.02,EUR,IT,DE,web,mobile,0
TXN00003911,CUST000003,2025-07-21 02:58:57.003505,418.87,EUR,ES,IT,sucursal,tablet,0
TXN00003912,CUST000042,2025-07-06 09:10:57.003505,13364.24,EUR,ES,ES,app,mobile,0
TXN00003913,CUST000017,2025-03-07 08:19:57.003505,4762.65,EUR,FR,GB,app,mobile,0
TXN00003914,CUST000029,2025-10-23 19:30:57.003505,4358.57,EUR,GB,US,cajero,desktop,0
TXN00003915,CUST000115,2025-03-22 05:35:57.003505,6953.84,EUR,DE,CH,app,atm,0
TXN00003916,CUST000003,2025-03-24 15:17:57.107482,91600.7,EUR,ES,PK,web,atm,1
TXN00003917,CUST000084,2025-06-02 00:45:57.003505,368.19,EUR,ES,FR,app,atm,0
TXN00003918,CUST000022,2025-11-14 18:57:57.003505,4709.94,EUR,IT,GB,web,mobile,0
TXN00003919,CUST000070,2025-02-01 07:56:57.003505,359.85,EUR,ES,ES,web,atm,0
TXN00003920,CUST000188,2025-04-29 01:54:57.003505,2114.7,EUR,IT,FR,cajero,mobile,0
TXN00003921,CUST000188,2025-08-01 06:40:57.003505,2866.69,EUR,IT,DE,cajero,atm,0
TXN00003922,CUST000148,2025-04-06 06:02:57.003505,1419.86,EUR,ES,IT,web,desktop,0
TXN00003923,CUST000102,2025-10-26 00:53:57.003505,16542.69,EUR,FR,FR,cajero,desktop,0
TXN00003924,CUST000184,2025-08-27 03:22:57.003505,382.05,EUR,FR,IT,cajero,desktop,0
TXN00003925,CUST000126,2025-11-20 03:07:57.003505,983.44,EUR,DE,DE,cajero,atm,0
TXN00003926,CUST000123,2025-11-18 22:54:57.003505,664.63,EUR,FR,IT,sucursal,tablet,0
TXN00003927,CUST000105,2025-11-06 01:18:57.003505,5900.65,CHF,US,ES,cajero,tablet,0
TXN00003928,CUST000105,2025-11-08 20:07:57.003505,7807.44,USD,US,GB,sucursal,desktop,0
TXN00003929,CUST000049,2025-12-13 08:25:57.003505,466.89,EUR,ES,DE,web,tablet,0
TXN00003930,CUST000027,2025-10-30 15:33:57.107482,657.0,EUR,FR,ES,cajero,pos,1
TXN00003931,CUST000106,2025-02-04 04:16:57.003505,262.79,EUR,FR,ES,web,tablet,0
TXN00003932,CUST000031,2025-04-26 21:00:57.107482,26705.84,EUR,ES,CN,app,mobile,1
TXN00003933,CUST000175,2026-01-15 05:27:57.003505,23359.66,EUR,CH,DE,sucursal,tablet,0
TXN00003934,CUST000046,2025-06-06 18:39:57.003505,5065.69,USD,GB,CH,web,atm,0
TXN00003935,CUST000185,2025-08-30 07:33:57.003505,2962.75,GBP,GB,FR,web,atm,0
TXN00003936,CUST000179,2025-07-15 05:37:57.003505,1390.42,EUR,DE,IT,cajero,pos,0
TXN00003937,CUST000056,2025-04-28 07:39:57.003505,215.6,EUR,GB,DE,web,atm,0
TXN00003938,CUST000121,2025-07-01 21:03:57.003505,303.39,EUR,ES,GB,sucursal,pos,0
TXN00003939,CUST000078,2025-08-04 21:58:57.003505,2270.21,EUR,DE,FR,app,pos,0
TXN00003940,CUST000060,2025-06-13 03:59:57.003505,2914.93,EUR,IT,GB,cajero,pos,0
TXN00003941,CUST000119,2025-08-12 02:02:57.003505,1460.32,USD,US,DE,cajero,atm,0
TXN00003942,CUST000111,2025-11-15 03:43:57.003505,320.27,EUR,ES,ES,app,atm,0
TXN00003943,CUST000105,2025-07-04 20:09:57.003505,3507.83,USD,US,US,app,pos,0
TXN00003944,CUST000000,2025-07-23 00:40:57.003505,1956.18,EUR,DE,DE,app,desktop,0
TXN00003945,CUST000187,2025-12-06 03:41:57.003505,3379.6,GBP,GB,FR,cajero,desktop,0
TXN00003946,CUST000096,2025-05-02 04:25:57.003505,6876.37,EUR,ES,ES,sucursal,atm,0
TXN00003947,CUST000116,2025-11-13 02:46:57.003505,10398.48,EUR,FR,IT,app,tablet,0
TXN00003948,CUST000047,2025-02-11 05:06:57.003505,13537.49,EUR,ES,GB,app,tablet,0
TXN00003949,CUST000002,2025-10-02 09:32:57.107482,362.7,EUR,ES,IT,app,mobile,1
TXN00003950,CUST000043,2025-05-24 03:07:57.003505,8886.19,CHF,CH,DE,web,atm,0
TXN00003951,CUST000003,2025-10-27 00:44:57.003505,160.57,EUR,ES,FR,sucursal,mobile,0
TXN00003952,CUST000089,2025-06-28 22:26:57.003505,461.44,EUR,ES,FR,app,tablet,0
TXN00003953,CUST000125,2026-01-03 19:46:57.003505,1893.95,CHF,US,GB,app,mobile,0
TXN00003954,CUST000158,2025-09-13 04:45:57.003505,588.65,USD,GB,DE,web,mobile,0
TXN00003955,CUST000142,2025-11-19 01:57:57.003505,820.17,EUR,DE,CH,cajero,mobile,0
TXN00003956,CUST000132,2025-10-13 00:42:57.003505,4016.36,EUR,ES,ES,sucursal,tablet,0
TXN00003957,CUST000107,2025-08-14 23:59:57.003505,9540.43,EUR,DE,US,sucursal,pos,0
TXN00003958,CUST000130,2025-05-02 01:53:57.003505,11794.04,EUR,IT,DE,cajero,tablet,0
TXN00003959,CUST000075,2025-03-12 21:54:57.003505,15860.39,EUR,FR,FR,web,atm,0
TXN00003960,CUST000117,2025-05-25 20:30:57.003505,3186.78,EUR,ES,IT,web,pos,0
TXN00003961,CUST000016,2025-07-01 08:55:57.003505,248.85,EUR,IT,GB,web,pos,0
TXN00003962,CUST000028,2025-10-26 00:53:57.003505,38.92,EUR,ES,IT,app,mobile,0
TXN00003963,CUST000047,2025-04-14 03:36:57.003505,4449.74,EUR,ES,FR,sucursal,tablet,0
TXN00003964,CUST000124,2025-07-05 23:27:57.003505,484.99,EUR,DE,DE,sucursal,tablet,0
TXN00003965,CUST000136,2025-12-10 20:28:57.003505,107.46,EUR,FR,ES,sucursal,mobile,0
TXN00003966,CUST000038,2025-02-04 18:02:57.003505,2322.53,EUR,ES,FR,app,atm,0
TXN00003967,CUST000103,2025-01-27 08:19:57.003505,6325.91,EUR,ES,GB,web,desktop,0
TXN00003968,CUST000115,2025-08-15 23:27:57.003505,4908.41,EUR,DE,US,web,desktop,0
TXN00003969,CUST000030,2025-12-18 00:38:57.003505,638.86,GBP,GB,GB,cajero,mobile,0
TXN00003970,CUST000090,2025-07-29 03:02:57.003505,18450.46,EUR,GB,GB,app,desktop,0
TXN00003971,CUST000022,2025-11-10 22:45:57.107482,10816.92,EUR,IT,PK,web,desktop,1
TXN00003972,CUST000115,2025-02-07 21:29:57.003505,4294.03,EUR,DE,US,sucursal,tablet,0
TXN00003973,CUST000023,2025-02-14 20:00:57.003505,18222.66,EUR,FR,US,app,atm,0
TXN00003974,CUST000138,2025-02-27 09:05:57.003505,11041.78,EUR,FR,GB,web,desktop,0
TXN00003975,CUST000069,2025-06-12 06:00:57.003505,123.41,EUR,FR,FR,cajero,mobile,0
TXN00003976,CUST000045,2025-12-02 18:53:57.003505,620.45,EUR,GB,FR,sucursal,pos,0
TXN00003977,CUST000170,2025-04-10 23:49:57.003505,3995.86,GBP,US,US,web,mobile,0
TXN00003978,CUST000013,2025-06-01 23:27:57.003505,1943.85,EUR,GB,DE,app,desktop,0
TXN00003979,CUST000110,2025-11-09 06:43:57.003505,64.11,EUR,ES,FR,cajero,atm,0
TXN00003980,CUST000125,2025-04-05 18:33:57.003505,10125.65,GBP,US,US,web,mobile,0
TXN00003981,CUST000095,2025-11-17 01:09:57.003505,85.09,EUR,IT,IT,sucursal,atm,0
TXN00003982,CUST000180,2025-05-17 23:16:57.003505,421.57,USD,GB,GB,cajero,mobile,0
TXN00003983,CUST000028,2025-10-22 21:52:57.003505,412.87,EUR,ES,ES,sucursal,desktop,0
TXN00003984,CUST000186,2025-06-13 04:59:57.003505,13126.99,EUR,IT,IT,app,pos,0
TXN00003985,CUST000138,2025-07-10 05:10:57.003505,4018.79,EUR,FR,IT,app,atm,0
TXN00003986,CUST000144,2025-02-01 21:20:57.003505,791.06,EUR,DE,IT,cajero,desktop,0
TXN00003987,CUST000153,2025-08-10 04:24:57.003505,718.68,EUR,ES,ES,app,mobile,0
TXN00003988,CUST000147,2025-02-18 05:10:57.003505,4358.05,EUR,US,DE,cajero,atm,0
TXN00003989,CUST000130,2025-12-27 05:42:57.003505,4761.52,EUR,IT,IT,sucursal,tablet,0
TXN00003990,CUST000021,2025-02-16 23:39:57.107482,31127.32,EUR,FR,FR,app,atm,1
TXN00003991,CUST000147,2025-03-13 08:24:57.003505,1460.29,EUR,US,GB,app,atm,0
TXN00003992,CUST000109,2025-07-05 19:21:57.003505,1774.94,EUR,CH,FR,app,tablet,0
TXN00003993,CUST000010,2025-10-24 19:35:57.107482,19316.11,EUR,FR,DE,web,pos,1
TXN00003994,CUST000039,2025-07-06 22:17:57.003505,6154.02,EUR,DE,US,cajero,mobile,0
TXN00003995,CUST000167,2025-04-03 18:41:57.003505,3583.21,EUR,US,IT,sucursal,tablet,0
TXN00003996,CUST000130,2025-07-16 06:15:57.003505,4444.3,EUR,IT,FR,sucursal,pos,0
TXN00003997,CUST000097,2025-03-23 03:31:57.003505,15339.14,EUR,GB,US,sucursal,atm,0
TXN00003998,CUST000160,2025-10-31 06:06:57.003505,943.53,EUR,DE,IT,sucursal,desktop,0
TXN00003999,CUST000143,2025-05-06 19:43:57.003505,3347.46,EUR,ES,US,web,atm,0
TXN00004000,CUST000001,2025-10-19 13:11:57.107482,2683.69,EUR,FR,IT,cajero,atm,1
TXN00004001,CUST000040,2025-06-28 19:56:57.003505,80.04,EUR,IT,ES,cajero,pos,0
TXN00004002,CUST000031,2025-11-03 18:19:57.003505,2104.54,EUR,ES,FR,app,atm,0
TXN00004003,CUST000053,2025-08-19 01:32:57.003505,12003.64,EUR,FR,DE,web,desktop,0
TXN00004004,CUST000131,2025-09-13 05:38:57.003505,1356.6,EUR,DE,ES,cajero,atm,0
TXN00004005,CUST000054,2025-03-16 06:55:57.003505,580.55,CHF,GB,FR,cajero,mobile,0
TXN00004006,CUST000126,2025-09-13 20:14:57.003505,879.41,EUR,DE,GB,app,desktop,0
TXN00004007,CUST000179,2025-12-20 18:33:57.003505,1412.25,EUR,DE,ES,web,tablet,0
TXN00004008,CUST000006,2025-12-02 07:52:57.107482,893.64,EUR,FR,YE,app,tablet,1
TXN00004009,CUST000121,2025-10-14 18:12:57.003505,249.1,EUR,ES,IT,web,desktop,0
TXN00004010,CUST000046,2025-11-16 04:08:57.003505,9625.84,USD,GB,CH,sucursal,desktop,0
TXN00004011,CUST000029,2025-10-16 02:55:57.003505,7315.36,GBP,GB,ES,sucursal,mobile,0
TXN00004012,CUST000150,2025-05-04 07:41:57.003505,1251.99,EUR,ES,FR,cajero,pos,0
TXN00004013,CUST000083,2025-07-02 06:23:57.003505,101.83,EUR,ES,FR,web,desktop,0
TXN00004014,CUST000029,2025-11-05 19:07:57.003505,2879.15,CHF,GB,IT,cajero,desktop,0
TXN00004015,CUST000123,2025-11-02 02:13:57.003505,1571.06,EUR,FR,IT,app,pos,0
TXN00004016,CUST000167,2025-02-11 23:52:57.003505,4474.47,CHF,US,DE,app,tablet,0
TXN00004017,CUST000066,2025-05-14 08:43:57.003505,2857.01,EUR,DE,DE,app,desktop,0
TXN00004018,CUST000048,2025-09-30 02:14:57.003505,8786.68,EUR,FR,GB,sucursal,mobile,0
TXN00004019,CUST000165,2025-09-08 22:38:57.003505,2538.72,EUR,FR,DE,cajero,pos,0
TXN00004020,CUST000012,2025-03-17 01:43:57.003505,1733.75,EUR,IT,FR,app,atm,0
TXN00004021,CUST000116,2025-06-21 08:29:57.003505,1532.55,EUR,FR,IT,sucursal,atm,0
TXN00004022,CUST000176,2025-11-19 04:52:57.003505,362.38,EUR,ES,ES,web,tablet,0
TXN00004023,CUST000105,2025-11-14 08:58:57.003505,1104.63,USD,US,US,sucursal,desktop,0
TXN00004024,CUST000004,2025-03-24 04:35:57.003505,7392.27,EUR,DE,CH,app,desktop,0
TXN00004025,CUST000104,2025-03-29 00:31:57.003505,367.0,EUR,ES,ES,sucursal,tablet,0
TXN00004026,CUST000075,2025-05-01 22:35:57.003505,3671.15,EUR,FR,ES,app,atm,0
TXN00004027,CUST000025,2025-11-05 00:50:57.003505,2549.54,EUR,ES,DE,sucursal,tablet,0
TXN00004028,CUST000014,2025-05-07 14:26:57.107482,47515.56,EUR,IT,RU,web,pos,1
TXN00004029,CUST000156,2026-01-12 22:11:57.003505,303.37,EUR,FR,IT,cajero,desktop,0
TXN00004030,CUST000062,2025-06-28 08:07:57.003505,1973.23,EUR,IT,DE,cajero,mobile,0
TXN00004031,CUST000116,2025-09-30 04:17:57.003505,9965.84,EUR,FR,ES,cajero,mobile,0
TXN00004032,CUST000154,2025-12-25 18:53:57.003505,5040.03,EUR,ES,DE,web,mobile,0
TXN00004033,CUST000123,2025-06-29 08:46:57.003505,965.63,EUR,FR,GB,sucursal,mobile,0
TXN00004034,CUST000127,2025-03-04 07:22:57.003505,1887.18,EUR,FR,IT,app,atm,0
TXN00004035,CUST000008,2025-12-10 18:02:57.003505,5047.77,EUR,IT,IT,sucursal,pos,0
TXN00004036,CUST000054,2025-11-20 19:38:57.003505,2706.89,USD,GB,GB,web,atm,0
TXN00004037,CUST000064,2025-03-08 18:30:57.003505,890.85,EUR,ES,DE,web,tablet,0
TXN00004038,CUST000186,2025-09-11 02:34:57.003505,12085.05,EUR,IT,ES,web,mobile,0
TXN00004039,CUST000107,2025-04-14 02:06:57.003505,2398.06,EUR,DE,CH,app,mobile,0
TXN00004040,CUST000116,2025-08-26 04:57:57.003505,9374.59,EUR,FR,US,app,tablet,0
TXN00004041,CUST000090,2025-09-12 05:44:57.003505,4143.62,GBP,GB,GB,app,tablet,0
TXN00004042,CUST000021,2025-04-22 03:16:57.003505,305.61,EUR,FR,IT,web,atm,0
TXN00004043,CUST000095,2025-02-15 00:08:57.003505,354.31,EUR,IT,IT,app,tablet,0
TXN00004044,CUST000058,2025-02-02 05:31:57.003505,1365.85,EUR,FR,IT,web,desktop,0
TXN00004045,CUST000171,2025-06-02 18:35:57.003505,1900.79,EUR,IT,GB,cajero,pos,0
TXN00004046,CUST000008,2025-02-21 23:09:57.003505,5367.52,EUR,IT,GB,sucursal,atm,0
TXN00004047,CUST000025,2025-11-20 06:27:57.003505,537.8,EUR,ES,FR,app,pos,0
TXN00004048,CUST000101,2025-03-27 06:50:57.003505,98.88,EUR,FR,ES,app,atm,0
TXN00004049,CUST000099,2025-07-15 00:55:57.003505,96.29,EUR,IT,FR,app,tablet,0
TXN00004050,CUST000013,2025-08-21 02:01:57.003505,747.26,CHF,GB,FR,app,desktop,0
TXN00004051,CUST000185,2025-05-19 19:48:57.003505,1873.02,EUR,GB,IT,web,pos,0
TXN00004052,CUST000117,2025-05-29 01:22:57.003505,8641.04,EUR,ES,DE,sucursal,tablet,0
TXN00004053,CUST000027,2025-07-25 19:40:57.003505,53.77,EUR,FR,IT,cajero,pos,0
TXN00004054,CUST000148,2025-11-28 20:32:57.003505,4909.15,EUR,ES,US,cajero,pos,0
TXN00004055,CUST000086,2025-09-02 06:08:57.003505,11700.25,EUR,ES,US,web,tablet,0
TXN00004056,CUST000041,2025-06-08 21:47:57.003505,3233.97,EUR,DE,IT,web,desktop,0
TXN00004057,CUST000030,2025-07-15 15:24:57.107482,6008.98,GBP,GB,IT,web,pos,1
TXN00004058,CUST000184,2025-01-19 02:11:57.003505,95.7,EUR,FR,IT,cajero,mobile,0
TXN00004059,CUST000031,2026-01-15 02:44:57.107482,49564.49,EUR,ES,CN,sucursal,atm,1
TXN00004060,CUST000024,2025-08-27 01:14:57.003505,6180.1,EUR,FR,GB,cajero,tablet,0
TXN00004061,CUST000014,2025-10-21 18:05:57.003505,836.24,EUR,IT,FR,sucursal,mobile,0
TXN00004062,CUST000165,2025-08-23 08:02:57.003505,1214.06,EUR,FR,DE,sucursal,pos,0
TXN00004063,CUST000007,2025-07-26 03:59:57.003505,2749.58,EUR,DE,DE,cajero,desktop,0
TXN00004064,CUST000046,2025-09-22 23:59:57.003505,1939.56,EUR,GB,FR,sucursal,pos,0
TXN00004065,CUST000084,2025-11-05 22:44:57.003505,156.22,EUR,ES,FR,sucursal,atm,0
TXN00004066,CUST000157,2025-04-04 09:04:57.003505,7795.17,EUR,IT,US,app,desktop,0
TXN00004067,CUST000099,2025-10-25 01:47:57.003505,151.23,EUR,IT,IT,web,desktop,0
TXN00004068,CUST000139,2025-02-24 23:22:57.003505,604.45,USD,US,CH,sucursal,desktop,0
TXN00004069,CUST000081,2025-08-25 17:06:57.003505,3867.39,CHF,CH,FR,app,pos,0
TXN00004070,CUST000164,2025-09-26 09:56:57.003505,8738.97,EUR,US,FR,sucursal,tablet,0
TXN00004071,CUST000001,2025-11-02 21:04:57.003505,2155.1,EUR,FR,FR,cajero,atm,0
TXN00004072,CUST000070,2025-04-19 22:46:57.003505,313.24,EUR,ES,FR,sucursal,tablet,0
TXN00004073,CUST000188,2025-07-15 01:58:57.003505,7119.38,EUR,IT,IT,app,desktop,0
TXN00004074,CUST000007,2025-03-23 02:03:57.003505,3075.42,EUR,DE,ES,app,pos,0
TXN00004075,CUST000041,2025-01-23 00:29:57.003505,2881.79,EUR,DE,DE,sucursal,pos,0
TXN00004076,CUST000067,2025-02-02 04:13:57.003505,10649.27,EUR,DE,CH,sucursal,pos,0
TXN00004077,CUST000031,2025-01-21 04:02:57.003505,2347.97,EUR,ES,FR,cajero,tablet,0
TXN00004078,CUST000023,2025-05-19 00:52:57.003505,7078.41,EUR,FR,GB,sucursal,desktop,0
TXN00004079,CUST000032,2025-06-01 22:40:57.003505,112.75,EUR,FR,IT,web,desktop,0
TXN00004080,CUST000095,2025-10-01 19:50:57.003505,482.95,EUR,IT,IT,app,desktop,0
TXN00004081,CUST000112,2025-11-23 20:26:57.003505,7698.75,CHF,US,FR,web,mobile,0
TXN00004082,CUST000008,2025-02-17 03:05:57.003505,8198.86,EUR,IT,GB,cajero,pos,0
TXN00004083,CUST000187,2025-09-12 23:34:57.003505,2720.38,EUR,GB,IT,app,mobile,0
TXN00004084,CUST000005,2025-12-10 04:44:57.003505,2291.36,CHF,GB,FR,web,mobile,0
TXN00004085,CUST000141,2025-03-29 08:50:57.003505,940.29,CHF,GB,IT,web,tablet,0
TXN00004086,CUST000115,2025-01-25 21:21:57.003505,6716.35,EUR,DE,DE,web,desktop,0
TXN00004087,CUST000177,2025-02-24 21:48:57.003505,176.31,EUR,FR,ES,sucursal,tablet,0
TXN00004088,CUST000127,2025-10-22 08:59:57.003505,4958.82,EUR,FR,GB,sucursal,desktop,0
TXN00004089,CUST000057,2025-12-14 20:30:57.003505,272.23,EUR,ES,IT,cajero,pos,0
TXN00004090,CUST000167,2025-11-21 22:26:57.003505,12186.62,EUR,US,IT,web,desktop,0
TXN00004091,CUST000006,2025-03-06 23:19:57.107482,27281.18,EUR,FR,IT,sucursal,tablet,1
TXN00004092,CUST000129,2025-08-27 08:07:57.003505,2544.44,CHF,US,GB,sucursal,atm,0
TXN00004093,CUST000000,2025-03-21 20:26:57.003505,826.99,EUR,DE,GB,app,atm,0
TXN00004094,CUST000119,2025-10-14 07:07:57.003505,2781.73,USD,US,FR,web,tablet,0
TXN00004095,CUST000002,2025-10-12 13:26:57.107482,37998.09,EUR,ES,SY,web,desktop,1
TXN00004096,CUST000169,2025-04-13 19:25:57.003505,516.5,EUR,DE,GB,web,mobile,0
TXN00004097,CUST000102,2025-12-23 20:17:57.003505,4702.88,EUR,FR,US,cajero,pos,0
TXN00004098,CUST000167,2025-10-06 20:17:57.003505,3468.25,USD,US,IT,sucursal,tablet,0
TXN00004099,CUST000128,2025-10-17 20:46:57.003505,7988.83,EUR,FR,IT,cajero,pos,0
TXN00004100,CUST000030,2025-05-17 05:41:57.003505,2454.05,USD,GB,ES,cajero,mobile,0
TXN00004101,CUST000187,2025-12-08 21:52:57.003505,2857.12,EUR,GB,GB,cajero,tablet,0
TXN00004102,CUST000046,2025-10-03 04:50:57.003505,4790.32,USD,GB,US,web,atm,0
TXN00004103,CUST000176,2026-01-01 19:23:57.003505,1509.88,EUR,ES,FR,sucursal,mobile,0
TXN00004104,CUST000116,2025-08-23 18:54:57.003505,2559.25,EUR,FR,FR,web,desktop,0
TXN00004105,CUST000044,2025-11-26 08:51:57.003505,1784.87,EUR,ES,DE,app,pos,0
TXN00004106,CUST000175,2025-03-25 00:56:57.003505,1130.18,CHF,CH,DE,app,atm,0
TXN00004107,CUST000099,2025-06-07 06:57:57.003505,387.31,EUR,IT,FR,sucursal,atm,0
TXN00004108,CUST000069,2025-12-15 22:40:57.003505,55.7,EUR,FR,IT,web,atm,0
TXN00004109,CUST000175,2025-02-09 23:51:57.003505,5365.63,EUR,CH,FR,web,atm,0
TXN00004110,CUST000008,2025-04-25 03:52:57.003505,3735.59,EUR,IT,FR,app,atm,0
TXN00004111,CUST000004,2025-10-24 20:53:57.003505,1561.23,EUR,DE,CH,web,pos,0
TXN00004112,CUST000082,2025-04-26 22:44:57.003505,3886.91,EUR,ES,CH,cajero,tablet,0
TXN00004113,CUST000006,2025-11-23 05:23:57.003505,137.36,EUR,FR,ES,web,pos,0
TXN00004114,CUST000128,2025-10-02 01:07:57.003505,2472.19,EUR,FR,DE,cajero,atm,0
TXN00004115,CUST000168,2025-10-03 03:13:57.003505,1267.9,EUR,IT,IT,cajero,desktop,0
TXN00004116,CUST000027,2025-09-28 06:43:57.003505,378.74,EUR,FR,IT,app,mobile,0
TXN00004117,CUST000146,2025-09-23 06:07:57.003505,598.11,EUR,IT,FR,cajero,atm,0
TXN00004118,CUST000121,2025-06-02 05:56:57.003505,811.49,EUR,ES,GB,web,desktop,0
TXN00004119,CUST000121,2025-06-05 02:01:57.003505,938.87,EUR,ES,DE,sucursal,atm,0
TXN00004120,CUST000055,2025-01-20 03:24:57.003505,10246.77,EUR,CH,CH,app,atm,0
TXN00004121,CUST000070,2025-12-10 03:09:57.003505,120.41,EUR,ES,ES,cajero,tablet,0
TXN00004122,CUST000155,2025-03-03 04:49:57.003505,2967.61,EUR,IT,IT,web,mobile,0
TXN00004123,CUST000038,2025-03-06 11:14:57.107482,5086.6,EUR,ES,IT,web,tablet,1
TXN00004124,CUST000105,2025-10-21 19:01:57.003505,5351.9,EUR,US,US,app,pos,0
TXN00004125,CUST000065,2025-07-05 07:24:57.003505,696.62,EUR,DE,IT,sucursal,mobile,0
TXN00004126,CUST000088,2025-10-12 03:37:57.003505,215.49,EUR,DE,GB,web,mobile,0
TXN00004127,CUST000038,2025-06-11 03:23:57.003505,1966.38,EUR,ES,ES,cajero,atm,0
TXN00004128,CUST000123,2025-06-28 19:02:57.003505,690.04,EUR,FR,IT,app,pos,0
TXN00004129,CUST000091,2025-07-20 22:54:57.003505,9195.19,CHF,GB,US,web,atm,0
TXN00004130,CUST000119,2025-11-27 08:30:57.003505,4158.59,CHF,US,GB,sucursal,atm,0
TXN00004131,CUST000138,2025-09-13 23:10:57.003505,10644.57,EUR,FR,GB,sucursal,atm,0
TXN00004132,CUST000173,2025-09-24 06:26:57.003505,3258.63,EUR,DE,US,web,tablet,0
TXN00004133,CUST000015,2025-10-27 01:10:57.003505,4295.17,EUR,FR,ES,web,pos,0
TXN00004134,CUST000187,2025-01-20 20:08:57.003505,6413.02,EUR,GB,ES,app,pos,0
TXN00004135,CUST000090,2025-02-22 01:08:57.003505,2508.95,CHF,GB,DE,sucursal,tablet,0
TXN00004136,CUST000012,2025-03-25 13:43:57.107482,82206.67,EUR,IT,KP,cajero,desktop,1
TXN00004137,CUST000139,2025-05-15 19:59:57.003505,19230.71,USD,US,GB,sucursal,pos,0
TXN00004138,CUST000009,2026-01-08 10:00:57.107482,74770.48,EUR,FR,DE,sucursal,pos,1
TXN00004139,CUST000031,2025-05-30 20:36:57.003505,957.82,EUR,ES,CH,web,pos,0
TXN00004140,CUST000175,2025-08-02 00:06:57.003505,4974.31,CHF,CH,ES,sucursal,mobile,0
TXN00004141,CUST000017,2025-10-20 11:01:57.107482,71433.93,EUR,FR,NG,sucursal,atm,1
TXN00004142,CUST000132,2025-02-17 00:09:57.003505,4460.38,EUR,ES,US,web,tablet,0
TXN00004143,CUST000158,2025-11-04 22:37:57.003505,953.66,GBP,GB,FR,cajero,mobile,0
TXN00004144,CUST000018,2026-01-01 22:27:57.003505,101.98,EUR,FR,FR,cajero,atm,0
TXN00004145,CUST000052,2025-03-18 07:42:57.003505,50.91,EUR,ES,ES,cajero,atm,0
TXN00004146,CUST000059,2025-07-17 02:26:57.003505,264.79,EUR,FR,IT,web,pos,0
TXN00004147,CUST000062,2025-09-19 23:44:57.003505,424.7,EUR,IT,IT,cajero,desktop,0
TXN00004148,CUST000079,2025-08-01 17:38:57.003505,2417.9,EUR,FR,DE,sucursal,desktop,0
TXN00004149,CUST000106,2025-01-28 03:35:57.003505,66.23,EUR,FR,ES,sucursal,pos,0
TXN00004150,CUST000146,2025-09-03 02:27:57.003505,1351.0,EUR,IT,DE,app,atm,0
TXN00004151,CUST000089,2025-02-18 00:14:57.003505,123.12,EUR,ES,FR,sucursal,tablet,0
TXN00004152,CUST000177,2025-04-20 04:41:57.003505,145.33,EUR,FR,IT,app,desktop,0
TXN00004153,CUST000028,2025-11-29 10:12:57.107482,90310.44,EUR,ES,IR,web,desktop,1
TXN00004154,CUST000123,2025-10-02 08:57:57.003505,1482.28,EUR,FR,GB,app,tablet,0
TXN00004155,CUST000134,2025-10-31 22:48:57.003505,51.13,EUR,FR,IT,web,tablet,0
TXN00004156,CUST000189,2025-07-25 21:51:57.003505,11007.47,EUR,DE,GB,web,atm,0
TXN00004157,CUST000025,2025-11-04 04:29:57.003505,453.01,EUR,ES,DE,cajero,mobile,0
TXN00004158,CUST000019,2025-12-12 01:38:57.003505,2571.76,EUR,DE,ES,app,mobile,0
TXN00004159,CUST000139,2025-01-16 04:54:57.003505,10135.51,CHF,US,US,web,tablet,0
TXN00004160,CUST000008,2025-07-05 20:24:57.003505,2578.48,EUR,IT,DE,app,atm,0
TXN00004161,CUST000082,2026-01-12 20:38:57.003505,14860.37,EUR,ES,GB,app,mobile,0
TXN00004162,CUST000083,2025-04-28 00:19:57.003505,77.14,EUR,ES,IT,cajero,pos,0
TXN00004163,CUST000003,2025-12-30 09:03:57.107482,1450.07,EUR,ES,FR,web,desktop,1
TXN00004164,CUST000065,2025-12-23 21:44:57.003505,723.01,EUR,DE,IT,app,atm,0
TXN00004165,CUST000017,2025-01-28 11:54:57.107482,15792.28,EUR,FR,ES,app,desktop,1
TXN00004166,CUST000098,2025-06-01 20:32:57.003505,895.63,EUR,IT,ES,app,mobile,0
TXN00004167,CUST000069,2025-06-20 07:08:57.003505,105.59,EUR,FR,FR,app,mobile,0
TXN00004168,CUST000001,2025-06-26 07:02:57.003505,293.04,EUR,FR,DE,app,desktop,0
TXN00004169,CUST000012,2025-04-01 07:04:57.003505,7911.04,EUR,IT,FR,sucursal,mobile,0
TXN00004170,CUST000108,2025-07-17 19:05:57.003505,271.8,EUR,ES,FR,web,desktop,0
TXN00004171,CUST000152,2025-12-03 22:04:57.003505,2010.86,GBP,GB,ES,app,atm,0
TXN00004172,CUST000002,2025-10-21 21:03:57.003505,326.3,EUR,ES,FR,app,atm,0
TXN00004173,CUST000171,2025-03-24 06:43:57.003505,6870.8,EUR,IT,US,cajero,atm,0
TXN00004174,CUST000083,2026-01-03 02:06:57.003505,163.43,EUR,ES,ES,web,mobile,0
TXN00004175,CUST000146,2025-03-01 02:32:57.003505,627.56,EUR,IT,IT,app,desktop,0
TXN00004176,CUST000121,2025-04-20 23:16:57.003505,2266.94,EUR,ES,ES,cajero,tablet,0
TXN00004177,CUST000100,2025-12-13 08:09:57.003505,9295.79,GBP,GB,FR,sucursal,atm,0
TXN00004178,CUST000053,2025-06-15 03:14:57.003505,9404.62,EUR,FR,ES,app,desktop,0
TXN00004179,CUST000075,2025-12-25 23:42:57.003505,12632.05,EUR,FR,CH,cajero,atm,0
TXN00004180,CUST000161,2025-05-11 23:55:57.003505,120.34,EUR,ES,ES,cajero,mobile,0
TXN00004181,CUST000156,2025-09-07 20:31:57.003505,35.85,EUR,FR,IT,app,tablet,0
TXN00004182,CUST000156,2026-01-07 00:20:57.003505,102.36,EUR,FR,ES,web,mobile,0
TXN00004183,CUST000174,2025-11-02 22:03:57.003505,782.63,EUR,IT,GB,sucursal,desktop,0
TXN00004184,CUST000086,2025-10-24 23:25:57.003505,1417.06,EUR,ES,FR,web,desktop,0
TXN00004185,CUST000189,2025-10-09 01:50:57.003505,1649.74,EUR,DE,GB,sucursal,mobile,0
TXN00004186,CUST000021,2025-08-04 01:23:57.003505,97.8,EUR,FR,IT,cajero,tablet,0
TXN00004187,CUST000059,2025-06-04 05:44:57.003505,142.95,EUR,FR,ES,cajero,mobile,0
TXN00004188,CUST000077,2025-05-20 23:33:57.003505,1120.66,EUR,CH,US,web,pos,0
TXN00004189,CUST000092,2025-03-05 05:44:57.003505,3139.62,EUR,FR,ES,cajero,atm,0
TXN00004190,CUST000157,2025-11-17 08:50:57.003505,4101.05,EUR,IT,ES,app,mobile,0
TXN00004191,CUST000083,2025-09-20 20:03:57.003505,381.49,EUR,ES,IT,app,mobile,0
TXN00004192,CUST000172,2025-08-22 00:33:57.003505,655.69,EUR,FR,DE,web,atm,0
TXN00004193,CUST000084,2025-11-06 23:25:57.003505,70.97,EUR,ES,IT,app,pos,0
TXN00004194,CUST000091,2025-11-07 17:26:57.003505,5808.25,CHF,GB,US,app,tablet,0
TXN00004195,CUST000156,2025-07-09 07:57:57.003505,20.35,EUR,FR,FR,web,atm,0
TXN00004196,CUST000081,2025-06-07 19:04:57.003505,6915.44,GBP,CH,FR,web,tablet,0
TXN00004197,CUST000155,2025-02-07 23:55:57.003505,1551.07,EUR,IT,FR,app,mobile,0
TXN00004198,CUST000153,2025-06-21 18:58:57.003505,562.3,EUR,ES,FR,sucursal,atm,0
TXN00004199,CUST000184,2025-03-25 05:26:57.003505,87.98,EUR,FR,ES,web,mobile,0
TXN00004200,CUST000020,2025-11-16 22:35:57.003505,117.05,EUR,IT,IT,sucursal,mobile,0
TXN00004201,CUST000075,2025-10-30 03:39:57.003505,1648.14,EUR,FR,GB,web,atm,0
TXN00004202,CUST000055,2025-03-20 04:53:57.003505,2251.75,CHF,CH,GB,sucursal,atm,0
TXN00004203,CUST000079,2025-04-26 04:51:57.003505,3715.37,EUR,FR,DE,sucursal,mobile,0
TXN00004204,CUST000146,2025-05-18 06:17:57.003505,178.57,EUR,IT,FR,web,mobile,0
TXN00004205,CUST000170,2025-06-27 04:01:57.003505,24700.95,CHF,US,FR,app,atm,0
TXN00004206,CUST000136,2025-12-19 19:07:57.003505,97.31,EUR,FR,IT,web,desktop,0
TXN00004207,CUST000172,2025-05-14 19:06:57.003505,699.68,EUR,FR,GB,web,tablet,0
TXN00004208,CUST000024,2025-07-06 21:13:57.003505,3971.32,EUR,FR,ES,sucursal,atm,0
TXN00004209,CUST000051,2025-08-31 08:53:57.003505,760.91,EUR,DE,FR,cajero,tablet,0
TXN00004210,CUST000054,2025-05-13 04:09:57.003505,566.89,EUR,GB,FR,cajero,desktop,0
TXN00004211,CUST000068,2025-04-10 19:28:57.003505,529.02,EUR,ES,DE,sucursal,tablet,0
TXN00004212,CUST000175,2025-02-16 19:46:57.003505,1839.74,EUR,CH,US,cajero,mobile,0
TXN00004213,CUST000119,2025-02-22 03:00:57.003505,14090.38,EUR,US,US,sucursal,pos,0
TXN00004214,CUST000146,2025-12-26 18:23:57.003505,188.92,EUR,IT,FR,sucursal,pos,0
TXN00004215,CUST000042,2025-06-12 22:01:57.003505,13594.57,EUR,ES,ES,web,mobile,0
TXN00004216,CUST000029,2025-06-12 18:22:57.003505,1075.06,USD,GB,US,sucursal,pos,0
TXN00004217,CUST000071,2025-11-18 20:19:57.003505,15201.75,EUR,FR,FR,web,mobile,0
TXN00004218,CUST000138,2025-08-06 00:18:57.003505,2737.4,EUR,FR,FR,app,mobile,0
TXN00004219,CUST000006,2025-03-29 19:59:57.003505,140.66,EUR,FR,FR,web,pos,0
TXN00004220,CUST000034,2025-02-15 00:33:57.003505,252.72,EUR,FR,ES,web,pos,0
TXN00004221,CUST000165,2025-09-08 19:13:57.003505,298.98,EUR,FR,DE,app,desktop,0
TXN00004222,CUST000000,2025-10-01 00:54:57.003505,667.9,EUR,DE,GB,app,atm,0
TXN00004223,CUST000068,2025-08-31 07:56:57.003505,691.3,EUR,ES,IT,web,atm,0
TXN00004224,CUST000147,2025-08-18 03:26:57.003505,3652.75,GBP,US,US,cajero,tablet,0
TXN00004225,CUST000004,2025-11-12 19:52:57.003505,6573.05,EUR,DE,DE,web,mobile,0
TXN00004226,CUST000043,2025-11-09 14:04:57.107482,71872.69,EUR,CH,FR,sucursal,desktop,1
TXN00004227,CUST000027,2025-04-15 22:16:57.003505,37.43,EUR,FR,ES,web,tablet,0
TXN00004228,CUST000166,2025-09-05 04:34:57.003505,1763.03,CHF,GB,US,web,atm,0
TXN00004229,CUST000114,2025-12-11 03:27:57.003505,10721.79,EUR,ES,FR,web,mobile,0
TXN00004230,CUST000046,2025-07-03 15:57:57.107482,72457.08,GBP,GB,ES,web,pos,1
TXN00004231,CUST000071,2025-03-21 18:24:57.003505,5164.44,EUR,FR,CH,sucursal,pos,0
TXN00004232,CUST000065,2025-03-21 22:32:57.003505,1744.73,EUR,DE,DE,cajero,atm,0
TXN00004233,CUST000173,2025-05-22 22:32:57.003505,6690.77,EUR,DE,FR,cajero,pos,0
TXN00004234,CUST000056,2025-08-08 04:01:57.003505,332.79,GBP,GB,GB,cajero,desktop,0
TXN00004235,CUST000013,2025-07-27 07:28:57.003505,646.69,GBP,GB,ES,web,tablet,0
TXN00004236,CUST000040,2025-02-04 22:35:57.003505,51.62,EUR,IT,ES,sucursal,pos,0
TXN00004237,CUST000165,2025-07-05 04:41:57.003505,702.75,EUR,FR,FR,sucursal,tablet,0
TXN00004238,CUST000002,2025-07-09 02:15:57.003505,21.33,EUR,ES,FR,app,desktop,0
TXN00004239,CUST000178,2025-05-07 19:43:57.003505,191.19,EUR,ES,IT,app,atm,0
TXN00004240,CUST000040,2025-07-02 02:28:57.003505,29.53,EUR,IT,ES,sucursal,mobile,0
TXN00004241,CUST000174,2025-12-12 02:01:57.003505,2104.23,EUR,IT,DE,app,atm,0
TXN00004242,CUST000035,2025-03-28 08:06:57.003505,680.97,EUR,DE,DE,web,pos,0
TXN00004243,CUST000041,2025-11-04 10:48:57.107482,52008.49,EUR,DE,PK,app,pos,1
TXN00004244,CUST000011,2025-09-20 07:53:57.003505,225.31,EUR,ES,ES,cajero,mobile,0
TXN00004245,CUST000011,2025-03-04 04:54:57.003505,378.57,EUR,ES,FR,app,atm,0
TXN00004246,CUST000135,2025-11-05 04:54:57.003505,934.88,EUR,ES,DE,web,mobile,0
TXN00004247,CUST000091,2026-01-15 17:47:57.003505,5557.5,CHF,GB,DE,app,atm,0
TXN00004248,CUST000184,2025-04-23 07:20:57.003505,74.0,EUR,FR,IT,app,tablet,0
TXN00004249,CUST000096,2025-01-27 02:34:57.003505,24951.57,EUR,ES,ES,cajero,tablet,0
TXN00004250,CUST000006,2025-04-16 03:58:57.003505,69.87,EUR,FR,ES,cajero,mobile,0
TXN00004251,CUST000115,2025-06-28 20:02:57.003505,5077.24,EUR,DE,FR,web,pos,0
TXN00004252,CUST000020,2025-04-16 23:55:57.003505,88.13,EUR,IT,IT,cajero,atm,0
TXN00004253,CUST000049,2025-05-27 19:40:57.003505,490.28,EUR,ES,DE,sucursal,mobile,0
TXN00004254,CUST000003,2025-12-24 05:04:57.003505,255.78,EUR,ES,ES,app,pos,0
TXN00004255,CUST000189,2025-03-07 02:28:57.003505,18105.58,EUR,DE,FR,cajero,atm,0
TXN00004256,CUST000064,2025-12-19 01:26:57.003505,806.89,EUR,ES,DE,sucursal,mobile,0
TXN00004257,CUST000133,2025-12-17 00:42:57.003505,70.52,EUR,IT,FR,sucursal,pos,0
TXN00004258,CUST000116,2025-08-18 05:55:57.003505,2277.21,EUR,FR,US,sucursal,tablet,0
TXN00004259,CUST000067,2025-05-08 01:44:57.003505,3676.66,EUR,DE,GB,cajero,pos,0
TXN00004260,CUST000163,2025-09-25 06:38:57.003505,369.66,EUR,ES,IT,web,pos,0
TXN00004261,CUST000002,2025-04-09 03:53:57.003505,58.79,EUR,ES,IT,sucursal,pos,0
TXN00004262,CUST000070,2025-07-02 03:35:57.003505,147.47,EUR,ES,FR,sucursal,tablet,0
TXN00004263,CUST000148,2025-02-17 04:25:57.003505,4602.43,EUR,ES,IT,sucursal,tablet,0
TXN00004264,CUST000017,2025-10-02 02:30:57.003505,3931.13,EUR,FR,IT,cajero,atm,0
TXN00004265,CUST000155,2025-05-07 20:54:57.003505,2923.04,EUR,IT,IT,app,pos,0
TXN00004266,CUST000172,2025-06-04 05:11:57.003505,2627.41,EUR,FR,ES,web,tablet,0
TXN00004267,CUST000007,2025-08-03 09:12:57.107482,20021.85,EUR,DE,CN,cajero,pos,1
TXN00004268,CUST000083,2025-10-27 23:34:57.003505,122.13,EUR,ES,FR,web,mobile,0
TXN00004269,CUST000004,2025-04-16 04:29:57.003505,2198.77,EUR,DE,FR,cajero,tablet,0
TXN00004270,CUST000162,2025-02-02 18:14:57.003505,7625.51,USD,CH,CH,sucursal,pos,0
TXN00004271,CUST000154,2025-01-30 21:54:57.003505,3156.73,EUR,ES,US,sucursal,pos,0
TXN00004272,CUST000055,2025-12-07 05:52:57.003505,18718.95,USD,CH,ES,app,atm,0
TXN00004273,CUST000071,2025-08-06 22:23:57.003505,17604.78,EUR,FR,CH,app,mobile,0
TXN00004274,CUST000028,2025-09-02 20:50:57.003505,242.09,EUR,ES,ES,web,desktop,0
TXN00004275,CUST000041,2025-09-10 21:52:57.003505,3172.86,EUR,DE,ES,cajero,desktop,0
TXN00004276,CUST000036,2025-09-27 20:07:57.003505,7366.8,EUR,FR,IT,cajero,mobile,0
TXN00004277,CUST000125,2025-11-09 02:01:57.003505,14967.8,GBP,US,FR,web,desktop,0
TXN00004278,CUST000131,2025-04-29 08:47:57.003505,932.64,EUR,DE,FR,sucursal,desktop,0
TXN00004279,CUST000061,2025-04-20 08:53:57.003505,3985.13,EUR,IT,FR,sucursal,tablet,0
TXN00004280,CUST000180,2025-05-31 04:49:57.003505,949.52,CHF,GB,ES,web,atm,0
TXN00004281,CUST000123,2025-01-16 02:58:57.003505,884.73,EUR,FR,IT,sucursal,tablet,0
TXN00004282,CUST000170,2025-03-09 04:07:57.003505,6490.44,GBP,US,DE,app,desktop,0
TXN00004283,CUST000011,2025-09-19 06:51:57.003505,473.19,EUR,ES,IT,cajero,pos,0
TXN00004284,CUST000043,2025-02-11 03:29:57.003505,14201.65,CHF,CH,GB,web,atm,0
TXN00004285,CUST000059,2025-10-23 19:12:57.003505,149.06,EUR,FR,IT,web,mobile,0
TXN00004286,CUST000110,2025-02-14 00:31:57.003505,151.83,EUR,ES,IT,app,mobile,0
TXN00004287,CUST000170,2025-01-31 18:53:57.003505,4149.95,CHF,US,CH,app,mobile,0
TXN00004288,CUST000084,2025-04-26 20:31:57.003505,110.96,EUR,ES,FR,app,desktop,0
TXN00004289,CUST000096,2025-09-15 05:23:57.003505,1877.72,EUR,ES,ES,app,atm,0
TXN00004290,CUST000170,2025-09-06 19:28:57.003505,12931.14,USD,US,CH,app,mobile,0
TXN00004291,CUST000036,2025-04-11 21:05:57.003505,3919.16,EUR,FR,DE,app,tablet,0
TXN00004292,CUST000122,2025-10-27 23:56:57.003505,674.22,CHF,GB,GB,sucursal,mobile,0
TXN00004293,CUST000137,2025-08-06 04:50:57.003505,408.94,EUR,FR,GB,cajero,tablet,0
TXN00004294,CUST000149,2025-10-07 00:31:57.003505,1298.13,EUR,ES,FR,app,atm,0
TXN00004295,CUST000054,2025-05-16 18:34:57.003505,254.69,CHF,GB,FR,cajero,desktop,0
TXN00004296,CUST000069,2025-06-13 19:33:57.003505,102.49,EUR,FR,IT,app,mobile,0
TXN00004297,CUST000160,2025-04-05 19:29:57.003505,1636.39,EUR,DE,IT,web,atm,0
TXN00004298,CUST000085,2025-12-27 08:24:57.003505,1049.48,EUR,FR,ES,web,atm,0
TXN00004299,CUST000003,2025-03-29 02:58:57.003505,64.75,EUR,ES,ES,app,atm,0
TXN00004300,CUST000003,2025-04-12 23:58:57.003505,115.22,EUR,ES,IT,web,desktop,0
TXN00004301,CUST000136,2025-11-06 00:54:57.003505,35.11,EUR,FR,ES,app,tablet,0
TXN00004302,CUST000030,2026-01-07 19:49:57.003505,541.33,USD,GB,FR,sucursal,tablet,0
TXN00004303,CUST000067,2025-05-05 03:12:57.003505,16350.24,EUR,DE,US,web,desktop,0
TXN00004304,CUST000108,2026-01-02 23:04:57.003505,447.46,EUR,ES,IT,web,mobile,0
TXN00004305,CUST000081,2025-12-15 22:28:57.003505,692.26,USD,CH,CH,sucursal,atm,0
TXN00004306,CUST000156,2025-06-24 03:10:57.003505,49.05,EUR,FR,ES,sucursal,desktop,0
TXN00004307,CUST000098,2025-04-18 08:33:57.003505,270.6,EUR,IT,IT,cajero,mobile,0
TXN00004308,CUST000188,2025-05-16 22:48:57.003505,3112.09,EUR,IT,IT,web,atm,0
TXN00004309,CUST000023,2025-08-31 19:03:57.003505,3303.62,EUR,FR,DE,sucursal,atm,0
TXN00004310,CUST000171,2025-03-27 21:23:57.003505,8998.89,EUR,IT,IT,web,atm,0
TXN00004311,CUST000006,2025-03-28 07:40:57.003505,443.25,EUR,FR,FR,app,pos,0
TXN00004312,CUST000030,2025-02-05 05:15:57.003505,2564.29,EUR,GB,FR,web,atm,0
TXN00004313,CUST000093,2025-06-20 18:11:57.003505,3494.28,EUR,FR,DE,sucursal,pos,0
TXN00004314,CUST000159,2025-10-04 18:47:57.003505,8442.61,USD,GB,GB,cajero,desktop,0
TXN00004315,CUST000063,2025-09-20 21:13:57.003505,136.0,EUR,FR,IT,sucursal,tablet,0
TXN00004316,CUST000142,2025-02-03 01:31:57.003505,10309.66,EUR,DE,US,web,desktop,0
TXN00004317,CUST000183,2025-12-11 21:28:57.003505,155.67,EUR,IT,FR,web,mobile,0
TXN00004318,CUST000117,2025-02-06 00:03:57.003505,3698.62,EUR,ES,IT,app,desktop,0
TXN00004319,CUST000050,2025-03-03 08:56:57.003505,2577.21,EUR,FR,GB,web,mobile,0
TXN00004320,CUST000174,2025-06-23 01:00:57.003505,847.68,EUR,IT,IT,sucursal,tablet,0
TXN00004321,CUST000150,2025-05-02 21:34:57.003505,4081.95,EUR,ES,ES,sucursal,desktop,0
TXN00004322,CUST000001,2025-12-07 16:00:57.107482,5190.6,EUR,FR,ES,app,desktop,1
TXN00004323,CUST000157,2025-12-16 07:11:57.003505,10131.53,EUR,IT,GB,sucursal,mobile,0
TXN00004324,CUST000146,2025-08-11 22:20:57.003505,680.27,EUR,IT,FR,web,mobile,0
TXN00004325,CUST000030,2025-06-17 20:00:57.003505,462.37,GBP,GB,IT,cajero,atm,0
TXN00004326,CUST000153,2025-02-25 23:23:57.003505,349.12,EUR,ES,FR,sucursal,pos,0
TXN00004327,CUST000116,2025-08-12 23:48:57.003505,11883.63,EUR,FR,IT,web,desktop,0
TXN00004328,CUST000131,2025-11-01 08:39:57.003505,608.3,EUR,DE,IT,web,mobile,0
TXN00004329,CUST000014,2025-11-05 04:10:57.107482,4471.19,EUR,IT,NG,app,pos,1
TXN00004330,CUST000188,2025-03-02 18:12:57.003505,12122.74,EUR,IT,US,app,tablet,0
TXN00004331,CUST000108,2025-10-19 19:18:57.003505,53.53,EUR,ES,ES,cajero,tablet,0
TXN00004332,CUST000108,2025-03-06 04:54:57.003505,40.8,EUR,ES,FR,sucursal,tablet,0
TXN00004333,CUST000151,2025-03-30 04:09:57.003505,4964.75,EUR,ES,GB,sucursal,tablet,0
TXN00004334,CUST000020,2025-02-22 01:53:57.003505,19.34,EUR,IT,IT,cajero,mobile,0
TXN00004335,CUST000024,2025-02-04 04:43:57.003505,7795.2,EUR,FR,FR,cajero,mobile,0
TXN00004336,CUST000026,2025-08-29 21:47:57.107482,67825.47,EUR,FR,ES,app,pos,1
TXN00004337,CUST000044,2025-06-11 21:08:57.003505,855.55,EUR,ES,FR,cajero,desktop,0
TXN00004338,CUST000000,2025-11-29 02:20:57.003505,748.26,EUR,DE,GB,sucursal,desktop,0
TXN00004339,CUST000183,2025-07-21 04:51:57.003505,84.74,EUR,IT,IT,web,pos,0
TXN00004340,CUST000092,2025-11-17 04:52:57.003505,5286.33,EUR,FR,ES,cajero,atm,0
TXN00004341,CUST000038,2025-01-28 00:03:57.003505,1327.44,EUR,ES,IT,app,tablet,0
TXN00004342,CUST000121,2025-09-09 01:49:57.003505,1034.43,EUR,ES,DE,cajero,atm,0
TXN00004343,CUST000126,2025-02-16 02:45:57.003505,997.23,EUR,DE,DE,web,desktop,0
TXN00004344,CUST000109,2025-05-29 20:47:57.003505,3165.55,USD,CH,FR,web,mobile,0
TXN00004345,CUST000000,2025-10-11 00:27:57.003505,773.16,EUR,DE,DE,sucursal,mobile,0
TXN00004346,CUST000115,2025-03-29 00:55:57.003505,4866.5,EUR,DE,ES,cajero,desktop,0
TXN00004347,CUST000103,2025-04-05 05:06:57.003505,4122.4,EUR,ES,IT,app,mobile,0
TXN00004348,CUST000111,2025-03-29 01:02:57.003505,232.63,EUR,ES,ES,sucursal,tablet,0
TXN00004349,CUST000045,2025-01-30 00:22:57.003505,966.45,CHF,GB,FR,web,atm,0
TXN00004350,CUST000125,2025-10-25 18:28:57.003505,1734.93,EUR,US,ES,web,desktop,0
TXN00004351,CUST000045,2025-12-20 23:44:57.003505,256.99,USD,GB,GB,app,atm,0
TXN00004352,CUST000162,2025-10-06 22:41:57.003505,9809.91,GBP,CH,DE,sucursal,mobile,0
TXN00004353,CUST000178,2025-07-03 23:47:57.003505,36.23,EUR,ES,ES,sucursal,pos,0
TXN00004354,CUST000062,2025-11-07 23:52:57.003505,175.33,EUR,IT,ES,web,atm,0
TXN00004355,CUST000038,2025-03-24 19:51:57.003505,687.44,EUR,ES,DE,sucursal,desktop,0
TXN00004356,CUST000147,2025-05-19 08:51:57.003505,2029.2,CHF,US,FR,web,pos,0
TXN00004357,CUST000026,2025-10-09 09:32:57.107482,298.21,EUR,FR,FR,web,tablet,1
TXN00004358,CUST000129,2025-04-22 22:22:57.003505,3027.19,GBP,US,IT,cajero,mobile,0
TXN00004359,CUST000017,2025-03-25 04:03:57.003505,9597.8,EUR,FR,DE,cajero,mobile,0
TXN00004360,CUST000090,2025-05-04 20:05:57.003505,11670.63,CHF,GB,GB,web,desktop,0
TXN00004361,CUST000070,2025-04-15 06:41:57.003505,149.43,EUR,ES,IT,sucursal,pos,0
TXN00004362,CUST000035,2025-03-29 07:53:57.003505,190.56,EUR,DE,FR,web,mobile,0
TXN00004363,CUST000079,2025-07-10 17:30:57.003505,2476.07,EUR,FR,GB,cajero,desktop,0
TXN00004364,CUST000050,2025-02-17 02:42:57.003505,4082.56,EUR,FR,ES,web,pos,0
TXN00004365,CUST000034,2025-10-18 05:18:57.003505,277.35,EUR,FR,FR,cajero,atm,0
TXN00004366,CUST000133,2025-06-21 23:56:57.003505,151.32,EUR,IT,ES,sucursal,atm,0
TXN00004367,CUST000150,2025-03-24 01:42:57.003505,1974.78,EUR,ES,ES,cajero,tablet,0
TXN00004368,CUST000133,2025-08-25 07:23:57.003505,154.27,EUR,IT,ES,app,tablet,0
TXN00004369,CUST000049,2025-03-11 15:46:57.107482,53728.3,EUR,ES,KP,sucursal,atm,1
TXN00004370,CUST000061,2025-10-17 07:56:57.003505,1669.75,EUR,IT,IT,sucursal,atm,0
TXN00004371,CUST000002,2026-01-08 07:21:57.003505,397.75,EUR,ES,FR,web,desktop,0
TXN00004372,CUST000040,2025-11-29 23:33:57.003505,130.28,EUR,IT,IT,cajero,pos,0
TXN00004373,CUST000116,2025-07-12 01:12:57.003505,2007.59,EUR,FR,ES,sucursal,desktop,0
TXN00004374,CUST000151,2025-06-21 03:43:57.003505,4381.84,EUR,ES,IT,sucursal,tablet,0
TXN00004375,CUST000065,2025-10-01 02:38:57.003505,531.33,EUR,DE,FR,sucursal,atm,0
TXN00004376,CUST000104,2026-01-16 00:45:57.003505,259.94,EUR,ES,GB,web,tablet,0
TXN00004377,CUST000087,2025-10-18 08:32:57.003505,929.14,EUR,ES,IT,app,tablet,0
TXN00004378,CUST000175,2025-10-30 20:44:57.003505,4218.99,EUR,CH,GB,sucursal,pos,0
TXN00004379,CUST000092,2025-01-17 23:28:57.003505,2158.67,EUR,FR,ES,cajero,desktop,0
TXN00004380,CUST000027,2025-03-13 00:20:57.003505,14.63,EUR,FR,ES,cajero,atm,0
TXN00004381,CUST000086,2025-10-03 23:31:57.003505,3326.88,EUR,ES,FR,web,tablet,0
TXN00004382,CUST000147,2025-11-25 22:37:57.003505,13190.79,CHF,US,IT,sucursal,mobile,0
TXN00004383,CUST000128,2026-01-03 03:16:57.003505,9554.83,EUR,FR,FR,cajero,desktop,0
TXN00004384,CUST000136,2025-05-30 04:11:57.003505,132.08,EUR,FR,FR,cajero,mobile,0
TXN00004385,CUST000062,2025-03-18 21:33:57.003505,318.72,EUR,IT,IT,web,tablet,0
TXN00004386,CUST000032,2025-09-19 06:35:57.003505,384.72,EUR,FR,FR,app,atm,0
TXN00004387,CUST000064,2025-12-06 01:46:57.003505,615.83,EUR,ES,ES,cajero,atm,0
TXN00004388,CUST000158,2025-02-22 19:16:57.003505,845.07,GBP,GB,FR,sucursal,pos,0
TXN00004389,CUST000004,2025-02-04 21:00:57.003505,601.38,EUR,DE,ES,sucursal,pos,0
TXN00004390,CUST000094,2025-05-31 18:12:57.003505,15059.14,EUR,GB,US,cajero,desktop,0
TXN00004391,CUST000034,2025-03-22 23:10:57.003505,43.89,EUR,FR,IT,cajero,atm,0
TXN00004392,CUST000011,2025-09-25 01:26:57.003505,340.07,EUR,ES,DE,sucursal,pos,0
TXN00004393,CUST000088,2025-06-11 07:32:57.003505,183.28,EUR,DE,FR,sucursal,desktop,0
TXN00004394,CUST000151,2025-11-02 20:30:57.003505,2524.69,EUR,ES,IT,web,pos,0
TXN00004395,CUST000117,2026-01-12 02:09:57.003505,3085.73,EUR,ES,ES,web,tablet,0
TXN00004396,CUST000002,2025-08-12 21:48:57.107482,32136.4,EUR,ES,FR,sucursal,mobile,1
TXN00004397,CUST000076,2025-04-10 23:43:57.003505,160.53,EUR,ES,IT,cajero,desktop,0
TXN00004398,CUST000187,2025-05-03 22:56:57.003505,14739.26,GBP,GB,ES,cajero,desktop,0
TXN00004399,CUST000065,2025-04-16 01:40:57.003505,2172.0,EUR,DE,GB,web,tablet,0
TXN00004400,CUST000009,2025-07-07 18:07:57.003505,12299.03,EUR,FR,FR,app,mobile,0
TXN00004401,CUST000152,2025-04-11 04:03:57.003505,478.25,GBP,GB,ES,web,atm,0
TXN00004402,CUST000098,2025-08-14 20:32:57.003505,465.1,EUR,IT,IT,cajero,pos,0
TXN00004403,CUST000114,2025-11-12 02:01:57.003505,8083.48,EUR,ES,DE,sucursal,tablet,0
TXN00004404,CUST000029,2025-08-26 08:31:57.003505,6930.64,GBP,GB,FR,app,desktop,0
TXN00004405,CUST000189,2025-01-24 03:57:57.003505,9073.15,EUR,DE,GB,cajero,desktop,0
TXN00004406,CUST000188,2025-11-13 20:07:57.003505,3415.39,EUR,IT,US,cajero,desktop,0
TXN00004407,CUST000037,2025-10-10 03:25:57.003505,106.34,EUR,ES,FR,sucursal,desktop,0
TXN00004408,CUST000177,2025-08-18 19:47:57.003505,808.22,EUR,FR,DE,web,desktop,0
TXN00004409,CUST000045,2025-07-27 18:12:57.003505,1482.92,GBP,GB,GB,app,tablet,0
TXN00004410,CUST000007,2025-03-19 21:50:57.003505,19101.09,EUR,DE,US,web,atm,0
TXN00004411,CUST000188,2025-11-09 01:37:57.003505,2423.72,EUR,IT,US,app,tablet,0
TXN00004412,CUST000132,2025-10-03 23:11:57.003505,4690.11,EUR,ES,FR,sucursal,desktop,0
TXN00004413,CUST000020,2025-11-30 13:52:57.107482,686.65,EUR,IT,FR,sucursal,desktop,1
TXN00004414,CUST000086,2025-04-28 08:41:57.003505,1857.15,EUR,ES,DE,sucursal,atm,0
TXN00004415,CUST000035,2025-08-18 06:34:57.107482,933.33,EUR,DE,CN,sucursal,mobile,1
TXN00004416,CUST000169,2025-09-10 18:09:57.003505,380.84,EUR,DE,GB,cajero,mobile,0
TXN00004417,CUST000093,2025-01-22 06:40:57.003505,2319.75,EUR,FR,ES,web,mobile,0
TXN00004418,CUST000042,2025-02-10 20:09:57.003505,1001.04,EUR,ES,GB,sucursal,atm,0
TXN00004419,CUST000026,2025-05-08 14:43:57.107482,494.73,EUR,FR,ES,web,desktop,1
TXN00004420,CUST000054,2025-03-29 02:11:57.003505,661.96,USD,GB,FR,cajero,mobile,0
TXN00004421,CUST000033,2025-03-06 08:30:57.003505,4369.87,EUR,IT,DE,sucursal,atm,0
TXN00004422,CUST000121,2025-05-24 07:31:57.003505,1528.06,EUR,ES,IT,web,pos,0
TXN00004423,CUST000038,2025-11-30 19:55:57.003505,570.52,EUR,ES,GB,cajero,pos,0
TXN00004424,CUST000177,2025-04-26 02:21:57.003505,1552.75,EUR,FR,DE,sucursal,mobile,0
TXN00004425,CUST000121,2025-04-01 23:41:57.003505,1860.69,EUR,ES,DE,cajero,atm,0
TXN00004426,CUST000168,2025-06-17 23:24:57.003505,509.51,EUR,IT,IT,app,pos,0
TXN00004427,CUST000157,2025-09-23 23:08:57.003505,5179.82,EUR,IT,GB,app,atm,0
TXN00004428,CUST000025,2025-06-14 10:00:57.107482,2629.07,EUR,ES,FR,sucursal,atm,1
TXN00004429,CUST000098,2025-11-03 04:32:57.003505,595.22,EUR,IT,GB,cajero,tablet,0
TXN00004430,CUST000051,2025-07-08 22:22:57.003505,1115.29,EUR,DE,FR,sucursal,pos,0
TXN00004431,CUST000027,2025-08-13 06:45:57.003505,92.49,EUR,FR,FR,app,mobile,0
TXN00004432,CUST000178,2025-12-23 04:51:57.003505,150.59,EUR,ES,FR,cajero,mobile,0
TXN00004433,CUST000175,2025-01-30 18:36:57.003505,5139.56,USD,CH,CH,web,atm,0
TXN00004434,CUST000040,2025-09-10 22:09:57.003505,345.84,EUR,IT,ES,sucursal,mobile,0
TXN00004435,CUST000172,2025-07-25 22:07:57.003505,2254.96,EUR,FR,ES,app,mobile,0
TXN00004436,CUST000076,2025-08-30 07:01:57.003505,163.93,EUR,ES,ES,cajero,desktop,0
TXN00004437,CUST000058,2025-06-14 03:28:57.003505,5332.03,EUR,FR,US,cajero,tablet,0
TXN00004438,CUST000087,2025-08-08 01:48:57.003505,229.18,EUR,ES,IT,cajero,desktop,0
TXN00004439,CUST000040,2025-11-27 03:55:57.003505,127.44,EUR,IT,ES,app,tablet,0
TXN00004440,CUST000139,2025-09-08 17:46:57.003505,6141.99,CHF,US,FR,cajero,desktop,0
TXN00004441,CUST000106,2025-03-18 23:46:57.003505,238.98,EUR,FR,FR,app,tablet,0
TXN00004442,CUST000014,2025-04-20 21:07:57.003505,1567.29,EUR,IT,DE,web,atm,0
TXN00004443,CUST000140,2025-12-03 02:00:57.003505,208.06,EUR,DE,GB,sucursal,mobile,0
TXN00004444,CUST000110,2025-02-24 19:25:57.003505,214.1,EUR,ES,FR,app,atm,0
TXN00004445,CUST000080,2025-01-23 21:54:57.003505,130.26,EUR,ES,ES,web,pos,0
TXN00004446,CUST000105,2025-08-31 03:01:57.003505,1896.3,EUR,US,DE,sucursal,desktop,0
TXN00004447,CUST000029,2025-09-24 21:46:57.003505,4045.57,USD,GB,DE,sucursal,desktop,0
TXN00004448,CUST000027,2025-08-21 21:07:57.003505,118.2,EUR,FR,ES,cajero,pos,0
TXN00004449,CUST000171,2025-01-22 18:46:57.003505,12141.4,EUR,IT,US,app,pos,0
TXN00004450,CUST000160,2025-10-24 07:01:57.003505,631.52,EUR,DE,GB,sucursal,tablet,0
TXN00004451,CUST000002,2025-08-02 23:45:57.003505,449.21,EUR,ES,ES,cajero,desktop,0
TXN00004452,CUST000180,2026-01-08 06:06:57.003505,323.75,EUR,GB,ES,web,desktop,0
TXN00004453,CUST000164,2025-06-11 07:54:57.003505,5106.26,USD,US,US,sucursal,mobile,0
TXN00004454,CUST000068,2025-09-19 19:03:57.003505,741.88,EUR,ES,GB,app,desktop,0
TXN00004455,CUST000180,2025-08-17 08:14:57.003505,1281.03,GBP,GB,ES,cajero,pos,0
TXN00004456,CUST000009,2025-12-06 05:48:57.003505,18424.48,EUR,FR,ES,web,atm,0
TXN00004457,CUST000074,2025-02-13 19:18:57.003505,5536.18,EUR,IT,DE,web,desktop,0
TXN00004458,CUST000016,2025-04-04 20:13:57.003505,854.67,EUR,IT,GB,web,desktop,0
TXN00004459,CUST000140,2025-04-06 07:46:57.003505,875.46,EUR,DE,FR,cajero,pos,0
TXN00004460,CUST000017,2025-04-13 08:40:57.003505,1064.31,EUR,FR,GB,cajero,desktop,0
TXN00004461,CUST000103,2025-08-25 21:49:57.003505,12261.04,EUR,ES,GB,cajero,tablet,0
TXN00004462,CUST000047,2025-03-17 20:28:57.003505,5369.88,EUR,ES,ES,cajero,mobile,0
TXN00004463,CUST000073,2025-09-24 08:49:57.003505,107.24,EUR,DE,IT,cajero,desktop,0
TXN00004464,CUST000009,2025-03-09 01:33:57.003505,17100.24,EUR,FR,US,sucursal,desktop,0
TXN00004465,CUST000111,2026-01-13 22:12:57.003505,91.99,EUR,ES,ES,sucursal,tablet,0
TXN00004466,CUST000061,2025-06-02 20:11:57.003505,1306.2,EUR,IT,ES,cajero,pos,0
TXN00004467,CUST000009,2025-04-15 20:29:57.107482,45296.67,EUR,FR,PK,web,atm,1
TXN00004468,CUST000035,2025-07-18 07:01:57.003505,1868.14,EUR,DE,IT,app,mobile,0
TXN00004469,CUST000013,2025-10-28 23:50:57.003505,2194.26,CHF,GB,GB,cajero,atm,0
TXN00004470,CUST000091,2025-03-15 02:05:57.003505,2404.78,GBP,GB,CH,web,atm,0
TXN00004471,CUST000017,2025-02-02 09:34:57.003505,2360.7,EUR,FR,FR,sucursal,pos,0
TXN00004472,CUST000083,2025-01-22 07:43:57.003505,283.84,EUR,ES,IT,cajero,mobile,0
TXN00004473,CUST000071,2025-07-29 02:29:57.003505,19518.09,EUR,FR,ES,cajero,desktop,0
TXN00004474,CUST000160,2025-08-31 04:35:57.003505,2851.37,EUR,DE,GB,web,mobile,0
TXN00004475,CUST000171,2025-01-26 06:48:57.003505,1531.45,EUR,IT,US,web,desktop,0
TXN00004476,CUST000117,2025-11-19 08:53:57.003505,13028.54,EUR,ES,IT,app,desktop,0
TXN00004477,CUST000046,2025-09-08 05:20:57.107482,92261.44,EUR,GB,US,cajero,tablet,1
TXN00004478,CUST000020,2025-08-13 04:24:57.003505,260.11,EUR,IT,FR,app,mobile,0
TXN00004479,CUST000059,2025-04-25 21:15:57.003505,20.58,EUR,FR,FR,sucursal,atm,0
TXN00004480,CUST000064,2025-09-28 02:21:57.003505,381.34,EUR,ES,DE,app,tablet,0
TXN00004481,CUST000027,2025-02-06 04:48:57.003505,129.51,EUR,FR,IT,sucursal,desktop,0
TXN00004482,CUST000056,2025-08-22 02:42:57.003505,516.9,GBP,GB,ES,web,tablet,0
TXN00004483,CUST000100,2025-10-14 02:26:57.003505,4736.59,CHF,GB,DE,app,atm,0
TXN00004484,CUST000022,2025-11-12 21:47:57.003505,6180.09,EUR,IT,IT,cajero,atm,0
TXN00004485,CUST000112,2025-03-05 21:15:57.003505,5810.62,CHF,US,DE,cajero,desktop,0
TXN00004486,CUST000038,2025-12-21 07:22:57.003505,787.92,EUR,ES,GB,sucursal,pos,0
TXN00004487,CUST000089,2025-05-07 23:30:57.003505,77.62,EUR,ES,ES,web,desktop,0
TXN00004488,CUST000084,2025-01-17 00:53:57.003505,83.26,EUR,ES,IT,app,pos,0
TXN00004489,CUST000021,2025-03-21 06:34:57.003505,59.17,EUR,FR,IT,cajero,mobile,0
TXN00004490,CUST000001,2025-05-25 04:57:57.003505,710.31,EUR,FR,ES,app,atm,0
TXN00004491,CUST000114,2025-02-05 01:55:57.003505,1314.55,EUR,ES,DE,cajero,pos,0
TXN00004492,CUST000158,2025-04-21 07:37:57.003505,1242.02,GBP,GB,IT,cajero,desktop,0
TXN00004493,CUST000153,2025-10-19 19:23:57.003505,133.92,EUR,ES,DE,cajero,desktop,0
TXN00004494,CUST000085,2025-09-26 20:41:57.003505,447.9,EUR,FR,ES,app,tablet,0
TXN00004495,CUST000125,2025-08-26 00:06:57.003505,11034.94,USD,US,GB,sucursal,pos,0
TXN00004496,CUST000160,2025-03-22 05:17:57.003505,432.25,EUR,DE,ES,cajero,tablet,0
TXN00004497,CUST000092,2025-07-01 01:29:57.003505,3486.67,EUR,FR,GB,web,tablet,0
TXN00004498,CUST000146,2025-10-29 22:42:57.003505,771.29,EUR,IT,ES,web,mobile,0
TXN00004499,CUST000059,2026-01-12 06:31:57.003505,325.93,EUR,FR,ES,app,mobile,0
TXN00004500,CUST000020,2025-10-15 07:50:57.003505,20.17,EUR,IT,ES,app,atm,0
TXN00004501,CUST000085,2025-03-15 04:34:57.003505,1080.75,EUR,FR,GB,app,tablet,0
TXN00004502,CUST000004,2025-05-24 21:10:57.003505,6044.7,EUR,DE,DE,app,mobile,0
TXN00004503,CUST000021,2025-03-23 07:36:57.003505,118.6,EUR,FR,ES,cajero,desktop,0
TXN00004504,CUST000109,2025-05-10 21:59:57.003505,3096.83,CHF,CH,CH,web,atm,0
TXN00004505,CUST000115,2025-06-12 22:23:57.003505,2848.53,EUR,DE,ES,cajero,tablet,0
TXN00004506,CUST000143,2025-02-09 03:33:57.003505,5187.74,EUR,ES,FR,app,atm,0
TXN00004507,CUST000158,2025-05-23 05:13:57.003505,1166.18,USD,GB,ES,cajero,desktop,0
TXN00004508,CUST000016,2025-05-07 18:49:57.003505,673.41,EUR,IT,GB,cajero,atm,0
TXN00004509,CUST000048,2025-06-24 09:38:57.003505,2689.46,EUR,FR,IT,sucursal,tablet,0
TXN00004510,CUST000140,2025-02-07 01:19:57.003505,967.21,EUR,DE,DE,web,atm,0
TXN00004511,CUST000084,2025-10-25 03:16:57.003505,108.01,EUR,ES,IT,sucursal,tablet,0
TXN00004512,CUST000007,2025-04-25 00:34:57.003505,7636.65,EUR,DE,ES,app,mobile,0
TXN00004513,CUST000133,2025-09-10 02:10:57.003505,223.18,EUR,IT,FR,sucursal,mobile,0
TXN00004514,CUST000027,2025-07-06 07:02:57.003505,63.32,EUR,FR,ES,cajero,mobile,0
TXN00004515,CUST000120,2025-11-03 02:15:57.003505,131.13,EUR,IT,IT,app,mobile,0
TXN00004516,CUST000064,2025-05-20 21:24:57.003505,220.34,EUR,ES,FR,app,desktop,0
TXN00004517,CUST000148,2026-01-10 01:06:57.003505,8888.62,EUR,ES,FR,cajero,desktop,0
TXN00004518,CUST000107,2025-12-13 04:09:57.003505,3519.3,EUR,DE,ES,cajero,tablet,0
TXN00004519,CUST000067,2025-11-24 22:18:57.003505,19685.81,EUR,DE,CH,cajero,mobile,0
TXN00004520,CUST000030,2025-11-04 18:36:57.003505,549.41,EUR,GB,FR,sucursal,pos,0
TXN00004521,CUST000022,2025-03-08 04:03:57.003505,4750.09,EUR,IT,GB,web,desktop,0
TXN00004522,CUST000040,2026-01-02 19:19:57.003505,99.3,EUR,IT,ES,web,atm,0
TXN00004523,CUST000077,2025-05-15 03:13:57.003505,6245.5,GBP,CH,CH,web,desktop,0
TXN00004524,CUST000048,2025-03-17 07:59:57.003505,3593.29,EUR,FR,IT,web,desktop,0
TXN00004525,CUST000054,2025-04-07 04:40:57.003505,1896.8,USD,GB,ES,web,desktop,0
TXN00004526,CUST000131,2025-04-30 04:28:57.003505,668.43,EUR,DE,GB,web,atm,0
TXN00004527,CUST000011,2025-06-02 12:16:57.107482,7842.66,EUR,ES,FR,web,tablet,1
TXN00004528,CUST000037,2025-09-12 07:50:57.003505,347.33,EUR,ES,FR,sucursal,tablet,0
TXN00004529,CUST000056,2025-04-02 22:39:57.003505,1091.49,USD,GB,DE,web,desktop,0
TXN00004530,CUST000083,2026-01-08 19:40:57.003505,284.32,EUR,ES,IT,sucursal,desktop,0
TXN00004531,CUST000127,2025-10-22 03:36:57.003505,2080.85,EUR,FR,GB,web,pos,0
TXN00004532,CUST000017,2025-04-29 22:09:57.003505,12345.9,EUR,FR,ES,app,pos,0
TXN00004533,CUST000141,2025-12-17 00:29:57.003505,786.95,USD,GB,DE,app,mobile,0
TXN00004534,CUST000060,2025-01-15 19:12:57.003505,101.28,EUR,IT,IT,cajero,tablet,0
TXN00004535,CUST000036,2025-06-21 22:27:57.003505,4226.88,EUR,FR,US,app,desktop,0
TXN00004536,CUST000001,2025-06-22 23:27:57.003505,139.16,EUR,FR,GB,cajero,atm,0
TXN00004537,CUST000044,2025-04-18 01:52:57.003505,709.67,EUR,ES,GB,web,tablet,0
TXN00004538,CUST000111,2025-06-12 03:16:57.003505,89.37,EUR,ES,IT,app,desktop,0
TXN00004539,CUST000111,2025-07-23 03:53:57.003505,128.97,EUR,ES,IT,cajero,mobile,0
TXN00004540,CUST000084,2025-05-16 08:00:57.003505,337.62,EUR,ES,FR,app,mobile,0
TXN00004541,CUST000160,2025-07-27 20:06:57.003505,380.38,EUR,DE,ES,sucursal,pos,0
TXN00004542,CUST000093,2025-07-22 23:19:57.003505,12093.53,EUR,FR,FR,web,pos,0
TXN00004543,CUST000007,2025-07-02 17:28:57.003505,20149.73,EUR,DE,GB,sucursal,atm,0
TXN00004544,CUST000157,2025-05-03 03:28:57.003505,1001.7,EUR,IT,GB,cajero,atm,0
TXN00004545,CUST000148,2025-01-26 08:51:57.003505,3852.56,EUR,ES,GB,app,tablet,0
TXN00004546,CUST000180,2025-08-31 07:14:57.003505,2417.43,USD,GB,IT,app,pos,0
TXN00004547,CUST000145,2025-02-28 19:02:57.003505,1802.52,EUR,DE,FR,cajero,pos,0
TXN00004548,CUST000074,2025-03-20 18:10:57.003505,2052.96,EUR,IT,US,cajero,atm,0
TXN00004549,CUST000058,2025-04-26 19:26:57.003505,14421.18,EUR,FR,GB,sucursal,desktop,0
TXN00004550,CUST000129,2025-09-24 07:47:57.003505,1649.11,CHF,US,DE,sucursal,mobile,0
TXN00004551,CUST000150,2025-06-12 19:11:57.003505,8538.67,EUR,ES,FR,sucursal,desktop,0
TXN00004552,CUST000110,2025-10-08 06:36:57.003505,42.63,EUR,ES,IT,app,atm,0
TXN00004553,CUST000014,2025-03-15 00:02:57.003505,220.88,EUR,IT,GB,cajero,desktop,0
TXN00004554,CUST000128,2025-02-06 02:36:57.003505,11837.16,EUR,FR,GB,cajero,pos,0
TXN00004555,CUST000071,2025-11-26 02:11:57.003505,5813.21,EUR,FR,CH,sucursal,tablet,0
TXN00004556,CUST000172,2025-01-30 06:05:57.003505,1201.92,EUR,FR,IT,app,desktop,0
TXN00004557,CUST000047,2025-10-23 04:59:57.003505,1365.87,EUR,ES,FR,app,desktop,0
TXN00004558,CUST000137,2025-08-22 08:46:57.003505,714.29,EUR,FR,IT,sucursal,tablet,0
TXN00004559,CUST000009,2025-04-06 00:03:57.003505,13917.81,EUR,FR,CH,cajero,tablet,0
TXN00004560,CUST000033,2025-05-31 04:24:57.003505,3524.53,EUR,IT,US,app,tablet,0
TXN00004561,CUST000164,2026-01-12 22:32:57.003505,11217.58,GBP,US,IT,sucursal,atm,0
TXN00004562,CUST000109,2025-07-16 21:02:57.003505,23890.51,EUR,CH,CH,web,pos,0
TXN00004563,CUST000164,2025-02-18 02:22:57.003505,12845.79,USD,US,GB,web,pos,0
TXN00004564,CUST000094,2025-01-19 05:17:57.003505,4394.22,EUR,GB,GB,app,desktop,0
TXN00004565,CUST000088,2025-04-29 08:51:57.003505,274.32,EUR,DE,ES,cajero,mobile,0
TXN00004566,CUST000116,2025-08-25 21:50:57.003505,1859.79,EUR,FR,GB,app,pos,0
TXN00004567,CUST000011,2025-06-07 05:42:57.003505,2936.23,EUR,ES,ES,app,desktop,0
TXN00004568,CUST000179,2025-08-01 22:39:57.003505,4341.65,EUR,DE,DE,web,tablet,0
TXN00004569,CUST000130,2026-01-01 08:54:57.003505,3183.68,EUR,IT,DE,app,mobile,0
TXN00004570,CUST000098,2025-12-12 00:52:57.003505,144.94,EUR,IT,FR,sucursal,mobile,0
TXN00004571,CUST000004,2025-12-29 00:01:57.003505,4914.55,EUR,DE,US,sucursal,tablet,0
TXN00004572,CUST000062,2025-06-29 08:04:57.003505,864.8,EUR,IT,IT,cajero,mobile,0
TXN00004573,CUST000179,2025-05-23 07:58:57.003505,13426.44,EUR,DE,FR,web,tablet,0
TXN00004574,CUST000055,2025-12-28 18:52:57.003505,15281.24,USD,CH,FR,app,atm,0
TXN00004575,CUST000085,2025-08-28 06:10:57.003505,907.7,EUR,FR,GB,sucursal,tablet,0
TXN00004576,CUST000144,2025-03-19 05:14:57.003505,990.73,EUR,DE,FR,web,tablet,0
TXN00004577,CUST000082,2025-12-13 22:33:57.003505,19098.17,EUR,ES,GB,app,mobile,0
TXN00004578,CUST000022,2025-05-18 00:07:57.003505,4533.3,EUR,IT,ES,sucursal,mobile,0
TXN00004579,CUST000056,2025-01-29 18:31:57.003505,470.32,EUR,GB,DE,app,mobile,0
TXN00004580,CUST000028,2025-09-01 23:10:57.003505,148.72,EUR,ES,IT,app,atm,0
TXN00004581,CUST000061,2025-08-24 20:39:57.003505,2208.04,EUR,IT,ES,sucursal,desktop,0
TXN00004582,CUST000129,2025-01-27 09:28:57.003505,14177.64,GBP,US,US,web,desktop,0
TXN00004583,CUST000135,2025-05-09 19:56:57.003505,697.2,EUR,ES,GB,web,pos,0
TXN00004584,CUST000048,2025-09-03 03:29:57.003505,4355.16,EUR,FR,ES,app,atm,0
TXN00004585,CUST000020,2025-10-24 07:49:57.003505,50.65,EUR,IT,IT,web,pos,0
TXN00004586,CUST000001,2025-01-16 21:50:57.003505,105.88,EUR,FR,GB,app,tablet,0
TXN00004587,CUST000143,2025-02-11 08:29:57.003505,4426.87,EUR,ES,FR,cajero,tablet,0
TXN00004588,CUST000163,2025-11-04 19:19:57.003505,277.27,EUR,ES,FR,sucursal,atm,0
TXN00004589,CUST000177,2025-04-01 08:15:57.003505,793.07,EUR,FR,IT,sucursal,atm,0
TXN00004590,CUST000107,2025-07-26 22:39:57.003505,5159.73,EUR,DE,DE,sucursal,mobile,0
TXN00004591,CUST000189,2025-01-19 17:55:57.003505,6756.66,EUR,DE,FR,app,tablet,0
TXN00004592,CUST000098,2025-11-17 03:03:57.003505,163.51,EUR,IT,DE,web,mobile,0
TXN00004593,CUST000040,2025-11-03 19:26:57.003505,137.38,EUR,IT,IT,sucursal,tablet,0
TXN00004594,CUST000164,2025-04-04 06:13:57.003505,1054.44,USD,US,FR,sucursal,tablet,0
TXN00004595,CUST000108,2025-08-05 05:49:57.003505,246.17,EUR,ES,FR,sucursal,atm,0
TXN00004596,CUST000038,2025-08-06 21:05:57.003505,274.95,EUR,ES,DE,cajero,pos,0
TXN00004597,CUST000069,2025-07-16 07:02:57.003505,145.22,EUR,FR,ES,sucursal,desktop,0
TXN00004598,CUST000102,2025-02-13 05:09:57.003505,6044.73,EUR,FR,GB,cajero,mobile,0
TXN00004599,CUST000004,2025-03-27 22:53:57.003505,2790.06,EUR,DE,US,cajero,mobile,0
TXN00004600,CUST000047,2025-04-05 00:25:57.003505,5824.42,EUR,ES,US,app,tablet,0
TXN00004601,CUST000053,2025-12-20 05:11:57.003505,2008.63,EUR,FR,GB,sucursal,desktop,0
TXN00004602,CUST000023,2025-03-03 05:30:57.003505,22695.19,EUR,FR,GB,app,tablet,0
TXN00004603,CUST000075,2025-03-23 00:17:57.003505,24500.42,EUR,FR,CH,sucursal,tablet,0
TXN00004604,CUST000128,2025-08-19 05:31:57.003505,4762.43,EUR,FR,ES,sucursal,desktop,0
TXN00004605,CUST000180,2025-05-06 00:43:57.003505,1163.37,GBP,GB,IT,cajero,tablet,0
TXN00004606,CUST000059,2025-04-19 01:14:57.003505,343.74,EUR,FR,IT,cajero,pos,0
TXN00004607,CUST000065,2025-11-10 02:53:57.003505,1629.4,EUR,DE,DE,sucursal,mobile,0
TXN00004608,CUST000056,2025-01-25 21:37:57.003505,441.98,GBP,GB,DE,cajero,pos,0
TXN00004609,CUST000170,2025-11-09 23:32:57.003505,5484.83,CHF,US,ES,web,desktop,0
TXN00004610,CUST000167,2026-01-04 01:30:57.003505,3837.41,CHF,US,FR,sucursal,atm,0
TXN00004611,CUST000096,2025-04-02 04:25:57.003505,8249.34,EUR,ES,CH,web,desktop,0
TXN00004612,CUST000056,2025-02-02 05:30:57.003505,940.55,GBP,GB,IT,sucursal,atm,0
TXN00004613,CUST000166,2025-10-23 01:47:57.003505,2032.1,USD,GB,US,sucursal,pos,0
TXN00004614,CUST000184,2025-10-02 00:33:57.003505,154.78,EUR,FR,ES,app,atm,0
TXN00004615,CUST000133,2025-04-28 07:08:57.003505,128.17,EUR,IT,FR,app,mobile,0
TXN00004616,CUST000037,2025-11-14 02:58:57.107482,339.73,EUR,ES,RU,app,tablet,1
TXN00004617,CUST000112,2025-11-02 01:53:57.003505,680.3,USD,US,DE,cajero,mobile,0
TXN00004618,CUST000147,2025-11-18 06:05:57.003505,6510.7,CHF,US,IT,cajero,pos,0
TXN00004619,CUST000157,2025-08-30 01:53:57.003505,1345.29,EUR,IT,ES,app,pos,0
TXN00004620,CUST000101,2025-06-26 00:30:57.003505,58.16,EUR,FR,FR,web,atm,0
TXN00004621,CUST000032,2025-01-22 10:38:57.107482,55160.88,EUR,FR,CN,app,desktop,1
TXN00004622,CUST000059,2025-08-09 00:37:57.003505,12.39,EUR,FR,ES,app,mobile,0
TXN00004623,CUST000165,2025-02-22 03:55:57.003505,354.94,EUR,FR,DE,web,atm,0
TXN00004624,CUST000106,2025-04-25 23:12:57.003505,62.59,EUR,FR,ES,web,desktop,0
TXN00004625,CUST000087,2025-12-10 02:44:57.003505,580.09,EUR,ES,GB,sucursal,desktop,0
TXN00004626,CUST000029,2025-09-16 18:45:57.107482,17580.45,EUR,GB,PK,web,mobile,1
TXN00004627,CUST000176,2025-08-17 06:09:57.003505,127.19,EUR,ES,IT,app,pos,0
TXN00004628,CUST000077,2025-08-09 00:28:57.003505,20398.04,EUR,CH,CH,sucursal,atm,0
TXN00004629,CUST000054,2025-12-25 21:50:57.003505,783.86,EUR,GB,FR,sucursal,desktop,0
TXN00004630,CUST000029,2025-02-26 08:06:57.003505,1659.4,CHF,GB,IT,cajero,desktop,0
TXN00004631,CUST000088,2025-04-23 00:19:57.003505,2057.67,EUR,DE,GB,web,tablet,0
TXN00004632,CUST000067,2025-08-13 18:37:57.003505,5892.94,EUR,DE,GB,web,atm,0
TXN00004633,CUST000026,2025-08-27 01:58:57.003505,337.71,EUR,FR,IT,cajero,desktop,0
TXN00004634,CUST000018,2025-11-06 05:06:57.003505,73.22,EUR,FR,ES,sucursal,atm,0
TXN00004635,CUST000056,2025-05-22 18:04:57.003505,2226.36,EUR,GB,ES,cajero,atm,0
TXN00004636,CUST000010,2025-04-01 08:05:57.003505,812.17,EUR,FR,IT,app,tablet,0
TXN00004637,CUST000094,2025-11-12 05:40:57.003505,2307.07,USD,GB,ES,cajero,tablet,0
TXN00004638,CUST000026,2025-04-25 06:19:57.003505,37.99,EUR,FR,ES,web,atm,0
TXN00004639,CUST000001,2025-02-11 09:49:57.107482,17445.71,EUR,FR,IR,web,tablet,1
TXN00004640,CUST000067,2025-02-22 23:10:57.003505,15672.78,EUR,DE,CH,web,mobile,0
TXN00004641,CUST000167,2025-02-25 02:20:57.003505,2083.14,EUR,US,FR,cajero,pos,0
TXN00004642,CUST000139,2025-09-24 00:12:57.003505,1620.17,EUR,US,ES,sucursal,mobile,0
TXN00004643,CUST000082,2025-02-28 04:02:57.003505,2122.4,EUR,ES,ES,app,atm,0
TXN00004644,CUST000029,2025-08-01 23:52:57.003505,1548.17,GBP,GB,DE,sucursal,mobile,0
TXN00004645,CUST000156,2025-09-28 06:40:57.003505,97.65,EUR,FR,ES,cajero,tablet,0
TXN00004646,CUST000024,2025-12-22 23:27:57.003505,10029.35,EUR,FR,GB,web,atm,0
TXN00004647,CUST000030,2025-04-23 06:13:57.003505,904.02,CHF,GB,GB,cajero,tablet,0
TXN00004648,CUST000173,2025-03-21 19:54:57.003505,1118.22,EUR,DE,DE,cajero,pos,0
TXN00004649,CUST000046,2025-04-18 18:35:57.107482,84622.91,USD,GB,FR,web,tablet,1
TXN00004650,CUST000019,2025-12-08 02:52:57.003505,781.41,EUR,DE,ES,sucursal,pos,0
TXN00004651,CUST000057,2026-01-12 05:58:57.003505,227.79,EUR,ES,FR,web,atm,0
TXN00004652,CUST000006,2025-07-03 19:35:57.003505,58.17,EUR,FR,ES,cajero,mobile,0
TXN00004653,CUST000128,2025-03-12 06:26:57.003505,3206.45,EUR,FR,IT,sucursal,mobile,0
TXN00004654,CUST000044,2025-12-13 19:47:57.003505,182.48,EUR,ES,GB,web,pos,0
TXN00004655,CUST000079,2025-09-16 01:05:57.003505,4565.98,EUR,FR,US,web,mobile,0
TXN00004656,CUST000044,2025-07-29 23:40:57.003505,632.36,EUR,ES,FR,app,tablet,0
TXN00004657,CUST000093,2025-03-27 04:15:57.003505,1911.22,EUR,FR,ES,app,tablet,0
TXN00004658,CUST000040,2025-01-28 20:28:57.003505,206.92,EUR,IT,ES,app,desktop,0
TXN00004659,CUST000077,2025-05-02 01:53:57.003505,4475.49,USD,CH,US,web,tablet,0
TXN00004660,CUST000041,2025-10-06 08:21:57.003505,1867.65,EUR,DE,IT,cajero,mobile,0
TXN00004661,CUST000160,2025-08-22 18:14:57.003505,526.89,EUR,DE,IT,cajero,mobile,0
TXN00004662,CUST000125,2025-02-18 02:38:57.003505,7804.07,CHF,US,ES,app,atm,0
TXN00004663,CUST000149,2025-07-12 00:59:57.003505,4446.21,EUR,ES,ES,web,tablet,0
TXN00004664,CUST000152,2025-10-30 01:54:57.003505,1232.37,GBP,GB,IT,sucursal,desktop,0
TXN00004665,CUST000087,2025-07-13 01:31:57.003505,279.97,EUR,ES,ES,sucursal,atm,0
TXN00004666,CUST000081,2025-05-03 19:22:57.003505,14325.33,GBP,CH,US,cajero,atm,0
TXN00004667,CUST000083,2025-10-16 07:39:57.003505,67.85,EUR,ES,ES,web,pos,0
TXN00004668,CUST000053,2025-01-19 00:10:57.003505,4674.88,EUR,FR,GB,cajero,mobile,0
TXN00004669,CUST000148,2025-09-14 08:03:57.003505,3542.27,EUR,ES,FR,web,atm,0
TXN00004670,CUST000095,2025-10-06 23:32:57.003505,341.64,EUR,IT,ES,app,pos,0
TXN00004671,CUST000047,2025-08-28 04:02:57.003505,2968.78,EUR,ES,US,web,mobile,0
TXN00004672,CUST000080,2025-05-09 06:52:57.003505,186.93,EUR,ES,ES,web,desktop,0
TXN00004673,CUST000147,2025-03-08 02:16:57.003505,3239.35,EUR,US,FR,web,pos,0
TXN00004674,CUST000080,2025-05-07 05:13:57.003505,386.2,EUR,ES,ES,cajero,tablet,0
TXN00004675,CUST000177,2025-09-09 01:24:57.003505,501.13,EUR,FR,IT,cajero,desktop,0
TXN00004676,CUST000099,2025-04-17 21:49:57.003505,132.12,EUR,IT,FR,web,atm,0
TXN00004677,CUST000186,2025-07-26 04:11:57.003505,3945.58,EUR,IT,FR,web,atm,0
TXN00004678,CUST000176,2025-10-22 19:17:57.003505,486.55,EUR,ES,IT,app,mobile,0
TXN00004679,CUST000021,2025-10-29 21:02:57.107482,796.11,EUR,FR,KP,app,mobile,1
TXN00004680,CUST000040,2025-10-29 04:33:57.003505,12.24,EUR,IT,ES,app,pos,0
TXN00004681,CUST000157,2025-04-08 05:00:57.003505,3521.12,EUR,IT,FR,web,atm,0
TXN00004682,CUST000123,2025-12-06 08:10:57.003505,363.84,EUR,FR,ES,app,pos,0
TXN00004683,CUST000154,2025-09-29 18:59:57.003505,13039.95,EUR,ES,GB,web,atm,0
TXN00004684,CUST000152,2025-11-07 18:07:57.003505,861.41,GBP,GB,FR,cajero,mobile,0
TXN00004685,CUST000168,2025-08-09 04:08:57.003505,731.65,EUR,IT,GB,app,tablet,0
TXN00004686,CUST000014,2025-08-13 23:26:57.003505,109.61,EUR,IT,FR,web,mobile,0
TXN00004687,CUST000044,2025-01-31 18:40:57.003505,453.13,EUR,ES,FR,app,mobile,0
TXN00004688,CUST000156,2025-05-23 00:58:57.003505,120.38,EUR,FR,IT,web,mobile,0
TXN00004689,CUST000187,2025-11-18 08:07:57.003505,9321.55,CHF,GB,US,app,atm,0
TXN00004690,CUST000001,2025-05-30 21:57:57.003505,830.29,EUR,FR,FR,web,tablet,0
TXN00004691,CUST000104,2025-03-24 05:45:57.003505,449.79,EUR,ES,FR,web,atm,0
TXN00004692,CUST000156,2025-02-13 05:36:57.003505,19.67,EUR,FR,ES,cajero,atm,0
TXN00004693,CUST000187,2025-10-30 22:56:57.003505,8879.02,EUR,GB,GB,cajero,pos,0
TXN00004694,CUST000040,2025-07-04 19:40:57.003505,66.71,EUR,IT,FR,web,tablet,0
TXN00004695,CUST000090,2025-02-18 17:39:57.003505,15874.42,USD,GB,US,web,tablet,0
TXN00004696,CUST000034,2025-04-22 23:13:57.003505,157.51,EUR,FR,IT,cajero,tablet,0
TXN00004697,CUST000034,2025-11-24 14:06:57.107482,1491.47,EUR,FR,IT,web,desktop,1
TXN00004698,CUST000102,2025-04-27 22:53:57.003505,3849.94,EUR,FR,US,web,tablet,0
TXN00004699,CUST000073,2025-06-09 23:30:57.003505,1038.61,EUR,DE,FR,app,pos,0
TXN00004700,CUST000015,2025-09-17 08:17:57.003505,2624.8,EUR,FR,ES,app,atm,0
TXN00004701,CUST000146,2025-10-22 04:38:57.003505,584.79,EUR,IT,DE,sucursal,pos,0
TXN00004702,CUST000151,2025-02-01 22:56:57.003505,3958.25,EUR,ES,FR,web,mobile,0
TXN00004703,CUST000049,2025-07-31 22:25:57.003505,2851.12,EUR,ES,IT,sucursal,atm,0
TXN00004704,CUST000143,2025-05-30 06:32:57.003505,8746.8,EUR,ES,GB,sucursal,pos,0
TXN00004705,CUST000027,2025-05-23 07:01:57.003505,389.35,EUR,FR,IT,app,desktop,0
TXN00004706,CUST000016,2025-06-25 02:23:57.003505,258.81,EUR,IT,IT,app,mobile,0
TXN00004707,CUST000097,2025-01-29 00:03:57.003505,4227.51,EUR,GB,GB,web,tablet,0
TXN00004708,CUST000062,2025-12-11 20:27:57.003505,726.58,EUR,IT,FR,cajero,mobile,0
TXN00004709,CUST000183,2025-05-10 23:09:57.003505,73.24,EUR,IT,FR,web,tablet,0
TXN00004710,CUST000120,2025-07-31 02:50:57.003505,388.06,EUR,IT,IT,web,tablet,0
TXN00004711,CUST000187,2025-03-29 00:49:57.003505,5057.11,EUR,GB,DE,sucursal,mobile,0
TXN00004712,CUST000013,2025-07-17 05:07:57.003505,1175.08,EUR,GB,FR,app,atm,0
TXN00004713,CUST000128,2025-12-05 09:54:57.003505,12545.7,EUR,FR,FR,sucursal,tablet,0
TXN00004714,CUST000070,2025-10-08 07:38:57.003505,90.15,EUR,ES,IT,sucursal,mobile,0
TXN00004715,CUST000004,2025-06-09 01:47:57.003505,3223.73,EUR,DE,GB,cajero,desktop,0
TXN00004716,CUST000007,2025-04-10 04:10:57.003505,5032.54,EUR,DE,DE,sucursal,desktop,0
TXN00004717,CUST000083,2025-11-26 04:14:57.003505,32.81,EUR,ES,IT,sucursal,mobile,0
TXN00004718,CUST000141,2025-12-18 02:20:57.003505,517.11,EUR,GB,IT,app,tablet,0
TXN00004719,CUST000110,2025-05-01 03:02:57.003505,318.94,EUR,ES,ES,web,atm,0
TXN00004720,CUST000151,2025-01-27 18:52:57.003505,13161.61,EUR,ES,ES,cajero,tablet,0
TXN00004721,CUST000175,2025-04-28 05:56:57.003505,2771.64,USD,CH,FR,sucursal,tablet,0
TXN00004722,CUST000020,2025-07-14 03:16:57.003505,62.97,EUR,IT,FR,web,atm,0
TXN00004723,CUST000182,2025-07-01 09:42:57.003505,7303.11,EUR,FR,GB,sucursal,desktop,0
TXN00004724,CUST000132,2025-02-03 22:12:57.003505,1335.92,EUR,ES,ES,cajero,desktop,0
TXN00004725,CUST000181,2025-06-23 03:38:57.003505,238.14,EUR,IT,FR,sucursal,tablet,0
TXN00004726,CUST000012,2025-08-06 08:05:57.003505,3858.05,EUR,IT,FR,cajero,mobile,0
TXN00004727,CUST000003,2025-07-15 01:20:57.003505,45.55,EUR,ES,FR,web,pos,0
TXN00004728,CUST000085,2025-01-24 00:25:57.003505,1494.81,EUR,FR,GB,app,tablet,0
TXN00004729,CUST000081,2025-02-19 22:46:57.003505,5606.26,CHF,CH,FR,sucursal,mobile,0
TXN00004730,CUST000143,2025-09-02 02:15:57.003505,4852.96,EUR,ES,GB,sucursal,pos,0
TXN00004731,CUST000103,2025-12-04 20:32:57.003505,4579.63,EUR,ES,GB,cajero,desktop,0
TXN00004732,CUST000040,2025-12-16 05:33:57.003505,41.04,EUR,IT,ES,cajero,pos,0
TXN00004733,CUST000096,2025-03-19 01:11:57.003505,600.14,EUR,ES,FR,sucursal,desktop,0
TXN00004734,CUST000092,2025-09-23 07:56:57.003505,10533.79,EUR,FR,IT,app,mobile,0
TXN00004735,CUST000098,2025-03-19 01:37:57.003505,2894.43,EUR,IT,GB,cajero,tablet,0
TXN00004736,CUST000033,2025-11-30 15:56:57.107482,42471.24,EUR,IT,IT,sucursal,mobile,1
TXN00004737,CUST000166,2025-01-26 07:11:57.003505,3647.15,USD,GB,ES,sucursal,pos,0
TXN00004738,CUST000043,2025-11-03 03:52:57.003505,6969.84,GBP,CH,DE,web,mobile,0
TXN00004739,CUST000095,2025-05-21 20:23:57.003505,181.94,EUR,IT,IT,web,tablet,0
TXN00004740,CUST000021,2025-11-08 21:42:57.003505,265.21,EUR,FR,IT,app,tablet,0
TXN00004741,CUST000102,2025-10-20 21:23:57.003505,3418.63,EUR,FR,FR,web,mobile,0
TXN00004742,CUST000102,2025-12-16 22:04:57.003505,2780.45,EUR,FR,GB,cajero,atm,0
TXN00004743,CUST000035,2025-03-11 05:05:57.003505,266.22,EUR,DE,DE,app,tablet,0
TXN00004744,CUST000095,2025-04-27 22:16:57.003505,97.07,EUR,IT,FR,sucursal,desktop,0
TXN00004745,CUST000158,2025-03-08 00:15:57.003505,451.97,CHF,GB,DE,app,mobile,0
TXN00004746,CUST000024,2025-04-16 22:18:57.003505,5143.79,EUR,FR,FR,app,pos,0
TXN00004747,CUST000111,2025-05-09 22:24:57.003505,10.95,EUR,ES,ES,web,atm,0
TXN00004748,CUST000047,2026-01-15 20:05:57.003505,11468.4,EUR,ES,ES,cajero,mobile,0
TXN00004749,CUST000045,2025-09-13 06:47:57.003505,600.34,USD,GB,IT,sucursal,atm,0
TXN00004750,CUST000003,2025-06-15 02:27:57.003505,238.35,EUR,ES,FR,app,desktop,0
TXN00004751,CUST000166,2025-06-28 07:35:57.003505,1262.06,USD,GB,DE,sucursal,atm,0
TXN00004752,CUST000007,2025-12-28 05:03:57.003505,1879.77,EUR,DE,FR,cajero,atm,0
TXN00004753,CUST000019,2025-06-12 19:07:57.003505,7475.92,EUR,DE,DE,app,pos,0
TXN00004754,CUST000124,2025-03-09 06:40:57.003505,2668.3,EUR,DE,DE,sucursal,mobile,0
TXN00004755,CUST000098,2025-12-27 02:04:57.003505,732.64,EUR,IT,GB,cajero,mobile,0
TXN00004756,CUST000009,2025-07-21 21:57:57.003505,1647.39,EUR,FR,GB,app,mobile,0
TXN00004757,CUST000004,2025-11-27 18:03:57.003505,4916.79,EUR,DE,DE,sucursal,pos,0
TXN00004758,CUST000184,2025-08-30 01:54:57.003505,54.42,EUR,FR,ES,web,mobile,0
TXN00004759,CUST000175,2025-01-24 18:22:57.003505,17025.88,CHF,CH,DE,sucursal,desktop,0
TXN00004760,CUST000060,2025-01-20 23:08:57.003505,257.1,EUR,IT,GB,sucursal,atm,0
TXN00004761,CUST000189,2025-04-23 19:22:57.003505,742.72,EUR,DE,US,app,mobile,0
TXN00004762,CUST000028,2025-09-28 21:41:57.003505,458.67,EUR,ES,IT,sucursal,pos,0
TXN00004763,CUST000018,2025-08-11 19:46:57.003505,111.87,EUR,FR,IT,web,mobile,0
TXN00004764,CUST000019,2025-05-30 21:38:57.003505,14528.56,EUR,DE,ES,app,pos,0
TXN00004765,CUST000003,2025-05-17 04:40:57.003505,337.8,EUR,ES,FR,sucursal,desktop,0
TXN00004766,CUST000100,2025-07-30 06:28:57.003505,3989.45,USD,GB,GB,app,atm,0
TXN00004767,CUST000052,2025-12-13 01:26:57.003505,301.63,EUR,ES,ES,web,tablet,0
TXN00004768,CUST000041,2025-12-18 23:37:57.003505,1042.59,EUR,DE,US,web,desktop,0
TXN00004769,CUST000068,2025-09-10 06:53:57.003505,482.1,EUR,ES,FR,sucursal,desktop,0
TXN00004770,CUST000148,2025-12-05 06:44:57.003505,1411.42,EUR,ES,DE,app,pos,0
TXN00004771,CUST000165,2026-01-14 04:27:57.003505,781.58,EUR,FR,IT,app,pos,0
TXN00004772,CUST000142,2026-01-01 19:20:57.003505,1808.84,EUR,DE,GB,cajero,atm,0
TXN00004773,CUST000158,2025-11-17 20:21:57.003505,704.17,CHF,GB,ES,web,mobile,0
TXN00004774,CUST000037,2025-12-19 03:12:57.003505,26.39,EUR,ES,FR,app,tablet,0
TXN00004775,CUST000075,2025-05-31 05:13:57.003505,5999.5,EUR,FR,US,sucursal,desktop,0
TXN00004776,CUST000141,2025-04-30 00:44:57.003505,397.98,USD,GB,IT,app,tablet,0
TXN00004777,CUST000039,2025-09-18 02:44:57.107482,45345.82,EUR,DE,KP,cajero,tablet,1
TXN00004778,CUST000027,2025-10-29 20:03:57.003505,306.37,EUR,FR,IT,web,mobile,0
TXN00004779,CUST000057,2025-01-21 21:19:57.003505,129.29,EUR,ES,ES,web,pos,0
TXN00004780,CUST000175,2025-05-03 17:06:57.003505,9506.32,EUR,CH,CH,sucursal,atm,0
TXN00004781,CUST000062,2025-02-28 18:36:57.003505,212.31,EUR,IT,DE,web,tablet,0
TXN00004782,CUST000127,2025-04-28 20:53:57.003505,13695.62,EUR,FR,FR,cajero,desktop,0
TXN00004783,CUST000087,2025-10-07 04:28:57.003505,528.64,EUR,ES,ES,cajero,atm,0
TXN00004784,CUST000175,2026-01-11 23:45:57.003505,3220.98,USD,CH,FR,sucursal,atm,0
TXN00004785,CUST000153,2025-07-19 05:29:57.003505,2110.84,EUR,ES,FR,app,mobile,0
TXN00004786,CUST000106,2025-09-24 00:30:57.003505,104.25,EUR,FR,FR,sucursal,pos,0
TXN00004787,CUST000001,2025-03-18 08:41:57.003505,587.48,EUR,FR,FR,cajero,mobile,0
TXN00004788,CUST000186,2025-03-03 18:47:57.003505,2581.04,EUR,IT,DE,web,tablet,0
TXN00004789,CUST000041,2025-12-22 20:31:57.003505,2186.32,EUR,DE,FR,app,mobile,0
TXN00004790,CUST000156,2025-12-25 04:35:57.003505,233.87,EUR,FR,ES,sucursal,mobile,0
TXN00004791,CUST000119,2025-08-24 22:18:57.003505,4161.41,GBP,US,IT,app,pos,0
TXN00004792,CUST000004,2025-11-28 22:03:57.003505,4275.64,EUR,DE,ES,cajero,pos,0
TXN00004793,CUST000053,2025-12-26 05:27:57.003505,4385.98,EUR,FR,GB,sucursal,tablet,0
TXN00004794,CUST000020,2025-01-17 02:41:57.003505,82.33,EUR,IT,IT,cajero,pos,0
TXN00004795,CUST000023,2025-05-01 20:45:57.107482,40689.79,EUR,FR,RU,cajero,desktop,1
TXN00004796,CUST000057,2025-10-24 21:59:57.003505,46.55,EUR,ES,FR,sucursal,atm,0
TXN00004797,CUST000026,2025-10-01 01:22:57.003505,36.52,EUR,FR,IT,app,pos,0
TXN00004798,CUST000013,2025-03-23 18:50:57.003505,959.73,USD,GB,IT,sucursal,pos,0
TXN00004799,CUST000022,2025-07-04 18:22:57.003505,1698.82,EUR,IT,DE,cajero,atm,0
TXN00004800,CUST000167,2025-05-07 22:59:57.003505,3118.95,CHF,US,DE,sucursal,pos,0
TXN00004801,CUST000126,2025-06-24 22:25:57.003505,710.95,EUR,DE,GB,cajero,tablet,0
TXN00004802,CUST000136,2025-09-25 22:18:57.003505,152.31,EUR,FR,FR,cajero,tablet,0
TXN00004803,CUST000024,2025-06-11 01:12:57.003505,4196.59,EUR,FR,ES,sucursal,mobile,0
TXN00004804,CUST000054,2025-03-05 01:50:57.003505,496.51,GBP,GB,DE,app,atm,0
TXN00004805,CUST000034,2025-05-20 22:50:57.003505,213.81,EUR,FR,IT,cajero,atm,0
TXN00004806,CUST000187,2025-10-11 03:50:57.003505,1567.87,GBP,GB,ES,sucursal,pos,0
TXN00004807,CUST000183,2025-06-16 20:20:57.003505,102.94,EUR,IT,IT,sucursal,atm,0
TXN00004808,CUST000059,2025-11-30 01:46:57.003505,46.85,EUR,FR,IT,app,mobile,0
TXN00004809,CUST000142,2025-05-26 17:24:57.003505,2325.24,EUR,DE,DE,cajero,tablet,0
TXN00004810,CUST000160,2026-01-07 19:47:57.003505,679.99,EUR,DE,FR,sucursal,atm,0
TXN00004811,CUST000034,2025-08-29 05:49:57.003505,83.26,EUR,FR,ES,web,pos,0
TXN00004812,CUST000189,2025-09-26 23:27:57.003505,15364.03,EUR,DE,ES,cajero,atm,0
TXN00004813,CUST000135,2025-11-17 00:03:57.003505,1482.17,EUR,ES,DE,web,pos,0
TXN00004814,CUST000001,2025-10-25 07:09:57.003505,958.94,EUR,FR,FR,app,mobile,0
TXN00004815,CUST000058,2025-11-10 01:53:57.003505,6527.23,EUR,FR,IT,sucursal,pos,0
TXN00004816,CUST000012,2025-06-20 13:20:57.107482,81634.67,EUR,IT,NG,web,atm,1
TXN00004817,CUST000131,2025-08-31 19:11:57.003505,439.53,EUR,DE,IT,cajero,atm,0
TXN00004818,CUST000045,2025-11-17 00:19:57.003505,1813.49,USD,GB,FR,app,pos,0
TXN00004819,CUST000135,2025-08-27 23:18:57.003505,2994.76,EUR,ES,ES,cajero,pos,0
TXN00004820,CUST000101,2025-04-15 05:52:57.003505,30.75,EUR,FR,ES,cajero,atm,0
TXN00004821,CUST000033,2025-12-03 18:39:57.003505,8592.98,EUR,IT,FR,app,tablet,0
TXN00004822,CUST000092,2025-07-09 02:44:57.003505,2907.96,EUR,FR,DE,web,mobile,0
TXN00004823,CUST000124,2025-07-17 20:11:57.003505,289.83,EUR,DE,DE,cajero,pos,0
TXN00004824,CUST000178,2025-10-30 01:58:57.003505,106.59,EUR,ES,FR,sucursal,atm,0
TXN00004825,CUST000127,2025-09-12 18:20:57.003505,3619.57,EUR,FR,DE,web,desktop,0
TXN00004826,CUST000177,2025-03-06 06:15:57.003505,816.44,EUR,FR,IT,web,mobile,0
TXN00004827,CUST000101,2025-03-10 23:37:57.003505,128.48,EUR,FR,FR,app,mobile,0
TXN00004828,CUST000069,2025-02-16 07:53:57.003505,423.49,EUR,FR,ES,app,mobile,0
TXN00004829,CUST000182,2025-09-15 09:18:57.003505,3916.94,EUR,FR,GB,sucursal,pos,0
TXN00004830,CUST000159,2025-12-29 05:43:57.003505,11994.62,EUR,GB,GB,cajero,tablet,0
TXN00004831,CUST000020,2026-01-01 07:44:57.107482,296.67,EUR,IT,KP,app,tablet,1
TXN00004832,CUST000071,2025-11-08 03:01:57.003505,10454.24,EUR,FR,GB,sucursal,desktop,0
TXN00004833,CUST000184,2025-07-06 05:54:57.003505,14.81,EUR,FR,FR,web,mobile,0
TXN00004834,CUST000084,2025-02-20 04:53:57.003505,95.66,EUR,ES,ES,cajero,atm,0
TXN00004835,CUST000131,2025-10-13 21:57:57.003505,437.11,EUR,DE,GB,web,pos,0
TXN00004836,CUST000176,2025-08-30 20:49:57.003505,385.26,EUR,ES,IT,web,tablet,0
TXN00004837,CUST000032,2025-07-05 22:42:57.003505,263.48,EUR,FR,FR,app,atm,0
TXN00004838,CUST000087,2025-03-21 00:54:57.003505,938.68,EUR,ES,GB,sucursal,desktop,0
TXN00004839,CUST000064,2025-04-09 05:46:57.003505,664.26,EUR,ES,ES,web,desktop,0
TXN00004840,CUST000095,2026-01-05 19:54:57.003505,342.49,EUR,IT,IT,cajero,atm,0
TXN00004841,CUST000132,2025-03-07 05:41:57.003505,11789.86,EUR,ES,US,cajero,pos,0
TXN00004842,CUST000188,2025-02-15 05:43:57.003505,5171.38,EUR,IT,IT,web,pos,0
TXN00004843,CUST000025,2025-06-10 04:00:57.003505,2258.73,EUR,ES,GB,cajero,tablet,0
TXN00004844,CUST000029,2025-11-24 11:06:57.107482,93521.66,USD,GB,NG,sucursal,desktop,1
TXN00004845,CUST000052,2025-06-12 04:47:57.003505,52.33,EUR,ES,ES,web,mobile,0
TXN00004846,CUST000080,2026-01-01 22:00:57.003505,65.02,EUR,ES,FR,web,desktop,0
TXN00004847,CUST000135,2025-03-31 20:14:57.003505,903.73,EUR,ES,IT,sucursal,tablet,0
TXN00004848,CUST000033,2026-01-03 05:56:57.003505,2432.61,EUR,IT,FR,cajero,pos,0
TXN00004849,CUST000037,2025-03-20 06:46:57.003505,355.07,EUR,ES,FR,app,tablet,0
TXN00004850,CUST000064,2025-08-18 20:30:57.003505,388.63,EUR,ES,FR,web,mobile,0
TXN00004851,CUST000074,2025-05-24 05:40:57.003505,6984.09,EUR,IT,IT,sucursal,pos,0
TXN00004852,CUST000114,2025-09-17 21:49:57.003505,3903.34,EUR,ES,ES,sucursal,tablet,0
TXN00004853,CUST000128,2025-02-02 18:37:57.003505,3923.3,EUR,FR,US,sucursal,desktop,0
TXN00004854,CUST000079,2025-07-23 05:11:57.003505,5778.64,EUR,FR,GB,sucursal,tablet,0
TXN00004855,CUST000127,2025-07-17 02:28:57.003505,5083.06,EUR,FR,DE,cajero,tablet,0
TXN00004856,CUST000100,2025-07-03 21:27:57.003505,12016.96,EUR,GB,US,app,desktop,0
TXN00004857,CUST000004,2025-11-26 02:33:57.003505,1610.03,EUR,DE,FR,web,desktop,0
TXN00004858,CUST000039,2025-12-05 21:22:57.107482,99400.06,EUR,DE,GB,sucursal,atm,1
TXN00004859,CUST000094,2025-12-28 05:24:57.003505,17417.32,GBP,GB,GB,cajero,atm,0
TXN00004860,CUST000151,2025-05-06 09:09:57.003505,3850.89,EUR,ES,IT,cajero,mobile,0
TXN00004861,CUST000030,2025-01-20 20:23:57.107482,53673.8,EUR,GB,DE,app,pos,1
TXN00004862,CUST000138,2025-05-15 02:29:57.003505,6036.63,EUR,FR,IT,web,mobile,0
TXN00004863,CUST000039,2025-07-18 04:30:57.003505,18736.54,EUR,DE,ES,app,atm,0
TXN00004864,CUST000103,2025-05-31 06:38:57.003505,3179.57,EUR,ES,IT,sucursal,atm,0
TXN00004865,CUST000148,2025-02-06 08:59:57.003505,3709.46,EUR,ES,DE,app,atm,0
TXN00004866,CUST000067,2025-08-29 19:59:57.003505,18079.49,EUR,DE,US,sucursal,desktop,0
TXN00004867,CUST000036,2025-05-28 00:33:57.003505,4551.65,EUR,FR,US,cajero,tablet,0
TXN00004868,CUST000044,2025-03-29 10:26:57.107482,5842.26,EUR,ES,DE,app,tablet,1
TXN00004869,CUST000000,2025-02-07 19:53:57.003505,315.33,EUR,DE,ES,cajero,mobile,0
TXN00004870,CUST000132,2025-10-10 19:45:57.003505,4924.25,EUR,ES,GB,cajero,atm,0
TXN00004871,CUST000055,2025-12-15 03:12:57.003505,4872.24,GBP,CH,CH,cajero,pos,0
TXN00004872,CUST000040,2026-01-03 05:16:57.003505,13.56,EUR,IT,ES,cajero,desktop,0
TXN00004873,CUST000120,2025-07-03 21:52:57.003505,288.58,EUR,IT,FR,web,tablet,0
TXN00004874,CUST000034,2025-12-30 20:55:57.003505,114.87,EUR,FR,FR,cajero,desktop,0
TXN00004875,CUST000135,2025-08-23 01:50:57.003505,537.31,EUR,ES,ES,app,atm,0
TXN00004876,CUST000189,2025-06-02 04:14:57.003505,3274.99,EUR,DE,ES,sucursal,desktop,0
TXN00004877,CUST000076,2025-05-10 22:40:57.003505,362.58,EUR,ES,FR,app,tablet,0
TXN00004878,CUST000007,2025-02-26 14:45:57.107482,53148.83,EUR,DE,SY,sucursal,tablet,1
TXN00004879,CUST000077,2025-03-07 22:13:57.003505,5862.93,CHF,CH,FR,web,mobile,0
TXN00004880,CUST000043,2025-04-12 19:20:57.003505,749.52,EUR,CH,ES,sucursal,atm,0
TXN00004881,CUST000065,2025-10-09 04:01:57.003505,642.22,EUR,DE,GB,app,tablet,0
TXN00004882,CUST000037,2025-04-19 19:53:57.003505,156.77,EUR,ES,ES,sucursal,desktop,0
TXN00004883,CUST000111,2025-07-21 04:45:57.003505,27.4,EUR,ES,IT,app,desktop,0
TXN00004884,CUST000005,2025-08-18 18:42:57.003505,449.6,CHF,GB,IT,app,pos,0
TXN00004885,CUST000063,2026-01-16 06:41:57.003505,70.88,EUR,FR,FR,sucursal,desktop,0
TXN00004886,CUST000162,2025-04-20 01:09:57.003505,24295.17,EUR,CH,ES,cajero,desktop,0
TXN00004887,CUST000044,2026-01-13 20:39:57.003505,127.53,EUR,ES,IT,cajero,pos,0
TXN00004888,CUST000167,2025-09-25 05:08:57.003505,3182.46,CHF,US,US,sucursal,mobile,0
TXN00004889,CUST000048,2025-12-03 19:04:57.107482,91111.69,EUR,FR,IT,web,mobile,1
TXN00004890,CUST000178,2025-03-19 05:54:57.003505,450.35,EUR,ES,FR,web,desktop,0
TXN00004891,CUST000060,2025-01-23 18:40:57.003505,777.71,EUR,IT,DE,app,mobile,0
TXN00004892,CUST000161,2025-10-21 01:15:57.003505,94.65,EUR,ES,FR,web,mobile,0
TXN00004893,CUST000155,2025-03-22 06:35:57.003505,258.06,EUR,IT,ES,cajero,atm,0
TXN00004894,CUST000043,2025-08-19 13:55:57.107482,50439.28,GBP,CH,US,cajero,pos,1
TXN00004895,CUST000016,2025-09-29 22:49:57.003505,1863.7,EUR,IT,IT,app,tablet,0
TXN00004896,CUST000077,2025-04-15 23:32:57.003505,3373.72,USD,CH,US,app,desktop,0
TXN00004897,CUST000055,2025-03-31 03:31:57.003505,14976.14,EUR,CH,ES,app,pos,0
TXN00004898,CUST000050,2025-02-03 09:00:57.003505,2141.57,EUR,FR,GB,app,tablet,0
TXN00004899,CUST000141,2025-07-22 08:17:57.003505,765.91,USD,GB,GB,sucursal,desktop,0
TXN00004900,CUST000184,2025-07-01 04:57:57.003505,127.07,EUR,FR,IT,app,mobile,0
TXN00004901,CUST000103,2025-02-08 08:05:57.003505,12135.65,EUR,ES,IT,sucursal,mobile,0
TXN00004902,CUST000054,2025-04-23 20:17:57.003505,151.31,CHF,GB,IT,web,mobile,0
TXN00004903,CUST000174,2025-09-19 07:38:57.003505,1645.09,EUR,IT,GB,app,tablet,0
TXN00004904,CUST000094,2025-04-30 03:51:57.003505,21582.88,EUR,GB,US,web,desktop,0
TXN00004905,CUST000177,2025-07-25 06:27:57.003505,1430.27,EUR,FR,IT,sucursal,pos,0
TXN00004906,CUST000105,2025-11-04 01:34:57.003505,1355.74,CHF,US,FR,app,mobile,0
TXN00004907,CUST000152,2025-12-31 02:18:57.003505,2743.37,CHF,GB,FR,cajero,pos,0
TXN00004908,CUST000133,2025-03-13 20:21:57.003505,25.32,EUR,IT,IT,sucursal,atm,0
TXN00004909,CUST000017,2025-01-21 08:19:57.003505,4457.81,EUR,FR,GB,cajero,tablet,0
TXN00004910,CUST000061,2025-12-31 02:44:57.003505,9629.01,EUR,IT,DE,sucursal,pos,0
TXN00004911,CUST000012,2025-05-21 15:13:57.107482,31022.45,EUR,IT,US,cajero,desktop,1
TXN00004912,CUST000016,2025-04-20 02:26:57.003505,2220.21,EUR,IT,ES,sucursal,pos,0
TXN00004913,CUST000152,2025-09-04 01:07:57.003505,2452.75,GBP,GB,IT,sucursal,atm,0
TXN00004914,CUST000025,2025-08-17 07:42:57.003505,402.71,EUR,ES,FR,sucursal,desktop,0
TXN00004915,CUST000084,2025-08-03 07:21:57.003505,24.34,EUR,ES,FR,app,atm,0
TXN00004916,CUST000091,2025-06-27 03:40:57.003505,9093.57,EUR,GB,ES,sucursal,tablet,0
TXN00004917,CUST000010,2025-06-23 18:50:57.003505,1657.43,EUR,FR,FR,app,pos,0
TXN00004918,CUST000102,2025-05-29 21:14:57.003505,900.61,EUR,FR,DE,app,tablet,0
TXN00004919,CUST000038,2025-05-11 01:21:57.003505,724.23,EUR,ES,IT,web,mobile,0
TXN00004920,CUST000125,2025-11-18 05:03:57.003505,5934.11,GBP,US,GB,web,mobile,0
TXN00004921,CUST000096,2025-10-23 02:00:57.003505,20615.29,EUR,ES,GB,web,atm,0
TXN00004922,CUST000172,2025-03-02 21:43:57.003505,285.5,EUR,FR,GB,web,atm,0
TXN00004923,CUST000030,2025-01-16 06:17:57.003505,391.34,EUR,GB,IT,sucursal,desktop,0
TXN00004924,CUST000100,2025-09-18 03:12:57.003505,3733.91,EUR,GB,GB,app,mobile,0
TXN00004925,CUST000170,2025-12-02 03:02:57.003505,7499.47,EUR,US,CH,app,mobile,0
TXN00004926,CUST000186,2025-12-28 00:22:57.003505,2375.1,EUR,IT,GB,sucursal,mobile,0
TXN00004927,CUST000005,2025-12-18 03:51:57.003505,340.54,GBP,GB,GB,app,pos,0
TXN00004928,CUST000039,2025-05-30 05:41:57.003505,18996.87,EUR,DE,CH,web,mobile,0
TXN00004929,CUST000081,2025-06-07 02:18:57.003505,7601.28,GBP,CH,FR,sucursal,mobile,0
TXN00004930,CUST000126,2026-01-14 02:32:57.003505,890.72,EUR,DE,FR,sucursal,pos,0
TXN00004931,CUST000007,2025-08-15 00:12:57.003505,3678.78,EUR,DE,ES,web,desktop,0
TXN00004932,CUST000188,2025-02-22 01:31:57.003505,1839.81,EUR,IT,GB,sucursal,desktop,0
TXN00004933,CUST000036,2025-10-02 22:56:57.003505,1875.83,EUR,FR,ES,cajero,tablet,0
TXN00004934,CUST000137,2025-12-06 02:01:57.003505,1102.53,EUR,FR,ES,web,tablet,0
TXN00004935,CUST000006,2025-02-09 23:48:57.003505,385.73,EUR,FR,FR,sucursal,tablet,0
TXN00004936,CUST000096,2026-01-16 05:36:57.003505,3180.75,EUR,ES,US,cajero,atm,0
TXN00004937,CUST000076,2025-02-19 23:08:57.003505,90.67,EUR,ES,IT,cajero,pos,0
TXN00004938,CUST000083,2025-09-23 06:44:57.003505,152.8,EUR,ES,FR,app,tablet,0
TXN00004939,CUST000062,2025-11-25 19:19:57.003505,780.66,EUR,IT,DE,app,pos,0
TXN00004940,CUST000158,2025-01-20 08:28:57.003505,188.74,CHF,GB,ES,app,tablet,0
TXN00004941,CUST000060,2025-12-31 06:18:57.003505,113.21,EUR,IT,ES,app,pos,0
TXN00004942,CUST000032,2025-04-15 20:24:57.003505,183.23,EUR,FR,ES,app,pos,0
TXN00004943,CUST000059,2025-07-22 02:51:57.003505,71.44,EUR,FR,IT,sucursal,mobile,0
TXN00004944,CUST000099,2026-01-08 01:42:57.003505,309.47,EUR,IT,IT,cajero,desktop,0
TXN00004945,CUST000135,2025-03-14 18:49:57.003505,2516.68,EUR,ES,FR,web,atm,0
TXN00004946,CUST000031,2025-11-08 05:49:57.003505,6725.97,EUR,ES,ES,app,tablet,0
TXN00004947,CUST000158,2025-10-25 08:23:57.003505,754.0,USD,GB,FR,web,pos,0
TXN00004948,CUST000137,2025-04-28 08:45:57.003505,2321.3,EUR,FR,GB,web,mobile,0
TXN00004949,CUST000147,2025-07-08 07:09:57.003505,4203.7,GBP,US,IT,web,tablet,0
TXN00004950,CUST000053,2025-08-27 08:39:57.003505,3568.73,EUR,FR,IT,app,desktop,0
TXN00004951,CUST000019,2025-10-13 04:07:57.107482,35073.93,EUR,DE,RU,web,atm,1
TXN00004952,CUST000173,2025-10-26 00:20:57.003505,8550.03,EUR,DE,DE,app,tablet,0
TXN00004953,CUST000183,2025-03-05 22:23:57.003505,140.3,EUR,IT,FR,app,desktop,0
TXN00004954,CUST000074,2025-05-12 23:57:57.003505,1909.7,EUR,IT,GB,web,mobile,0
TXN00004955,CUST000017,2025-02-01 18:19:57.003505,4854.57,EUR,FR,IT,sucursal,pos,0
TXN00004956,CUST000134,2025-11-13 06:34:57.003505,110.25,EUR,FR,IT,cajero,pos,0
TXN00004957,CUST000118,2025-07-11 18:04:57.003505,18045.29,EUR,DE,CH,web,mobile,0
TXN00004958,CUST000177,2025-11-17 21:10:57.003505,647.47,EUR,FR,DE,web,pos,0
TXN00004959,CUST000175,2025-08-15 20:32:57.003505,8234.83,CHF,CH,CH,sucursal,atm,0
TXN00004960,CUST000182,2025-04-01 09:38:57.003505,1316.61,EUR,FR,US,app,desktop,0
TXN00004961,CUST000114,2025-08-21 02:37:57.003505,3170.95,EUR,ES,DE,app,pos,0
TXN00004962,CUST000111,2025-08-05 20:56:57.003505,68.87,EUR,ES,FR,cajero,mobile,0
TXN00004963,CUST000035,2025-12-23 21:43:57.003505,759.53,EUR,DE,ES,sucursal,atm,0
TXN00004964,CUST000052,2025-03-08 01:32:57.003505,122.57,EUR,ES,FR,web,tablet,0
TXN00004965,CUST000160,2025-09-18 20:26:57.003505,822.56,EUR,DE,GB,app,tablet,0
TXN00004966,CUST000012,2025-07-19 07:40:57.003505,4729.6,EUR,IT,GB,cajero,tablet,0
TXN00004967,CUST000089,2025-01-20 00:07:57.003505,202.61,EUR,ES,FR,sucursal,mobile,0
TXN00004968,CUST000087,2025-11-04 20:09:57.003505,823.85,EUR,ES,FR,sucursal,desktop,0
TXN00004969,CUST000183,2025-03-15 06:31:57.003505,129.24,EUR,IT,IT,sucursal,atm,0
TXN00004970,CUST000005,2025-03-26 23:03:57.003505,845.91,USD,GB,IT,cajero,pos,0
TXN00004971,CUST000023,2025-12-28 00:15:57.003505,3011.82,EUR,FR,CH,app,atm,0
TXN00004972,CUST000079,2025-05-31 04:58:57.003505,6562.46,EUR,FR,FR,sucursal,desktop,0
TXN00004973,CUST000076,2025-11-05 06:44:57.003505,125.36,EUR,ES,ES,sucursal,pos,0
TXN00004974,CUST000030,2026-01-06 20:24:57.003505,759.07,USD,GB,GB,sucursal,mobile,0
TXN00004975,CUST000038,2025-08-22 21:03:57.003505,2977.22,EUR,ES,IT,sucursal,atm,0
TXN00004976,CUST000049,2025-01-27 10:02:57.107482,8811.4,EUR,ES,GB,app,mobile,1
TXN00004977,CUST000135,2025-02-17 02:18:57.003505,601.47,EUR,ES,IT,sucursal,desktop,0
TXN00004978,CUST000006,2025-04-23 15:19:57.107482,40129.9,EUR,FR,RU,app,pos,1
TXN00004979,CUST000127,2025-07-19 07:39:57.003505,8673.97,EUR,FR,GB,cajero,pos,0
TXN00004980,CUST000125,2025-05-14 22:41:57.003505,5550.23,GBP,US,US,web,mobile,0
TXN00004981,CUST000162,2025-02-27 00:31:57.003505,4015.5,EUR,CH,FR,app,pos,0
TXN00004982,CUST000087,2025-07-20 20:24:57.003505,318.54,EUR,ES,GB,app,mobile,0
TXN00004983,CUST000164,2026-01-15 03:06:57.003505,9520.53,GBP,US,IT,app,mobile,0
TXN00004984,CUST000099,2025-07-31 21:39:57.003505,135.76,EUR,IT,IT,sucursal,mobile,0
TXN00004985,CUST000143,2025-12-02 09:11:57.003505,14883.52,EUR,ES,GB,cajero,tablet,0
TXN00004986,CUST000095,2025-08-05 19:41:57.003505,105.39,EUR,IT,FR,app,atm,0
TXN00004987,CUST000062,2025-11-02 08:30:57.003505,723.83,EUR,IT,GB,cajero,mobile,0
TXN00004988,CUST000137,2025-02-24 22:33:57.003505,341.4,EUR,FR,FR,app,pos,0
TXN00004989,CUST000122,2025-04-18 00:27:57.003505,1067.22,CHF,GB,IT,sucursal,desktop,0
TXN00004990,CUST000186,2025-05-26 18:30:57.003505,7348.68,EUR,IT,US,app,mobile,0
TXN00004991,CUST000172,2025-11-26 00:31:57.003505,909.41,EUR,FR,IT,cajero,pos,0
TXN00004992,CUST000036,2025-04-13 18:05:57.003505,2399.9,EUR,FR,ES,web,pos,0
TXN00004993,CUST000002,2025-11-02 11:32:57.107482,54734.15,EUR,ES,IR,app,tablet,1
TXN00004994,CUST000148,2025-11-03 19:57:57.003505,1153.65,EUR,ES,GB,app,tablet,0
TXN00004995,CUST000066,2025-07-02 04:01:57.003505,125.37,EUR,DE,ES,cajero,atm,0
TXN00004996,CUST000077,2025-09-23 21:39:57.003505,14594.46,EUR,CH,FR,sucursal,tablet,0
TXN00004997,CUST000178,2025-06-12 19:44:57.003505,111.17,EUR,ES,IT,web,tablet,0
TXN00004998,CUST000038,2025-12-17 05:27:57.003505,895.13,EUR,ES,FR,cajero,mobile,0
TXN00004999,CUST000038,2025-11-06 20:54:57.003505,904.32,EUR,ES,ES,web,pos,0
TXN00005000,CUST000160,2025-09-13 08:54:57.003505,443.35,EUR,DE,FR,web,pos,0
TXN00005001,CUST000027,2025-07-05 01:54:57.003505,10.99,EUR,FR,IT,sucursal,tablet,0
TXN00005002,CUST000035,2025-05-19 08:18:57.003505,2853.03,EUR,DE,FR,web,mobile,0
TXN00005003,CUST000080,2025-05-23 07:53:57.003505,53.65,EUR,ES,FR,cajero,tablet,0
TXN00005004,CUST000092,2025-01-17 02:36:57.003505,1290.28,EUR,FR,FR,web,atm,0
TXN00005005,CUST000153,2025-09-29 08:07:57.003505,524.39,EUR,ES,IT,sucursal,desktop,0
TXN00005006,CUST000058,2025-05-01 01:13:57.003505,5072.84,EUR,FR,IT,sucursal,atm,0
TXN00005007,CUST000023,2025-10-28 22:26:57.003505,5770.55,EUR,FR,US,app,pos,0
TXN00005008,CUST000106,2025-11-10 04:27:57.003505,152.08,EUR,FR,ES,app,tablet,0
TXN00005009,CUST000023,2025-09-18 21:12:57.003505,808.61,EUR,FR,ES,cajero,mobile,0
TXN00005010,CUST000184,2025-08-27 21:03:57.003505,68.45,EUR,FR,ES,cajero,tablet,0
TXN00005011,CUST000109,2025-06-25 05:43:57.003505,3160.96,USD,CH,DE,sucursal,mobile,0
TXN00005012,CUST000163,2025-11-28 01:37:57.003505,105.61,EUR,ES,FR,app,desktop,0
TXN00005013,CUST000063,2025-03-29 02:37:57.003505,322.68,EUR,FR,IT,cajero,atm,0
TXN00005014,CUST000029,2025-06-13 09:03:57.003505,10752.28,EUR,GB,DE,web,mobile,0
TXN00005015,CUST000078,2025-04-05 18:52:57.003505,6765.74,EUR,DE,CH,cajero,pos,0
TXN00005016,CUST000184,2025-06-24 20:39:57.003505,12.93,EUR,FR,FR,web,atm,0
TXN00005017,CUST000020,2025-01-28 12:09:57.107482,635.29,EUR,IT,IT,web,mobile,1
TXN00005018,CUST000110,2025-07-28 19:52:57.003505,224.53,EUR,ES,FR,app,tablet,0
TXN00005019,CUST000067,2025-10-16 00:59:57.003505,1694.23,EUR,DE,ES,app,tablet,0
TXN00005020,CUST000174,2025-07-18 21:16:57.003505,283.67,EUR,IT,ES,web,tablet,0
TXN00005021,CUST000056,2025-05-02 04:31:57.003505,151.03,GBP,GB,ES,app,tablet,0
TXN00005022,CUST000021,2025-05-19 03:52:57.003505,154.37,EUR,FR,IT,web,mobile,0
TXN00005023,CUST000145,2025-06-07 20:58:57.003505,685.52,EUR,DE,GB,app,tablet,0
TXN00005024,CUST000094,2025-10-24 04:22:57.003505,3627.45,CHF,GB,DE,cajero,tablet,0
TXN00005025,CUST000083,2025-06-04 04:25:57.003505,405.5,EUR,ES,ES,sucursal,mobile,0
TXN00005026,CUST000079,2025-11-08 23:23:57.003505,1488.62,EUR,FR,ES,app,tablet,0
TXN00005027,CUST000006,2025-08-24 06:20:57.003505,46.74,EUR,FR,ES,app,pos,0
TXN00005028,CUST000000,2025-12-29 07:53:57.003505,691.57,EUR,DE,FR,app,tablet,0
TXN00005029,CUST000032,2025-08-19 01:57:57.003505,243.47,EUR,FR,FR,sucursal,atm,0
TXN00005030,CUST000054,2025-06-17 08:01:57.003505,410.85,CHF,GB,DE,sucursal,tablet,0
TXN00005031,CUST000175,2025-07-04 23:24:57.003505,6164.02,EUR,CH,US,cajero,atm,0
TXN00005032,CUST000162,2025-12-16 01:40:57.003505,4055.83,EUR,CH,CH,web,desktop,0
TXN00005033,CUST000098,2025-08-26 05:23:57.003505,594.78,EUR,IT,DE,app,tablet,0
TXN00005034,CUST000177,2025-11-20 01:54:57.003505,149.27,EUR,FR,IT,web,atm,0
TXN00005035,CUST000009,2025-12-01 19:08:57.003505,1450.91,EUR,FR,ES,cajero,mobile,0
TXN00005036,CUST000050,2025-09-12 23:19:57.003505,8667.1,EUR,FR,US,web,atm,0
TXN00005037,CUST000119,2025-08-15 20:57:57.003505,1855.76,EUR,US,US,sucursal,atm,0
TXN00005038,CUST000123,2025-11-07 04:26:57.003505,399.19,EUR,FR,IT,app,atm,0
TXN00005039,CUST000059,2025-12-13 00:02:57.003505,70.0,EUR,FR,IT,web,atm,0
TXN00005040,CUST000012,2025-08-02 22:20:57.003505,2623.43,EUR,IT,GB,sucursal,mobile,0
TXN00005041,CUST000137,2025-12-31 07:59:57.003505,400.37,EUR,FR,FR,cajero,pos,0
TXN00005042,CUST000093,2025-09-25 04:07:57.003505,4856.33,EUR,FR,GB,app,atm,0
TXN00005043,CUST000128,2025-11-19 03:43:57.003505,10329.25,EUR,FR,ES,sucursal,pos,0
TXN00005044,CUST000125,2025-10-03 20:02:57.003505,14860.4,CHF,US,DE,web,desktop,0
TXN00005045,CUST000032,2025-10-21 03:32:57.003505,378.85,EUR,FR,FR,cajero,desktop,0
TXN00005046,CUST000037,2025-11-27 22:29:57.003505,153.49,EUR,ES,ES,cajero,pos,0
TXN00005047,CUST000011,2025-07-06 11:33:57.107482,16544.65,EUR,ES,PK,cajero,atm,1
TXN00005048,CUST000177,2025-09-29 20:32:57.003505,466.21,EUR,FR,ES,web,atm,0
TXN00005049,CUST000165,2025-12-08 02:50:57.003505,415.86,EUR,FR,IT,app,mobile,0
TXN00005050,CUST000054,2025-10-25 19:16:57.003505,437.86,GBP,GB,FR,sucursal,tablet,0
TXN00005051,CUST000141,2025-06-22 19:26:57.003505,869.29,CHF,GB,IT,sucursal,pos,0
TXN00005052,CUST000120,2025-05-31 00:00:57.003505,38.6,EUR,IT,FR,cajero,atm,0
TXN00005053,CUST000147,2025-10-11 03:00:57.003505,10445.4,USD,US,IT,sucursal,mobile,0
TXN00005054,CUST000124,2025-11-13 03:07:57.003505,107.2,EUR,DE,DE,app,atm,0
TXN00005055,CUST000025,2025-05-10 01:22:57.003505,134.51,EUR,ES,GB,web,desktop,0
TXN00005056,CUST000168,2025-08-30 02:32:57.003505,378.7,EUR,IT,ES,app,mobile,0
TXN00005057,CUST000189,2025-01-31 02:35:57.003505,1393.71,EUR,DE,ES,app,mobile,0
TXN00005058,CUST000069,2025-01-30 06:37:57.003505,401.35,EUR,FR,FR,web,tablet,0
TXN00005059,CUST000102,2025-11-15 22:39:57.003505,8128.2,EUR,FR,DE,sucursal,pos,0
TXN00005060,CUST000030,2025-04-23 01:46:57.003505,1539.7,EUR,GB,DE,sucursal,desktop,0
TXN00005061,CUST000102,2025-03-01 19:24:57.003505,4912.89,EUR,FR,FR,web,desktop,0
TXN00005062,CUST000153,2025-10-01 18:38:57.003505,110.34,EUR,ES,IT,app,desktop,0
TXN00005063,CUST000097,2025-01-25 18:52:57.003505,871.82,EUR,GB,ES,app,atm,0
TXN00005064,CUST000109,2025-06-27 02:27:57.003505,2037.64,GBP,CH,FR,app,atm,0
TXN00005065,CUST000151,2025-09-16 00:55:57.003505,2705.7,EUR,ES,ES,sucursal,mobile,0
TXN00005066,CUST000110,2025-07-31 23:44:57.003505,86.06,EUR,ES,IT,sucursal,tablet,0
TXN00005067,CUST000156,2025-09-29 05:55:57.003505,152.82,EUR,FR,FR,sucursal,atm,0
TXN00005068,CUST000098,2025-08-07 23:34:57.003505,351.29,EUR,IT,IT,sucursal,pos,0
TXN00005069,CUST000032,2025-10-08 07:30:57.003505,10.88,EUR,FR,ES,web,desktop,0
TXN00005070,CUST000047,2025-08-18 00:00:57.003505,13027.48,EUR,ES,DE,web,pos,0
TXN00005071,CUST000159,2025-12-27 01:13:57.003505,3486.92,USD,GB,US,sucursal,mobile,0
TXN00005072,CUST000062,2025-12-30 02:35:57.003505,896.17,EUR,IT,FR,app,mobile,0
TXN00005073,CUST000122,2026-01-14 06:22:57.003505,399.81,USD,GB,GB,sucursal,tablet,0
TXN00005074,CUST000043,2025-03-05 03:03:57.003505,6719.63,GBP,CH,ES,web,desktop,0
TXN00005075,CUST000186,2026-01-06 22:53:57.003505,3345.71,EUR,IT,IT,app,mobile,0
TXN00005076,CUST000080,2025-04-17 04:57:57.003505,65.32,EUR,ES,IT,sucursal,desktop,0
TXN00005077,CUST000131,2025-04-08 22:38:57.003505,995.44,EUR,DE,ES,app,tablet,0
TXN00005078,CUST000026,2025-06-11 13:42:57.107482,93951.45,EUR,FR,SY,app,desktop,1
TXN00005079,CUST000035,2025-07-17 08:34:57.003505,204.61,EUR,DE,GB,app,pos,0
TXN00005080,CUST000046,2025-12-27 00:22:57.003505,2354.07,USD,GB,ES,web,pos,0
TXN00005081,CUST000099,2025-08-26 07:05:57.003505,15.35,EUR,IT,FR,web,pos,0
TXN00005082,CUST000005,2025-08-15 23:16:57.107482,49162.75,EUR,GB,ES,web,desktop,1
TXN00005083,CUST000070,2025-10-13 04:10:57.003505,174.26,EUR,ES,IT,cajero,tablet,0
TXN00005084,CUST000043,2025-09-29 20:44:57.003505,7176.35,EUR,CH,ES,sucursal,tablet,0
TXN00005085,CUST000021,2025-12-19 22:09:57.003505,44.25,EUR,FR,ES,app,mobile,0
TXN00005086,CUST000116,2025-05-08 00:21:57.003505,11629.6,EUR,FR,DE,app,tablet,0
TXN00005087,CUST000107,2025-07-25 02:08:57.003505,641.04,EUR,DE,ES,web,mobile,0
TXN00005088,CUST000077,2025-09-06 21:55:57.003505,18803.09,GBP,CH,ES,app,desktop,0
TXN00005089,CUST000063,2025-09-15 06:37:57.003505,120.34,EUR,FR,IT,cajero,mobile,0
TXN00005090,CUST000034,2025-02-27 23:20:57.003505,39.33,EUR,FR,IT,sucursal,pos,0
TXN00005091,CUST000187,2025-01-28 01:42:57.003505,3751.21,CHF,GB,IT,cajero,tablet,0
TXN00005092,CUST000133,2025-03-18 23:29:57.003505,112.09,EUR,IT,IT,app,pos,0
TXN00005093,CUST000166,2025-11-28 06:50:57.003505,1754.13,GBP,GB,GB,sucursal,pos,0
TXN00005094,CUST000168,2025-04-28 01:03:57.003505,694.12,EUR,IT,FR,sucursal,tablet,0
TXN00005095,CUST000040,2025-12-24 20:41:57.107482,543.67,EUR,IT,CN,app,pos,1
TXN00005096,CUST000176,2025-07-19 23:48:57.003505,394.1,EUR,ES,GB,cajero,pos,0
TXN00005097,CUST000008,2025-04-28 09:23:57.003505,8866.22,EUR,IT,GB,sucursal,atm,0
TXN00005098,CUST000153,2025-11-29 08:41:57.003505,801.33,EUR,ES,DE,app,atm,0
TXN00005099,CUST000003,2025-01-20 02:54:57.003505,155.97,EUR,ES,IT,web,atm,0
TXN00005100,CUST000067,2025-09-02 20:16:57.003505,2184.77,EUR,DE,US,web,atm,0
TXN00005101,CUST000098,2025-07-05 23:38:57.003505,118.97,EUR,IT,FR,web,pos,0
TXN00005102,CUST000083,2025-09-19 19:05:57.003505,52.88,EUR,ES,IT,cajero,atm,0
TXN00005103,CUST000103,2025-12-26 09:34:57.003505,3457.81,EUR,ES,DE,web,atm,0
TXN00005104,CUST000032,2026-01-06 01:50:57.003505,34.67,EUR,FR,IT,app,mobile,0
TXN00005105,CUST000112,2025-03-27 04:20:57.003505,2947.1,CHF,US,GB,cajero,mobile,0
TXN00005106,CUST000163,2025-12-07 07:46:57.003505,129.55,EUR,ES,FR,sucursal,mobile,0
TXN00005107,CUST000021,2025-09-15 23:54:57.003505,68.99,EUR,FR,ES,sucursal,desktop,0
TXN00005108,CUST000165,2025-01-27 22:50:57.003505,655.52,EUR,FR,DE,app,atm,0
TXN00005109,CUST000120,2025-08-25 06:49:57.003505,84.28,EUR,IT,ES,sucursal,desktop,0
TXN00005110,CUST000148,2025-07-29 05:53:57.003505,2257.04,EUR,ES,ES,sucursal,pos,0
TXN00005111,CUST000090,2025-02-23 02:39:57.003505,7401.85,CHF,GB,US,sucursal,atm,0
TXN00005112,CUST000008,2025-07-25 18:15:57.003505,8574.28,EUR,IT,GB,app,mobile,0
TXN00005113,CUST000136,2025-06-27 07:35:57.003505,47.48,EUR,FR,FR,sucursal,mobile,0
TXN00005114,CUST000070,2025-03-17 19:08:57.003505,75.43,EUR,ES,ES,web,atm,0
TXN00005115,CUST000019,2025-07-02 18:02:57.003505,4161.11,EUR,DE,DE,web,atm,0
TXN00005116,CUST000086,2025-08-25 23:04:57.003505,5124.17,EUR,ES,IT,web,mobile,0
TXN00005117,CUST000168,2025-10-30 23:03:57.003505,884.74,EUR,IT,ES,web,desktop,0
TXN00005118,CUST000075,2025-03-23 20:51:57.003505,3553.95,EUR,FR,GB,cajero,pos,0
TXN00005119,CUST000053,2025-03-28 21:24:57.003505,14373.68,EUR,FR,IT,sucursal,mobile,0
TXN00005120,CUST000182,2025-09-04 04:11:57.003505,3330.99,EUR,FR,GB,app,atm,0
TXN00005121,CUST000184,2025-04-16 00:47:57.003505,205.23,EUR,FR,ES,app,tablet,0
TXN00005122,CUST000171,2025-10-24 08:42:57.003505,4263.68,EUR,IT,IT,web,atm,0
TXN00005123,CUST000138,2026-01-16 02:58:57.003505,3172.16,EUR,FR,FR,web,pos,0
TXN00005124,CUST000085,2026-01-01 19:17:57.003505,489.14,EUR,FR,IT,app,desktop,0
TXN00005125,CUST000050,2025-12-09 02:49:57.003505,2745.11,EUR,FR,FR,sucursal,tablet,0
TXN00005126,CUST000175,2025-08-19 17:49:57.003505,1204.15,CHF,CH,US,app,tablet,0
TXN00005127,CUST000040,2025-06-20 23:15:57.003505,71.64,EUR,IT,FR,sucursal,atm,0
TXN00005128,CUST000161,2025-09-13 22:59:57.003505,39.28,EUR,ES,IT,web,mobile,0
TXN00005129,CUST000161,2026-01-04 03:08:57.003505,38.2,EUR,ES,ES,web,tablet,0
TXN00005130,CUST000017,2025-09-14 18:13:57.003505,1684.01,EUR,FR,GB,app,pos,0
TXN00005131,CUST000162,2025-01-26 20:28:57.003505,4310.02,GBP,CH,ES,cajero,mobile,0
TXN00005132,CUST000165,2025-03-22 21:55:57.003505,245.53,EUR,FR,FR,sucursal,mobile,0
TXN00005133,CUST000129,2025-06-13 09:49:57.003505,3962.9,USD,US,GB,sucursal,tablet,0
TXN00005134,CUST000154,2025-08-13 07:02:57.003505,1232.6,EUR,ES,ES,web,mobile,0
TXN00005135,CUST000012,2025-12-12 20:43:57.003505,4379.81,EUR,IT,IT,sucursal,tablet,0
TXN00005136,CUST000091,2025-02-22 23:36:57.003505,5858.92,GBP,GB,DE,sucursal,mobile,0
TXN00005137,CUST000020,2025-01-18 02:27:57.003505,113.02,EUR,IT,IT,cajero,mobile,0
TXN00005138,CUST000067,2025-03-24 18:52:57.003505,24134.52,EUR,DE,DE,web,mobile,0
TXN00005139,CUST000031,2025-12-01 19:30:57.003505,826.18,EUR,ES,CH,cajero,mobile,0
TXN00005140,CUST000033,2025-01-18 05:12:57.003505,2264.88,EUR,IT,FR,app,tablet,0
TXN00005141,CUST000018,2025-01-30 01:25:57.003505,267.06,EUR,FR,FR,app,tablet,0
TXN00005142,CUST000024,2025-06-30 21:17:57.003505,1243.44,EUR,FR,US,sucursal,mobile,0
TXN00005143,CUST000175,2025-07-28 05:17:57.003505,16516.19,CHF,CH,ES,web,desktop,0
TXN00005144,CUST000106,2025-10-26 04:19:57.003505,337.58,EUR,FR,ES,sucursal,atm,0
TXN00005145,CUST000047,2025-11-10 23:03:57.003505,6558.17,EUR,ES,US,sucursal,pos,0
TXN00005146,CUST000102,2025-10-01 03:08:57.003505,1364.73,EUR,FR,CH,cajero,pos,0
TXN00005147,CUST000100,2025-03-28 22:22:57.003505,9802.64,GBP,GB,US,app,atm,0
TXN00005148,CUST000086,2025-02-04 03:54:57.003505,10237.74,EUR,ES,ES,cajero,mobile,0
TXN00005149,CUST000121,2025-10-27 04:02:57.003505,101.46,EUR,ES,FR,app,desktop,0
TXN00005150,CUST000123,2025-03-03 03:26:57.003505,1553.92,EUR,FR,GB,cajero,pos,0
TXN00005151,CUST000143,2025-12-05 05:42:57.003505,2815.09,EUR,ES,GB,cajero,atm,0
TXN00005152,CUST000042,2025-04-07 01:25:57.003505,4518.53,EUR,ES,DE,cajero,pos,0
TXN00005153,CUST000019,2025-09-16 14:09:57.107482,57896.59,EUR,DE,NG,cajero,desktop,1
TXN00005154,CUST000078,2025-07-08 00:48:57.003505,2596.27,EUR,DE,FR,app,desktop,0
TXN00005155,CUST000045,2025-06-11 08:14:57.003505,819.32,EUR,GB,ES,sucursal,atm,0
TXN00005156,CUST000050,2025-12-08 23:24:57.003505,4614.75,EUR,FR,IT,app,atm,0
TXN00005157,CUST000165,2025-03-12 19:16:57.003505,501.03,EUR,FR,ES,sucursal,mobile,0
TXN00005158,CUST000164,2025-03-09 01:02:57.003505,1183.24,CHF,US,US,app,tablet,0
TXN00005159,CUST000056,2025-10-25 23:16:57.003505,2012.31,USD,GB,FR,web,mobile,0
TXN00005160,CUST000156,2025-08-03 03:38:57.003505,74.5,EUR,FR,IT,web,desktop,0
TXN00005161,CUST000045,2025-12-09 04:04:57.003505,309.97,GBP,GB,FR,cajero,atm,0
TXN00005162,CUST000185,2025-05-03 00:40:57.003505,343.13,GBP,GB,GB,cajero,tablet,0
TXN00005163,CUST000188,2026-01-07 20:24:57.003505,14763.77,EUR,IT,GB,cajero,atm,0
TXN00005164,CUST000150,2025-11-27 07:12:57.003505,12025.36,EUR,ES,IT,sucursal,desktop,0
TXN00005165,CUST000013,2025-11-20 18:30:57.107482,3550.41,CHF,GB,CN,web,desktop,1
TXN00005166,CUST000025,2025-12-09 05:43:57.003505,1431.75,EUR,ES,IT,sucursal,mobile,0
TXN00005167,CUST000080,2025-04-30 21:08:57.003505,105.46,EUR,ES,ES,cajero,tablet,0
TXN00005168,CUST000051,2025-09-23 05:56:57.003505,527.95,EUR,DE,DE,app,desktop,0
TXN00005169,CUST000046,2025-11-20 23:14:57.003505,6754.72,EUR,GB,ES,sucursal,mobile,0
TXN00005170,CUST000052,2025-06-30 22:26:57.003505,133.14,EUR,ES,FR,web,mobile,0
TXN00005171,CUST000068,2025-02-06 06:31:57.003505,1450.94,EUR,ES,DE,app,pos,0
TXN00005172,CUST000079,2025-04-06 05:45:57.003505,19774.9,EUR,FR,DE,cajero,mobile,0
TXN00005173,CUST000012,2025-07-13 19:24:57.003505,3480.27,EUR,IT,IT,cajero,tablet,0
TXN00005174,CUST000012,2025-10-07 19:41:57.003505,3155.35,EUR,IT,ES,sucursal,mobile,0
TXN00005175,CUST000142,2025-08-05 05:35:57.003505,16465.42,EUR,DE,ES,web,pos,0
TXN00005176,CUST000171,2025-03-30 06:17:57.003505,3646.94,EUR,IT,US,web,tablet,0
TXN00005177,CUST000038,2026-01-07 19:42:57.003505,528.6,EUR,ES,FR,web,desktop,0
TXN00005178,CUST000125,2025-08-11 21:05:57.003505,6751.61,CHF,US,GB,sucursal,atm,0
TXN00005179,CUST000104,2025-11-06 23:32:57.003505,699.73,EUR,ES,FR,sucursal,atm,0
TXN00005180,CUST000166,2025-02-26 18:26:57.003505,3338.46,CHF,GB,DE,web,mobile,0
TXN00005181,CUST000088,2025-12-13 22:10:57.003505,1101.15,EUR,DE,ES,app,tablet,0
TXN00005182,CUST000141,2025-08-20 19:38:57.003505,426.07,USD,GB,ES,app,mobile,0
TXN00005183,CUST000016,2025-10-22 23:45:57.107482,5033.93,EUR,IT,YE,sucursal,pos,1
TXN00005184,CUST000036,2025-05-16 22:15:57.003505,4845.68,EUR,FR,US,cajero,pos,0
TXN00005185,CUST000112,2025-11-02 18:06:57.003505,3264.47,GBP,US,FR,web,desktop,0
TXN00005186,CUST000098,2025-02-24 22:05:57.003505,1784.17,EUR,IT,IT,app,atm,0
TXN00005187,CUST000026,2025-09-03 14:07:57.107482,74279.8,EUR,FR,CN,app,mobile,1
TXN00005188,CUST000052,2025-03-13 22:28:57.003505,34.91,EUR,ES,IT,app,mobile,0
TXN00005189,CUST000095,2025-05-11 05:15:57.003505,126.82,EUR,IT,FR,cajero,tablet,0
TXN00005190,CUST000113,2025-11-20 17:31:57.003505,610.95,CHF,CH,ES,cajero,tablet,0
TXN00005191,CUST000069,2025-09-26 22:36:57.003505,281.45,EUR,FR,IT,web,tablet,0
TXN00005192,CUST000066,2025-11-21 22:31:57.003505,570.86,EUR,DE,GB,cajero,mobile,0
TXN00005193,CUST000084,2025-11-28 22:43:57.003505,248.65,EUR,ES,FR,app,mobile,0
TXN00005194,CUST000066,2025-02-22 18:17:57.003505,217.08,EUR,DE,GB,app,mobile,0
TXN00005195,CUST000165,2025-10-24 01:14:57.003505,632.35,EUR,FR,GB,sucursal,tablet,0
TXN00005196,CUST000114,2025-07-09 23:21:57.003505,3590.32,EUR,ES,FR,cajero,atm,0
TXN00005197,CUST000100,2025-11-11 22:26:57.003505,1707.21,EUR,GB,FR,sucursal,tablet,0
TXN00005198,CUST000122,2025-09-24 20:41:57.003505,145.9,USD,GB,IT,app,atm,0
TXN00005199,CUST000098,2025-10-10 05:56:57.003505,243.9,EUR,IT,DE,cajero,desktop,0
TXN00005200,CUST000187,2025-03-12 02:19:57.003505,2248.74,CHF,GB,FR,cajero,atm,0
TXN00005201,CUST000085,2025-12-07 02:07:57.003505,1434.05,EUR,FR,FR,sucursal,mobile,0
TXN00005202,CUST000015,2025-12-08 10:09:57.107482,79007.42,EUR,FR,SY,sucursal,desktop,1
TXN00005203,CUST000147,2025-06-29 20:45:57.003505,11129.72,USD,US,IT,app,pos,0
TXN00005204,CUST000123,2025-05-03 21:10:57.003505,2375.45,EUR,FR,DE,cajero,pos,0
TXN00005205,CUST000097,2025-04-16 21:59:57.003505,17487.56,GBP,GB,FR,sucursal,tablet,0
TXN00005206,CUST000145,2025-07-15 23:59:57.003505,783.54,EUR,DE,IT,web,pos,0
TXN00005207,CUST000004,2025-01-30 23:06:57.003505,1112.96,EUR,DE,GB,app,mobile,0
TXN00005208,CUST000025,2025-10-16 05:52:57.003505,576.81,EUR,ES,ES,web,tablet,0
TXN00005209,CUST000187,2025-03-25 05:17:57.003505,3894.85,CHF,GB,ES,sucursal,pos,0
TXN00005210,CUST000096,2026-01-09 22:07:57.003505,7124.37,EUR,ES,CH,cajero,desktop,0
TXN00005211,CUST000021,2025-08-25 20:48:57.003505,476.92,EUR,FR,ES,app,pos,0
TXN00005212,CUST000186,2025-07-07 02:05:57.003505,8094.91,EUR,IT,ES,cajero,pos,0
TXN00005213,CUST000187,2025-06-19 19:14:57.003505,1680.5,USD,GB,IT,sucursal,tablet,0
TXN00005214,CUST000104,2025-02-25 01:53:57.003505,1286.4,EUR,ES,GB,web,desktop,0
TXN00005215,CUST000018,2025-07-03 10:40:57.107482,764.18,EUR,FR,ES,app,desktop,1
TXN00005216,CUST000138,2025-12-12 05:20:57.003505,10722.9,EUR,FR,DE,cajero,mobile,0
TXN00005217,CUST000021,2025-09-14 12:09:57.107482,818.53,EUR,FR,FR,web,pos,1
TXN00005218,CUST000032,2025-12-06 02:37:57.003505,92.02,EUR,FR,IT,web,desktop,0
TXN00005219,CUST000153,2025-05-05 06:41:57.003505,1955.01,EUR,ES,ES,cajero,mobile,0
TXN00005220,CUST000021,2025-02-26 19:05:57.003505,223.12,EUR,FR,FR,web,desktop,0
TXN00005221,CUST000042,2025-10-02 03:22:57.003505,3421.78,EUR,ES,DE,web,mobile,0
TXN00005222,CUST000163,2025-09-01 21:07:57.003505,141.71,EUR,ES,IT,sucursal,tablet,0
TXN00005223,CUST000003,2025-12-09 22:11:57.003505,82.06,EUR,ES,ES,sucursal,tablet,0
TXN00005224,CUST000117,2026-01-05 19:22:57.003505,3809.45,EUR,ES,US,web,desktop,0
TXN00005225,CUST000082,2025-06-05 20:20:57.003505,8672.68,EUR,ES,FR,cajero,atm,0
TXN00005226,CUST000005,2025-11-12 22:25:57.003505,129.37,EUR,GB,DE,web,tablet,0
TXN00005227,CUST000029,2025-08-02 22:58:57.003505,11752.89,EUR,GB,DE,sucursal,mobile,0
TXN00005228,CUST000104,2025-05-20 19:45:57.003505,501.78,EUR,ES,IT,web,tablet,0
TXN00005229,CUST000014,2025-01-15 19:49:57.003505,863.51,EUR,IT,DE,app,pos,0
TXN00005230,CUST000180,2025-08-14 22:06:57.003505,1999.27,USD,GB,IT,cajero,atm,0
TXN00005231,CUST000003,2025-12-20 07:14:57.003505,303.32,EUR,ES,ES,sucursal,atm,0
TXN00005232,CUST000142,2025-07-10 23:09:57.003505,6859.25,EUR,DE,GB,cajero,tablet,0
TXN00005233,CUST000036,2025-04-30 06:07:57.003505,2352.51,EUR,FR,ES,sucursal,mobile,0
TXN00005234,CUST000076,2025-02-27 05:01:57.003505,133.36,EUR,ES,FR,cajero,atm,0
TXN00005235,CUST000091,2025-10-20 04:11:57.003505,14347.46,CHF,GB,DE,sucursal,mobile,0
TXN00005236,CUST000055,2025-03-24 18:05:57.003505,5542.38,EUR,CH,US,sucursal,desktop,0
TXN00005237,CUST000084,2025-09-23 20:24:57.003505,384.01,EUR,ES,ES,cajero,pos,0
TXN00005238,CUST000155,2025-12-23 02:25:57.003505,1514.94,EUR,IT,ES,web,pos,0
TXN00005239,CUST000145,2025-02-22 06:11:57.003505,468.62,EUR,DE,DE,cajero,mobile,0
TXN00005240,CUST000046,2025-04-19 03:27:57.003505,666.14,GBP,GB,CH,cajero,desktop,0
TXN00005241,CUST000167,2025-10-04 21:47:57.003505,5639.14,USD,US,ES,sucursal,pos,0
TXN00005242,CUST000189,2025-05-08 04:41:57.003505,7287.45,EUR,DE,US,sucursal,atm,0
TXN00005243,CUST000176,2025-09-10 18:33:57.003505,322.06,EUR,ES,ES,app,pos,0
TXN00005244,CUST000135,2025-02-04 21:20:57.003505,501.34,EUR,ES,FR,app,pos,0
TXN00005245,CUST000179,2025-09-28 07:45:57.003505,3852.24,EUR,DE,US,cajero,desktop,0
TXN00005246,CUST000019,2025-12-24 17:14:57.003505,20395.31,EUR,DE,US,sucursal,mobile,0
TXN00005247,CUST000020,2025-10-16 01:05:57.003505,11.56,EUR,IT,FR,app,atm,0
TXN00005248,CUST000066,2025-07-12 07:51:57.003505,360.54,EUR,DE,IT,sucursal,pos,0
TXN00005249,CUST000055,2025-10-04 23:20:57.003505,7491.46,GBP,CH,ES,sucursal,desktop,0
TXN00005250,CUST000027,2025-10-30 04:21:57.003505,79.31,EUR,FR,IT,app,desktop,0
TXN00005251,CUST000094,2025-03-16 19:24:57.003505,796.07,GBP,GB,DE,cajero,tablet,0
TXN00005252,CUST000163,2025-05-27 20:29:57.003505,55.35,EUR,ES,FR,cajero,tablet,0
TXN00005253,CUST000088,2025-03-07 04:21:57.003505,2285.44,EUR,DE,IT,web,mobile,0
TXN00005254,CUST000157,2025-05-06 02:54:57.003505,1332.75,EUR,IT,FR,sucursal,desktop,0
TXN00005255,CUST000077,2025-05-19 23:00:57.003505,1109.36,EUR,CH,ES,cajero,pos,0
TXN00005256,CUST000039,2025-05-15 20:55:57.003505,2951.15,EUR,DE,DE,web,atm,0
TXN00005257,CUST000126,2025-01-18 21:13:57.003505,1995.1,EUR,DE,IT,web,tablet,0
TXN00005258,CUST000115,2025-09-11 00:49:57.003505,2933.63,EUR,DE,ES,app,mobile,0
TXN00005259,CUST000129,2025-12-30 22:53:57.003505,5841.38,EUR,US,GB,sucursal,mobile,0
TXN00005260,CUST000113,2025-09-11 03:30:57.003505,1219.28,EUR,CH,US,app,tablet,0
TXN00005261,CUST000082,2025-04-12 22:12:57.003505,11785.05,EUR,ES,GB,cajero,mobile,0
TXN00005262,CUST000020,2025-09-14 00:06:57.003505,95.26,EUR,IT,FR,cajero,mobile,0
TXN00005263,CUST000168,2025-02-01 00:19:57.003505,616.78,EUR,IT,IT,app,mobile,0
TXN00005264,CUST000095,2025-12-04 06:49:57.003505,17.8,EUR,IT,IT,sucursal,desktop,0
TXN00005265,CUST000086,2025-02-04 01:04:57.003505,11748.44,EUR,ES,ES,sucursal,pos,0
TXN00005266,CUST000088,2025-07-22 06:48:57.003505,170.05,EUR,DE,IT,web,tablet,0
TXN00005267,CUST000108,2025-07-28 06:29:57.003505,382.76,EUR,ES,FR,web,atm,0
TXN00005268,CUST000163,2025-11-12 21:33:57.003505,106.17,EUR,ES,FR,sucursal,pos,0
TXN00005269,CUST000038,2025-06-25 14:08:57.107482,4175.28,EUR,ES,IT,app,atm,1
TXN00005270,CUST000162,2025-06-02 23:35:57.003505,22523.8,USD,CH,CH,cajero,pos,0
TXN00005271,CUST000173,2025-06-12 21:20:57.003505,3264.3,EUR,DE,IT,cajero,tablet,0
TXN00005272,CUST000120,2025-08-28 19:15:57.003505,197.48,EUR,IT,ES,sucursal,pos,0
TXN00005273,CUST000098,2025-08-13 01:44:57.003505,2713.15,EUR,IT,IT,sucursal,atm,0
TXN00005274,CUST000054,2025-06-26 03:38:57.003505,157.44,CHF,GB,IT,cajero,mobile,0
TXN00005275,CUST000011,2025-10-10 02:13:57.003505,208.4,EUR,ES,ES,web,pos,0
TXN00005276,CUST000165,2025-04-08 20:16:57.003505,840.44,EUR,FR,DE,web,tablet,0
TXN00005277,CUST000117,2025-05-29 08:45:57.003505,1321.28,EUR,ES,GB,web,atm,0
TXN00005278,CUST000152,2025-07-20 04:29:57.003505,401.33,USD,GB,ES,web,pos,0
TXN00005279,CUST000032,2025-10-07 02:46:57.107482,56135.03,EUR,FR,ES,web,desktop,1
TXN00005280,CUST000034,2025-03-07 22:30:57.003505,18.04,EUR,FR,FR,web,mobile,0
TXN00005281,CUST000166,2025-01-25 19:16:57.003505,4332.67,EUR,GB,FR,cajero,desktop,0
TXN00005282,CUST000130,2025-01-28 00:58:57.003505,2929.94,EUR,IT,IT,app,desktop,0
TXN00005283,CUST000157,2025-11-03 06:29:57.003505,1433.22,EUR,IT,FR,web,pos,0
TXN00005284,CUST000139,2025-08-06 01:11:57.003505,3281.45,CHF,US,GB,sucursal,pos,0
TXN00005285,CUST000031,2025-05-29 04:40:57.003505,4048.94,EUR,ES,CH,web,pos,0
TXN00005286,CUST000047,2025-12-23 05:47:57.003505,21769.31,EUR,ES,DE,app,atm,0
TXN00005287,CUST000077,2025-11-04 18:55:57.003505,3350.71,GBP,CH,GB,web,atm,0
TXN00005288,CUST000133,2025-06-22 04:07:57.003505,45.54,EUR,IT,ES,app,tablet,0
TXN00005289,CUST000042,2025-07-21 23:44:57.003505,3029.48,EUR,ES,GB,sucursal,pos,0
TXN00005290,CUST000087,2025-10-09 00:53:57.003505,564.61,EUR,ES,IT,app,pos,0
TXN00005291,CUST000075,2025-02-05 01:00:57.003505,4267.33,EUR,FR,US,web,tablet,0
TXN00005292,CUST000087,2025-10-28 03:19:57.003505,1772.15,EUR,ES,DE,sucursal,tablet,0
TXN00005293,CUST000161,2025-12-01 23:13:57.003505,22.83,EUR,ES,IT,sucursal,tablet,0
TXN00005294,CUST000173,2025-08-30 00:37:57.003505,3019.28,EUR,DE,IT,sucursal,mobile,0
TXN00005295,CUST000124,2025-04-26 20:33:57.003505,1740.76,EUR,DE,IT,web,desktop,0
TXN00005296,CUST000186,2025-04-24 18:54:57.003505,2316.48,EUR,IT,US,web,pos,0
TXN00005297,CUST000060,2025-05-06 07:09:57.003505,223.25,EUR,IT,GB,app,pos,0
TXN00005298,CUST000050,2025-12-07 00:54:57.003505,2955.48,EUR,FR,FR,sucursal,mobile,0
TXN00005299,CUST000165,2025-04-08 06:48:57.003505,849.77,EUR,FR,DE,cajero,tablet,0
TXN00005300,CUST000170,2025-01-22 02:08:57.003505,787.66,EUR,US,FR,cajero,pos,0
TXN00005301,CUST000091,2025-02-22 22:18:57.003505,3386.31,CHF,GB,FR,sucursal,tablet,0
TXN00005302,CUST000135,2025-11-20 21:09:57.003505,240.99,EUR,ES,DE,web,atm,0
TXN00005303,CUST000050,2025-02-07 19:03:57.003505,2685.83,EUR,FR,FR,cajero,atm,0
TXN00005304,CUST000164,2025-06-30 23:56:57.003505,1241.32,USD,US,US,web,tablet,0
TXN00005305,CUST000185,2025-07-23 21:40:57.003505,183.71,GBP,GB,FR,web,desktop,0
TXN00005306,CUST000141,2025-03-26 07:02:57.003505,233.72,EUR,GB,ES,web,desktop,0
TXN00005307,CUST000058,2025-09-14 08:19:57.003505,4125.23,EUR,FR,GB,sucursal,atm,0
TXN00005308,CUST000058,2026-01-03 00:17:57.003505,2000.86,EUR,FR,GB,sucursal,mobile,0
TXN00005309,CUST000173,2025-04-24 06:59:57.003505,4405.82,EUR,DE,FR,web,pos,0
TXN00005310,CUST000126,2025-08-03 21:07:57.003505,2293.44,EUR,DE,IT,web,atm,0
TXN00005311,CUST000180,2025-06-15 23:04:57.003505,935.48,CHF,GB,IT,cajero,desktop,0
TXN00005312,CUST000102,2026-01-14 03:38:57.003505,2579.5,EUR,FR,CH,web,desktop,0
TXN00005313,CUST000023,2025-09-11 03:48:57.107482,71308.51,EUR,FR,GB,cajero,atm,1
TXN00005314,CUST000021,2025-06-11 21:47:57.003505,297.71,EUR,FR,IT,app,tablet,0
TXN00005315,CUST000021,2026-01-05 21:09:57.003505,297.54,EUR,FR,ES,web,pos,0
TXN00005316,CUST000110,2025-05-09 04:02:57.003505,228.5,EUR,ES,FR,cajero,atm,0
TXN00005317,CUST000096,2025-11-20 22:07:57.003505,3256.07,EUR,ES,US,app,pos,0
TXN00005318,CUST000088,2025-07-20 20:45:57.003505,1925.79,EUR,DE,GB,app,desktop,0
TXN00005319,CUST000080,2025-11-15 01:33:57.003505,153.61,EUR,ES,FR,web,mobile,0
TXN00005320,CUST000019,2025-04-08 22:09:57.003505,11273.24,EUR,DE,ES,cajero,desktop,0
TXN00005321,CUST000147,2025-10-02 04:58:57.003505,1570.13,GBP,US,ES,app,atm,0
TXN00005322,CUST000164,2025-02-14 21:51:57.003505,7062.16,EUR,US,US,web,tablet,0
TXN00005323,CUST000151,2025-06-28 00:16:57.003505,1339.67,EUR,ES,DE,sucursal,desktop,0
TXN00005324,CUST000000,2025-01-18 07:33:57.003505,224.68,EUR,DE,FR,app,tablet,0
TXN00005325,CUST000173,2025-04-07 02:27:57.003505,4948.07,EUR,DE,DE,web,atm,0
TXN00005326,CUST000030,2025-12-09 03:55:57.003505,671.52,CHF,GB,IT,sucursal,mobile,0
TXN00005327,CUST000079,2025-05-08 18:15:57.003505,4549.35,EUR,FR,ES,web,atm,0
TXN00005328,CUST000114,2025-03-25 21:58:57.003505,11838.81,EUR,ES,IT,web,atm,0
TXN00005329,CUST000048,2025-09-12 19:17:57.003505,1965.41,EUR,FR,FR,sucursal,atm,0
TXN00005330,CUST000056,2025-12-07 19:44:57.003505,2224.83,GBP,GB,FR,cajero,pos,0
TXN00005331,CUST000108,2025-01-19 19:30:57.003505,206.46,EUR,ES,IT,app,pos,0
TXN00005332,CUST000072,2025-03-05 02:15:57.003505,8346.55,EUR,GB,US,web,pos,0
TXN00005333,CUST000092,2026-01-06 08:17:57.003505,2902.8,EUR,FR,IT,sucursal,pos,0
TXN00005334,CUST000182,2025-02-12 06:04:57.003505,11306.07,EUR,FR,FR,app,desktop,0
TXN00005335,CUST000049,2025-09-14 15:40:57.107482,93952.58,EUR,ES,CN,sucursal,atm,1
TXN00005336,CUST000110,2025-10-19 22:46:57.003505,426.25,EUR,ES,IT,cajero,pos,0
TXN00005337,CUST000028,2025-12-03 19:45:57.003505,19.11,EUR,ES,FR,app,atm,0
TXN00005338,CUST000160,2025-08-03 03:12:57.003505,244.39,EUR,DE,GB,web,tablet,0
TXN00005339,CUST000144,2025-07-28 18:39:57.003505,464.14,EUR,DE,FR,web,pos,0
TXN00005340,CUST000076,2025-06-24 20:41:57.003505,50.04,EUR,ES,FR,cajero,pos,0
TXN00005341,CUST000037,2025-10-25 01:40:57.003505,95.52,EUR,ES,FR,sucursal,desktop,0
TXN00005342,CUST000063,2025-11-08 19:52:57.003505,217.69,EUR,FR,IT,app,mobile,0
TXN00005343,CUST000183,2025-04-11 22:15:57.003505,153.61,EUR,IT,IT,cajero,desktop,0
TXN00005344,CUST000037,2025-08-14 01:20:57.003505,344.53,EUR,ES,FR,cajero,mobile,0
TXN00005345,CUST000093,2025-03-08 01:49:57.003505,3174.56,EUR,FR,FR,web,tablet,0
TXN00005346,CUST000086,2025-02-14 18:07:57.003505,3540.64,EUR,ES,IT,app,mobile,0
TXN00005347,CUST000177,2025-09-11 02:27:57.003505,454.61,EUR,FR,ES,app,atm,0
TXN00005348,CUST000076,2025-05-16 22:17:57.003505,89.2,EUR,ES,ES,sucursal,tablet,0
TXN00005349,CUST000118,2025-08-16 19:22:57.003505,24795.08,EUR,DE,DE,web,mobile,0
TXN00005350,CUST000102,2025-04-14 03:10:57.003505,3692.7,EUR,FR,GB,app,mobile,0
TXN00005351,CUST000120,2025-02-09 03:07:57.003505,139.53,EUR,IT,FR,cajero,pos,0
TXN00005352,CUST000008,2025-08-26 01:36:57.003505,1399.69,EUR,IT,GB,cajero,mobile,0
TXN00005353,CUST000000,2025-12-17 01:12:57.003505,390.63,EUR,DE,ES,sucursal,pos,0
TXN00005354,CUST000048,2025-04-14 09:28:57.107482,40563.09,EUR,FR,DE,web,pos,1
TXN00005355,CUST000108,2025-03-18 23:35:57.003505,144.2,EUR,ES,IT,app,tablet,0
TXN00005356,CUST000126,2025-09-27 04:32:57.003505,1262.8,EUR,DE,GB,cajero,pos,0
TXN00005357,CUST000174,2025-12-09 05:51:57.003505,326.47,EUR,IT,GB,app,atm,0
TXN00005358,CUST000101,2025-04-07 02:19:57.003505,26.43,EUR,FR,IT,cajero,pos,0
TXN00005359,CUST000088,2025-01-31 21:21:57.003505,371.13,EUR,DE,FR,app,atm,0
TXN00005360,CUST000064,2025-06-05 04:13:57.003505,809.54,EUR,ES,GB,app,pos,0
TXN00005361,CUST000139,2025-01-31 00:27:57.003505,16214.23,USD,US,US,app,desktop,0
TXN00005362,CUST000126,2025-05-20 00:04:57.003505,185.34,EUR,DE,IT,web,desktop,0
TXN00005363,CUST000184,2025-05-08 20:07:57.003505,354.64,EUR,FR,IT,web,desktop,0
TXN00005364,CUST000157,2025-08-08 20:03:57.003505,2253.74,EUR,IT,DE,app,pos,0
TXN00005365,CUST000138,2025-08-12 02:54:57.003505,14039.05,EUR,FR,DE,cajero,mobile,0
TXN00005366,CUST000145,2025-10-24 19:31:57.003505,293.16,EUR,DE,DE,web,tablet,0
TXN00005367,CUST000189,2025-08-16 19:57:57.003505,19324.2,EUR,DE,FR,web,atm,0
TXN00005368,CUST000051,2025-05-05 05:26:57.003505,857.52,EUR,DE,GB,web,mobile,0
TXN00005369,CUST000152,2025-06-30 04:52:57.003505,590.6,USD,GB,GB,app,tablet,0
TXN00005370,CUST000174,2025-08-21 08:28:57.003505,808.51,EUR,IT,GB,sucursal,pos,0
TXN00005371,CUST000126,2025-11-13 02:31:57.003505,2111.82,EUR,DE,IT,cajero,desktop,0
TXN00005372,CUST000143,2025-01-30 20:06:57.003505,1601.96,EUR,ES,US,app,mobile,0
TXN00005373,CUST000186,2025-02-20 02:40:57.003505,3567.21,EUR,IT,US,sucursal,desktop,0
TXN00005374,CUST000129,2025-10-26 03:09:57.003505,2690.08,CHF,US,FR,sucursal,mobile,0
TXN00005375,CUST000186,2025-01-27 04:24:57.003505,6446.3,EUR,IT,DE,sucursal,atm,0
TXN00005376,CUST000078,2025-10-10 01:22:57.003505,951.49,EUR,DE,CH,cajero,pos,0
TXN00005377,CUST000097,2025-04-25 03:44:57.003505,1043.06,USD,GB,FR,web,pos,0
TXN00005378,CUST000152,2025-02-23 01:18:57.003505,217.09,GBP,GB,GB,web,pos,0
TXN00005379,CUST000047,2025-11-04 10:50:57.107482,83953.27,EUR,ES,SY,cajero,mobile,1
TXN00005380,CUST000101,2025-07-20 19:26:57.003505,334.66,EUR,FR,IT,sucursal,atm,0
TXN00005381,CUST000016,2025-09-01 18:26:57.003505,368.13,EUR,IT,GB,app,mobile,0
TXN00005382,CUST000034,2025-09-10 12:33:57.107482,43411.18,EUR,FR,CN,app,atm,1
TXN00005383,CUST000137,2025-08-20 07:32:57.003505,1958.19,EUR,FR,IT,sucursal,pos,0
TXN00005384,CUST000042,2025-05-11 20:54:57.003505,3677.45,EUR,ES,US,sucursal,pos,0
TXN00005385,CUST000184,2025-10-26 00:17:57.003505,444.45,EUR,FR,ES,cajero,desktop,0
TXN00005386,CUST000122,2025-02-18 05:43:57.003505,140.3,GBP,GB,IT,app,desktop,0
TXN00005387,CUST000133,2025-06-11 21:33:57.003505,175.77,EUR,IT,IT,web,tablet,0
TXN00005388,CUST000078,2025-08-28 17:55:57.003505,11686.21,EUR,DE,US,web,desktop,0
TXN00005389,CUST000171,2025-07-05 21:38:57.003505,3081.43,EUR,IT,ES,cajero,desktop,0
TXN00005390,CUST000174,2025-11-12 00:18:57.003505,890.12,EUR,IT,ES,app,tablet,0
TXN00005391,CUST000105,2025-09-20 01:14:57.003505,1596.19,EUR,US,DE,cajero,desktop,0
TXN00005392,CUST000152,2025-08-31 07:12:57.003505,582.93,CHF,GB,DE,web,pos,0
TXN00005393,CUST000170,2025-07-26 03:28:57.003505,8913.93,USD,US,DE,app,atm,0
TXN00005394,CUST000047,2025-09-02 20:06:57.003505,1810.24,EUR,ES,US,sucursal,tablet,0
TXN00005395,CUST000161,2025-04-06 00:47:57.003505,40.19,EUR,ES,FR,sucursal,pos,0
TXN00005396,CUST000003,2025-03-30 04:41:57.003505,373.46,EUR,ES,FR,cajero,mobile,0
TXN00005397,CUST000063,2025-03-13 07:09:57.003505,57.18,EUR,FR,IT,web,atm,0
TXN00005398,CUST000014,2025-10-11 18:53:57.003505,132.81,EUR,IT,GB,app,desktop,0
TXN00005399,CUST000141,2025-08-04 18:51:57.003505,2492.1,USD,GB,DE,app,mobile,0
TXN00005400,CUST000131,2025-05-04 23:55:57.003505,1329.8,EUR,DE,IT,app,tablet,0
TXN00005401,CUST000083,2025-05-28 06:20:57.003505,129.79,EUR,ES,FR,web,tablet,0
TXN00005402,CUST000129,2025-04-25 06:49:57.003505,5412.51,CHF,US,FR,sucursal,mobile,0
TXN00005403,CUST000108,2025-10-05 19:46:57.003505,175.55,EUR,ES,IT,app,mobile,0
TXN00005404,CUST000114,2025-07-09 07:18:57.003505,6317.62,EUR,ES,FR,app,tablet,0
TXN00005405,CUST000092,2025-12-01 23:43:57.003505,3388.44,EUR,FR,ES,cajero,desktop,0
TXN00005406,CUST000130,2025-07-23 07:48:57.003505,2475.12,EUR,IT,GB,sucursal,desktop,0
TXN00005407,CUST000097,2025-02-02 00:21:57.003505,10806.89,CHF,GB,DE,app,pos,0
TXN00005408,CUST000156,2025-12-14 23:49:57.003505,70.66,EUR,FR,ES,sucursal,pos,0
TXN00005409,CUST000155,2025-11-09 18:27:57.003505,209.71,EUR,IT,ES,web,tablet,0
TXN00005410,CUST000175,2026-01-07 18:34:57.003505,13450.65,GBP,CH,US,web,desktop,0
TXN00005411,CUST000142,2025-03-19 00:46:57.003505,10335.49,EUR,DE,GB,cajero,atm,0
TXN00005412,CUST000053,2025-05-13 06:27:57.003505,2100.96,EUR,FR,IT,web,mobile,0
TXN00005413,CUST000068,2026-01-11 07:46:57.003505,344.33,EUR,ES,DE,sucursal,tablet,0
TXN00005414,CUST000037,2025-08-31 07:26:57.003505,111.85,EUR,ES,ES,web,atm,0
TXN00005415,CUST000039,2025-10-07 03:47:57.003505,1514.74,EUR,DE,DE,cajero,atm,0
TXN00005416,CUST000118,2026-01-06 20:43:57.003505,5645.42,EUR,DE,ES,cajero,atm,0
TXN00005417,CUST000050,2025-03-13 01:21:57.003505,11488.61,EUR,FR,FR,web,mobile,0
TXN00005418,CUST000075,2025-08-09 04:06:57.003505,1140.6,EUR,FR,FR,app,desktop,0
TXN00005419,CUST000170,2025-04-26 02:16:57.003505,23288.26,CHF,US,FR,web,tablet,0
TXN00005420,CUST000126,2025-02-19 00:17:57.003505,152.35,EUR,DE,IT,web,desktop,0
TXN00005421,CUST000120,2025-03-03 19:55:57.003505,368.96,EUR,IT,FR,cajero,mobile,0
TXN00005422,CUST000071,2025-09-26 04:45:57.003505,915.99,EUR,FR,GB,cajero,desktop,0
TXN00005423,CUST000050,2025-07-01 02:33:57.003505,3701.35,EUR,FR,FR,cajero,tablet,0
TXN00005424,CUST000124,2025-09-14 00:04:57.003505,866.68,EUR,DE,GB,sucursal,atm,0
TXN00005425,CUST000151,2025-09-09 19:10:57.003505,5122.52,EUR,ES,FR,app,desktop,0
TXN00005426,CUST000071,2025-05-13 05:45:57.003505,1997.64,EUR,FR,FR,sucursal,pos,0
TXN00005427,CUST000123,2025-06-06 19:27:57.003505,1342.31,EUR,FR,DE,cajero,tablet,0
TXN00005428,CUST000078,2025-01-16 22:38:57.003505,7227.57,EUR,DE,US,app,mobile,0
TXN00005429,CUST000045,2025-12-29 06:46:57.003505,919.05,EUR,GB,GB,cajero,mobile,0
TXN00005430,CUST000178,2025-03-18 02:09:57.003505,30.25,EUR,ES,FR,app,pos,0
TXN00005431,CUST000017,2025-11-04 00:58:57.003505,4661.67,EUR,FR,ES,web,mobile,0
TXN00005432,CUST000015,2025-07-07 21:34:57.003505,11024.34,EUR,FR,US,cajero,desktop,0
TXN00005433,CUST000013,2026-01-06 04:56:57.107482,1792.04,EUR,GB,PK,cajero,atm,1
TXN00005434,CUST000147,2025-05-15 23:36:57.003505,3188.77,GBP,US,DE,cajero,mobile,0
TXN00005435,CUST000156,2025-09-08 22:07:57.003505,114.42,EUR,FR,IT,cajero,mobile,0
TXN00005436,CUST000010,2025-06-29 18:38:57.003505,124.77,EUR,FR,ES,cajero,tablet,0
TXN00005437,CUST000054,2025-10-19 00:35:57.003505,133.63,CHF,GB,IT,app,atm,0
TXN00005438,CUST000002,2025-09-28 02:31:57.003505,89.0,EUR,ES,FR,web,pos,0
TXN00005439,CUST000044,2025-02-21 01:10:57.003505,481.58,EUR,ES,IT,app,mobile,0
TXN00005440,CUST000041,2025-12-06 21:32:57.003505,5087.35,EUR,DE,IT,app,pos,0
TXN00005441,CUST000007,2025-04-05 18:49:57.003505,5117.68,EUR,DE,ES,cajero,tablet,0
TXN00005442,CUST000089,2025-03-09 19:29:57.003505,14.59,EUR,ES,IT,web,atm,0
TXN00005443,CUST000127,2025-10-09 00:25:57.003505,4539.79,EUR,FR,DE,web,tablet,0
TXN00005444,CUST000053,2025-02-28 00:43:57.003505,13179.84,EUR,FR,DE,cajero,pos,0
TXN00005445,CUST000023,2025-02-10 17:44:57.003505,6590.78,EUR,FR,US,web,desktop,0
TXN00005446,CUST000169,2025-11-05 18:35:57.003505,2287.44,EUR,DE,ES,cajero,desktop,0
TXN00005447,CUST000113,2025-05-13 19:26:57.003505,12506.86,CHF,CH,CH,sucursal,mobile,0
TXN00005448,CUST000071,2025-04-02 00:38:57.003505,16291.5,EUR,FR,DE,app,atm,0
TXN00005449,CUST000009,2025-11-16 22:26:57.107482,34775.75,EUR,FR,YE,app,mobile,1
TXN00005450,CUST000059,2025-03-30 01:50:57.003505,138.77,EUR,FR,IT,cajero,desktop,0
TXN00005451,CUST000165,2026-01-10 23:40:57.003505,235.97,EUR,FR,IT,app,tablet,0
TXN00005452,CUST000053,2025-01-15 21:34:57.003505,2565.86,EUR,FR,DE,app,atm,0
TXN00005453,CUST000128,2025-08-10 22:15:57.003505,7712.27,EUR,FR,ES,web,atm,0
TXN00005454,CUST000089,2025-05-11 23:50:57.003505,111.54,EUR,ES,FR,cajero,atm,0
TXN00005455,CUST000161,2025-12-12 06:13:57.003505,400.86,EUR,ES,IT,cajero,pos,0
TXN00005456,CUST000168,2025-11-13 08:27:57.003505,657.2,EUR,IT,ES,sucursal,tablet,0
TXN00005457,CUST000043,2025-02-11 17:47:57.003505,16212.14,GBP,CH,US,sucursal,desktop,0
TXN00005458,CUST000181,2025-04-08 06:00:57.003505,409.09,EUR,IT,IT,app,pos,0
TXN00005459,CUST000088,2025-06-04 22:37:57.003505,228.09,EUR,DE,IT,web,mobile,0
TXN00005460,CUST000115,2025-03-22 04:31:57.003505,6871.98,EUR,DE,GB,sucursal,mobile,0
TXN00005461,CUST000066,2025-03-07 01:52:57.003505,868.05,EUR,DE,IT,cajero,mobile,0
TXN00005462,CUST000009,2025-03-21 11:04:57.107482,51553.36,EUR,FR,SY,cajero,tablet,1
TXN00005463,CUST000168,2025-05-16 00:51:57.003505,329.39,EUR,IT,ES,sucursal,mobile,0
TXN00005464,CUST000016,2025-06-01 11:13:57.107482,64953.1,EUR,IT,CN,web,pos,1
TXN00005465,CUST000164,2025-11-04 00:27:57.003505,7052.59,EUR,US,GB,sucursal,pos,0
TXN00005466,CUST000163,2025-08-26 08:00:57.003505,100.32,EUR,ES,IT,web,pos,0
TXN00005467,CUST000043,2025-11-28 12:23:57.107482,90854.63,EUR,CH,KP,sucursal,mobile,1
TXN00005468,CUST000101,2025-09-10 08:00:57.003505,468.78,EUR,FR,FR,app,desktop,0
TXN00005469,CUST000007,2025-04-15 18:06:57.003505,1799.39,EUR,DE,FR,sucursal,mobile,0
TXN00005470,CUST000025,2025-10-07 00:07:57.003505,193.11,EUR,ES,ES,web,atm,0
TXN00005471,CUST000088,2025-07-13 07:33:57.003505,616.05,EUR,DE,ES,app,tablet,0
TXN00005472,CUST000010,2025-03-14 21:24:57.003505,128.09,EUR,FR,DE,sucursal,atm,0
TXN00005473,CUST000018,2025-03-04 21:43:57.003505,55.36,EUR,FR,IT,web,tablet,0
TXN00005474,CUST000083,2025-02-24 22:43:57.003505,52.95,EUR,ES,IT,app,desktop,0
TXN00005475,CUST000143,2025-04-16 09:34:57.003505,10422.82,EUR,ES,US,app,pos,0
TXN00005476,CUST000180,2025-09-18 20:07:57.003505,921.01,EUR,GB,ES,sucursal,tablet,0
TXN00005477,CUST000007,2026-01-03 05:22:57.003505,23990.34,EUR,DE,FR,sucursal,mobile,0
TXN00005478,CUST000170,2026-01-12 02:15:57.003505,14799.42,GBP,US,CH,web,tablet,0
TXN00005479,CUST000166,2025-01-28 01:09:57.003505,14379.07,CHF,GB,GB,app,pos,0
TXN00005480,CUST000113,2025-02-19 05:34:57.003505,4361.24,CHF,CH,GB,app,atm,0
TXN00005481,CUST000025,2025-03-18 08:53:57.003505,557.32,EUR,ES,ES,web,tablet,0
TXN00005482,CUST000017,2025-06-07 01:27:57.003505,2360.56,EUR,FR,IT,web,atm,0
TXN00005483,CUST000034,2025-12-08 20:17:57.003505,63.75,EUR,FR,ES,web,pos,0
TXN00005484,CUST000088,2025-03-14 06:03:57.003505,861.43,EUR,DE,IT,web,mobile,0
TXN00005485,CUST000054,2025-06-30 05:04:57.003505,443.71,USD,GB,FR,web,pos,0
TXN00005486,CUST000080,2025-12-09 02:45:57.003505,151.72,EUR,ES,ES,web,atm,0
TXN00005487,CUST000091,2025-09-22 03:18:57.003505,5279.72,EUR,GB,CH,sucursal,desktop,0
TXN00005488,CUST000139,2025-05-28 04:36:57.003505,8498.41,EUR,US,CH,sucursal,desktop,0
TXN00005489,CUST000008,2025-05-22 08:07:57.107482,84173.34,EUR,IT,GB,cajero,tablet,1
TXN00005490,CUST000130,2025-03-02 09:16:57.003505,2770.0,EUR,IT,IT,sucursal,desktop,0
TXN00005491,CUST000007,2025-12-26 00:08:57.003505,17846.69,EUR,DE,DE,sucursal,pos,0
TXN00005492,CUST000051,2025-08-05 20:43:57.003505,263.65,EUR,DE,DE,web,pos,0
TXN00005493,CUST000123,2025-09-09 03:10:57.003505,1085.53,EUR,FR,GB,sucursal,mobile,0
TXN00005494,CUST000083,2025-04-11 01:12:57.003505,134.83,EUR,ES,FR,web,pos,0
TXN00005495,CUST000095,2026-01-06 20:38:57.003505,54.0,EUR,IT,ES,cajero,mobile,0
TXN00005496,CUST000067,2025-10-09 02:22:57.003505,7644.87,EUR,DE,GB,app,atm,0
TXN00005497,CUST000067,2025-07-07 01:19:57.003505,7010.49,EUR,DE,GB,sucursal,tablet,0
TXN00005498,CUST000034,2025-07-14 06:55:57.107482,84540.51,EUR,FR,FR,sucursal,mobile,1
TXN00005499,CUST000044,2025-10-05 22:51:57.003505,2238.09,EUR,ES,ES,sucursal,mobile,0
TXN00005500,CUST000110,2025-08-13 03:27:57.003505,43.44,EUR,ES,IT,web,tablet,0
TXN00005501,CUST000141,2025-06-25 04:46:57.003505,2403.44,GBP,GB,FR,sucursal,pos,0
TXN00005502,CUST000123,2025-12-27 21:22:57.003505,584.82,EUR,FR,FR,app,atm,0
TXN00005503,CUST000053,2025-03-08 19:53:57.003505,2864.45,EUR,FR,FR,web,desktop,0
TXN00005504,CUST000047,2025-02-02 18:15:57.003505,4761.02,EUR,ES,FR,sucursal,desktop,0
TXN00005505,CUST000164,2025-08-30 09:41:57.003505,2847.0,GBP,US,DE,web,tablet,0
TXN00005506,CUST000180,2025-07-09 08:29:57.003505,130.53,CHF,GB,ES,app,mobile,0
TXN00005507,CUST000144,2025-11-15 03:50:57.003505,1097.2,EUR,DE,IT,cajero,mobile,0
TXN00005508,CUST000156,2025-03-12 07:53:57.003505,78.18,EUR,FR,IT,web,tablet,0
TXN00005509,CUST000023,2025-07-11 04:58:57.003505,17923.12,EUR,FR,ES,cajero,mobile,0
TXN00005510,CUST000157,2025-03-06 18:21:57.003505,2820.51,EUR,IT,DE,web,mobile,0
TXN00005511,CUST000051,2025-07-01 21:58:57.003505,1341.6,EUR,DE,DE,sucursal,desktop,0
TXN00005512,CUST000075,2025-06-09 00:20:57.003505,4581.18,EUR,FR,US,sucursal,desktop,0
TXN00005513,CUST000158,2025-12-28 21:04:57.003505,556.02,EUR,GB,GB,cajero,tablet,0
TXN00005514,CUST000162,2025-02-07 19:03:57.003505,3500.97,CHF,CH,DE,web,desktop,0
TXN00005515,CUST000117,2025-08-11 08:22:57.003505,9896.99,EUR,ES,GB,cajero,tablet,0
TXN00005516,CUST000002,2025-04-09 04:53:57.003505,350.51,EUR,ES,ES,cajero,mobile,0
TXN00005517,CUST000035,2025-10-10 09:49:57.107482,40686.3,EUR,DE,CN,web,atm,1
TXN00005518,CUST000053,2025-01-27 07:16:57.003505,3718.49,EUR,FR,ES,app,pos,0
TXN00005519,CUST000051,2025-07-23 07:10:57.003505,2996.29,EUR,DE,GB,cajero,atm,0
TXN00005520,CUST000139,2025-05-05 05:49:57.003505,6647.74,USD,US,ES,cajero,desktop,0
TXN00005521,CUST000183,2025-07-06 22:37:57.003505,28.99,EUR,IT,FR,app,desktop,0
TXN00005522,CUST000084,2025-10-23 04:20:57.003505,93.64,EUR,ES,ES,web,tablet,0
TXN00005523,CUST000163,2025-06-04 22:53:57.003505,48.67,EUR,ES,IT,app,atm,0
TXN00005524,CUST000099,2025-09-03 22:49:57.003505,77.58,EUR,IT,FR,cajero,atm,0
TXN00005525,CUST000137,2025-07-05 23:33:57.003505,1847.84,EUR,FR,DE,app,atm,0
TXN00005526,CUST000052,2025-03-27 02:50:57.003505,487.78,EUR,ES,ES,web,tablet,0
TXN00005527,CUST000078,2025-10-19 05:27:57.003505,8924.07,EUR,DE,GB,cajero,pos,0
TXN00005528,CUST000146,2025-02-27 22:26:57.003505,1764.82,EUR,IT,GB,sucursal,mobile,0
TXN00005529,CUST000009,2025-07-10 21:24:57.003505,1935.26,EUR,FR,US,sucursal,atm,0
TXN00005530,CUST000069,2025-03-26 03:51:57.003505,55.25,EUR,FR,ES,web,mobile,0
TXN00005531,CUST000186,2025-04-08 02:34:57.003505,1031.11,EUR,IT,US,web,atm,0
TXN00005532,CUST000027,2025-10-21 02:20:57.003505,20.95,EUR,FR,FR,app,pos,0
TXN00005533,CUST000181,2025-12-15 21:48:57.003505,1877.98,EUR,IT,DE,sucursal,desktop,0
TXN00005534,CUST000100,2025-04-29 18:55:57.003505,4356.38,USD,GB,IT,app,tablet,0
TXN00005535,CUST000090,2025-10-17 21:47:57.003505,7152.62,GBP,GB,US,sucursal,atm,0
TXN00005536,CUST000046,2025-03-17 02:53:57.003505,1139.5,USD,GB,US,cajero,desktop,0
TXN00005537,CUST000093,2025-08-11 20:45:57.003505,14810.24,EUR,FR,US,web,tablet,0
TXN00005538,CUST000172,2025-12-26 18:06:57.003505,2008.36,EUR,FR,DE,cajero,pos,0
TXN00005539,CUST000034,2025-05-21 02:59:57.003505,35.44,EUR,FR,IT,app,atm,0
TXN00005540,CUST000001,2025-05-11 23:33:57.003505,653.75,EUR,FR,ES,sucursal,mobile,0
TXN00005541,CUST000146,2025-07-01 21:46:57.003505,210.3,EUR,IT,IT,web,mobile,0
TXN00005542,CUST000139,2025-11-04 05:12:57.003505,10313.53,GBP,US,FR,web,pos,0
TXN00005543,CUST000037,2025-10-31 00:20:57.003505,358.72,EUR,ES,FR,web,atm,0
TXN00005544,CUST000179,2025-05-29 04:34:57.003505,4983.4,EUR,DE,FR,app,atm,0
TXN00005545,CUST000120,2025-03-10 05:55:57.003505,59.0,EUR,IT,ES,cajero,atm,0
TXN00005546,CUST000107,2025-11-20 02:46:57.003505,24787.14,EUR,DE,FR,web,mobile,0
TXN00005547,CUST000034,2025-12-31 01:14:57.003505,105.95,EUR,FR,ES,sucursal,desktop,0
TXN00005548,CUST000044,2025-10-20 21:03:57.003505,605.82,EUR,ES,DE,cajero,atm,0
TXN00005549,CUST000072,2025-12-12 01:54:57.003505,12694.47,EUR,GB,ES,app,pos,0
TXN00005550,CUST000083,2025-10-03 23:28:57.003505,429.3,EUR,ES,FR,sucursal,desktop,0
TXN00005551,CUST000071,2025-12-17 17:50:57.003505,1011.39,EUR,FR,CH,web,atm,0
TXN00005552,CUST000034,2025-02-05 07:34:57.003505,104.61,EUR,FR,FR,cajero,desktop,0
TXN00005553,CUST000040,2025-09-21 01:39:57.003505,75.14,EUR,IT,FR,sucursal,tablet,0
TXN00005554,CUST000156,2025-11-26 03:47:57.003505,61.11,EUR,FR,ES,web,atm,0
TXN00005555,CUST000025,2025-06-01 23:55:57.003505,113.57,EUR,ES,ES,web,pos,0
TXN00005556,CUST000147,2025-08-02 09:27:57.003505,4680.88,CHF,US,FR,app,mobile,0
TXN00005557,CUST000154,2025-02-15 07:37:57.003505,1388.84,EUR,ES,GB,app,mobile,0
TXN00005558,CUST000021,2025-08-25 01:13:57.003505,25.93,EUR,FR,FR,cajero,desktop,0
TXN00005559,CUST000182,2025-08-30 08:32:57.003505,1507.38,EUR,FR,IT,cajero,pos,0
TXN00005560,CUST000019,2025-12-08 02:42:57.107482,12810.48,EUR,DE,SY,app,mobile,1
TXN00005561,CUST000049,2025-11-28 21:57:57.003505,750.89,EUR,ES,ES,sucursal,atm,0
TXN00005562,CUST000162,2025-06-06 05:38:57.003505,610.75,CHF,CH,ES,app,desktop,0
TXN00005563,CUST000187,2025-12-20 00:18:57.003505,3662.36,EUR,GB,FR,app,mobile,0
TXN00005564,CUST000140,2025-02-20 07:56:57.003505,635.82,EUR,DE,FR,app,pos,0
TXN00005565,CUST000100,2025-02-03 22:26:57.003505,4220.24,EUR,GB,FR,sucursal,tablet,0
TXN00005566,CUST000119,2025-07-24 19:38:57.003505,4882.17,GBP,US,ES,sucursal,pos,0
TXN00005567,CUST000183,2026-01-11 04:31:57.003505,133.54,EUR,IT,IT,app,atm,0
TXN00005568,CUST000013,2025-02-25 18:42:57.003505,745.13,GBP,GB,IT,sucursal,tablet,0
TXN00005569,CUST000031,2025-06-04 05:32:57.003505,3848.43,EUR,ES,ES,cajero,mobile,0
TXN00005570,CUST000067,2025-10-24 02:23:57.003505,6736.31,EUR,DE,US,app,atm,0
TXN00005571,CUST000006,2025-08-16 22:35:57.003505,149.52,EUR,FR,FR,app,mobile,0
TXN00005572,CUST000026,2025-08-27 02:15:57.003505,84.89,EUR,FR,ES,app,pos,0
TXN00005573,CUST000020,2025-10-13 05:32:57.003505,246.63,EUR,IT,FR,web,tablet,0
TXN00005574,CUST000058,2026-01-11 21:39:57.003505,2412.43,EUR,FR,IT,web,desktop,0
TXN00005575,CUST000087,2025-06-22 01:50:57.003505,125.39,EUR,ES,DE,app,mobile,0
TXN00005576,CUST000033,2025-06-27 21:16:57.003505,8804.86,EUR,IT,IT,web,tablet,0
TXN00005577,CUST000167,2025-02-17 22:43:57.003505,1070.54,EUR,US,GB,cajero,pos,0
TXN00005578,CUST000022,2025-07-25 18:45:57.003505,4087.99,EUR,IT,GB,app,tablet,0
TXN00005579,CUST000038,2025-05-19 21:10:57.003505,237.77,EUR,ES,IT,app,atm,0
TXN00005580,CUST000045,2025-06-19 20:40:57.003505,690.91,EUR,GB,GB,web,pos,0
TXN00005581,CUST000040,2025-09-28 23:21:57.003505,154.25,EUR,IT,ES,web,mobile,0
TXN00005582,CUST000009,2025-11-03 15:45:57.107482,63358.88,EUR,FR,SY,cajero,desktop,1
TXN00005583,CUST000009,2025-11-26 23:34:57.003505,10022.23,EUR,FR,ES,sucursal,pos,0
TXN00005584,CUST000013,2025-11-08 03:06:57.003505,675.92,USD,GB,FR,sucursal,mobile,0
TXN00005585,CUST000031,2025-10-04 22:58:57.003505,2891.75,EUR,ES,GB,app,mobile,0
TXN00005586,CUST000129,2026-01-01 21:22:57.003505,4221.54,CHF,US,DE,web,mobile,0
TXN00005587,CUST000079,2025-02-05 02:51:57.003505,10056.92,EUR,FR,GB,app,atm,0
TXN00005588,CUST000040,2025-11-18 00:24:57.003505,401.45,EUR,IT,ES,sucursal,atm,0
TXN00005589,CUST000053,2025-07-23 05:52:57.003505,4203.8,EUR,FR,FR,app,mobile,0
TXN00005590,CUST000144,2025-10-22 00:42:57.003505,562.78,EUR,DE,FR,cajero,tablet,0
TXN00005591,CUST000084,2025-01-17 04:18:57.003505,350.22,EUR,ES,ES,app,pos,0
TXN00005592,CUST000073,2025-03-21 03:35:57.003505,966.71,EUR,DE,IT,cajero,mobile,0
TXN00005593,CUST000103,2025-05-22 23:28:57.003505,4434.78,EUR,ES,FR,web,desktop,0
TXN00005594,CUST000039,2025-11-14 02:39:57.003505,3130.68,EUR,DE,DE,web,desktop,0
TXN00005595,CUST000137,2025-10-13 18:13:57.003505,130.62,EUR,FR,ES,web,tablet,0
TXN00005596,CUST000153,2026-01-12 03:20:57.003505,751.7,EUR,ES,IT,sucursal,atm,0
TXN00005597,CUST000152,2025-10-29 19:01:57.003505,125.83,USD,GB,DE,app,pos,0
TXN00005598,CUST000189,2025-07-21 17:35:57.003505,1576.18,EUR,DE,FR,cajero,pos,0
TXN00005599,CUST000170,2026-01-16 05:12:57.003505,1586.64,USD,US,GB,app,tablet,0
TXN00005600,CUST000036,2025-05-29 09:03:57.003505,4998.71,EUR,FR,DE,web,tablet,0
TXN00005601,CUST000001,2025-12-05 20:02:57.003505,448.68,EUR,FR,ES,app,atm,0
TXN00005602,CUST000088,2025-09-30 05:07:57.003505,524.65,EUR,DE,GB,sucursal,tablet,0
TXN00005603,CUST000001,2025-10-22 06:59:57.003505,369.99,EUR,FR,IT,sucursal,atm,0
TXN00005604,CUST000029,2025-05-13 12:31:57.107482,19104.75,EUR,GB,YE,web,atm,1
TXN00005605,CUST000052,2025-12-19 19:12:57.003505,58.02,EUR,ES,IT,cajero,pos,0
TXN00005606,CUST000051,2025-10-10 02:58:57.003505,281.19,EUR,DE,ES,sucursal,mobile,0
TXN00005607,CUST000027,2025-08-07 01:46:57.003505,143.48,EUR,FR,ES,web,pos,0
TXN00005608,CUST000057,2025-10-23 05:47:57.003505,156.68,EUR,ES,FR,web,pos,0
TXN00005609,CUST000061,2025-11-13 21:11:57.003505,6395.66,EUR,IT,GB,web,mobile,0
TXN00005610,CUST000101,2025-06-21 03:50:57.003505,46.43,EUR,FR,ES,web,desktop,0
TXN00005611,CUST000171,2025-03-29 18:47:57.003505,1048.73,EUR,IT,IT,sucursal,mobile,0
TXN00005612,CUST000186,2025-08-26 05:10:57.003505,1656.8,EUR,IT,FR,web,mobile,0
TXN00005613,CUST000142,2025-05-06 23:09:57.003505,16341.21,EUR,DE,DE,cajero,mobile,0
TXN00005614,CUST000047,2025-07-19 01:05:57.003505,5596.99,EUR,ES,DE,cajero,desktop,0
TXN00005615,CUST000127,2025-08-05 08:34:57.003505,4239.09,EUR,FR,IT,sucursal,tablet,0
TXN00005616,CUST000024,2025-06-09 05:16:57.003505,596.94,EUR,FR,GB,app,desktop,0
TXN00005617,CUST000029,2025-07-08 18:23:57.003505,3767.42,GBP,GB,US,cajero,desktop,0
TXN00005618,CUST000149,2025-11-22 01:50:57.003505,10428.23,EUR,ES,DE,web,tablet,0
TXN00005619,CUST000155,2025-06-13 23:38:57.003505,195.87,EUR,IT,ES,cajero,tablet,0
TXN00005620,CUST000084,2025-07-17 22:50:57.003505,327.47,EUR,ES,IT,web,desktop,0
TXN00005621,CUST000002,2025-11-26 07:24:57.003505,114.57,EUR,ES,FR,web,desktop,0
TXN00005622,CUST000127,2025-04-01 18:49:57.003505,1086.86,EUR,FR,FR,app,desktop,0
TXN00005623,CUST000043,2025-09-24 04:44:57.003505,1723.77,USD,CH,CH,web,tablet,0
TXN00005624,CUST000070,2025-02-15 07:31:57.003505,246.13,EUR,ES,ES,app,desktop,0
TXN00005625,CUST000173,2025-12-01 08:18:57.003505,2799.2,EUR,DE,GB,sucursal,mobile,0
TXN00005626,CUST000100,2025-03-03 04:58:57.003505,3553.94,GBP,GB,IT,sucursal,pos,0
TXN00005627,CUST000049,2025-01-31 08:05:57.003505,986.76,EUR,ES,FR,cajero,tablet,0
TXN00005628,CUST000180,2025-10-04 00:02:57.003505,312.7,GBP,GB,GB,cajero,tablet,0
TXN00005629,CUST000003,2025-02-21 02:35:57.003505,49.25,EUR,ES,FR,cajero,desktop,0
TXN00005630,CUST000002,2025-05-12 05:07:57.003505,24.63,EUR,ES,ES,web,mobile,0
TXN00005631,CUST000077,2025-09-04 05:25:57.003505,7547.69,EUR,CH,ES,app,mobile,0
TXN00005632,CUST000118,2025-09-29 22:01:57.003505,1165.57,EUR,DE,CH,app,pos,0
TXN00005633,CUST000026,2025-05-29 23:38:57.003505,284.74,EUR,FR,IT,app,atm,0
TXN00005634,CUST000065,2025-11-13 20:48:57.003505,197.05,EUR,DE,FR,sucursal,tablet,0
TXN00005635,CUST000152,2025-06-23 05:17:57.003505,2402.26,GBP,GB,FR,app,atm,0
TXN00005636,CUST000115,2025-10-18 04:14:57.003505,2939.29,EUR,DE,FR,cajero,pos,0
TXN00005637,CUST000127,2025-05-25 00:45:57.003505,1481.37,EUR,FR,FR,app,pos,0
TXN00005638,CUST000075,2025-02-23 19:43:57.003505,5949.63,EUR,FR,ES,cajero,mobile,0
TXN00005639,CUST000075,2025-08-23 19:13:57.003505,6758.99,EUR,FR,ES,sucursal,atm,0
TXN00005640,CUST000110,2025-03-12 04:32:57.003505,36.96,EUR,ES,IT,sucursal,atm,0
TXN00005641,CUST000092,2025-09-06 05:55:57.003505,3202.79,EUR,FR,FR,app,tablet,0
TXN00005642,CUST000117,2025-12-24 22:33:57.003505,4143.0,EUR,ES,US,app,desktop,0
TXN00005643,CUST000101,2025-05-15 20:01:57.003505,82.29,EUR,FR,FR,cajero,mobile,0
TXN00005644,CUST000011,2025-03-04 05:39:57.003505,524.65,EUR,ES,FR,app,pos,0
TXN00005645,CUST000007,2025-08-18 22:58:57.003505,10641.82,EUR,DE,US,web,mobile,0
TXN00005646,CUST000127,2026-01-03 21:14:57.003505,8426.49,EUR,FR,ES,app,pos,0
TXN00005647,CUST000069,2025-02-01 20:01:57.003505,16.86,EUR,FR,FR,cajero,atm,0
TXN00005648,CUST000113,2025-02-24 22:23:57.003505,18632.78,EUR,CH,GB,cajero,atm,0
TXN00005649,CUST000119,2025-09-19 04:24:57.003505,4531.05,GBP,US,GB,app,atm,0
TXN00005650,CUST000113,2025-04-24 19:50:57.003505,5549.15,USD,CH,ES,app,tablet,0
TXN00005651,CUST000005,2025-04-26 06:35:57.003505,1008.21,CHF,GB,GB,web,pos,0
TXN00005652,CUST000064,2025-11-24 05:45:57.003505,481.82,EUR,ES,ES,sucursal,desktop,0
TXN00005653,CUST000103,2025-07-25 23:20:57.003505,8390.13,EUR,ES,ES,sucursal,atm,0
TXN00005654,CUST000025,2025-02-05 07:50:57.003505,623.67,EUR,ES,FR,cajero,desktop,0
TXN00005655,CUST000177,2025-10-03 00:43:57.003505,2220.2,EUR,FR,GB,cajero,mobile,0
TXN00005656,CUST000039,2025-05-13 15:38:57.107482,57121.71,EUR,DE,US,web,pos,1
TXN00005657,CUST000095,2025-05-15 19:45:57.003505,350.05,EUR,IT,FR,sucursal,desktop,0
TXN00005658,CUST000029,2026-01-06 20:46:57.003505,4247.74,EUR,GB,FR,app,desktop,0
TXN00005659,CUST000065,2025-01-24 20:07:57.003505,612.28,EUR,DE,IT,sucursal,mobile,0
TXN00005660,CUST000094,2025-05-07 22:27:57.003505,1321.01,USD,GB,ES,sucursal,atm,0
TXN00005661,CUST000124,2025-04-11 00:53:57.003505,2388.08,EUR,DE,FR,cajero,tablet,0
TXN00005662,CUST000166,2025-04-07 23:45:57.003505,10917.79,CHF,GB,DE,app,desktop,0
TXN00005663,CUST000048,2025-11-22 02:08:57.003505,1456.44,EUR,FR,GB,sucursal,atm,0
TXN00005664,CUST000004,2025-07-28 21:39:57.003505,5106.29,EUR,DE,ES,app,pos,0
TXN00005665,CUST000033,2025-08-12 04:13:57.003505,2681.28,EUR,IT,FR,sucursal,desktop,0
TXN00005666,CUST000155,2025-08-12 04:19:57.003505,781.11,EUR,IT,GB,sucursal,atm,0
TXN00005667,CUST000080,2025-11-26 01:20:57.003505,110.93,EUR,ES,ES,app,mobile,0
TXN00005668,CUST000177,2025-10-18 01:08:57.003505,744.13,EUR,FR,IT,sucursal,pos,0
TXN00005669,CUST000066,2025-12-21 19:50:57.003505,155.38,EUR,DE,DE,cajero,mobile,0
TXN00005670,CUST000069,2025-12-25 05:21:57.003505,41.23,EUR,FR,IT,app,tablet,0
TXN00005671,CUST000020,2025-08-13 00:26:57.003505,155.28,EUR,IT,FR,web,tablet,0
TXN00005672,CUST000072,2025-04-18 18:23:57.003505,2121.31,CHF,GB,IT,web,mobile,0
TXN00005673,CUST000029,2025-05-07 07:53:57.003505,3038.85,GBP,GB,DE,web,atm,0
TXN00005674,CUST000063,2025-10-10 03:40:57.003505,399.79,EUR,FR,ES,cajero,tablet,0
TXN00005675,CUST000183,2025-10-07 22:24:57.003505,156.72,EUR,IT,FR,sucursal,atm,0
TXN00005676,CUST000123,2025-06-01 07:11:57.003505,274.33,EUR,FR,DE,cajero,mobile,0
TXN00005677,CUST000180,2025-04-18 06:58:57.003505,496.74,CHF,GB,DE,sucursal,tablet,0
TXN00005678,CUST000188,2025-06-29 08:29:57.003505,9144.72,EUR,IT,IT,web,desktop,0
TXN00005679,CUST000074,2026-01-10 08:38:57.003505,2581.74,EUR,IT,ES,web,tablet,0
TXN00005680,CUST000120,2025-03-02 06:40:57.003505,258.29,EUR,IT,IT,app,atm,0
TXN00005681,CUST000056,2025-05-23 23:34:57.003505,861.13,GBP,GB,IT,app,desktop,0
TXN00005682,CUST000011,2025-01-31 06:26:57.003505,792.22,EUR,ES,FR,app,tablet,0
TXN00005683,CUST000063,2025-09-19 20:13:57.003505,30.66,EUR,FR,ES,cajero,mobile,0
TXN00005684,CUST000066,2025-11-19 08:00:57.003505,641.4,EUR,DE,FR,cajero,desktop,0
TXN00005685,CUST000182,2025-06-13 04:56:57.003505,10959.76,EUR,FR,GB,cajero,mobile,0
TXN00005686,CUST000043,2025-07-30 01:28:57.003505,14260.57,EUR,CH,GB,cajero,pos,0
TXN00005687,CUST000028,2025-07-12 20:06:57.003505,369.39,EUR,ES,ES,cajero,mobile,0
TXN00005688,CUST000014,2025-02-07 08:00:57.003505,691.83,EUR,IT,IT,app,atm,0
TXN00005689,CUST000045,2025-06-24 02:51:57.003505,1214.87,USD,GB,ES,sucursal,atm,0
TXN00005690,CUST000056,2025-06-15 19:56:57.003505,853.06,GBP,GB,FR,app,pos,0
TXN00005691,CUST000049,2025-06-15 22:13:57.003505,281.48,EUR,ES,IT,web,desktop,0
TXN00005692,CUST000046,2025-06-03 18:34:57.003505,3766.9,EUR,GB,GB,app,tablet,0
TXN00005693,CUST000010,2025-02-13 04:57:57.003505,897.24,EUR,FR,ES,sucursal,mobile,0
TXN00005694,CUST000044,2025-06-03 06:05:57.003505,526.01,EUR,ES,IT,app,atm,0
TXN00005695,CUST000011,2025-07-27 22:07:57.003505,121.66,EUR,ES,DE,app,mobile,0
TXN00005696,CUST000050,2025-03-26 02:52:57.003505,13389.23,EUR,FR,IT,app,pos,0
TXN00005697,CUST000104,2025-09-26 03:41:57.003505,955.43,EUR,ES,FR,app,atm,0
TXN00005698,CUST000102,2025-03-17 19:02:57.003505,2287.75,EUR,FR,FR,web,pos,0
TXN00005699,CUST000034,2025-03-24 04:49:57.003505,15.46,EUR,FR,IT,cajero,desktop,0
TXN00005700,CUST000005,2025-08-28 02:12:57.003505,840.4,GBP,GB,GB,sucursal,atm,0
TXN00005701,CUST000154,2025-04-30 19:25:57.003505,2556.45,EUR,ES,DE,app,tablet,0
TXN00005702,CUST000068,2025-04-06 01:11:57.003505,967.48,EUR,ES,FR,app,desktop,0
TXN00005703,CUST000021,2025-03-22 00:54:57.003505,149.5,EUR,FR,ES,web,pos,0
TXN00005704,CUST000161,2025-04-19 02:18:57.003505,283.14,EUR,ES,ES,app,atm,0
TXN00005705,CUST000185,2025-06-19 00:53:57.003505,847.47,CHF,GB,ES,sucursal,tablet,0
TXN00005706,CUST000092,2025-11-30 05:32:57.003505,4998.63,EUR,FR,GB,app,mobile,0
TXN00005707,CUST000132,2025-10-21 23:19:57.003505,5752.49,EUR,ES,DE,web,desktop,0
TXN00005708,CUST000067,2025-06-07 17:22:57.003505,5917.25,EUR,DE,FR,app,atm,0
TXN00005709,CUST000140,2025-12-15 23:24:57.003505,880.13,EUR,DE,FR,app,tablet,0
TXN00005710,CUST000083,2025-12-06 19:01:57.003505,147.9,EUR,ES,ES,cajero,pos,0
TXN00005711,CUST000154,2025-09-24 23:41:57.003505,4600.54,EUR,ES,DE,app,atm,0
TXN00005712,CUST000115,2025-08-03 00:18:57.003505,6849.28,EUR,DE,FR,sucursal,mobile,0
TXN00005713,CUST000068,2025-11-03 03:59:57.003505,789.59,EUR,ES,DE,sucursal,desktop,0
TXN00005714,CUST000076,2025-11-30 22:48:57.003505,441.4,EUR,ES,ES,web,pos,0
TXN00005715,CUST000032,2025-05-23 02:31:57.003505,282.53,EUR,FR,ES,web,tablet,0
TXN00005716,CUST000031,2025-02-24 23:20:57.003505,11386.06,EUR,ES,FR,app,atm,0
TXN00005717,CUST000175,2025-11-24 02:20:57.003505,6118.69,USD,CH,DE,sucursal,desktop,0
TXN00005718,CUST000189,2025-03-29 20:18:57.003505,8941.49,EUR,DE,DE,web,mobile,0
TXN00005719,CUST000095,2025-02-09 03:57:57.003505,159.39,EUR,IT,IT,cajero,desktop,0
TXN00005720,CUST000063,2025-11-25 05:03:57.003505,62.19,EUR,FR,IT,sucursal,tablet,0
TXN00005721,CUST000049,2025-12-26 21:12:57.003505,476.14,EUR,ES,ES,cajero,pos,0
TXN00005722,CUST000030,2025-09-02 04:23:57.003505,1902.19,GBP,GB,GB,web,tablet,0
TXN00005723,CUST000175,2025-09-28 20:18:57.003505,5095.45,GBP,CH,ES,sucursal,desktop,0
TXN00005724,CUST000107,2025-09-03 04:44:57.003505,7121.38,EUR,DE,GB,sucursal,tablet,0
TXN00005725,CUST000005,2025-08-30 07:39:57.003505,635.6,GBP,GB,FR,app,desktop,0
TXN00005726,CUST000042,2025-01-21 22:43:57.003505,4779.45,EUR,ES,IT,sucursal,tablet,0
TXN00005727,CUST000085,2025-02-05 04:18:57.003505,943.07,EUR,FR,FR,sucursal,tablet,0
TXN00005728,CUST000022,2025-02-27 05:01:57.107482,19852.09,EUR,IT,YE,app,pos,1
TXN00005729,CUST000140,2025-07-06 05:22:57.003505,946.34,EUR,DE,ES,app,tablet,0
TXN00005730,CUST000006,2025-06-15 21:36:57.003505,368.75,EUR,FR,FR,cajero,desktop,0
TXN00005731,CUST000164,2025-05-12 21:06:57.003505,2053.95,EUR,US,US,sucursal,atm,0
TXN00005732,CUST000144,2025-09-08 04:02:57.003505,890.81,EUR,DE,GB,web,desktop,0
TXN00005733,CUST000022,2025-05-02 18:20:57.003505,5427.04,EUR,IT,IT,web,mobile,0
TXN00005734,CUST000089,2025-11-18 01:24:57.003505,322.08,EUR,ES,IT,web,desktop,0
TXN00005735,CUST000121,2025-07-16 00:22:57.003505,291.93,EUR,ES,DE,sucursal,atm,0
TXN00005736,CUST000131,2025-04-09 01:01:57.003505,728.47,EUR,DE,ES,app,pos,0
TXN00005737,CUST000113,2025-09-09 00:07:57.003505,5617.78,CHF,CH,CH,web,mobile,0
TXN00005738,CUST000041,2025-03-02 03:57:57.003505,3137.48,EUR,DE,GB,app,pos,0
TXN00005739,CUST000116,2025-02-08 06:50:57.003505,1936.88,EUR,FR,GB,app,desktop,0
TXN00005740,CUST000031,2025-09-08 21:25:57.003505,5942.28,EUR,ES,FR,web,atm,0
TXN00005741,CUST000098,2025-10-23 20:54:57.003505,515.04,EUR,IT,ES,app,pos,0
TXN00005742,CUST000133,2025-11-20 00:58:57.003505,66.21,EUR,IT,ES,app,pos,0
TXN00005743,CUST000136,2025-02-18 23:57:57.003505,65.84,EUR,FR,FR,app,pos,0
TXN00005744,CUST000145,2025-07-12 08:20:57.003505,941.9,EUR,DE,GB,cajero,atm,0
TXN00005745,CUST000096,2025-12-07 01:00:57.003505,5693.16,EUR,ES,DE,app,mobile,0
TXN00005746,CUST000020,2025-05-31 12:47:57.107482,1346.38,EUR,IT,ES,web,tablet,1
TXN00005747,CUST000128,2025-10-05 03:12:57.003505,4953.78,EUR,FR,DE,sucursal,tablet,0
TXN00005748,CUST000007,2025-02-16 20:43:57.003505,2039.92,EUR,DE,ES,web,desktop,0
TXN00005749,CUST000090,2025-02-01 05:03:57.003505,3861.03,CHF,GB,DE,app,tablet,0
TXN00005750,CUST000023,2025-10-21 19:02:57.003505,1870.59,EUR,FR,GB,cajero,tablet,0
TXN00005751,CUST000100,2025-04-07 04:13:57.003505,2883.51,USD,GB,FR,app,pos,0
TXN00005752,CUST000092,2025-10-13 22:52:57.003505,2306.28,EUR,FR,ES,cajero,mobile,0
TXN00005753,CUST000048,2025-02-23 05:33:57.003505,2095.36,EUR,FR,FR,cajero,atm,0
TXN00005754,CUST000163,2025-07-14 23:47:57.003505,16.1,EUR,ES,FR,app,tablet,0
TXN00005755,CUST000132,2025-10-29 09:09:57.003505,13547.36,EUR,ES,FR,web,mobile,0
TXN00005756,CUST000071,2025-05-30 18:54:57.003505,7393.0,EUR,FR,DE,sucursal,desktop,0
TXN00005757,CUST000103,2025-07-30 20:37:57.003505,5362.0,EUR,ES,US,app,mobile,0
TXN00005758,CUST000045,2025-06-07 02:06:57.003505,629.95,EUR,GB,FR,app,pos,0
TXN00005759,CUST000063,2025-02-23 00:21:57.003505,290.14,EUR,FR,FR,sucursal,tablet,0
TXN00005760,CUST000128,2025-07-21 06:40:57.003505,3186.4,EUR,FR,DE,web,pos,0
TXN00005761,CUST000064,2025-11-16 04:17:57.003505,344.7,EUR,ES,IT,sucursal,mobile,0
TXN00005762,CUST000164,2025-07-24 18:22:57.003505,3847.13,USD,US,US,app,atm,0
TXN00005763,CUST000116,2025-11-29 03:00:57.003505,4825.47,EUR,FR,US,web,tablet,0
TXN00005764,CUST000168,2025-03-02 04:50:57.003505,796.9,EUR,IT,ES,web,pos,0
TXN00005765,CUST000066,2025-06-15 20:39:57.003505,1519.73,EUR,DE,IT,sucursal,desktop,0
TXN00005766,CUST000149,2025-11-24 03:04:57.003505,4044.3,EUR,ES,US,cajero,tablet,0
TXN00005767,CUST000137,2025-10-10 22:20:57.003505,2374.79,EUR,FR,GB,cajero,atm,0
TXN00005768,CUST000070,2025-10-07 07:57:57.003505,152.41,EUR,ES,IT,sucursal,atm,0
TXN00005769,CUST000041,2025-03-29 22:08:57.003505,4600.05,EUR,DE,IT,app,atm,0
TXN00005770,CUST000150,2025-04-24 04:24:57.003505,3187.01,EUR,ES,GB,web,mobile,0
TXN00005771,CUST000064,2025-02-11 04:52:57.003505,2307.86,EUR,ES,DE,sucursal,desktop,0
TXN00005772,CUST000132,2025-07-29 20:53:57.003505,2080.41,EUR,ES,GB,cajero,pos,0
TXN00005773,CUST000100,2025-10-30 23:52:57.003505,2054.12,EUR,GB,IT,cajero,mobile,0
TXN00005774,CUST000172,2025-05-13 20:04:57.003505,2102.65,EUR,FR,IT,sucursal,pos,0
TXN00005775,CUST000112,2025-03-22 18:36:57.003505,19957.36,CHF,US,GB,app,mobile,0
TXN00005776,CUST000080,2025-06-05 05:33:57.003505,114.19,EUR,ES,IT,app,tablet,0
TXN00005777,CUST000103,2025-08-29 07:03:57.003505,4737.04,EUR,ES,US,sucursal,desktop,0
TXN00005778,CUST000158,2025-04-24 20:36:57.003505,253.21,GBP,GB,DE,app,mobile,0
TXN00005779,CUST000010,2025-08-28 18:19:57.003505,272.36,EUR,FR,ES,sucursal,desktop,0
TXN00005780,CUST000057,2025-10-29 02:37:57.003505,143.44,EUR,ES,ES,web,pos,0
TXN00005781,CUST000130,2025-12-26 23:03:57.003505,1973.02,EUR,IT,DE,app,desktop,0
TXN00005782,CUST000176,2025-09-03 02:14:57.003505,680.88,EUR,ES,GB,web,desktop,0
TXN00005783,CUST000108,2025-01-22 20:56:57.003505,134.85,EUR,ES,ES,cajero,atm,0
TXN00005784,CUST000175,2025-05-06 18:32:57.003505,13732.92,CHF,CH,US,sucursal,desktop,0
TXN00005785,CUST000154,2025-03-26 04:11:57.003505,2944.1,EUR,ES,GB,sucursal,desktop,0
TXN00005786,CUST000012,2025-07-25 04:14:57.003505,3621.9,EUR,IT,FR,web,pos,0
TXN00005787,CUST000018,2025-10-24 19:50:57.003505,46.63,EUR,FR,FR,sucursal,pos,0
TXN00005788,CUST000186,2025-12-15 08:55:57.003505,3277.38,EUR,IT,DE,sucursal,tablet,0
TXN00005789,CUST000142,2025-12-06 17:07:57.003505,5753.16,EUR,DE,US,cajero,mobile,0
TXN00005790,CUST000058,2025-08-16 06:47:57.003505,4475.16,EUR,FR,ES,cajero,atm,0
TXN00005791,CUST000087,2025-09-22 04:20:57.003505,940.77,EUR,ES,ES,sucursal,pos,0
TXN00005792,CUST000104,2025-01-29 00:46:57.003505,1761.95,EUR,ES,IT,cajero,tablet,0
TXN00005793,CUST000149,2025-06-12 21:08:57.003505,7092.34,EUR,ES,DE,web,desktop,0
TXN00005794,CUST000002,2025-10-02 01:44:57.003505,307.39,EUR,ES,FR,web,pos,0
TXN00005795,CUST000098,2025-12-15 22:15:57.003505,905.84,EUR,IT,DE,sucursal,tablet,0
TXN00005796,CUST000109,2025-03-29 03:56:57.003505,18918.7,USD,CH,FR,cajero,tablet,0
TXN00005797,CUST000037,2025-02-01 06:35:57.003505,31.32,EUR,ES,IT,cajero,tablet,0
TXN00005798,CUST000140,2025-05-05 20:11:57.003505,216.21,EUR,DE,GB,sucursal,desktop,0
TXN00005799,CUST000166,2025-03-03 06:20:57.003505,7566.65,GBP,GB,DE,web,desktop,0
TXN00005800,CUST000034,2025-07-27 10:45:57.107482,1318.06,EUR,FR,IT,app,mobile,1
TXN00005801,CUST000136,2025-10-15 20:07:57.003505,217.91,EUR,FR,ES,app,atm,0
TXN00005802,CUST000027,2025-11-16 03:14:57.003505,38.37,EUR,FR,IT,app,tablet,0
TXN00005803,CUST000113,2025-11-14 03:07:57.003505,6997.12,CHF,CH,DE,web,pos,0
TXN00005804,CUST000179,2025-11-02 03:24:57.003505,4366.04,EUR,DE,IT,app,pos,0
TXN00005805,CUST000072,2025-04-14 03:41:57.003505,4868.21,USD,GB,US,cajero,tablet,0
TXN00005806,CUST000063,2025-09-09 21:43:57.003505,186.73,EUR,FR,IT,cajero,atm,0
TXN00005807,CUST000187,2025-10-16 18:11:57.003505,1277.77,USD,GB,GB,cajero,atm,0
TXN00005808,CUST000027,2025-07-15 20:46:57.107482,625.86,EUR,FR,KP,app,mobile,1
TXN00005809,CUST000126,2026-01-08 01:28:57.003505,662.18,EUR,DE,ES,app,tablet,0
TXN00005810,CUST000144,2025-08-07 08:08:57.003505,679.04,EUR,DE,ES,web,atm,0
TXN00005811,CUST000014,2025-10-08 04:19:57.003505,275.49,EUR,IT,FR,web,pos,0
TXN00005812,CUST000137,2025-01-19 20:41:57.003505,2309.59,EUR,FR,IT,app,pos,0
TXN00005813,CUST000149,2025-10-27 19:38:57.003505,3075.27,EUR,ES,DE,cajero,pos,0
TXN00005814,CUST000170,2025-03-17 05:16:57.003505,2723.8,CHF,US,GB,sucursal,atm,0
TXN00005815,CUST000083,2025-07-28 21:35:57.003505,73.31,EUR,ES,IT,app,pos,0
TXN00005816,CUST000157,2025-12-02 23:32:57.003505,4882.61,EUR,IT,GB,web,mobile,0
TXN00005817,CUST000112,2025-09-07 17:22:57.003505,5460.88,CHF,US,CH,sucursal,tablet,0
TXN00005818,CUST000022,2025-10-15 23:59:57.003505,2753.43,EUR,IT,US,web,pos,0
TXN00005819,CUST000137,2025-06-29 05:29:57.003505,826.98,EUR,FR,IT,web,desktop,0
TXN00005820,CUST000101,2025-12-26 05:17:57.003505,76.85,EUR,FR,IT,sucursal,tablet,0
TXN00005821,CUST000001,2025-09-20 20:03:57.003505,254.37,EUR,FR,FR,app,desktop,0
TXN00005822,CUST000170,2025-07-14 04:15:57.003505,530.84,CHF,US,DE,app,atm,0
TXN00005823,CUST000103,2025-04-18 07:39:57.003505,10380.99,EUR,ES,IT,sucursal,pos,0
TXN00005824,CUST000040,2025-08-20 19:37:57.003505,101.35,EUR,IT,ES,web,pos,0
TXN00005825,CUST000178,2025-05-07 20:14:57.003505,136.95,EUR,ES,IT,cajero,atm,0
TXN00005826,CUST000000,2025-06-17 04:43:57.003505,517.1,EUR,DE,FR,web,tablet,0
TXN00005827,CUST000138,2025-02-01 18:29:57.003505,1802.89,EUR,FR,US,sucursal,pos,0
TXN00005828,CUST000037,2025-07-01 21:29:57.003505,144.23,EUR,ES,IT,app,atm,0
TXN00005829,CUST000031,2025-08-12 22:56:57.003505,21594.6,EUR,ES,DE,web,tablet,0
TXN00005830,CUST000056,2025-11-01 02:44:57.003505,107.86,CHF,GB,ES,app,atm,0
TXN00005831,CUST000008,2025-06-05 00:22:57.003505,3116.16,EUR,IT,ES,app,pos,0
TXN00005832,CUST000001,2025-04-22 01:20:57.003505,540.88,EUR,FR,DE,sucursal,pos,0
TXN00005833,CUST000007,2025-09-21 05:33:57.003505,14443.54,EUR,DE,FR,cajero,mobile,0
TXN00005834,CUST000005,2025-04-06 01:56:57.003505,1338.54,GBP,GB,DE,cajero,mobile,0
TXN00005835,CUST000176,2025-06-04 04:05:57.003505,872.37,EUR,ES,ES,cajero,tablet,0
TXN00005836,CUST000125,2025-04-08 22:32:57.003505,1278.83,EUR,US,DE,sucursal,mobile,0
TXN00005837,CUST000181,2025-04-16 19:39:57.003505,1835.73,EUR,IT,FR,app,pos,0
TXN00005838,CUST000010,2025-04-26 04:02:57.003505,928.44,EUR,FR,FR,cajero,mobile,0
TXN00005839,CUST000079,2025-10-24 00:23:57.003505,15605.92,EUR,FR,GB,sucursal,mobile,0
TXN00005840,CUST000115,2026-01-09 02:57:57.003505,9542.71,EUR,DE,CH,cajero,pos,0
TXN00005841,CUST000065,2025-04-14 08:14:57.003505,1156.79,EUR,DE,ES,web,mobile,0
TXN00005842,CUST000148,2025-07-27 07:53:57.003505,12132.54,EUR,ES,FR,web,atm,0
TXN00005843,CUST000029,2025-09-21 03:47:57.003505,1391.16,CHF,GB,FR,sucursal,tablet,0
TXN00005844,CUST000092,2025-02-09 02:52:57.003505,3404.6,EUR,FR,IT,sucursal,desktop,0
TXN00005845,CUST000168,2025-07-25 02:53:57.003505,703.79,EUR,IT,GB,web,desktop,0
TXN00005846,CUST000089,2025-06-10 06:37:57.003505,49.84,EUR,ES,ES,app,desktop,0
TXN00005847,CUST000136,2025-01-24 21:49:57.003505,90.79,EUR,FR,IT,web,tablet,0
TXN00005848,CUST000098,2025-09-16 05:12:57.003505,436.03,EUR,IT,IT,web,mobile,0
TXN00005849,CUST000108,2025-03-15 01:47:57.003505,119.29,EUR,ES,ES,sucursal,pos,0
TXN00005850,CUST000043,2026-01-02 17:39:57.003505,4563.86,EUR,CH,US,app,mobile,0
TXN00005851,CUST000137,2025-07-30 22:42:57.003505,2242.95,EUR,FR,IT,sucursal,desktop,0
TXN00005852,CUST000085,2025-02-11 21:05:57.003505,1486.72,EUR,FR,DE,app,desktop,0
TXN00005853,CUST000185,2025-06-19 05:28:57.003505,906.87,EUR,GB,IT,app,tablet,0
TXN00005854,CUST000018,2025-06-25 03:08:57.003505,245.5,EUR,FR,FR,sucursal,atm,0
TXN00005855,CUST000008,2026-01-08 04:15:57.003505,2025.91,EUR,IT,IT,app,desktop,0
TXN00005856,CUST000009,2025-04-09 21:40:57.003505,15769.83,EUR,FR,DE,sucursal,desktop,0
TXN00005857,CUST000167,2025-08-06 22:15:57.003505,3747.18,USD,US,FR,sucursal,mobile,0
TXN00005858,CUST000032,2025-03-09 02:09:57.003505,338.15,EUR,FR,ES,app,mobile,0
TXN00005859,CUST000140,2025-06-25 23:56:57.003505,2046.91,EUR,DE,ES,app,pos,0
TXN00005860,CUST000180,2025-03-09 21:33:57.003505,676.42,USD,GB,IT,web,mobile,0
TXN00005861,CUST000171,2025-10-23 06:57:57.003505,4284.29,EUR,IT,FR,web,tablet,0
TXN00005862,CUST000023,2025-02-02 22:58:57.003505,863.38,EUR,FR,GB,cajero,desktop,0
TXN00005863,CUST000157,2025-06-21 01:18:57.003505,1589.76,EUR,IT,ES,cajero,pos,0
TXN00005864,CUST000092,2025-02-12 08:22:57.003505,4231.09,EUR,FR,ES,cajero,tablet,0
TXN00005865,CUST000131,2025-11-01 08:57:57.003505,640.17,EUR,DE,DE,web,atm,0
TXN00005866,CUST000136,2025-07-23 07:47:57.003505,77.99,EUR,FR,ES,app,pos,0
TXN00005867,CUST000033,2025-05-21 00:38:57.003505,2269.33,EUR,IT,DE,cajero,atm,0
TXN00005868,CUST000165,2025-10-12 02:43:57.003505,464.36,EUR,FR,ES,cajero,tablet,0
TXN00005869,CUST000113,2025-03-31 22:36:57.003505,845.41,CHF,CH,US,app,mobile,0
TXN00005870,CUST000034,2025-04-19 21:39:57.003505,78.21,EUR,FR,FR,web,desktop,0
TXN00005871,CUST000055,2025-12-31 04:33:57.003505,9401.6,CHF,CH,FR,web,pos,0
TXN00005872,CUST000000,2025-07-04 08:40:57.003505,925.52,EUR,DE,DE,web,tablet,0
TXN00005873,CUST000012,2025-06-15 19:43:57.003505,1758.68,EUR,IT,ES,app,tablet,0
TXN00005874,CUST000008,2025-12-09 01:37:57.003505,2336.51,EUR,IT,ES,sucursal,mobile,0
TXN00005875,CUST000148,2025-04-05 06:29:57.003505,4604.53,EUR,ES,FR,sucursal,tablet,0
TXN00005876,CUST000109,2025-06-17 21:48:57.003505,15816.55,GBP,CH,FR,web,pos,0
TXN00005877,CUST000181,2025-11-14 02:18:57.003505,2091.09,EUR,IT,ES,web,desktop,0
TXN00005878,CUST000097,2025-12-30 17:36:57.003505,6922.93,CHF,GB,US,web,desktop,0
TXN00005879,CUST000139,2025-08-18 17:51:57.003505,5182.88,CHF,US,DE,cajero,pos,0
TXN00005880,CUST000177,2025-05-24 05:12:57.003505,1464.26,EUR,FR,GB,sucursal,desktop,0
TXN00005881,CUST000055,2025-02-02 03:30:57.003505,7819.48,GBP,CH,CH,sucursal,desktop,0
TXN00005882,CUST000008,2025-09-03 05:42:57.003505,6516.67,EUR,IT,DE,sucursal,mobile,0
TXN00005883,CUST000105,2025-04-19 00:54:57.003505,1074.39,EUR,US,FR,app,desktop,0
TXN00005884,CUST000052,2025-05-08 21:15:57.003505,118.19,EUR,ES,IT,cajero,desktop,0
TXN00005885,CUST000111,2025-07-08 01:12:57.003505,339.11,EUR,ES,FR,sucursal,tablet,0
TXN00005886,CUST000147,2025-03-08 03:58:57.003505,9022.45,EUR,US,IT,cajero,atm,0
TXN00005887,CUST000084,2025-06-04 00:10:57.003505,63.33,EUR,ES,ES,cajero,desktop,0
TXN00005888,CUST000023,2025-11-09 02:22:57.003505,6087.53,EUR,FR,FR,app,desktop,0
TXN00005889,CUST000048,2025-09-02 18:29:57.003505,2290.71,EUR,FR,GB,web,desktop,0
TXN00005890,CUST000038,2025-04-28 03:36:57.003505,1825.22,EUR,ES,ES,sucursal,mobile,0
TXN00005891,CUST000038,2025-08-05 00:29:57.003505,1139.14,EUR,ES,FR,app,pos,0
TXN00005892,CUST000110,2025-07-04 06:08:57.003505,13.74,EUR,ES,IT,cajero,pos,0
TXN00005893,CUST000172,2025-06-10 22:22:57.003505,220.18,EUR,FR,DE,web,desktop,0
TXN00005894,CUST000081,2025-04-27 02:15:57.003505,4286.77,USD,CH,GB,app,atm,0
TXN00005895,CUST000165,2025-07-22 22:57:57.003505,903.7,EUR,FR,GB,app,mobile,0
TXN00005896,CUST000003,2025-10-10 22:25:57.003505,442.76,EUR,ES,FR,cajero,pos,0
TXN00005897,CUST000016,2025-05-15 07:46:57.003505,162.42,EUR,IT,GB,app,pos,0
TXN00005898,CUST000172,2025-02-26 23:24:57.003505,2358.05,EUR,FR,ES,app,desktop,0
TXN00005899,CUST000021,2026-01-07 02:39:57.003505,128.47,EUR,FR,FR,app,atm,0
TXN00005900,CUST000003,2026-01-02 04:24:57.003505,392.33,EUR,ES,FR,cajero,tablet,0
TXN00005901,CUST000034,2025-03-08 07:32:57.003505,14.97,EUR,FR,IT,app,pos,0
TXN00005902,CUST000075,2025-05-04 01:05:57.003505,4199.46,EUR,FR,ES,app,desktop,0
TXN00005903,CUST000145,2025-02-03 04:37:57.003505,295.33,EUR,DE,GB,web,desktop,0
TXN00005904,CUST000059,2025-04-21 23:01:57.003505,89.93,EUR,FR,IT,web,pos,0
TXN00005905,CUST000073,2025-11-30 04:30:57.003505,307.44,EUR,DE,ES,web,atm,0
TXN00005906,CUST000078,2025-09-24 19:55:57.003505,2297.06,EUR,DE,DE,web,desktop,0
TXN00005907,CUST000118,2025-01-24 18:43:57.003505,24465.95,EUR,DE,DE,web,desktop,0
TXN00005908,CUST000100,2025-08-15 23:16:57.003505,4401.94,CHF,GB,FR,sucursal,atm,0
TXN00005909,CUST000007,2025-03-08 19:30:57.107482,35386.74,EUR,DE,NG,app,desktop,1
TXN00005910,CUST000178,2025-08-31 22:10:57.003505,25.72,EUR,ES,ES,web,tablet,0
TXN00005911,CUST000172,2025-12-03 06:28:57.003505,2136.66,EUR,FR,DE,app,atm,0
TXN00005912,CUST000000,2025-12-11 03:05:57.107482,1646.04,EUR,DE,IR,sucursal,tablet,1
TXN00005913,CUST000011,2025-07-06 13:33:57.107482,40225.35,EUR,ES,IR,app,pos,1
TXN00005914,CUST000098,2025-03-10 22:42:57.003505,1339.23,EUR,IT,DE,web,mobile,0
TXN00005915,CUST000062,2025-09-17 23:17:57.003505,1434.19,EUR,IT,IT,sucursal,atm,0
TXN00005916,CUST000095,2025-10-01 00:35:57.003505,131.87,EUR,IT,ES,sucursal,desktop,0
TXN00005917,CUST000032,2025-04-05 06:43:57.003505,110.94,EUR,FR,ES,app,atm,0
TXN00005918,CUST000047,2026-01-03 18:11:57.003505,15489.1,EUR,ES,DE,cajero,tablet,0
TXN00005919,CUST000080,2025-03-08 04:10:57.003505,13.78,EUR,ES,IT,sucursal,atm,0
TXN00005920,CUST000120,2025-10-25 00:35:57.003505,64.87,EUR,IT,ES,cajero,tablet,0
TXN00005921,CUST000131,2025-06-13 07:07:57.003505,751.33,EUR,DE,FR,web,desktop,0
TXN00005922,CUST000011,2025-12-02 03:35:57.003505,360.14,EUR,ES,ES,sucursal,pos,0
TXN00005923,CUST000084,2025-06-30 01:21:57.003505,146.24,EUR,ES,FR,sucursal,tablet,0
TXN00005924,CUST000057,2025-08-05 21:29:57.003505,355.91,EUR,ES,FR,sucursal,tablet,0
TXN00005925,CUST000072,2025-01-23 02:59:57.003505,3393.67,EUR,GB,GB,app,desktop,0
TXN00005926,CUST000142,2025-04-02 02:22:57.003505,6759.01,EUR,DE,ES,app,tablet,0
TXN00005927,CUST000000,2025-10-16 22:21:57.003505,1933.38,EUR,DE,FR,web,tablet,0
TXN00005928,CUST000046,2025-11-20 20:29:57.003505,18021.99,USD,GB,GB,web,desktop,0
TXN00005929,CUST000021,2025-10-23 06:58:57.003505,106.31,EUR,FR,IT,web,pos,0
TXN00005930,CUST000107,2025-07-18 02:41:57.003505,6668.68,EUR,DE,US,cajero,tablet,0
TXN00005931,CUST000009,2025-03-25 17:32:57.003505,4617.59,EUR,FR,FR,web,tablet,0
TXN00005932,CUST000035,2025-02-15 01:17:57.003505,202.61,EUR,DE,GB,sucursal,desktop,0
TXN00005933,CUST000118,2025-05-14 00:29:57.003505,5078.38,EUR,DE,FR,cajero,desktop,0
TXN00005934,CUST000153,2025-05-19 23:31:57.003505,218.79,EUR,ES,ES,web,atm,0
TXN00005935,CUST000041,2025-04-30 23:14:57.003505,3333.57,EUR,DE,ES,web,pos,0
TXN00005936,CUST000001,2025-02-07 06:34:57.107482,5321.29,EUR,FR,KP,app,mobile,1
TXN00005937,CUST000070,2025-08-10 02:37:57.003505,151.57,EUR,ES,ES,cajero,mobile,0
TXN00005938,CUST000060,2025-05-26 02:47:57.003505,2325.18,EUR,IT,DE,cajero,mobile,0
TXN00005939,CUST000045,2025-11-28 18:50:57.003505,224.19,GBP,GB,FR,app,tablet,0
TXN00005940,CUST000159,2025-10-19 08:35:57.003505,4589.36,EUR,GB,US,cajero,desktop,0
TXN00005941,CUST000167,2025-06-11 23:36:57.003505,11302.8,CHF,US,IT,app,mobile,0
TXN00005942,CUST000174,2025-05-20 07:57:57.003505,1298.83,EUR,IT,DE,sucursal,mobile,0
TXN00005943,CUST000184,2025-09-10 00:21:57.003505,118.11,EUR,FR,ES,sucursal,atm,0
TXN00005944,CUST000186,2025-06-16 06:25:57.003505,1858.15,EUR,IT,ES,web,atm,0
TXN00005945,CUST000009,2025-06-24 04:57:57.003505,12629.92,EUR,FR,ES,app,desktop,0
TXN00005946,CUST000062,2026-01-07 19:21:57.003505,139.5,EUR,IT,FR,app,pos,0
TXN00005947,CUST000116,2025-03-03 18:47:57.003505,13116.41,EUR,FR,IT,cajero,desktop,0
TXN00005948,CUST000108,2025-01-18 05:53:57.003505,134.71,EUR,ES,ES,app,tablet,0
TXN00005949,CUST000059,2025-02-25 06:00:57.003505,126.14,EUR,FR,IT,sucursal,atm,0
TXN00005950,CUST000175,2025-11-28 17:27:57.003505,6367.32,CHF,CH,GB,web,desktop,0
TXN00005951,CUST000045,2025-09-25 03:39:57.003505,208.7,EUR,GB,FR,sucursal,atm,0
TXN00005952,CUST000133,2026-01-13 02:35:57.003505,152.13,EUR,IT,IT,cajero,desktop,0
TXN00005953,CUST000142,2025-08-29 01:01:57.003505,4587.81,EUR,DE,CH,web,atm,0
TXN00005954,CUST000169,2025-10-26 00:04:57.003505,517.25,EUR,DE,GB,cajero,atm,0
TXN00005955,CUST000138,2025-03-19 19:07:57.003505,13659.4,EUR,FR,DE,cajero,atm,0
TXN00005956,CUST000100,2026-01-13 09:37:57.003505,4478.82,CHF,GB,DE,web,tablet,0
TXN00005957,CUST000045,2025-04-29 22:15:57.107482,85657.33,GBP,GB,DE,sucursal,tablet,1
TXN00005958,CUST000033,2025-11-13 05:34:57.003505,4113.43,EUR,IT,GB,cajero,mobile,0
TXN00005959,CUST000005,2025-11-25 00:52:57.003505,396.35,GBP,GB,IT,sucursal,tablet,0
TXN00005960,CUST000177,2025-04-17 22:40:57.003505,318.38,EUR,FR,ES,cajero,atm,0
TXN00005961,CUST000085,2025-07-17 23:32:57.003505,846.74,EUR,FR,ES,sucursal,atm,0
TXN00005962,CUST000137,2025-06-12 22:37:57.003505,951.73,EUR,FR,DE,web,mobile,0
TXN00005963,CUST000062,2025-06-04 01:22:57.003505,119.34,EUR,IT,GB,cajero,atm,0
TXN00005964,CUST000043,2025-07-10 17:05:57.003505,3274.2,USD,CH,GB,web,pos,0
TXN00005965,CUST000033,2025-07-21 19:41:57.003505,2710.44,EUR,IT,ES,cajero,mobile,0
TXN00005966,CUST000057,2025-07-04 07:13:57.003505,309.01,EUR,ES,ES,web,desktop,0
TXN00005967,CUST000076,2025-08-11 22:39:57.003505,138.91,EUR,ES,ES,web,mobile,0
TXN00005968,CUST000121,2025-11-01 07:05:57.003505,713.22,EUR,ES,FR,web,mobile,0
TXN00005969,CUST000146,2025-08-02 04:25:57.003505,205.34,EUR,IT,IT,cajero,pos,0
TXN00005970,CUST000058,2025-07-08 07:59:57.003505,4100.09,EUR,FR,ES,cajero,mobile,0
TXN00005971,CUST000047,2025-12-28 04:18:57.003505,12463.02,EUR,ES,CH,sucursal,desktop,0
TXN00005972,CUST000180,2025-10-07 07:13:57.003505,638.67,GBP,GB,ES,web,atm,0
TXN00005973,CUST000101,2025-09-24 02:53:57.003505,33.14,EUR,FR,IT,cajero,desktop,0
TXN00005974,CUST000061,2025-02-24 07:06:57.003505,2407.8,EUR,IT,DE,web,tablet,0
TXN00005975,CUST000189,2025-12-28 04:58:57.003505,9317.54,EUR,DE,ES,sucursal,pos,0
TXN00005976,CUST000006,2025-12-19 04:45:57.003505,251.53,EUR,FR,FR,sucursal,atm,0
TXN00005977,CUST000004,2025-06-05 23:17:57.003505,16712.42,EUR,DE,DE,web,mobile,0
TXN00005978,CUST000175,2025-09-15 20:20:57.003505,13666.6,CHF,CH,ES,web,pos,0
TXN00005979,CUST000066,2025-09-03 18:09:57.003505,262.04,EUR,DE,DE,cajero,tablet,0
TXN00005980,CUST000178,2025-08-27 20:42:57.003505,235.28,EUR,ES,IT,web,tablet,0
TXN00005981,CUST000183,2025-01-16 22:47:57.003505,44.2,EUR,IT,ES,app,atm,0
TXN00005982,CUST000155,2025-04-30 05:31:57.003505,586.12,EUR,IT,ES,sucursal,desktop,0
TXN00005983,CUST000038,2025-12-17 21:58:57.107482,72899.92,EUR,ES,DE,sucursal,desktop,1
TXN00005984,CUST000010,2025-11-06 07:13:57.003505,651.62,EUR,FR,FR,app,mobile,0
TXN00005985,CUST000086,2025-09-26 02:25:57.003505,14315.23,EUR,ES,FR,web,atm,0
TXN00005986,CUST000019,2025-04-15 21:22:57.107482,12603.82,EUR,DE,KP,cajero,pos,1
TXN00005987,CUST000043,2025-12-13 00:56:57.003505,7529.18,USD,CH,ES,app,mobile,0
TXN00005988,CUST000147,2025-12-29 20:47:57.003505,3758.51,GBP,US,ES,cajero,tablet,0
TXN00005989,CUST000090,2025-10-08 21:30:57.003505,952.39,EUR,GB,GB,app,tablet,0
TXN00005990,CUST000064,2025-11-24 02:36:57.003505,469.13,EUR,ES,DE,app,mobile,0
TXN00005991,CUST000067,2025-08-14 23:31:57.003505,7075.47,EUR,DE,GB,sucursal,desktop,0
TXN00005992,CUST000182,2025-03-28 01:33:57.003505,14812.85,EUR,FR,US,web,atm,0
TXN00005993,CUST000061,2025-05-20 20:49:57.003505,1894.13,EUR,IT,GB,sucursal,pos,0
TXN00005994,CUST000125,2025-03-27 19:47:57.003505,6343.07,CHF,US,GB,app,pos,0
TXN00005995,CUST000139,2025-08-12 21:36:57.003505,964.51,USD,US,US,sucursal,desktop,0
TXN00005996,CUST000047,2025-01-21 12:05:57.107482,48152.86,EUR,ES,CH,sucursal,pos,1
TXN00005997,CUST000150,2025-07-27 00:10:57.003505,2609.66,EUR,ES,FR,web,atm,0
TXN00005998,CUST000062,2025-08-05 06:24:57.003505,343.86,EUR,IT,ES,app,pos,0
TXN00005999,CUST000126,2026-01-14 18:22:57.003505,1420.61,EUR,DE,GB,app,mobile,0
TXN00006000,CUST000112,2025-10-29 17:01:57.003505,3413.23,CHF,US,GB,cajero,atm,0
TXN00006001,CUST000132,2025-09-09 07:15:57.003505,1672.57,EUR,ES,IT,app,mobile,0
TXN00006002,CUST000118,2025-12-09 20:41:57.003505,16322.25,EUR,DE,CH,web,pos,0
TXN00006003,CUST000069,2025-06-02 03:29:57.003505,116.76,EUR,FR,IT,web,mobile,0
TXN00006004,CUST000095,2025-02-10 21:48:57.003505,473.5,EUR,IT,IT,cajero,atm,0
TXN00006005,CUST000189,2025-01-28 19:22:57.003505,2829.45,EUR,DE,DE,web,tablet,0
TXN00006006,CUST000101,2025-08-15 05:41:57.003505,31.47,EUR,FR,ES,web,pos,0
TXN00006007,CUST000164,2025-07-19 03:39:57.003505,3255.42,CHF,US,DE,web,desktop,0
TXN00006008,CUST000148,2025-02-28 18:39:57.003505,3073.53,EUR,ES,FR,app,tablet,0
TXN00006009,CUST000029,2025-12-12 09:24:57.107482,37204.99,USD,GB,IT,app,mobile,1
TXN00006010,CUST000174,2025-10-12 19:34:57.003505,2087.41,EUR,IT,ES,app,tablet,0
TXN00006011,CUST000043,2025-06-04 19:26:57.003505,3815.61,GBP,CH,CH,cajero,atm,0
TXN00006012,CUST000083,2025-10-22 03:01:57.003505,495.8,EUR,ES,FR,app,pos,0
TXN00006013,CUST000078,2025-04-20 18:28:57.003505,9102.33,EUR,DE,US,sucursal,desktop,0
TXN00006014,CUST000144,2026-01-14 07:51:57.003505,123.59,EUR,DE,ES,cajero,mobile,0
TXN00006015,CUST000059,2025-04-21 00:46:57.003505,118.2,EUR,FR,FR,sucursal,mobile,0
TXN00006016,CUST000003,2025-09-03 03:34:57.003505,25.96,EUR,ES,IT,web,desktop,0
TXN00006017,CUST000023,2025-10-28 01:08:57.107482,96461.99,EUR,FR,GB,sucursal,desktop,1
TXN00006018,CUST000169,2025-09-28 03:24:57.003505,203.55,EUR,DE,IT,app,pos,0
TXN00006019,CUST000076,2026-01-11 04:08:57.003505,177.86,EUR,ES,FR,app,desktop,0
TXN00006020,CUST000132,2025-12-01 23:15:57.003505,10827.68,EUR,ES,FR,app,atm,0
TXN00006021,CUST000134,2025-07-30 23:53:57.003505,22.98,EUR,FR,IT,app,pos,0
TXN00006022,CUST000160,2025-11-12 20:13:57.003505,114.49,EUR,DE,ES,web,desktop,0
TXN00006023,CUST000172,2025-08-21 01:26:57.003505,440.5,EUR,FR,DE,web,tablet,0
TXN00006024,CUST000088,2025-05-10 01:16:57.003505,905.97,EUR,DE,ES,web,atm,0
TXN00006025,CUST000171,2025-08-16 21:20:57.003505,3548.02,EUR,IT,DE,web,tablet,0
TXN00006026,CUST000032,2025-05-29 22:21:57.003505,121.08,EUR,FR,ES,sucursal,desktop,0
TXN00006027,CUST000189,2025-02-26 23:11:57.003505,16057.47,EUR,DE,DE,app,mobile,0
TXN00006028,CUST000119,2025-08-16 20:59:57.003505,2835.16,GBP,US,FR,cajero,tablet,0
TXN00006029,CUST000119,2025-08-28 09:06:57.003505,2143.43,EUR,US,GB,sucursal,tablet,0
TXN00006030,CUST000012,2025-10-03 21:28:57.003505,4852.67,EUR,IT,IT,web,atm,0
TXN00006031,CUST000011,2025-07-17 23:42:57.107482,63041.61,EUR,ES,FR,cajero,mobile,1
TXN00006032,CUST000011,2025-09-02 03:11:57.003505,584.01,EUR,ES,IT,sucursal,desktop,0
TXN00006033,CUST000128,2025-12-02 18:10:57.003505,6462.66,EUR,FR,FR,web,tablet,0
TXN00006034,CUST000055,2025-12-28 20:23:57.003505,2233.29,USD,CH,ES,cajero,mobile,0
TXN00006035,CUST000070,2025-07-02 01:57:57.003505,121.84,EUR,ES,ES,app,pos,0
TXN00006036,CUST000093,2025-02-27 22:43:57.003505,7832.82,EUR,FR,FR,app,mobile,0
TXN00006037,CUST000040,2025-09-20 12:11:57.107482,33426.7,EUR,IT,PK,app,atm,1
TXN00006038,CUST000015,2025-03-16 23:18:57.003505,10010.75,EUR,FR,GB,web,tablet,0
TXN00006039,CUST000169,2025-10-17 23:10:57.003505,1133.35,EUR,DE,IT,sucursal,pos,0
TXN00006040,CUST000012,2025-07-28 04:18:57.003505,8101.89,EUR,IT,US,sucursal,atm,0
TXN00006041,CUST000170,2025-05-20 20:17:57.003505,4407.47,EUR,US,FR,app,desktop,0
TXN00006042,CUST000078,2025-06-12 20:41:57.003505,7755.74,EUR,DE,CH,app,mobile,0
TXN00006043,CUST000060,2025-03-12 20:23:57.003505,350.29,EUR,IT,FR,sucursal,tablet,0
TXN00006044,CUST000151,2025-11-10 23:23:57.003505,2657.58,EUR,ES,IT,cajero,atm,0
TXN00006045,CUST000127,2025-05-16 09:28:57.003505,1420.59,EUR,FR,ES,cajero,atm,0
TXN00006046,CUST000046,2025-11-13 02:03:57.003505,3796.33,USD,GB,CH,app,mobile,0
TXN00006047,CUST000083,2025-06-28 05:09:57.003505,92.61,EUR,ES,ES,web,mobile,0
TXN00006048,CUST000056,2025-08-17 19:09:57.003505,1562.96,CHF,GB,GB,web,atm,0
TXN00006049,CUST000045,2025-10-08 18:50:57.003505,2292.76,EUR,GB,DE,cajero,desktop,0
TXN00006050,CUST000174,2025-01-26 00:51:57.003505,2878.06,EUR,IT,IT,app,tablet,0
TXN00006051,CUST000114,2025-04-16 21:27:57.003505,5088.55,EUR,ES,DE,web,pos,0
TXN00006052,CUST000077,2025-07-29 22:00:57.003505,3681.35,USD,CH,ES,app,pos,0
TXN00006053,CUST000148,2025-09-15 08:41:57.003505,7929.18,EUR,ES,DE,web,tablet,0
TXN00006054,CUST000179,2025-02-28 21:52:57.003505,4885.57,EUR,DE,ES,web,desktop,0
TXN00006055,CUST000120,2025-03-01 06:35:57.003505,149.78,EUR,IT,FR,sucursal,tablet,0
TXN00006056,CUST000020,2025-03-12 06:39:57.003505,273.12,EUR,IT,FR,web,pos,0
TXN00006057,CUST000137,2025-07-15 07:58:57.003505,803.7,EUR,FR,GB,web,desktop,0
TXN00006058,CUST000183,2025-07-31 00:50:57.003505,146.56,EUR,IT,FR,app,tablet,0
TXN00006059,CUST000104,2025-11-19 05:04:57.003505,1247.94,EUR,ES,DE,sucursal,desktop,0
TXN00006060,CUST000161,2025-10-31 02:10:57.003505,271.84,EUR,ES,FR,app,tablet,0
TXN00006061,CUST000103,2025-12-20 01:46:57.003505,4432.87,EUR,ES,FR,cajero,atm,0
TXN00006062,CUST000177,2025-08-05 23:25:57.003505,692.11,EUR,FR,IT,sucursal,desktop,0
TXN00006063,CUST000036,2025-02-26 09:57:57.003505,6999.64,EUR,FR,ES,app,atm,0
TXN00006064,CUST000073,2025-03-06 06:05:57.003505,858.62,EUR,DE,DE,cajero,pos,0
TXN00006065,CUST000120,2025-05-14 07:18:57.003505,299.85,EUR,IT,FR,sucursal,tablet,0
TXN00006066,CUST000094,2025-10-09 22:33:57.003505,10508.58,GBP,GB,US,web,atm,0
TXN00006067,CUST000185,2025-09-08 08:38:57.003505,193.1,USD,GB,IT,cajero,desktop,0
TXN00006068,CUST000178,2025-04-11 21:19:57.003505,57.99,EUR,ES,IT,web,desktop,0
TXN00006069,CUST000145,2025-12-09 05:24:57.003505,1046.65,EUR,DE,FR,sucursal,atm,0
TXN00006070,CUST000165,2025-06-13 03:36:57.003505,878.34,EUR,FR,IT,cajero,atm,0
TXN00006071,CUST000021,2025-09-25 21:49:57.003505,460.36,EUR,FR,FR,sucursal,mobile,0
TXN00006072,CUST000025,2025-06-24 20:21:57.107482,84389.4,EUR,ES,ES,web,mobile,1
TXN00006073,CUST000086,2025-01-24 00:04:57.003505,5166.93,EUR,ES,US,sucursal,mobile,0
TXN00006074,CUST000077,2025-06-05 00:02:57.003505,3788.59,USD,CH,US,sucursal,mobile,0
TXN00006075,CUST000126,2025-02-07 08:52:57.003505,579.04,EUR,DE,ES,app,desktop,0
TXN00006076,CUST000153,2025-09-01 20:06:57.003505,304.92,EUR,ES,GB,cajero,tablet,0
TXN00006077,CUST000078,2025-10-30 03:25:57.003505,5626.66,EUR,DE,ES,cajero,mobile,0
TXN00006078,CUST000131,2025-06-01 19:17:57.003505,546.2,EUR,DE,ES,cajero,atm,0
TXN00006079,CUST000141,2025-11-27 22:58:57.003505,2836.21,EUR,GB,DE,cajero,atm,0
TXN00006080,CUST000034,2025-07-08 05:56:57.003505,184.84,EUR,FR,IT,app,atm,0
TXN00006081,CUST000057,2025-11-26 20:15:57.003505,81.42,EUR,ES,FR,app,desktop,0
TXN00006082,CUST000031,2025-03-25 05:14:57.003505,17924.99,EUR,ES,FR,web,desktop,0
TXN00006083,CUST000180,2026-01-13 02:25:57.003505,415.76,USD,GB,GB,sucursal,pos,0
TXN00006084,CUST000127,2025-03-09 18:49:57.003505,13034.27,EUR,FR,GB,web,pos,0
TXN00006085,CUST000050,2025-07-12 23:27:57.003505,10525.91,EUR,FR,DE,cajero,pos,0
TXN00006086,CUST000156,2025-05-06 06:13:57.003505,98.62,EUR,FR,ES,web,atm,0
TXN00006087,CUST000023,2025-09-06 21:00:57.003505,20043.23,EUR,FR,GB,app,atm,0
TXN00006088,CUST000161,2025-03-12 00:01:57.003505,359.33,EUR,ES,ES,web,pos,0
TXN00006089,CUST000073,2025-10-24 05:24:57.003505,686.15,EUR,DE,DE,sucursal,pos,0
TXN00006090,CUST000082,2025-10-21 05:44:57.003505,4560.85,EUR,ES,ES,web,atm,0
TXN00006091,CUST000178,2025-02-09 03:21:57.003505,107.12,EUR,ES,IT,app,atm,0
TXN00006092,CUST000026,2025-04-20 04:59:57.003505,362.73,EUR,FR,FR,sucursal,tablet,0
TXN00006093,CUST000007,2025-11-08 17:13:57.107482,95095.19,EUR,DE,GB,app,desktop,1
TXN00006094,CUST000046,2025-02-22 18:00:57.003505,6484.47,CHF,GB,US,cajero,pos,0
TXN00006095,CUST000153,2025-05-02 07:47:57.003505,324.64,EUR,ES,GB,cajero,tablet,0
TXN00006096,CUST000001,2025-05-29 05:14:57.003505,119.94,EUR,FR,IT,web,pos,0
TXN00006097,CUST000185,2025-10-04 04:06:57.003505,884.09,EUR,GB,DE,app,atm,0
TXN00006098,CUST000078,2025-07-26 20:17:57.003505,5834.91,EUR,DE,CH,web,desktop,0
TXN00006099,CUST000046,2025-02-23 23:15:57.003505,5779.71,EUR,GB,CH,web,tablet,0
TXN00006100,CUST000074,2025-04-02 23:11:57.003505,4369.81,EUR,IT,IT,web,pos,0
TXN00006101,CUST000047,2026-01-14 23:14:57.003505,5455.06,EUR,ES,GB,app,mobile,0
TXN00006102,CUST000011,2025-08-09 08:10:57.003505,699.23,EUR,ES,ES,sucursal,atm,0
TXN00006103,CUST000175,2025-09-28 17:34:57.003505,1668.41,USD,CH,CH,cajero,pos,0
TXN00006104,CUST000108,2025-06-10 07:52:57.003505,262.97,EUR,ES,IT,sucursal,mobile,0
TXN00006105,CUST000178,2025-10-26 19:08:57.003505,20.94,EUR,ES,ES,web,mobile,0
TXN00006106,CUST000099,2025-04-07 22:43:57.003505,66.7,EUR,IT,IT,app,atm,0
TXN00006107,CUST000166,2025-11-25 07:51:57.003505,1785.02,USD,GB,US,app,desktop,0
TXN00006108,CUST000179,2025-01-16 19:48:57.003505,11496.3,EUR,DE,FR,sucursal,mobile,0
TXN00006109,CUST000163,2025-04-25 00:12:57.003505,143.94,EUR,ES,ES,cajero,desktop,0
TXN00006110,CUST000184,2025-06-24 20:47:57.003505,63.71,EUR,FR,FR,sucursal,desktop,0
TXN00006111,CUST000179,2025-08-15 05:49:57.003505,2572.52,EUR,DE,ES,sucursal,atm,0
TXN00006112,CUST000163,2025-10-02 20:31:57.003505,28.94,EUR,ES,FR,web,desktop,0
TXN00006113,CUST000096,2025-11-18 04:35:57.003505,6455.15,EUR,ES,CH,sucursal,tablet,0
TXN00006114,CUST000071,2025-08-11 21:48:57.003505,16380.08,EUR,FR,US,sucursal,tablet,0
TXN00006115,CUST000044,2025-10-28 07:42:57.003505,886.97,EUR,ES,FR,sucursal,mobile,0
TXN00006116,CUST000166,2025-03-05 02:45:57.003505,1717.09,USD,GB,GB,web,atm,0
TXN00006117,CUST000070,2025-04-12 22:44:57.003505,183.07,EUR,ES,IT,web,desktop,0
TXN00006118,CUST000086,2025-05-10 03:58:57.003505,10468.78,EUR,ES,GB,web,mobile,0
TXN00006119,CUST000049,2025-06-12 15:46:57.107482,71113.2,EUR,ES,AF,web,desktop,1
TXN00006120,CUST000010,2025-02-06 19:06:57.003505,1829.65,EUR,FR,DE,sucursal,desktop,0
TXN00006121,CUST000058,2025-09-29 21:33:57.003505,12180.02,EUR,FR,GB,cajero,mobile,0
TXN00006122,CUST000007,2025-03-06 19:34:57.003505,6001.61,EUR,DE,ES,sucursal,desktop,0
TXN00006123,CUST000014,2025-08-18 04:05:57.003505,673.19,EUR,IT,FR,web,pos,0
TXN00006124,CUST000120,2025-04-17 23:38:57.003505,75.01,EUR,IT,FR,sucursal,desktop,0
TXN00006125,CUST000091,2025-07-09 23:12:57.003505,15749.64,USD,GB,GB,sucursal,atm,0
TXN00006126,CUST000081,2025-06-22 04:03:57.003505,6121.69,GBP,CH,DE,app,atm,0
TXN00006127,CUST000125,2025-12-31 18:54:57.003505,12708.07,EUR,US,ES,web,pos,0
TXN00006128,CUST000056,2025-05-31 01:17:57.003505,964.02,CHF,GB,GB,web,pos,0
TXN00006129,CUST000015,2025-05-21 01:27:57.107482,6269.19,EUR,FR,NG,app,desktop,1
TXN00006130,CUST000147,2026-01-15 03:47:57.003505,3206.14,USD,US,ES,app,mobile,0
TXN00006131,CUST000036,2025-09-24 09:10:57.003505,3732.1,EUR,FR,DE,sucursal,desktop,0
TXN00006132,CUST000014,2025-06-21 18:41:57.003505,674.41,EUR,IT,DE,web,mobile,0
TXN00006133,CUST000160,2025-12-07 21:18:57.003505,735.08,EUR,DE,DE,web,atm,0
TXN00006134,CUST000161,2025-08-31 03:52:57.003505,199.67,EUR,ES,IT,app,desktop,0
TXN00006135,CUST000070,2025-06-17 03:40:57.003505,283.08,EUR,ES,IT,sucursal,pos,0
TXN00006136,CUST000120,2025-08-19 04:32:57.003505,269.49,EUR,IT,FR,app,atm,0
TXN00006137,CUST000179,2025-12-14 07:06:57.003505,8568.29,EUR,DE,DE,web,atm,0
TXN00006138,CUST000075,2025-07-24 01:48:57.003505,6663.74,EUR,FR,GB,web,tablet,0
TXN00006139,CUST000051,2025-03-02 19:36:57.003505,741.13,EUR,DE,DE,cajero,tablet,0
TXN00006140,CUST000145,2025-02-15 01:41:57.003505,1036.48,EUR,DE,GB,sucursal,desktop,0
TXN00006141,CUST000126,2025-01-25 04:45:57.003505,554.41,EUR,DE,DE,app,tablet,0
TXN00006142,CUST000161,2025-12-08 19:31:57.003505,117.01,EUR,ES,IT,cajero,desktop,0
TXN00006143,CUST000104,2025-10-18 06:31:57.003505,427.52,EUR,ES,FR,app,tablet,0
TXN00006144,CUST000139,2025-05-01 17:32:57.003505,6574.48,EUR,US,GB,web,desktop,0
TXN00006145,CUST000025,2025-05-23 07:04:57.003505,397.8,EUR,ES,DE,sucursal,pos,0
TXN00006146,CUST000043,2025-12-22 05:03:57.107482,38849.35,USD,CH,PK,cajero,tablet,1
TXN00006147,CUST000021,2025-10-01 04:22:57.003505,152.89,EUR,FR,FR,sucursal,tablet,0
TXN00006148,CUST000048,2025-06-09 05:15:57.003505,3726.76,EUR,FR,DE,cajero,pos,0
TXN00006149,CUST000097,2025-10-28 03:41:57.003505,2774.27,EUR,GB,DE,sucursal,mobile,0
TXN00006150,CUST000093,2025-02-07 05:33:57.003505,3368.4,EUR,FR,DE,cajero,desktop,0
TXN00006151,CUST000161,2025-08-01 03:45:57.003505,119.28,EUR,ES,FR,sucursal,tablet,0
TXN00006152,CUST000005,2025-07-27 02:17:57.003505,357.54,EUR,GB,GB,sucursal,tablet,0
TXN00006153,CUST000007,2025-11-11 17:54:57.003505,3757.01,EUR,DE,FR,cajero,desktop,0
TXN00006154,CUST000133,2025-11-08 00:25:57.003505,88.68,EUR,IT,IT,app,mobile,0
TXN00006155,CUST000124,2025-12-29 08:58:57.003505,730.41,EUR,DE,IT,app,desktop,0
TXN00006156,CUST000153,2025-07-23 06:40:57.003505,758.15,EUR,ES,FR,sucursal,atm,0
TXN00006157,CUST000011,2025-11-14 13:15:57.107482,61372.1,EUR,ES,SY,cajero,tablet,1
TXN00006158,CUST000162,2025-04-13 22:21:57.003505,7680.99,CHF,CH,US,sucursal,pos,0
TXN00006159,CUST000122,2025-08-17 20:13:57.003505,343.41,USD,GB,GB,web,atm,0
TXN00006160,CUST000033,2025-11-05 14:05:57.107482,71760.84,EUR,IT,AF,cajero,atm,1
TXN00006161,CUST000021,2025-08-15 03:06:57.003505,119.72,EUR,FR,FR,cajero,pos,0
TXN00006162,CUST000117,2025-10-29 00:54:57.003505,4167.58,EUR,ES,DE,sucursal,pos,0
TXN00006163,CUST000074,2025-07-12 07:56:57.003505,4732.29,EUR,IT,ES,app,desktop,0
TXN00006164,CUST000057,2025-11-17 01:24:57.003505,115.19,EUR,ES,FR,app,mobile,0
TXN00006165,CUST000125,2025-12-20 21:32:57.003505,19974.97,GBP,US,DE,sucursal,desktop,0
TXN00006166,CUST000041,2025-09-18 01:00:57.003505,1673.43,EUR,DE,US,cajero,desktop,0
TXN00006167,CUST000093,2025-02-19 05:28:57.003505,3134.71,EUR,FR,ES,app,desktop,0
TXN00006168,CUST000158,2025-12-10 23:24:57.003505,544.85,CHF,GB,IT,cajero,atm,0
TXN00006169,CUST000043,2025-08-10 03:35:57.107482,24175.74,USD,CH,PK,web,atm,1
TXN00006170,CUST000082,2025-09-22 01:20:57.003505,803.76,EUR,ES,DE,web,mobile,0
TXN00006171,CUST000112,2025-11-27 17:07:57.003505,4443.99,EUR,US,CH,web,atm,0
TXN00006172,CUST000066,2026-01-15 07:55:57.003505,544.06,EUR,DE,ES,cajero,pos,0
TXN00006173,CUST000119,2025-12-31 20:28:57.003505,5170.39,CHF,US,DE,sucursal,mobile,0
TXN00006174,CUST000154,2025-06-23 04:13:57.003505,4233.85,EUR,ES,ES,cajero,mobile,0
TXN00006175,CUST000021,2025-05-04 07:29:57.003505,26.61,EUR,FR,FR,web,tablet,0
TXN00006176,CUST000143,2025-06-18 02:16:57.003505,4482.31,EUR,ES,US,sucursal,pos,0
TXN00006177,CUST000162,2026-01-05 23:31:57.003505,5193.41,USD,CH,DE,app,pos,0
TXN00006178,CUST000107,2025-09-21 20:59:57.003505,4974.7,EUR,DE,GB,web,desktop,0
TXN00006179,CUST000132,2025-09-05 09:57:57.003505,7728.76,EUR,ES,ES,web,tablet,0
TXN00006180,CUST000145,2025-11-27 23:56:57.003505,1182.78,EUR,DE,DE,sucursal,tablet,0
TXN00006181,CUST000115,2025-06-18 01:14:57.003505,7766.63,EUR,DE,DE,app,mobile,0
TXN00006182,CUST000124,2025-07-03 01:20:57.003505,105.13,EUR,DE,DE,web,desktop,0
TXN00006183,CUST000023,2025-05-24 18:25:57.003505,10859.68,EUR,FR,ES,app,atm,0
TXN00006184,CUST000151,2026-01-04 07:08:57.003505,3682.83,EUR,ES,ES,app,pos,0
TXN00006185,CUST000021,2025-02-20 06:28:57.003505,253.68,EUR,FR,ES,sucursal,mobile,0
TXN00006186,CUST000011,2025-11-23 01:02:57.107482,4295.23,EUR,ES,AF,web,atm,1
TXN00006187,CUST000099,2025-11-16 06:31:57.003505,148.23,EUR,IT,FR,web,mobile,0
TXN00006188,CUST000117,2025-06-21 20:50:57.003505,3984.91,EUR,ES,ES,web,pos,0
TXN00006189,CUST000036,2025-03-13 21:20:57.107482,40872.52,EUR,FR,US,sucursal,desktop,1
TXN00006190,CUST000189,2025-07-13 18:58:57.003505,2637.19,EUR,DE,CH,cajero,mobile,0
TXN00006191,CUST000025,2025-03-30 20:22:57.003505,794.65,EUR,ES,FR,sucursal,tablet,0
TXN00006192,CUST000066,2025-06-20 00:35:57.003505,517.95,EUR,DE,DE,cajero,tablet,0
TXN00006193,CUST000018,2025-10-18 20:33:57.003505,110.26,EUR,FR,IT,cajero,atm,0
TXN00006194,CUST000040,2025-09-14 22:47:57.003505,54.09,EUR,IT,FR,app,tablet,0
TXN00006195,CUST000017,2025-10-12 04:50:57.003505,1606.85,EUR,FR,US,sucursal,tablet,0
TXN00006196,CUST000059,2025-06-07 07:43:57.003505,85.36,EUR,FR,ES,web,mobile,0
TXN00006197,CUST000174,2025-11-13 19:54:57.003505,941.34,EUR,IT,IT,app,pos,0
TXN00006198,CUST000149,2025-05-29 23:09:57.003505,4769.78,EUR,ES,GB,cajero,mobile,0
TXN00006199,CUST000110,2025-12-03 06:43:57.003505,378.01,EUR,ES,FR,sucursal,atm,0
TXN00006200,CUST000009,2025-02-27 17:25:57.107482,56053.51,EUR,FR,DE,web,desktop,1
TXN00006201,CUST000124,2025-09-02 07:33:57.003505,739.4,EUR,DE,DE,web,tablet,0
TXN00006202,CUST000047,2025-05-29 20:10:57.003505,1084.75,EUR,ES,GB,app,desktop,0
TXN00006203,CUST000012,2025-11-09 00:02:57.003505,12066.11,EUR,IT,US,sucursal,tablet,0
TXN00006204,CUST000058,2025-11-13 19:45:57.003505,2925.92,EUR,FR,FR,sucursal,atm,0
TXN00006205,CUST000181,2025-10-02 02:52:57.003505,375.85,EUR,IT,IT,cajero,pos,0
TXN00006206,CUST000169,2025-07-30 00:47:57.003505,1492.52,EUR,DE,GB,cajero,atm,0
TXN00006207,CUST000042,2025-08-27 18:32:57.003505,4109.5,EUR,ES,DE,sucursal,desktop,0
TXN00006208,CUST000146,2025-05-29 18:45:57.003505,667.77,EUR,IT,GB,cajero,pos,0
TXN00006209,CUST000057,2025-12-29 22:39:57.003505,71.9,EUR,ES,IT,web,mobile,0
TXN00006210,CUST000114,2025-07-19 06:29:57.003505,4171.04,EUR,ES,ES,sucursal,pos,0
TXN00006211,CUST000108,2025-01-26 23:04:57.003505,64.45,EUR,ES,ES,sucursal,atm,0
TXN00006212,CUST000110,2025-02-26 03:35:57.003505,53.41,EUR,ES,IT,sucursal,atm,0
TXN00006213,CUST000133,2025-11-18 04:56:57.003505,156.65,EUR,IT,FR,app,atm,0
TXN00006214,CUST000027,2026-01-11 22:39:57.003505,268.71,EUR,FR,FR,cajero,mobile,0
TXN00006215,CUST000054,2025-03-26 22:07:57.003505,588.96,USD,GB,GB,app,desktop,0
TXN00006216,CUST000079,2025-12-11 00:16:57.003505,6223.65,EUR,FR,GB,cajero,atm,0
TXN00006217,CUST000114,2025-07-26 19:11:57.003505,1504.86,EUR,ES,DE,sucursal,tablet,0
TXN00006218,CUST000175,2025-04-07 00:12:57.003505,4278.9,USD,CH,GB,sucursal,tablet,0
TXN00006219,CUST000150,2025-01-16 20:50:57.003505,7512.06,EUR,ES,FR,app,pos,0
TXN00006220,CUST000009,2025-08-02 02:07:57.003505,686.68,EUR,FR,ES,web,atm,0
TXN00006221,CUST000018,2025-07-04 19:27:57.003505,114.33,EUR,FR,FR,app,tablet,0
TXN00006222,CUST000094,2025-09-19 23:52:57.003505,16008.27,EUR,GB,DE,app,desktop,0
TXN00006223,CUST000004,2025-05-27 04:55:57.003505,1391.21,EUR,DE,GB,cajero,mobile,0
TXN00006224,CUST000099,2025-10-07 21:23:57.003505,119.89,EUR,IT,ES,sucursal,atm,0
TXN00006225,CUST000110,2025-07-24 06:45:57.003505,255.35,EUR,ES,FR,cajero,desktop,0
TXN00006226,CUST000007,2025-03-28 23:44:57.003505,11505.94,EUR,DE,US,sucursal,tablet,0
TXN00006227,CUST000048,2025-06-24 19:04:57.003505,13821.7,EUR,FR,ES,sucursal,pos,0
TXN00006228,CUST000056,2025-04-08 04:25:57.003505,870.86,GBP,GB,DE,sucursal,tablet,0
TXN00006229,CUST000077,2025-08-16 02:33:57.003505,3813.1,CHF,CH,CH,web,desktop,0
TXN00006230,CUST000080,2025-02-09 01:16:57.003505,76.53,EUR,ES,IT,web,tablet,0
TXN00006231,CUST000122,2025-09-17 06:27:57.003505,655.58,CHF,GB,DE,app,atm,0
TXN00006232,CUST000091,2025-05-20 21:56:57.003505,2644.11,EUR,GB,GB,web,pos,0
TXN00006233,CUST000083,2025-05-02 05:13:57.003505,384.47,EUR,ES,FR,app,atm,0
TXN00006234,CUST000171,2025-06-09 18:49:57.003505,3790.74,EUR,IT,DE,sucursal,pos,0
TXN00006235,CUST000134,2025-03-30 07:14:57.003505,112.51,EUR,FR,ES,sucursal,desktop,0
TXN00006236,CUST000115,2025-02-04 03:19:57.003505,19892.53,EUR,DE,ES,web,atm,0
TXN00006237,CUST000136,2025-02-06 03:47:57.003505,297.13,EUR,FR,ES,app,pos,0
TXN00006238,CUST000166,2025-10-13 07:19:57.003505,10525.02,GBP,GB,ES,cajero,atm,0
TXN00006239,CUST000153,2025-02-08 08:49:57.003505,653.44,EUR,ES,GB,app,pos,0
TXN00006240,CUST000090,2025-09-14 03:02:57.003505,11029.87,CHF,GB,US,cajero,desktop,0
TXN00006241,CUST000186,2025-11-07 02:36:57.003505,14581.66,EUR,IT,GB,cajero,tablet,0
TXN00006242,CUST000116,2025-06-29 00:15:57.003505,2148.35,EUR,FR,ES,sucursal,mobile,0
TXN00006243,CUST000146,2025-09-01 07:05:57.003505,747.74,EUR,IT,GB,cajero,desktop,0
TXN00006244,CUST000149,2025-10-02 21:26:57.003505,1340.55,EUR,ES,FR,app,desktop,0
TXN00006245,CUST000054,2025-04-12 00:42:57.003505,409.83,USD,GB,DE,web,atm,0
TXN00006246,CUST000149,2025-09-19 09:52:57.003505,9680.55,EUR,ES,FR,cajero,desktop,0
TXN00006247,CUST000155,2025-11-26 00:42:57.003505,434.36,EUR,IT,GB,cajero,pos,0
TXN00006248,CUST000153,2025-02-02 01:19:57.003505,724.15,EUR,ES,GB,web,tablet,0
TXN00006249,CUST000155,2026-01-02 18:21:57.003505,122.32,EUR,IT,ES,cajero,pos,0
TXN00006250,CUST000069,2025-06-26 21:49:57.003505,141.8,EUR,FR,FR,app,tablet,0
TXN00006251,CUST000008,2025-12-25 20:25:57.003505,10381.62,EUR,IT,GB,web,atm,0
TXN00006252,CUST000077,2025-11-15 19:06:57.003505,5489.41,GBP,CH,GB,sucursal,tablet,0
TXN00006253,CUST000061,2025-05-23 00:36:57.003505,3888.37,EUR,IT,FR,app,atm,0
TXN00006254,CUST000061,2025-05-16 21:21:57.003505,8259.4,EUR,IT,DE,sucursal,tablet,0
TXN00006255,CUST000099,2025-06-28 20:40:57.003505,136.33,EUR,IT,FR,web,desktop,0
TXN00006256,CUST000147,2025-10-28 22:38:57.003505,2799.96,EUR,US,DE,web,mobile,0
TXN00006257,CUST000112,2025-06-24 19:56:57.003505,3000.42,GBP,US,CH,cajero,atm,0
TXN00006258,CUST000175,2025-12-22 19:43:57.003505,861.98,GBP,CH,GB,web,mobile,0
TXN00006259,CUST000163,2025-06-09 06:17:57.003505,104.17,EUR,ES,ES,cajero,tablet,0
TXN00006260,CUST000003,2025-07-26 22:49:57.003505,101.89,EUR,ES,ES,web,tablet,0
TXN00006261,CUST000114,2025-03-29 07:55:57.003505,10876.17,EUR,ES,IT,app,pos,0
TXN00006262,CUST000040,2025-06-29 05:31:57.003505,130.74,EUR,IT,IT,web,atm,0
TXN00006263,CUST000130,2025-10-12 08:36:57.003505,8688.67,EUR,IT,GB,cajero,tablet,0
TXN00006264,CUST000147,2025-11-11 09:22:57.003505,1830.36,USD,US,GB,web,tablet,0
TXN00006265,CUST000046,2025-12-28 22:15:57.003505,3666.12,CHF,GB,FR,web,atm,0
TXN00006266,CUST000044,2025-12-03 19:16:57.003505,1661.09,EUR,ES,FR,web,mobile,0
TXN00006267,CUST000006,2025-05-20 10:09:57.107482,1245.68,EUR,FR,ES,sucursal,mobile,1
TXN00006268,CUST000084,2025-11-23 01:51:57.003505,204.62,EUR,ES,ES,cajero,pos,0
TXN00006269,CUST000109,2025-03-01 05:15:57.003505,2881.47,GBP,CH,CH,cajero,desktop,0
TXN00006270,CUST000070,2025-03-23 21:11:57.003505,54.29,EUR,ES,FR,sucursal,atm,0
TXN00006271,CUST000150,2025-09-06 01:59:57.003505,3056.76,EUR,ES,GB,app,pos,0
TXN00006272,CUST000177,2025-09-18 21:48:57.003505,642.81,EUR,FR,DE,sucursal,mobile,0
TXN00006273,CUST000082,2025-09-28 21:21:57.003505,7882.2,EUR,ES,FR,cajero,atm,0
TXN00006274,CUST000051,2025-12-29 05:26:57.003505,806.02,EUR,DE,DE,web,pos,0
TXN00006275,CUST000157,2025-02-18 18:20:57.003505,4618.45,EUR,IT,DE,sucursal,desktop,0
TXN00006276,CUST000074,2025-04-26 02:57:57.003505,3799.84,EUR,IT,US,cajero,mobile,0
TXN00006277,CUST000040,2025-12-06 22:25:57.003505,154.98,EUR,IT,FR,cajero,atm,0
TXN00006278,CUST000183,2025-11-04 02:21:57.003505,197.37,EUR,IT,IT,web,desktop,0
TXN00006279,CUST000062,2025-10-03 22:35:57.003505,2169.25,EUR,IT,FR,web,tablet,0
TXN00006280,CUST000144,2025-05-18 06:54:57.003505,335.53,EUR,DE,GB,web,desktop,0
TXN00006281,CUST000055,2026-01-15 23:46:57.003505,6711.43,CHF,CH,CH,web,desktop,0
TXN00006282,CUST000155,2025-01-16 04:38:57.003505,166.92,EUR,IT,ES,sucursal,tablet,0
TXN00006283,CUST000053,2025-05-24 09:58:57.003505,4582.23,EUR,FR,ES,web,atm,0
TXN00006284,CUST000087,2025-10-24 01:27:57.003505,401.92,EUR,ES,ES,sucursal,tablet,0
TXN00006285,CUST000089,2025-07-20 19:15:57.003505,138.23,EUR,ES,FR,sucursal,tablet,0
TXN00006286,CUST000040,2025-12-25 00:36:57.107482,352.19,EUR,IT,NG,cajero,tablet,1
TXN00006287,CUST000115,2025-07-07 17:50:57.003505,3160.45,EUR,DE,FR,web,tablet,0
TXN00006288,CUST000125,2025-07-09 04:44:57.003505,2265.54,EUR,US,DE,web,pos,0
TXN00006289,CUST000063,2025-11-09 04:37:57.003505,359.9,EUR,FR,ES,cajero,atm,0
TXN00006290,CUST000179,2025-05-12 04:11:57.003505,6517.39,EUR,DE,IT,cajero,pos,0
TXN00006291,CUST000047,2025-03-01 21:05:57.003505,3931.91,EUR,ES,US,web,atm,0
TXN00006292,CUST000016,2025-07-29 00:08:57.003505,435.77,EUR,IT,ES,web,pos,0
TXN00006293,CUST000134,2025-01-17 01:50:57.003505,167.9,EUR,FR,IT,sucursal,atm,0
TXN00006294,CUST000004,2025-12-04 19:04:57.107482,95541.67,EUR,DE,GB,sucursal,desktop,1
TXN00006295,CUST000028,2025-11-09 01:58:57.003505,167.59,EUR,ES,ES,sucursal,mobile,0
TXN00006296,CUST000087,2025-03-23 04:55:57.003505,1221.55,EUR,ES,IT,sucursal,desktop,0
TXN00006297,CUST000075,2025-07-06 18:06:57.003505,15591.74,EUR,FR,DE,sucursal,pos,0
TXN00006298,CUST000119,2025-02-10 07:57:57.003505,11081.34,USD,US,IT,cajero,desktop,0
TXN00006299,CUST000089,2026-01-02 22:41:57.003505,147.78,EUR,ES,IT,cajero,pos,0
TXN00006300,CUST000105,2026-01-03 02:15:57.003505,1569.76,USD,US,US,cajero,tablet,0
TXN00006301,CUST000014,2025-01-17 01:33:57.003505,138.23,EUR,IT,DE,cajero,tablet,0
TXN00006302,CUST000175,2025-03-10 23:48:57.003505,22529.63,USD,CH,ES,sucursal,pos,0
TXN00006303,CUST000006,2026-01-10 15:01:57.107482,69752.31,EUR,FR,IR,app,atm,1
TXN00006304,CUST000065,2025-12-17 00:28:57.003505,157.06,EUR,DE,GB,sucursal,tablet,0
TXN00006305,CUST000037,2025-05-21 20:43:57.003505,64.6,EUR,ES,IT,cajero,mobile,0
TXN00006306,CUST000029,2025-05-04 18:59:57.003505,11883.71,USD,GB,DE,app,atm,0
TXN00006307,CUST000048,2025-10-04 19:10:57.003505,3403.57,EUR,FR,ES,app,mobile,0
TXN00006308,CUST000033,2026-01-13 05:48:57.003505,3313.13,EUR,IT,GB,cajero,desktop,0
TXN00006309,CUST000114,2025-04-23 18:05:57.003505,1324.86,EUR,ES,GB,sucursal,mobile,0
TXN00006310,CUST000100,2025-06-30 03:28:57.003505,3543.9,EUR,GB,GB,cajero,tablet,0
TXN00006311,CUST000038,2025-02-07 00:03:57.003505,2272.47,EUR,ES,IT,web,atm,0
TXN00006312,CUST000007,2025-06-27 03:39:57.003505,22303.03,EUR,DE,DE,sucursal,pos,0
TXN00006313,CUST000007,2025-10-18 03:59:57.107482,87560.03,EUR,DE,ES,web,mobile,1
TXN00006314,CUST000087,2025-09-09 04:18:57.003505,597.19,EUR,ES,ES,cajero,tablet,0
TXN00006315,CUST000073,2025-03-08 00:20:57.003505,844.0,EUR,DE,FR,app,pos,0
TXN00006316,CUST000072,2025-08-18 05:13:57.003505,4663.26,EUR,GB,ES,app,desktop,0
TXN00006317,CUST000186,2025-06-16 21:27:57.003505,3345.51,EUR,IT,GB,app,desktop,0
TXN00006318,CUST000019,2025-02-07 20:10:57.003505,11725.81,EUR,DE,ES,cajero,desktop,0
TXN00006319,CUST000097,2025-09-23 03:41:57.003505,13708.87,EUR,GB,ES,app,mobile,0
TXN00006320,CUST000002,2025-09-06 14:00:57.107482,30156.27,EUR,ES,CN,web,mobile,1
TXN00006321,CUST000145,2025-08-26 08:46:57.003505,1955.36,EUR,DE,DE,web,pos,0
TXN00006322,CUST000026,2025-03-05 07:28:57.003505,369.69,EUR,FR,ES,sucursal,desktop,0
TXN00006323,CUST000117,2025-11-14 08:04:57.003505,2110.81,EUR,ES,GB,sucursal,atm,0
TXN00006324,CUST000159,2025-08-23 08:40:57.003505,6466.5,CHF,GB,GB,sucursal,atm,0
TXN00006325,CUST000103,2025-07-29 01:39:57.003505,4002.72,EUR,ES,IT,web,pos,0
TXN00006326,CUST000040,2025-05-17 20:28:57.003505,136.79,EUR,IT,IT,web,pos,0
TXN00006327,CUST000041,2025-08-24 08:30:57.107482,80913.59,EUR,DE,GB,web,tablet,1
TXN00006328,CUST000059,2025-03-29 06:44:57.003505,27.29,EUR,FR,FR,web,atm,0
TXN00006329,CUST000069,2025-08-06 19:51:57.003505,62.06,EUR,FR,ES,app,tablet,0
TXN00006330,CUST000163,2025-10-08 22:08:57.003505,52.0,EUR,ES,ES,web,atm,0
TXN00006331,CUST000140,2025-05-30 18:49:57.003505,132.76,EUR,DE,GB,sucursal,pos,0
TXN00006332,CUST000106,2025-06-18 04:10:57.003505,150.43,EUR,FR,FR,app,mobile,0
TXN00006333,CUST000156,2025-12-27 19:07:57.003505,102.33,EUR,FR,ES,web,desktop,0
TXN00006334,CUST000175,2025-11-03 01:29:57.003505,14203.14,USD,CH,DE,cajero,pos,0
TXN00006335,CUST000052,2026-01-11 23:57:57.003505,82.32,EUR,ES,IT,cajero,atm,0
TXN00006336,CUST000054,2025-05-17 20:49:57.003505,123.14,EUR,GB,GB,app,pos,0
TXN00006337,CUST000147,2025-01-25 06:01:57.003505,3619.5,GBP,US,FR,sucursal,mobile,0
TXN00006338,CUST000040,2025-02-21 14:53:57.107482,73110.07,EUR,IT,YE,cajero,mobile,1
TXN00006339,CUST000166,2025-08-09 07:33:57.003505,11680.1,EUR,GB,ES,app,mobile,0
TXN00006340,CUST000049,2025-02-14 10:00:57.107482,99885.0,EUR,ES,YE,app,pos,1
TXN00006341,CUST000071,2025-12-12 20:19:57.003505,5050.95,EUR,FR,US,sucursal,pos,0
TXN00006342,CUST000025,2025-08-16 06:35:57.003505,755.57,EUR,ES,DE,cajero,tablet,0
TXN00006343,CUST000094,2025-11-23 17:39:57.003505,4185.7,EUR,GB,US,app,mobile,0
TXN00006344,CUST000141,2025-09-04 00:37:57.003505,1466.37,CHF,GB,GB,app,pos,0
TXN00006345,CUST000058,2025-04-21 21:40:57.003505,5653.85,EUR,FR,DE,sucursal,pos,0
TXN00006346,CUST000070,2025-08-08 19:43:57.003505,120.87,EUR,ES,IT,cajero,mobile,0
TXN00006347,CUST000123,2025-07-29 04:23:57.003505,318.27,EUR,FR,FR,cajero,desktop,0
TXN00006348,CUST000023,2025-12-16 00:46:57.003505,6315.01,EUR,FR,US,app,mobile,0
TXN00006349,CUST000115,2025-03-04 04:08:57.003505,4641.66,EUR,DE,US,sucursal,atm,0
TXN00006350,CUST000148,2025-10-16 20:59:57.003505,3500.55,EUR,ES,FR,sucursal,atm,0
TXN00006351,CUST000179,2025-06-10 19:24:57.003505,1972.39,EUR,DE,ES,cajero,atm,0
TXN00006352,CUST000145,2025-08-16 07:30:57.003505,314.72,EUR,DE,ES,sucursal,desktop,0
TXN00006353,CUST000096,2025-08-01 18:23:57.003505,11229.81,EUR,ES,US,app,pos,0
TXN00006354,CUST000030,2025-09-04 08:19:57.003505,527.26,EUR,GB,FR,cajero,pos,0
TXN00006355,CUST000093,2025-07-26 04:06:57.003505,3623.45,EUR,FR,US,sucursal,pos,0
TXN00006356,CUST000151,2025-05-12 19:43:57.003505,2111.74,EUR,ES,GB,cajero,atm,0
TXN00006357,CUST000025,2025-12-09 00:03:57.003505,325.85,EUR,ES,GB,sucursal,mobile,0
TXN00006358,CUST000154,2025-03-30 20:05:57.003505,2858.86,EUR,ES,ES,app,tablet,0
TXN00006359,CUST000171,2025-02-08 18:05:57.003505,3569.94,EUR,IT,IT,web,pos,0
TXN00006360,CUST000101,2025-01-31 01:42:57.003505,77.21,EUR,FR,FR,app,mobile,0
TXN00006361,CUST000166,2025-06-04 21:31:57.003505,4785.63,EUR,GB,ES,app,atm,0
TXN00006362,CUST000048,2025-04-14 01:47:57.003505,7736.63,EUR,FR,ES,app,tablet,0
TXN00006363,CUST000036,2025-04-03 03:53:57.107482,4768.44,EUR,FR,CN,app,desktop,1
TXN00006364,CUST000061,2025-03-27 07:22:57.003505,1120.02,EUR,IT,GB,cajero,desktop,0
TXN00006365,CUST000055,2025-09-06 03:13:57.003505,10658.15,USD,CH,CH,sucursal,pos,0
TXN00006366,CUST000161,2025-12-17 04:03:57.003505,22.73,EUR,ES,ES,cajero,pos,0
TXN00006367,CUST000188,2025-06-10 03:55:57.003505,1421.55,EUR,IT,GB,sucursal,atm,0
TXN00006368,CUST000082,2025-05-06 03:32:57.003505,3362.4,EUR,ES,DE,cajero,pos,0
TXN00006369,CUST000049,2025-07-19 08:46:57.003505,497.11,EUR,ES,FR,cajero,tablet,0
TXN00006370,CUST000011,2025-04-05 03:27:57.003505,147.33,EUR,ES,DE,web,atm,0
TXN00006371,CUST000041,2025-05-31 18:46:57.003505,8803.71,EUR,DE,US,app,atm,0
TXN00006372,CUST000180,2025-11-10 04:53:57.003505,391.85,USD,GB,DE,cajero,mobile,0
TXN00006373,CUST000027,2025-12-30 07:37:57.003505,151.14,EUR,FR,FR,app,tablet,0
TXN00006374,CUST000145,2025-09-22 22:27:57.003505,170.39,EUR,DE,DE,app,atm,0
TXN00006375,CUST000096,2026-01-10 03:29:57.003505,22162.68,EUR,ES,ES,app,tablet,0
TXN00006376,CUST000031,2025-07-07 09:57:57.107482,24290.68,EUR,ES,PK,app,atm,1
TXN00006377,CUST000157,2025-03-27 06:10:57.003505,1852.13,EUR,IT,DE,cajero,atm,0
TXN00006378,CUST000093,2025-12-09 20:23:57.003505,2906.56,EUR,FR,IT,app,atm,0
TXN00006379,CUST000103,2025-11-21 02:56:57.003505,9765.28,EUR,ES,FR,sucursal,mobile,0
TXN00006380,CUST000078,2025-07-25 23:22:57.003505,1482.87,EUR,DE,FR,cajero,atm,0
TXN00006381,CUST000077,2025-11-09 02:31:57.003505,2172.76,EUR,CH,US,web,tablet,0
TXN00006382,CUST000156,2025-04-20 01:08:57.003505,116.86,EUR,FR,ES,cajero,mobile,0
TXN00006383,CUST000075,2025-08-30 18:57:57.003505,16624.07,EUR,FR,US,sucursal,tablet,0
TXN00006384,CUST000027,2025-09-13 19:36:57.003505,147.31,EUR,FR,FR,app,desktop,0
TXN00006385,CUST000055,2025-03-09 00:46:57.003505,6141.46,USD,CH,GB,cajero,desktop,0
TXN00006386,CUST000138,2025-03-10 22:07:57.003505,2605.51,EUR,FR,GB,web,tablet,0
TXN00006387,CUST000028,2026-01-06 23:33:57.003505,240.33,EUR,ES,ES,cajero,atm,0
TXN00006388,CUST000050,2025-07-04 04:54:57.003505,4569.42,EUR,FR,IT,web,desktop,0
TXN00006389,CUST000040,2025-12-26 22:50:57.003505,149.2,EUR,IT,IT,cajero,tablet,0
TXN00006390,CUST000108,2025-06-28 02:14:57.003505,19.95,EUR,ES,IT,sucursal,mobile,0
TXN00006391,CUST000055,2025-07-03 18:00:57.003505,14182.47,CHF,CH,ES,app,desktop,0
TXN00006392,CUST000032,2025-10-02 05:28:57.003505,80.05,EUR,FR,FR,cajero,pos,0
TXN00006393,CUST000006,2025-09-22 03:24:57.003505,151.12,EUR,FR,ES,web,mobile,0
TXN00006394,CUST000037,2025-06-11 21:16:57.003505,97.41,EUR,ES,ES,app,mobile,0
TXN00006395,CUST000086,2025-03-06 06:59:57.003505,1697.45,EUR,ES,GB,web,mobile,0
TXN00006396,CUST000088,2025-04-28 21:59:57.003505,1678.08,EUR,DE,GB,web,atm,0
TXN00006397,CUST000007,2025-02-19 22:12:57.003505,14808.96,EUR,DE,FR,sucursal,mobile,0
TXN00006398,CUST000167,2025-06-01 21:02:57.003505,8755.08,USD,US,FR,cajero,desktop,0
TXN00006399,CUST000187,2025-09-01 09:57:57.003505,9717.72,GBP,GB,DE,sucursal,tablet,0
TXN00006400,CUST000146,2025-03-18 23:02:57.003505,700.53,EUR,IT,FR,web,tablet,0
TXN00006401,CUST000062,2025-11-16 04:55:57.003505,717.55,EUR,IT,IT,sucursal,tablet,0
TXN00006402,CUST000161,2025-06-06 01:40:57.003505,314.84,EUR,ES,ES,app,tablet,0
TXN00006403,CUST000007,2025-06-30 22:35:57.003505,1159.84,EUR,DE,US,web,pos,0
TXN00006404,CUST000037,2025-03-14 07:11:57.003505,142.76,EUR,ES,ES,sucursal,mobile,0
TXN00006405,CUST000068,2025-12-24 05:42:57.003505,737.33,EUR,ES,IT,sucursal,atm,0
TXN00006406,CUST000073,2025-12-10 06:47:57.003505,769.01,EUR,DE,IT,cajero,atm,0
TXN00006407,CUST000086,2025-01-19 05:41:57.003505,2395.74,EUR,ES,DE,app,pos,0
TXN00006408,CUST000158,2025-10-17 02:57:57.003505,527.17,USD,GB,IT,app,desktop,0
TXN00006409,CUST000057,2025-09-05 01:40:57.003505,145.55,EUR,ES,IT,sucursal,atm,0
TXN00006410,CUST000030,2025-04-11 08:24:57.003505,1091.16,CHF,GB,IT,web,desktop,0
TXN00006411,CUST000162,2025-03-31 01:50:57.003505,5289.56,CHF,CH,CH,app,atm,0
TXN00006412,CUST000165,2025-08-28 22:10:57.003505,822.37,EUR,FR,DE,cajero,mobile,0
TXN00006413,CUST000135,2025-10-31 05:05:57.003505,825.88,EUR,ES,IT,sucursal,tablet,0
TXN00006414,CUST000067,2025-02-20 00:13:57.003505,16548.14,EUR,DE,FR,sucursal,mobile,0
TXN00006415,CUST000161,2025-06-11 21:08:57.003505,87.38,EUR,ES,ES,cajero,desktop,0
TXN00006416,CUST000034,2025-05-01 02:09:57.003505,167.78,EUR,FR,ES,web,pos,0
TXN00006417,CUST000178,2025-03-11 05:27:57.003505,41.77,EUR,ES,IT,app,atm,0
TXN00006418,CUST000136,2025-12-04 05:50:57.003505,19.62,EUR,FR,ES,sucursal,desktop,0
TXN00006419,CUST000037,2025-06-13 10:23:57.107482,37868.5,EUR,ES,IR,cajero,desktop,1
TXN00006420,CUST000103,2025-09-18 04:46:57.003505,11660.19,EUR,ES,US,sucursal,atm,0
TXN00006421,CUST000026,2025-11-12 00:12:57.003505,35.3,EUR,FR,ES,app,pos,0
TXN00006422,CUST000117,2025-03-19 08:24:57.003505,4473.02,EUR,ES,IT,cajero,atm,0
TXN00006423,CUST000028,2025-08-18 07:53:57.107482,623.56,EUR,ES,SY,sucursal,desktop,1
TXN00006424,CUST000002,2025-07-24 22:25:57.003505,130.22,EUR,ES,ES,cajero,desktop,0
TXN00006425,CUST000046,2025-09-30 00:19:57.003505,3101.91,CHF,GB,DE,app,tablet,0
TXN00006426,CUST000129,2025-05-19 22:55:57.003505,5402.24,GBP,US,DE,sucursal,atm,0
TXN00006427,CUST000076,2025-08-15 22:26:57.003505,89.37,EUR,ES,FR,sucursal,pos,0
TXN00006428,CUST000139,2025-04-28 23:06:57.003505,6116.14,USD,US,DE,web,pos,0
TXN00006429,CUST000130,2025-10-22 08:21:57.003505,3634.24,EUR,IT,US,sucursal,desktop,0
TXN00006430,CUST000128,2025-06-23 06:56:57.003505,1704.78,EUR,FR,GB,sucursal,desktop,0
TXN00006431,CUST000099,2025-09-27 06:58:57.003505,20.12,EUR,IT,IT,cajero,pos,0
TXN00006432,CUST000136,2025-11-16 03:40:57.003505,181.67,EUR,FR,FR,web,pos,0
TXN00006433,CUST000057,2025-11-07 23:03:57.003505,123.8,EUR,ES,IT,cajero,tablet,0
TXN00006434,CUST000125,2025-10-27 22:27:57.003505,11028.54,CHF,US,ES,sucursal,pos,0
TXN00006435,CUST000004,2025-07-20 20:22:57.003505,9578.72,EUR,DE,FR,web,desktop,0
TXN00006436,CUST000054,2025-03-07 00:57:57.003505,943.45,CHF,GB,IT,app,mobile,0
TXN00006437,CUST000031,2025-06-14 22:25:57.107482,79046.03,EUR,ES,CH,sucursal,pos,1
TXN00006438,CUST000044,2025-03-28 18:22:57.003505,273.22,EUR,ES,GB,app,mobile,0
TXN00006439,CUST000185,2025-10-01 21:15:57.003505,399.15,GBP,GB,GB,sucursal,mobile,0
TXN00006440,CUST000132,2025-01-22 04:18:57.003505,3516.73,EUR,ES,IT,web,mobile,0
TXN00006441,CUST000130,2025-07-25 20:22:57.003505,10447.04,EUR,IT,DE,web,pos,0
TXN00006442,CUST000068,2025-01-27 08:32:57.003505,573.62,EUR,ES,IT,sucursal,tablet,0
TXN00006443,CUST000086,2025-05-03 07:23:57.003505,3230.47,EUR,ES,ES,cajero,pos,0
TXN00006444,CUST000155,2025-10-27 06:26:57.003505,505.31,EUR,IT,FR,web,pos,0
TXN00006445,CUST000015,2025-04-06 22:43:57.003505,11417.32,EUR,FR,DE,app,desktop,0
TXN00006446,CUST000072,2025-09-09 22:22:57.003505,1298.32,USD,GB,FR,sucursal,desktop,0
TXN00006447,CUST000057,2025-01-30 19:35:57.003505,143.4,EUR,ES,IT,web,atm,0
TXN00006448,CUST000037,2025-02-28 03:00:57.003505,370.17,EUR,ES,IT,app,pos,0
TXN00006449,CUST000094,2025-01-17 20:52:57.003505,13074.25,CHF,GB,GB,app,desktop,0
TXN00006450,CUST000056,2025-04-14 08:59:57.003505,630.36,GBP,GB,FR,web,desktop,0
TXN00006451,CUST000043,2025-05-27 18:06:57.003505,7835.93,CHF,CH,FR,app,mobile,0
TXN00006452,CUST000110,2025-10-03 01:22:57.003505,68.35,EUR,ES,ES,sucursal,tablet,0
TXN00006453,CUST000030,2025-11-16 20:51:57.003505,2331.96,USD,GB,FR,app,pos,0
TXN00006454,CUST000044,2025-12-13 04:37:57.107482,3074.36,EUR,ES,CN,app,atm,1
TXN00006455,CUST000105,2025-10-07 04:39:57.003505,2645.05,EUR,US,GB,sucursal,tablet,0
TXN00006456,CUST000072,2025-06-08 22:26:57.003505,13744.47,USD,GB,IT,cajero,atm,0
TXN00006457,CUST000164,2025-09-30 20:29:57.003505,2800.92,USD,US,GB,sucursal,pos,0
TXN00006458,CUST000007,2025-11-07 03:39:57.003505,22123.39,EUR,DE,ES,sucursal,tablet,0
TXN00006459,CUST000022,2025-08-20 00:01:57.003505,4169.04,EUR,IT,GB,web,atm,0
TXN00006460,CUST000016,2026-01-05 21:42:57.003505,596.54,EUR,IT,GB,web,atm,0
TXN00006461,CUST000092,2025-11-21 20:09:57.003505,14228.99,EUR,FR,FR,web,pos,0
TXN00006462,CUST000114,2025-02-25 09:24:57.003505,12763.92,EUR,ES,IT,sucursal,mobile,0
TXN00006463,CUST000106,2025-09-08 05:35:57.003505,126.93,EUR,FR,IT,cajero,desktop,0
TXN00006464,CUST000143,2025-10-23 03:29:57.003505,2763.28,EUR,ES,DE,cajero,atm,0
TXN00006465,CUST000168,2025-12-02 20:02:57.003505,172.18,EUR,IT,GB,web,desktop,0
TXN00006466,CUST000049,2025-10-26 19:30:57.107482,66908.16,EUR,ES,DE,web,desktop,1
TXN00006467,CUST000127,2025-02-13 07:56:57.003505,3387.8,EUR,FR,IT,sucursal,atm,0
TXN00006468,CUST000023,2026-01-03 17:47:57.003505,6834.49,EUR,FR,CH,sucursal,mobile,0
TXN00006469,CUST000060,2025-02-26 02:09:57.003505,378.15,EUR,IT,FR,app,atm,0
TXN00006470,CUST000167,2025-03-06 18:41:57.003505,1022.26,GBP,US,GB,sucursal,atm,0
TXN00006471,CUST000079,2025-11-09 20:25:57.003505,7449.76,EUR,FR,FR,app,tablet,0
TXN00006472,CUST000061,2025-09-09 08:50:57.003505,6558.11,EUR,IT,DE,sucursal,pos,0
TXN00006473,CUST000066,2025-10-06 03:55:57.003505,870.51,EUR,DE,ES,sucursal,pos,0
TXN00006474,CUST000070,2025-11-11 06:44:57.003505,69.01,EUR,ES,ES,app,atm,0
TXN00006475,CUST000026,2025-12-19 22:29:57.003505,303.62,EUR,FR,FR,web,pos,0
TXN00006476,CUST000004,2025-05-24 01:12:57.107482,39381.09,EUR,DE,CN,web,tablet,1
TXN00006477,CUST000118,2025-06-25 01:09:57.003505,4019.26,EUR,DE,GB,sucursal,atm,0
TXN00006478,CUST000175,2025-02-20 02:54:57.003505,4898.64,EUR,CH,CH,sucursal,mobile,0
TXN00006479,CUST000139,2025-12-19 21:13:57.003505,7460.45,USD,US,ES,cajero,atm,0
TXN00006480,CUST000019,2025-11-16 01:20:57.003505,3832.71,EUR,DE,ES,sucursal,pos,0
TXN00006481,CUST000168,2025-09-08 21:56:57.003505,786.38,EUR,IT,FR,cajero,pos,0
TXN00006482,CUST000128,2025-09-02 03:57:57.003505,12154.75,EUR,FR,ES,cajero,mobile,0
TXN00006483,CUST000036,2025-08-30 12:18:57.107482,19361.81,EUR,FR,US,web,desktop,1
TXN00006484,CUST000114,2025-11-17 02:55:57.003505,9176.88,EUR,ES,IT,cajero,atm,0
TXN00006485,CUST000015,2025-02-07 23:10:57.003505,1361.88,EUR,FR,US,cajero,pos,0
TXN00006486,CUST000132,2025-08-24 21:43:57.003505,3942.44,EUR,ES,US,app,atm,0
TXN00006487,CUST000150,2025-02-10 22:07:57.003505,1982.03,EUR,ES,FR,cajero,mobile,0
TXN00006488,CUST000033,2025-03-29 23:32:57.003505,2810.36,EUR,IT,ES,app,desktop,0
TXN00006489,CUST000105,2025-05-01 04:04:57.003505,3331.67,USD,US,ES,web,mobile,0
TXN00006490,CUST000036,2025-12-07 18:08:57.003505,4194.46,EUR,FR,GB,cajero,pos,0
TXN00006491,CUST000083,2026-01-05 04:02:57.003505,155.47,EUR,ES,ES,cajero,tablet,0
TXN00006492,CUST000127,2025-05-29 09:12:57.003505,6844.79,EUR,FR,DE,sucursal,tablet,0
TXN00006493,CUST000067,2025-09-01 22:23:57.003505,18075.67,EUR,DE,FR,web,desktop,0
TXN00006494,CUST000136,2025-11-25 22:11:57.003505,156.35,EUR,FR,ES,app,tablet,0
TXN00006495,CUST000016,2025-12-24 07:34:57.003505,450.18,EUR,IT,FR,web,desktop,0
TXN00006496,CUST000126,2025-03-26 01:01:57.003505,965.86,EUR,DE,FR,web,mobile,0
TXN00006497,CUST000102,2025-01-20 22:05:57.003505,7775.6,EUR,FR,DE,web,pos,0
TXN00006498,CUST000100,2025-04-10 03:51:57.003505,4331.24,CHF,GB,FR,sucursal,atm,0
TXN00006499,CUST000067,2025-10-10 20:02:57.003505,3758.21,EUR,DE,FR,web,atm,0
TXN00006500,CUST000135,2025-03-17 20:06:57.003505,2303.64,EUR,ES,DE,sucursal,desktop,0
TXN00006501,CUST000062,2025-12-09 06:15:57.003505,758.45,EUR,IT,GB,app,mobile,0
TXN00006502,CUST000024,2025-01-17 01:00:57.003505,2648.44,EUR,FR,GB,sucursal,mobile,0
TXN00006503,CUST000059,2025-11-17 19:26:57.003505,120.27,EUR,FR,IT,cajero,mobile,0
TXN00006504,CUST000185,2025-09-17 04:43:57.003505,1808.96,GBP,GB,ES,web,pos,0
TXN00006505,CUST000168,2025-08-31 07:56:57.003505,559.43,EUR,IT,ES,web,atm,0
TXN00006506,CUST000026,2025-08-23 01:18:57.003505,201.35,EUR,FR,IT,cajero,pos,0
TXN00006507,CUST000130,2025-09-06 23:24:57.003505,11152.16,EUR,IT,US,app,mobile,0
TXN00006508,CUST000046,2025-11-03 19:31:57.003505,5154.11,CHF,GB,FR,sucursal,pos,0
TXN00006509,CUST000013,2026-01-04 23:27:57.003505,676.6,CHF,GB,GB,app,pos,0
TXN00006510,CUST000001,2025-01-22 07:31:57.003505,441.0,EUR,FR,GB,cajero,atm,0
TXN00006511,CUST000169,2025-07-26 08:04:57.003505,1394.38,EUR,DE,IT,sucursal,tablet,0
TXN00006512,CUST000089,2025-07-11 01:13:57.003505,24.36,EUR,ES,IT,sucursal,pos,0
TXN00006513,CUST000111,2026-01-07 06:47:57.003505,113.49,EUR,ES,IT,web,atm,0
TXN00006514,CUST000026,2025-04-13 01:04:57.003505,105.96,EUR,FR,IT,web,desktop,0
TXN00006515,CUST000182,2025-07-11 09:59:57.003505,3286.97,EUR,FR,GB,cajero,atm,0
TXN00006516,CUST000160,2025-05-19 18:01:57.003505,776.85,EUR,DE,FR,sucursal,atm,0
TXN00006517,CUST000037,2025-08-04 02:00:57.003505,132.69,EUR,ES,FR,app,tablet,0
TXN00006518,CUST000041,2025-10-17 22:25:57.003505,1206.72,EUR,DE,GB,cajero,mobile,0
TXN00006519,CUST000025,2025-11-11 04:05:57.003505,2129.13,EUR,ES,DE,app,pos,0
TXN00006520,CUST000168,2025-04-24 03:47:57.003505,382.9,EUR,IT,ES,cajero,tablet,0
TXN00006521,CUST000100,2025-03-15 19:54:57.003505,7925.0,USD,GB,IT,web,desktop,0
TXN00006522,CUST000187,2025-01-22 01:50:57.003505,8522.11,EUR,GB,GB,sucursal,tablet,0
TXN00006523,CUST000146,2025-06-11 18:23:57.003505,2217.26,EUR,IT,ES,cajero,mobile,0
TXN00006524,CUST000018,2025-09-02 20:30:57.003505,56.6,EUR,FR,IT,cajero,mobile,0
TXN00006525,CUST000096,2026-01-14 02:40:57.003505,6558.81,EUR,ES,ES,web,pos,0
TXN00006526,CUST000018,2025-02-01 03:45:57.003505,370.51,EUR,FR,ES,sucursal,atm,0
TXN00006527,CUST000052,2025-12-03 00:54:57.003505,142.39,EUR,ES,FR,sucursal,mobile,0
TXN00006528,CUST000033,2025-01-31 00:35:57.003505,4026.25,EUR,IT,IT,sucursal,pos,0
TXN00006529,CUST000009,2025-10-09 05:21:57.003505,7352.9,EUR,FR,FR,web,desktop,0
TXN00006530,CUST000148,2025-01-25 05:32:57.003505,3537.25,EUR,ES,IT,app,mobile,0
TXN00006531,CUST000085,2025-02-14 04:01:57.003505,253.84,EUR,FR,IT,cajero,mobile,0
TXN00006532,CUST000077,2025-08-27 18:04:57.003505,4728.85,CHF,CH,GB,app,desktop,0
TXN00006533,CUST000183,2025-08-04 01:23:57.003505,186.4,EUR,IT,FR,web,mobile,0
TXN00006534,CUST000097,2025-08-20 03:39:57.003505,13151.58,USD,GB,FR,cajero,mobile,0
TXN00006535,CUST000011,2025-03-20 18:16:57.003505,163.18,EUR,ES,FR,cajero,desktop,0
TXN00006536,CUST000102,2025-02-04 21:39:57.003505,3846.15,EUR,FR,GB,sucursal,pos,0
TXN00006537,CUST000074,2025-09-21 22:19:57.003505,9896.75,EUR,IT,IT,app,desktop,0
TXN00006538,CUST000013,2025-05-04 04:55:57.107482,2861.4,USD,GB,AF,sucursal,tablet,1
TXN00006539,CUST000043,2025-04-05 04:32:57.003505,14546.26,GBP,CH,ES,sucursal,mobile,0
TXN00006540,CUST000004,2025-01-23 17:34:57.003505,4554.58,EUR,DE,CH,cajero,pos,0
TXN00006541,CUST000096,2025-07-06 00:39:57.003505,14179.26,EUR,ES,CH,cajero,tablet,0
TXN00006542,CUST000034,2025-08-10 07:24:57.003505,335.24,EUR,FR,ES,sucursal,desktop,0
TXN00006543,CUST000117,2025-10-28 07:36:57.003505,8895.68,EUR,ES,GB,web,atm,0
TXN00006544,CUST000056,2025-07-13 18:19:57.003505,274.98,GBP,GB,FR,app,tablet,0
TXN00006545,CUST000176,2025-09-24 04:02:57.003505,866.15,EUR,ES,IT,web,atm,0
TXN00006546,CUST000103,2025-03-29 19:30:57.003505,2986.89,EUR,ES,US,cajero,desktop,0
TXN00006547,CUST000123,2025-05-19 18:31:57.003505,1396.66,EUR,FR,IT,app,mobile,0
TXN00006548,CUST000008,2025-04-01 09:48:57.003505,5346.03,EUR,IT,GB,app,pos,0
TXN00006549,CUST000021,2025-05-03 19:38:57.003505,112.18,EUR,FR,FR,web,desktop,0
TXN00006550,CUST000148,2025-12-05 06:04:57.003505,11155.24,EUR,ES,FR,app,desktop,0
TXN00006551,CUST000067,2025-10-27 05:43:57.003505,7536.28,EUR,DE,CH,sucursal,mobile,0
TXN00006552,CUST000140,2025-11-23 19:42:57.003505,622.94,EUR,DE,FR,web,tablet,0
TXN00006553,CUST000168,2026-01-06 03:12:57.003505,1231.96,EUR,IT,ES,sucursal,tablet,0
TXN00006554,CUST000171,2025-11-20 03:23:57.003505,10228.27,EUR,IT,ES,sucursal,tablet,0
TXN00006555,CUST000114,2026-01-01 04:01:57.003505,5475.36,EUR,ES,ES,cajero,pos,0
TXN00006556,CUST000064,2026-01-09 23:27:57.003505,1009.14,EUR,ES,GB,cajero,pos,0
TXN00006557,CUST000053,2025-12-08 05:11:57.003505,14819.86,EUR,FR,US,web,atm,0
TXN00006558,CUST000147,2025-11-01 09:34:57.003505,3267.77,USD,US,IT,sucursal,mobile,0
TXN00006559,CUST000157,2025-04-10 02:51:57.003505,1171.67,EUR,IT,FR,cajero,pos,0
TXN00006560,CUST000041,2025-05-17 19:33:57.003505,10368.91,EUR,DE,DE,sucursal,tablet,0
TXN00006561,CUST000183,2025-03-23 07:33:57.003505,142.08,EUR,IT,ES,sucursal,tablet,0
TXN00006562,CUST000135,2025-03-07 19:35:57.003505,1703.69,EUR,ES,DE,cajero,atm,0
TXN00006563,CUST000092,2025-10-14 23:18:57.003505,12289.27,EUR,FR,IT,sucursal,mobile,0
TXN00006564,CUST000105,2026-01-06 04:33:57.003505,8321.26,CHF,US,ES,web,desktop,0
TXN00006565,CUST000096,2025-11-05 19:46:57.003505,23068.62,EUR,ES,GB,cajero,mobile,0
TXN00006566,CUST000121,2025-01-22 00:19:57.003505,561.48,EUR,ES,IT,sucursal,tablet,0
TXN00006567,CUST000027,2025-09-20 20:20:57.107482,83387.26,EUR,FR,IT,cajero,mobile,1
TXN00006568,CUST000174,2025-10-23 03:15:57.003505,490.82,EUR,IT,ES,cajero,tablet,0
TXN00006569,CUST000150,2025-04-11 04:49:57.003505,4379.94,EUR,ES,FR,cajero,mobile,0
TXN00006570,CUST000047,2025-04-24 21:35:57.003505,7099.63,EUR,ES,FR,sucursal,tablet,0
TXN00006571,CUST000146,2025-05-26 01:38:57.003505,113.72,EUR,IT,FR,sucursal,pos,0
TXN00006572,CUST000112,2025-11-16 03:09:57.003505,6493.74,GBP,US,DE,app,atm,0
TXN00006573,CUST000148,2025-10-05 09:52:57.003505,4865.34,EUR,ES,ES,app,mobile,0
TXN00006574,CUST000132,2025-11-09 05:39:57.003505,1229.36,EUR,ES,US,app,mobile,0
TXN00006575,CUST000051,2025-10-07 18:07:57.003505,218.87,EUR,DE,FR,web,atm,0
TXN00006576,CUST000007,2025-10-22 18:57:57.003505,2952.99,EUR,DE,GB,web,mobile,0
TXN00006577,CUST000095,2025-01-21 21:55:57.003505,80.63,EUR,IT,ES,app,tablet,0
TXN00006578,CUST000110,2025-02-12 02:20:57.003505,310.38,EUR,ES,IT,web,atm,0
TXN00006579,CUST000087,2025-11-25 02:11:57.003505,156.05,EUR,ES,DE,app,desktop,0
TXN00006580,CUST000015,2026-01-15 22:00:57.003505,4511.94,EUR,FR,FR,cajero,mobile,0
TXN00006581,CUST000021,2025-10-12 09:48:57.107482,342.93,EUR,FR,FR,sucursal,desktop,1
TXN00006582,CUST000180,2025-12-19 04:39:57.003505,371.32,EUR,GB,GB,cajero,atm,0
TXN00006583,CUST000063,2025-05-07 02:51:57.003505,131.29,EUR,FR,IT,web,atm,0
TXN00006584,CUST000167,2025-03-07 08:05:57.003505,6550.49,GBP,US,GB,cajero,atm,0
TXN00006585,CUST000113,2025-05-21 01:14:57.003505,3622.32,CHF,CH,ES,sucursal,atm,0
TXN00006586,CUST000110,2025-04-15 20:22:57.003505,51.21,EUR,ES,FR,cajero,desktop,0
TXN00006587,CUST000127,2025-09-15 09:31:57.003505,4326.62,EUR,FR,FR,web,tablet,0
TXN00006588,CUST000181,2025-07-08 23:14:57.003505,313.96,EUR,IT,IT,cajero,desktop,0
TXN00006589,CUST000040,2025-10-24 07:29:57.003505,26.33,EUR,IT,FR,cajero,atm,0
TXN00006590,CUST000012,2025-08-03 05:49:57.003505,1192.88,EUR,IT,US,sucursal,desktop,0
TXN00006591,CUST000021,2025-12-02 05:27:57.107482,25333.94,EUR,FR,ES,web,mobile,1
TXN00006592,CUST000033,2025-08-25 06:19:57.003505,2919.66,EUR,IT,US,cajero,mobile,0
TXN00006593,CUST000046,2025-11-11 22:22:57.003505,2865.31,GBP,GB,ES,web,pos,0
TXN00006594,CUST000071,2025-12-26 22:27:57.003505,24253.24,EUR,FR,US,web,desktop,0
TXN00006595,CUST000100,2025-03-25 01:56:57.003505,3446.64,CHF,GB,GB,cajero,atm,0
TXN00006596,CUST000139,2025-06-16 23:37:57.003505,3699.15,CHF,US,US,cajero,desktop,0
TXN00006597,CUST000060,2025-07-24 01:43:57.003505,1166.71,EUR,IT,GB,sucursal,pos,0
TXN00006598,CUST000057,2025-12-22 00:11:57.003505,14.71,EUR,ES,IT,sucursal,atm,0
TXN00006599,CUST000010,2025-12-20 03:59:57.107482,2005.82,EUR,FR,CN,sucursal,pos,1
TXN00006600,CUST000085,2025-09-21 04:08:57.003505,231.52,EUR,FR,GB,cajero,pos,0
TXN00006601,CUST000037,2025-03-13 02:38:57.003505,116.02,EUR,ES,IT,app,atm,0
TXN00006602,CUST000108,2025-02-06 06:51:57.003505,497.52,EUR,ES,ES,cajero,pos,0
TXN00006603,CUST000174,2025-01-20 20:46:57.003505,125.89,EUR,IT,GB,web,desktop,0
TXN00006604,CUST000171,2025-06-15 22:59:57.003505,1671.03,EUR,IT,ES,cajero,pos,0
TXN00006605,CUST000169,2025-05-28 05:43:57.003505,635.51,EUR,DE,FR,web,tablet,0
TXN00006606,CUST000052,2025-08-30 23:29:57.003505,460.65,EUR,ES,IT,cajero,desktop,0
TXN00006607,CUST000147,2025-08-01 22:11:57.003505,3633.49,CHF,US,US,sucursal,tablet,0
TXN00006608,CUST000109,2025-07-13 18:05:57.003505,24185.66,USD,CH,ES,sucursal,desktop,0
TXN00006609,CUST000128,2025-10-10 18:24:57.003505,6906.02,EUR,FR,US,cajero,mobile,0
TXN00006610,CUST000157,2025-06-13 06:23:57.003505,4193.98,EUR,IT,FR,app,pos,0
TXN00006611,CUST000137,2026-01-07 06:45:57.003505,484.12,EUR,FR,GB,cajero,atm,0
TXN00006612,CUST000019,2026-01-04 00:28:57.003505,3055.31,EUR,DE,DE,sucursal,atm,0
TXN00006613,CUST000005,2025-06-18 01:04:57.003505,706.31,GBP,GB,FR,cajero,pos,0
TXN00006614,CUST000013,2025-07-19 03:53:57.003505,778.12,GBP,GB,GB,sucursal,atm,0
TXN00006615,CUST000108,2026-01-02 04:39:57.003505,253.89,EUR,ES,FR,sucursal,pos,0
TXN00006616,CUST000017,2025-12-06 21:09:57.003505,1324.0,EUR,FR,ES,web,tablet,0
TXN00006617,CUST000145,2025-08-23 01:46:57.003505,1989.13,EUR,DE,IT,app,mobile,0
TXN00006618,CUST000061,2025-06-16 03:04:57.003505,3124.48,EUR,IT,US,app,atm,0
TXN00006619,CUST000132,2025-05-18 22:59:57.003505,4678.36,EUR,ES,ES,web,mobile,0
TXN00006620,CUST000076,2025-03-14 05:09:57.003505,145.96,EUR,ES,ES,sucursal,desktop,0
TXN00006621,CUST000042,2025-01-26 07:58:57.003505,3679.61,EUR,ES,GB,app,mobile,0
TXN00006622,CUST000161,2025-09-06 04:39:57.003505,107.88,EUR,ES,FR,web,mobile,0
TXN00006623,CUST000090,2025-05-18 00:24:57.003505,23973.87,GBP,GB,CH,sucursal,desktop,0
TXN00006624,CUST000039,2025-05-10 00:54:57.003505,2512.34,EUR,DE,CH,app,mobile,0
TXN00006625,CUST000104,2025-08-12 22:07:57.003505,162.37,EUR,ES,FR,app,tablet,0
TXN00006626,CUST000164,2025-07-28 08:28:57.003505,13112.78,CHF,US,DE,app,atm,0
TXN00006627,CUST000094,2025-10-12 04:25:57.003505,6916.71,GBP,GB,US,cajero,tablet,0
TXN00006628,CUST000027,2025-04-26 00:56:57.003505,118.91,EUR,FR,IT,sucursal,mobile,0
TXN00006629,CUST000111,2025-08-04 23:44:57.003505,54.61,EUR,ES,FR,cajero,atm,0
TXN00006630,CUST000104,2025-03-28 04:05:57.003505,372.36,EUR,ES,DE,app,desktop,0
TXN00006631,CUST000058,2025-08-31 05:47:57.003505,4215.17,EUR,FR,DE,cajero,pos,0
TXN00006632,CUST000132,2025-10-16 18:01:57.003505,5172.17,EUR,ES,ES,sucursal,pos,0
TXN00006633,CUST000064,2025-06-23 22:27:57.003505,2054.7,EUR,ES,FR,cajero,desktop,0
TXN00006634,CUST000167,2025-08-04 05:18:57.003505,1256.0,CHF,US,IT,cajero,pos,0
TXN00006635,CUST000189,2025-05-31 04:06:57.003505,6685.43,EUR,DE,GB,web,atm,0
TXN00006636,CUST000068,2025-03-25 20:19:57.003505,842.53,EUR,ES,ES,sucursal,pos,0
TXN00006637,CUST000086,2025-05-01 00:13:57.003505,1124.83,EUR,ES,DE,app,desktop,0
TXN00006638,CUST000039,2025-04-04 00:25:57.003505,4400.19,EUR,DE,US,web,atm,0
TXN00006639,CUST000121,2025-08-27 05:23:57.003505,781.96,EUR,ES,GB,sucursal,desktop,0
TXN00006640,CUST000103,2025-03-08 20:09:57.003505,7630.16,EUR,ES,DE,cajero,desktop,0
TXN00006641,CUST000174,2025-11-28 23:13:57.003505,902.2,EUR,IT,ES,web,mobile,0
TXN00006642,CUST000155,2025-05-12 04:02:57.003505,434.28,EUR,IT,FR,cajero,mobile,0
TXN00006643,CUST000144,2025-09-22 22:00:57.003505,106.4,EUR,DE,IT,cajero,pos,0
TXN00006644,CUST000072,2025-05-26 08:17:57.003505,9916.88,EUR,GB,DE,sucursal,mobile,0
TXN00006645,CUST000107,2025-05-18 19:21:57.003505,3820.71,EUR,DE,ES,app,pos,0
TXN00006646,CUST000029,2025-01-31 01:58:57.003505,1268.13,USD,GB,GB,cajero,mobile,0
TXN00006647,CUST000087,2025-08-25 20:21:57.003505,517.84,EUR,ES,GB,sucursal,atm,0
TXN00006648,CUST000123,2025-07-29 00:34:57.003505,130.73,EUR,FR,GB,sucursal,atm,0
TXN00006649,CUST000185,2025-04-07 07:32:57.003505,478.54,GBP,GB,ES,web,desktop,0
TXN00006650,CUST000000,2025-05-30 18:47:57.003505,2514.77,EUR,DE,IT,web,mobile,0
TXN00006651,CUST000025,2025-11-20 23:50:57.003505,829.65,EUR,ES,GB,sucursal,tablet,0
TXN00006652,CUST000112,2025-08-31 22:36:57.003505,9119.1,USD,US,US,sucursal,pos,0
TXN00006653,CUST000107,2025-01-27 05:11:57.003505,7500.47,EUR,DE,GB,cajero,mobile,0
TXN00006654,CUST000099,2026-01-09 02:31:57.003505,30.88,EUR,IT,FR,web,desktop,0
TXN00006655,CUST000087,2026-01-15 21:19:57.003505,899.46,EUR,ES,GB,app,desktop,0
TXN00006656,CUST000088,2025-02-03 01:45:57.003505,574.75,EUR,DE,IT,web,tablet,0
TXN00006657,CUST000004,2025-10-04 17:08:57.003505,24436.51,EUR,DE,GB,cajero,pos,0
TXN00006658,CUST000054,2025-10-13 07:19:57.003505,437.94,USD,GB,DE,sucursal,pos,0
TXN00006659,CUST000101,2025-02-21 07:34:57.003505,129.51,EUR,FR,IT,sucursal,atm,0
TXN00006660,CUST000074,2025-06-18 18:59:57.003505,1925.64,EUR,IT,ES,sucursal,pos,0
TXN00006661,CUST000049,2025-08-29 06:43:57.003505,563.08,EUR,ES,ES,cajero,mobile,0
TXN00006662,CUST000021,2025-05-01 02:51:57.003505,100.52,EUR,FR,IT,sucursal,tablet,0
TXN00006663,CUST000099,2025-07-14 21:42:57.003505,35.65,EUR,IT,IT,cajero,atm,0
TXN00006664,CUST000093,2025-09-28 09:59:57.003505,8643.89,EUR,FR,US,cajero,mobile,0
TXN00006665,CUST000100,2025-03-12 09:22:57.003505,2623.02,CHF,GB,GB,cajero,desktop,0
TXN00006666,CUST000061,2025-04-29 07:12:57.003505,3548.86,EUR,IT,ES,cajero,tablet,0
TXN00006667,CUST000123,2025-10-17 20:38:57.003505,936.08,EUR,FR,DE,web,tablet,0
TXN00006668,CUST000106,2025-11-27 06:15:57.003505,150.52,EUR,FR,FR,cajero,desktop,0
TXN00006669,CUST000111,2025-06-13 01:19:57.003505,102.03,EUR,ES,ES,sucursal,mobile,0
TXN00006670,CUST000126,2025-04-24 08:17:57.003505,923.32,EUR,DE,FR,app,tablet,0
TXN00006671,CUST000021,2025-10-18 06:33:57.003505,496.33,EUR,FR,IT,cajero,pos,0
TXN00006672,CUST000179,2025-05-12 22:40:57.003505,2773.56,EUR,DE,ES,app,pos,0
TXN00006673,CUST000015,2025-12-11 14:51:57.107482,78683.15,EUR,FR,SY,web,desktop,1
TXN00006674,CUST000066,2025-12-18 22:45:57.003505,860.07,EUR,DE,DE,cajero,tablet,0
TXN00006675,CUST000016,2026-01-03 21:42:57.003505,286.67,EUR,IT,GB,app,pos,0
TXN00006676,CUST000093,2025-08-15 06:49:57.003505,2694.33,EUR,FR,GB,web,tablet,0
TXN00006677,CUST000102,2025-05-19 01:31:57.003505,4900.1,EUR,FR,DE,cajero,tablet,0
TXN00006678,CUST000067,2025-06-25 21:28:57.003505,6528.41,EUR,DE,DE,sucursal,atm,0
TXN00006679,CUST000047,2025-06-19 22:08:57.003505,4110.95,EUR,ES,ES,web,pos,0
TXN00006680,CUST000002,2025-12-11 05:19:57.003505,341.75,EUR,ES,FR,cajero,desktop,0
TXN00006681,CUST000152,2025-04-12 06:52:57.003505,153.9,EUR,GB,FR,sucursal,atm,0
TXN00006682,CUST000122,2025-09-25 03:24:57.003505,680.76,CHF,GB,DE,sucursal,desktop,0
TXN00006683,CUST000124,2025-01-29 19:35:57.003505,362.56,EUR,DE,DE,app,pos,0
TXN00006684,CUST000115,2025-11-21 17:04:57.003505,14267.37,EUR,DE,GB,web,tablet,0
TXN00006685,CUST000016,2025-12-04 06:38:57.003505,865.46,EUR,IT,GB,sucursal,mobile,0
TXN00006686,CUST000162,2025-05-23 17:49:57.003505,3853.47,GBP,CH,US,sucursal,mobile,0
TXN00006687,CUST000025,2025-04-06 04:17:57.107482,3469.04,EUR,ES,PK,sucursal,atm,1
TXN00006688,CUST000069,2025-01-30 22:58:57.003505,56.88,EUR,FR,FR,web,atm,0
TXN00006689,CUST000056,2025-04-29 18:20:57.003505,621.41,USD,GB,FR,cajero,tablet,0
TXN00006690,CUST000125,2025-05-08 05:19:57.003505,4655.67,GBP,US,ES,app,pos,0
TXN00006691,CUST000053,2025-06-27 05:27:57.003505,3054.26,EUR,FR,FR,app,desktop,0
TXN00006692,CUST000059,2025-10-23 19:10:57.003505,23.89,EUR,FR,ES,web,desktop,0
TXN00006693,CUST000171,2025-10-26 01:04:57.003505,3274.09,EUR,IT,IT,sucursal,pos,0
TXN00006694,CUST000111,2025-04-04 05:54:57.003505,97.66,EUR,ES,IT,web,mobile,0
TXN00006695,CUST000005,2025-08-22 03:55:57.003505,1914.36,CHF,GB,IT,web,mobile,0
TXN00006696,CUST000030,2025-08-07 04:55:57.003505,186.65,CHF,GB,IT,cajero,mobile,0
TXN00006697,CUST000029,2025-02-26 21:59:57.003505,4312.08,EUR,GB,DE,web,desktop,0
TXN00006698,CUST000087,2025-10-31 20:00:57.003505,827.41,EUR,ES,IT,web,desktop,0
TXN00006699,CUST000064,2025-05-18 20:22:57.003505,662.13,EUR,ES,GB,app,pos,0
TXN00006700,CUST000087,2025-02-04 07:16:57.003505,606.19,EUR,ES,DE,app,mobile,0
TXN00006701,CUST000091,2026-01-07 05:01:57.003505,6667.72,CHF,GB,ES,cajero,mobile,0
TXN00006702,CUST000089,2025-08-15 02:44:57.003505,87.77,EUR,ES,ES,sucursal,tablet,0
TXN00006703,CUST000136,2025-08-15 19:14:57.003505,129.35,EUR,FR,ES,cajero,desktop,0
TXN00006704,CUST000021,2025-08-28 21:26:57.003505,142.82,EUR,FR,FR,sucursal,desktop,0
TXN00006705,CUST000177,2025-06-18 21:45:57.003505,422.65,EUR,FR,GB,cajero,pos,0
TXN00006706,CUST000114,2025-11-03 18:38:57.003505,6799.98,EUR,ES,FR,cajero,tablet,0
TXN00006707,CUST000055,2025-11-11 17:27:57.003505,769.13,GBP,CH,ES,sucursal,mobile,0
TXN00006708,CUST000032,2025-12-21 03:03:57.003505,63.02,EUR,FR,IT,cajero,pos,0
TXN00006709,CUST000114,2025-11-13 22:21:57.003505,4100.88,EUR,ES,DE,cajero,desktop,0
TXN00006710,CUST000016,2025-08-31 00:01:57.003505,1542.33,EUR,IT,IT,app,atm,0
TXN00006711,CUST000091,2025-01-16 21:16:57.003505,12744.49,CHF,GB,ES,web,tablet,0
TXN00006712,CUST000021,2025-06-02 02:31:57.003505,83.06,EUR,FR,FR,web,atm,0
TXN00006713,CUST000186,2025-04-28 18:05:57.003505,8999.24,EUR,IT,US,sucursal,atm,0
TXN00006714,CUST000164,2025-02-15 22:46:57.003505,9577.59,USD,US,GB,app,tablet,0
TXN00006715,CUST000050,2025-11-01 09:06:57.003505,3850.69,EUR,FR,FR,web,mobile,0
TXN00006716,CUST000114,2025-04-18 21:01:57.003505,5066.6,EUR,ES,DE,cajero,pos,0
TXN00006717,CUST000016,2025-06-27 14:43:57.107482,2556.06,EUR,IT,DE,web,pos,1
TXN00006718,CUST000010,2025-04-30 02:49:57.003505,940.09,EUR,FR,GB,cajero,atm,0
TXN00006719,CUST000070,2025-09-30 20:22:57.003505,300.79,EUR,ES,ES,cajero,tablet,0
TXN00006720,CUST000003,2025-08-05 20:29:57.003505,450.18,EUR,ES,IT,web,desktop,0
TXN00006721,CUST000002,2025-08-12 23:30:57.003505,42.26,EUR,ES,FR,web,desktop,0
TXN00006722,CUST000134,2025-05-16 03:57:57.003505,96.79,EUR,FR,IT,sucursal,mobile,0
TXN00006723,CUST000131,2025-07-11 07:40:57.003505,963.16,EUR,DE,GB,web,atm,0
TXN00006724,CUST000032,2026-01-04 01:49:57.003505,154.22,EUR,FR,ES,web,desktop,0
TXN00006725,CUST000066,2025-02-18 04:05:57.003505,606.31,EUR,DE,IT,web,pos,0
TXN00006726,CUST000146,2025-07-17 01:38:57.003505,823.5,EUR,IT,GB,app,mobile,0
TXN00006727,CUST000114,2025-09-03 21:33:57.003505,8792.67,EUR,ES,FR,web,pos,0
TXN00006728,CUST000074,2025-08-05 02:31:57.003505,2855.96,EUR,IT,FR,app,pos,0
TXN00006729,CUST000034,2025-07-26 07:51:57.003505,440.54,EUR,FR,IT,web,tablet,0
TXN00006730,CUST000077,2025-03-06 02:28:57.003505,2427.04,EUR,CH,DE,app,tablet,0
TXN00006731,CUST000163,2026-01-15 22:27:57.003505,401.65,EUR,ES,ES,app,mobile,0
TXN00006732,CUST000127,2025-12-02 00:14:57.003505,2002.68,EUR,FR,DE,web,tablet,0
TXN00006733,CUST000171,2025-08-15 21:19:57.003505,1830.88,EUR,IT,US,cajero,pos,0
TXN00006734,CUST000049,2025-05-05 05:52:57.003505,2872.64,EUR,ES,IT,web,desktop,0
TXN00006735,CUST000048,2025-07-13 20:19:57.003505,10397.47,EUR,FR,ES,sucursal,mobile,0
TXN00006736,CUST000066,2025-12-14 18:08:57.003505,408.39,EUR,DE,IT,cajero,pos,0
TXN00006737,CUST000099,2025-11-17 23:02:57.003505,108.69,EUR,IT,FR,web,pos,0
TXN00006738,CUST000016,2025-06-15 06:39:57.003505,526.63,EUR,IT,ES,web,tablet,0
TXN00006739,CUST000188,2025-12-05 19:14:57.003505,1054.79,EUR,IT,ES,cajero,mobile,0
TXN00006740,CUST000000,2025-06-21 13:16:57.107482,15671.32,EUR,DE,PK,sucursal,mobile,1
TXN00006741,CUST000037,2025-10-13 00:54:57.003505,14.76,EUR,ES,FR,sucursal,tablet,0
TXN00006742,CUST000187,2026-01-15 03:06:57.003505,1385.56,USD,GB,DE,app,desktop,0
TXN00006743,CUST000055,2025-12-18 17:24:57.003505,14434.33,USD,CH,FR,web,tablet,0
TXN00006744,CUST000099,2025-01-16 03:57:57.003505,11.02,EUR,IT,FR,sucursal,pos,0
TXN00006745,CUST000157,2025-06-07 18:31:57.003505,2718.5,EUR,IT,ES,app,pos,0
TXN00006746,CUST000041,2025-10-26 08:46:57.003505,4497.26,EUR,DE,DE,cajero,mobile,0
TXN00006747,CUST000085,2025-06-23 19:09:57.003505,347.36,EUR,FR,IT,app,desktop,0
TXN00006748,CUST000078,2025-09-29 20:45:57.003505,15978.64,EUR,DE,DE,app,desktop,0
TXN00006749,CUST000055,2025-06-15 01:50:57.003505,4085.31,CHF,CH,DE,web,pos,0
TXN00006750,CUST000154,2025-12-17 00:43:57.003505,13985.11,EUR,ES,IT,cajero,tablet,0
TXN00006751,CUST000103,2025-04-02 22:44:57.003505,2753.09,EUR,ES,ES,sucursal,tablet,0
TXN00006752,CUST000096,2025-06-03 04:56:57.003505,1464.27,EUR,ES,ES,web,desktop,0
TXN00006753,CUST000095,2025-09-13 20:36:57.003505,33.42,EUR,IT,IT,sucursal,mobile,0
TXN00006754,CUST000158,2025-10-20 04:48:57.003505,1457.7,GBP,GB,IT,web,pos,0
TXN00006755,CUST000066,2025-09-20 18:27:57.003505,717.03,EUR,DE,IT,cajero,pos,0
TXN00006756,CUST000054,2025-10-09 03:49:57.003505,106.32,CHF,GB,DE,sucursal,tablet,0
TXN00006757,CUST000166,2025-08-01 00:08:57.003505,2526.29,GBP,GB,DE,web,pos,0
TXN00006758,CUST000038,2025-10-23 04:11:57.003505,304.47,EUR,ES,DE,app,mobile,0
TXN00006759,CUST000038,2025-09-19 07:03:57.003505,436.53,EUR,ES,DE,sucursal,mobile,0
TXN00006760,CUST000172,2025-04-24 04:34:57.003505,1712.39,EUR,FR,DE,sucursal,pos,0
TXN00006761,CUST000152,2025-07-03 08:45:57.003505,191.47,EUR,GB,IT,app,mobile,0
TXN00006762,CUST000155,2025-01-27 01:22:57.003505,612.34,EUR,IT,IT,app,atm,0
TXN00006763,CUST000060,2025-05-11 00:43:57.003505,293.4,EUR,IT,GB,cajero,atm,0
TXN00006764,CUST000094,2025-11-23 19:47:57.003505,17980.87,CHF,GB,CH,sucursal,atm,0
TXN00006765,CUST000167,2025-05-25 09:15:57.003505,5587.46,CHF,US,FR,app,pos,0
TXN00006766,CUST000140,2025-09-11 02:42:57.003505,451.39,EUR,DE,GB,cajero,pos,0
TXN00006767,CUST000003,2025-04-30 02:23:57.003505,144.41,EUR,ES,FR,sucursal,tablet,0
TXN00006768,CUST000056,2025-05-29 20:26:57.003505,1521.36,EUR,GB,ES,cajero,pos,0
TXN00006769,CUST000175,2026-01-08 05:18:57.003505,14813.43,GBP,CH,CH,web,tablet,0
TXN00006770,CUST000083,2025-10-13 04:23:57.003505,94.44,EUR,ES,IT,web,tablet,0
TXN00006771,CUST000169,2025-12-16 08:59:57.003505,1559.96,EUR,DE,FR,cajero,mobile,0
TXN00006772,CUST000074,2025-04-22 23:49:57.003505,4679.94,EUR,IT,GB,sucursal,desktop,0
TXN00006773,CUST000186,2025-10-07 19:21:57.003505,7737.34,EUR,IT,US,sucursal,atm,0
TXN00006774,CUST000045,2025-06-10 05:17:57.003505,266.99,GBP,GB,DE,web,pos,0
TXN00006775,CUST000180,2025-01-15 23:27:57.003505,443.5,EUR,GB,GB,app,tablet,0
TXN00006776,CUST000055,2025-03-06 23:44:57.003505,4042.18,USD,CH,CH,app,pos,0
TXN00006777,CUST000188,2025-07-19 00:30:57.003505,2376.96,EUR,IT,ES,app,atm,0
TXN00006778,CUST000092,2025-09-29 23:32:57.003505,4879.09,EUR,FR,IT,sucursal,tablet,0
TXN00006779,CUST000076,2026-01-13 00:28:57.003505,109.62,EUR,ES,IT,sucursal,mobile,0
TXN00006780,CUST000187,2025-02-16 18:42:57.003505,7579.27,CHF,GB,GB,web,atm,0
TXN00006781,CUST000128,2025-04-02 03:02:57.003505,3407.99,EUR,FR,FR,cajero,desktop,0
TXN00006782,CUST000125,2025-03-06 19:38:57.003505,5046.37,USD,US,GB,sucursal,pos,0
TXN00006783,CUST000020,2025-11-28 00:46:57.003505,370.08,EUR,IT,FR,cajero,pos,0
TXN00006784,CUST000080,2025-07-17 19:25:57.003505,123.6,EUR,ES,ES,app,mobile,0
TXN00006785,CUST000135,2025-04-04 00:15:57.003505,392.54,EUR,ES,ES,web,tablet,0
TXN00006786,CUST000182,2025-10-20 22:45:57.003505,4735.55,EUR,FR,DE,cajero,desktop,0
TXN00006787,CUST000041,2025-11-22 20:41:57.003505,2121.31,EUR,DE,FR,app,mobile,0
TXN00006788,CUST000178,2025-10-29 23:14:57.003505,329.78,EUR,ES,IT,sucursal,atm,0
TXN00006789,CUST000135,2025-07-11 19:43:57.003505,2925.37,EUR,ES,ES,cajero,tablet,0
TXN00006790,CUST000132,2025-10-29 07:56:57.003505,3406.47,EUR,ES,ES,sucursal,mobile,0
TXN00006791,CUST000088,2025-08-31 02:49:57.003505,342.83,EUR,DE,FR,sucursal,pos,0
TXN00006792,CUST000108,2025-06-07 02:21:57.003505,132.99,EUR,ES,FR,app,desktop,0
TXN00006793,CUST000057,2025-03-19 02:20:57.003505,357.51,EUR,ES,FR,app,tablet,0
TXN00006794,CUST000097,2025-08-05 19:06:57.003505,6861.37,EUR,GB,GB,web,pos,0
TXN00006795,CUST000063,2025-04-22 02:51:57.003505,45.2,EUR,FR,FR,web,tablet,0
TXN00006796,CUST000074,2025-08-07 00:32:57.003505,3377.93,EUR,IT,US,web,mobile,0
TXN00006797,CUST000133,2025-11-03 20:09:57.003505,147.75,EUR,IT,FR,sucursal,atm,0
TXN00006798,CUST000164,2025-03-18 09:39:57.003505,9864.02,CHF,US,GB,web,tablet,0
TXN00006799,CUST000189,2025-03-09 18:36:57.003505,1086.23,EUR,DE,US,web,pos,0
TXN00006800,CUST000131,2025-08-08 23:11:57.003505,845.11,EUR,DE,FR,cajero,pos,0
TXN00006801,CUST000157,2026-01-01 02:57:57.003505,4266.03,EUR,IT,DE,app,desktop,0
TXN00006802,CUST000082,2025-02-15 00:50:57.003505,18386.3,EUR,ES,CH,cajero,mobile,0
TXN00006803,CUST000121,2025-11-07 06:55:57.003505,800.42,EUR,ES,ES,sucursal,pos,0
TXN00006804,CUST000130,2025-02-07 08:19:57.003505,3593.18,EUR,IT,FR,cajero,desktop,0
TXN00006805,CUST000024,2025-10-25 03:10:57.003505,6359.67,EUR,FR,DE,web,pos,0
TXN00006806,CUST000110,2026-01-03 02:40:57.003505,241.62,EUR,ES,ES,sucursal,desktop,0
TXN00006807,CUST000063,2025-08-01 22:12:57.003505,362.71,EUR,FR,IT,web,pos,0
TXN00006808,CUST000099,2025-01-24 23:59:57.003505,290.6,EUR,IT,IT,web,desktop,0
TXN00006809,CUST000084,2025-08-05 06:32:57.003505,187.89,EUR,ES,ES,cajero,pos,0
TXN00006810,CUST000156,2025-11-23 02:37:57.003505,292.66,EUR,FR,IT,cajero,pos,0
TXN00006811,CUST000132,2025-12-25 20:39:57.003505,7279.82,EUR,ES,GB,cajero,atm,0
TXN00006812,CUST000048,2025-11-23 07:16:57.003505,4211.22,EUR,FR,IT,app,tablet,0
TXN00006813,CUST000171,2025-10-26 18:52:57.003505,1576.21,EUR,IT,ES,sucursal,atm,0
TXN00006814,CUST000109,2025-02-15 05:14:57.003505,2702.46,CHF,CH,US,cajero,atm,0
TXN00006815,CUST000169,2025-05-02 06:47:57.003505,404.8,EUR,DE,IT,web,desktop,0
TXN00006816,CUST000179,2025-07-05 07:39:57.003505,10954.88,EUR,DE,FR,app,pos,0
TXN00006817,CUST000115,2025-07-27 21:59:57.003505,23182.97,EUR,DE,DE,app,mobile,0
TXN00006818,CUST000001,2025-07-20 21:03:57.003505,108.39,EUR,FR,GB,cajero,mobile,0
TXN00006819,CUST000054,2025-04-09 21:31:57.003505,746.86,GBP,GB,ES,sucursal,mobile,0
TXN00006820,CUST000058,2025-02-18 19:04:57.003505,8610.08,EUR,FR,IT,cajero,mobile,0
TXN00006821,CUST000037,2025-02-10 20:25:57.003505,100.62,EUR,ES,FR,cajero,mobile,0
TXN00006822,CUST000147,2025-12-09 20:41:57.003505,8307.7,CHF,US,US,web,tablet,0
TXN00006823,CUST000007,2025-05-25 19:26:57.003505,6882.0,EUR,DE,ES,web,mobile,0
TXN00006824,CUST000097,2026-01-12 18:59:57.003505,6091.22,EUR,GB,FR,web,tablet,0
TXN00006825,CUST000183,2025-03-09 05:52:57.003505,380.62,EUR,IT,FR,web,pos,0
TXN00006826,CUST000155,2025-08-07 01:00:57.003505,210.97,EUR,IT,ES,sucursal,mobile,0
TXN00006827,CUST000080,2025-08-10 00:54:57.003505,210.34,EUR,ES,IT,app,mobile,0
TXN00006828,CUST000022,2025-06-08 19:59:57.107482,27993.08,EUR,IT,AF,app,mobile,1
TXN00006829,CUST000083,2025-05-30 03:38:57.003505,53.96,EUR,ES,FR,sucursal,pos,0
TXN00006830,CUST000040,2025-06-11 01:36:57.003505,147.63,EUR,IT,ES,cajero,mobile,0
TXN00006831,CUST000070,2026-01-13 00:36:57.003505,150.12,EUR,ES,IT,cajero,atm,0
TXN00006832,CUST000176,2025-12-12 06:32:57.003505,2195.3,EUR,ES,IT,cajero,tablet,0
TXN00006833,CUST000003,2025-04-03 21:12:57.107482,584.07,EUR,ES,SY,web,pos,1
TXN00006834,CUST000042,2025-02-27 06:07:57.003505,3511.53,EUR,ES,ES,web,desktop,0
TXN00006835,CUST000062,2025-03-31 23:03:57.003505,1964.74,EUR,IT,DE,sucursal,desktop,0
TXN00006836,CUST000111,2025-01-22 06:58:57.003505,367.23,EUR,ES,IT,web,pos,0
TXN00006837,CUST000039,2025-11-04 19:38:57.003505,10976.99,EUR,DE,FR,sucursal,mobile,0
TXN00006838,CUST000058,2025-08-27 19:01:57.003505,7450.45,EUR,FR,DE,sucursal,mobile,0
TXN00006839,CUST000079,2025-10-15 23:52:57.003505,6586.18,EUR,FR,US,cajero,desktop,0
TXN00006840,CUST000176,2025-04-06 07:45:57.003505,2552.65,EUR,ES,FR,web,pos,0
TXN00006841,CUST000142,2025-11-08 03:55:57.003505,8610.98,EUR,DE,DE,cajero,mobile,0
TXN00006842,CUST000048,2025-04-17 23:58:57.107482,56952.23,EUR,FR,US,app,atm,1
TXN00006843,CUST000037,2025-04-21 00:58:57.003505,22.99,EUR,ES,IT,web,tablet,0
TXN00006844,CUST000180,2025-03-12 18:28:57.003505,490.58,GBP,GB,FR,cajero,tablet,0
TXN00006845,CUST000160,2025-02-18 23:06:57.003505,617.69,EUR,DE,IT,sucursal,pos,0
TXN00006846,CUST000018,2025-12-19 05:42:57.003505,153.26,EUR,FR,IT,app,atm,0
TXN00006847,CUST000024,2025-01-22 01:01:57.003505,7582.46,EUR,FR,DE,sucursal,tablet,0
TXN00006848,CUST000032,2025-02-10 01:41:57.003505,95.43,EUR,FR,ES,web,pos,0
TXN00006849,CUST000053,2025-10-29 08:35:57.003505,11427.96,EUR,FR,IT,cajero,mobile,0
TXN00006850,CUST000085,2025-11-25 08:39:57.003505,1539.59,EUR,FR,GB,app,desktop,0
TXN00006851,CUST000147,2025-01-30 23:18:57.003505,1163.77,CHF,US,IT,sucursal,mobile,0
TXN00006852,CUST000058,2025-06-10 07:35:57.003505,3018.57,EUR,FR,GB,sucursal,mobile,0
TXN00006853,CUST000049,2025-02-02 08:39:57.003505,885.35,EUR,ES,DE,web,desktop,0
TXN00006854,CUST000035,2025-07-24 00:45:57.003505,652.05,EUR,DE,DE,cajero,atm,0
TXN00006855,CUST000005,2025-06-19 19:43:57.003505,677.74,EUR,GB,IT,cajero,desktop,0
TXN00006856,CUST000048,2026-01-04 14:52:57.107482,42961.02,EUR,FR,DE,web,pos,1
TXN00006857,CUST000187,2025-04-23 21:14:57.003505,13140.17,USD,GB,US,sucursal,atm,0
TXN00006858,CUST000151,2025-08-20 03:33:57.003505,4495.36,EUR,ES,ES,web,tablet,0
TXN00006859,CUST000177,2025-12-15 00:14:57.003505,771.79,EUR,FR,ES,app,pos,0
TXN00006860,CUST000122,2025-10-13 05:09:57.003505,2293.45,EUR,GB,IT,app,mobile,0
TXN00006861,CUST000030,2025-04-01 20:47:57.003505,968.46,GBP,GB,ES,cajero,tablet,0
TXN00006862,CUST000096,2025-12-07 04:18:57.003505,5749.89,EUR,ES,FR,app,mobile,0
TXN00006863,CUST000077,2025-03-21 05:08:57.003505,12478.42,GBP,CH,DE,sucursal,atm,0
TXN00006864,CUST000145,2025-09-03 02:49:57.003505,163.97,EUR,DE,GB,cajero,pos,0
TXN00006865,CUST000089,2025-09-01 19:43:57.003505,14.32,EUR,ES,FR,sucursal,tablet,0
TXN00006866,CUST000160,2025-07-05 05:25:57.003505,680.93,EUR,DE,FR,app,mobile,0
TXN00006867,CUST000110,2025-10-15 22:17:57.003505,360.62,EUR,ES,ES,cajero,tablet,0
TXN00006868,CUST000106,2025-07-18 07:42:57.003505,73.31,EUR,FR,ES,cajero,desktop,0
TXN00006869,CUST000132,2025-08-29 18:14:57.003505,4023.99,EUR,ES,US,app,atm,0
TXN00006870,CUST000037,2025-10-29 13:45:57.107482,445.43,EUR,ES,ES,cajero,atm,1
TXN00006871,CUST000101,2025-04-11 02:36:57.003505,131.14,EUR,FR,IT,cajero,tablet,0
TXN00006872,CUST000071,2025-10-20 05:51:57.003505,4353.79,EUR,FR,CH,app,tablet,0
TXN00006873,CUST000181,2025-07-12 01:34:57.003505,109.88,EUR,IT,GB,cajero,mobile,0
TXN00006874,CUST000080,2025-04-01 04:10:57.003505,39.77,EUR,ES,ES,app,desktop,0
TXN00006875,CUST000147,2025-09-06 06:46:57.003505,2461.85,USD,US,ES,app,mobile,0
TXN00006876,CUST000007,2025-02-20 13:27:57.107482,36321.78,EUR,DE,FR,app,tablet,1
TXN00006877,CUST000188,2025-10-11 19:32:57.003505,3117.23,EUR,IT,FR,cajero,pos,0
TXN00006878,CUST000176,2026-01-08 02:13:57.003505,666.97,EUR,ES,ES,web,desktop,0
TXN00006879,CUST000099,2025-07-26 21:03:57.003505,354.67,EUR,IT,FR,app,mobile,0
TXN00006880,CUST000083,2025-06-29 02:12:57.003505,80.94,EUR,ES,IT,cajero,pos,0
TXN00006881,CUST000048,2025-09-30 06:18:57.003505,4322.95,EUR,FR,GB,web,desktop,0
TXN00006882,CUST000137,2025-09-25 05:13:57.003505,728.34,EUR,FR,FR,sucursal,atm,0
TXN00006883,CUST000046,2025-03-23 04:30:57.003505,6823.3,USD,GB,CH,app,desktop,0
TXN00006884,CUST000140,2025-03-05 03:18:57.003505,301.42,EUR,DE,FR,web,mobile,0
TXN00006885,CUST000058,2025-10-21 19:13:57.003505,1299.66,EUR,FR,DE,app,tablet,0
TXN00006886,CUST000170,2025-05-19 20:23:57.003505,6810.52,CHF,US,US,app,pos,0
TXN00006887,CUST000061,2025-09-14 08:10:57.003505,1241.56,EUR,IT,DE,cajero,desktop,0
TXN00006888,CUST000086,2025-04-24 06:43:57.003505,1585.89,EUR,ES,US,sucursal,atm,0
TXN00006889,CUST000088,2025-03-16 20:45:57.003505,290.56,EUR,DE,DE,web,desktop,0
TXN00006890,CUST000106,2026-01-08 21:00:57.003505,102.88,EUR,FR,IT,sucursal,atm,0
TXN00006891,CUST000082,2025-04-23 17:04:57.003505,2859.02,EUR,ES,GB,sucursal,mobile,0
TXN00006892,CUST000032,2025-11-09 23:12:57.003505,131.44,EUR,FR,ES,app,atm,0
TXN00006893,CUST000111,2025-05-15 21:32:57.003505,122.0,EUR,ES,FR,app,pos,0
TXN00006894,CUST000139,2025-09-19 05:07:57.003505,1086.81,EUR,US,CH,sucursal,desktop,0
TXN00006895,CUST000025,2025-05-07 04:00:57.003505,506.19,EUR,ES,ES,web,mobile,0
TXN00006896,CUST000081,2025-12-29 19:46:57.003505,17843.68,USD,CH,FR,cajero,mobile,0
TXN00006897,CUST000073,2025-12-17 07:22:57.003505,779.33,EUR,DE,DE,web,tablet,0
TXN00006898,CUST000171,2025-04-16 06:56:57.003505,5951.22,EUR,IT,IT,cajero,atm,0
TXN00006899,CUST000000,2025-05-28 19:24:57.003505,374.99,EUR,DE,ES,app,tablet,0
TXN00006900,CUST000092,2025-03-26 08:41:57.003505,9255.06,EUR,FR,DE,web,pos,0
TXN00006901,CUST000118,2025-05-04 21:37:57.003505,3431.99,EUR,DE,DE,app,pos,0
TXN00006902,CUST000095,2025-03-29 01:49:57.003505,53.48,EUR,IT,FR,cajero,desktop,0
TXN00006903,CUST000144,2025-01-24 08:49:57.003505,361.28,EUR,DE,ES,web,pos,0
TXN00006904,CUST000073,2025-11-11 20:23:57.003505,2003.65,EUR,DE,FR,sucursal,atm,0
TXN00006905,CUST000022,2025-01-15 19:05:57.003505,11117.22,EUR,IT,ES,app,mobile,0
TXN00006906,CUST000134,2025-02-08 07:20:57.003505,95.02,EUR,FR,IT,web,mobile,0
TXN00006907,CUST000084,2025-04-15 01:30:57.003505,367.75,EUR,ES,FR,web,tablet,0
TXN00006908,CUST000026,2026-01-06 05:57:57.003505,320.99,EUR,FR,IT,cajero,mobile,0
TXN00006909,CUST000160,2025-04-04 19:49:57.003505,1949.06,EUR,DE,DE,web,mobile,0
TXN00006910,CUST000107,2025-09-08 02:46:57.003505,5966.73,EUR,DE,DE,web,atm,0
TXN00006911,CUST000140,2025-04-23 21:21:57.003505,290.67,EUR,DE,ES,cajero,desktop,0
TXN00006912,CUST000108,2025-02-27 00:23:57.003505,35.31,EUR,ES,FR,app,pos,0
TXN00006913,CUST000031,2025-02-07 00:48:57.003505,11540.45,EUR,ES,GB,app,atm,0
TXN00006914,CUST000016,2025-05-27 21:09:57.003505,2225.92,EUR,IT,GB,app,tablet,0
TXN00006915,CUST000141,2025-02-15 04:15:57.003505,161.76,EUR,GB,ES,cajero,desktop,0
TXN00006916,CUST000183,2025-08-04 19:45:57.003505,30.03,EUR,IT,IT,app,tablet,0
TXN00006917,CUST000185,2025-12-08 05:28:57.003505,781.51,USD,GB,ES,sucursal,desktop,0
TXN00006918,CUST000105,2025-08-09 05:01:57.003505,12074.1,CHF,US,ES,sucursal,mobile,0
TXN00006919,CUST000056,2025-10-09 01:49:57.003505,448.3,GBP,GB,GB,web,tablet,0
TXN00006920,CUST000041,2025-01-29 00:20:57.003505,4354.47,EUR,DE,ES,web,pos,0
TXN00006921,CUST000132,2025-10-21 19:35:57.003505,2086.51,EUR,ES,US,web,atm,0
TXN00006922,CUST000155,2025-10-03 05:51:57.003505,372.4,EUR,IT,GB,cajero,mobile,0
TXN00006923,CUST000108,2025-09-06 02:15:57.003505,96.43,EUR,ES,IT,app,atm,0
TXN00006924,CUST000072,2025-07-21 03:57:57.003505,2739.0,EUR,GB,IT,cajero,pos,0
TXN00006925,CUST000177,2025-01-24 02:03:57.003505,800.98,EUR,FR,IT,cajero,desktop,0
TXN00006926,CUST000024,2025-07-30 04:00:57.003505,5274.71,EUR,FR,GB,cajero,desktop,0
TXN00006927,CUST000013,2025-04-30 13:38:57.107482,7927.2,USD,GB,FR,web,pos,1
TXN00006928,CUST000080,2025-11-16 22:51:57.003505,65.65,EUR,ES,FR,cajero,mobile,0
TXN00006929,CUST000166,2025-06-09 20:22:57.003505,2954.99,GBP,GB,IT,sucursal,tablet,0
TXN00006930,CUST000066,2025-06-11 03:45:57.003505,1281.13,EUR,DE,IT,app,desktop,0
TXN00006931,CUST000007,2025-06-24 20:11:57.003505,1084.09,EUR,DE,GB,cajero,pos,0
TXN00006932,CUST000071,2025-12-11 20:05:57.003505,3056.21,EUR,FR,US,web,tablet,0
TXN00006933,CUST000138,2025-08-27 09:51:57.003505,6635.9,EUR,FR,GB,cajero,tablet,0
TXN00006934,CUST000035,2025-05-18 21:23:57.003505,1034.76,EUR,DE,IT,cajero,pos,0
TXN00006935,CUST000148,2025-06-02 02:40:57.003505,5117.76,EUR,ES,US,web,atm,0
TXN00006936,CUST000024,2026-01-06 21:16:57.003505,24210.8,EUR,FR,GB,web,desktop,0
TXN00006937,CUST000102,2025-08-24 03:07:57.003505,5364.76,EUR,FR,ES,cajero,pos,0
TXN00006938,CUST000094,2025-02-10 21:00:57.003505,4664.41,GBP,GB,ES,cajero,pos,0
TXN00006939,CUST000065,2025-10-24 00:26:57.003505,319.71,EUR,DE,ES,web,mobile,0
TXN00006940,CUST000023,2025-09-26 01:35:57.003505,2711.16,EUR,FR,GB,web,tablet,0
TXN00006941,CUST000012,2025-05-15 19:45:57.003505,2923.14,EUR,IT,DE,sucursal,pos,0
TXN00006942,CUST000184,2025-03-31 01:38:57.003505,30.71,EUR,FR,IT,sucursal,desktop,0
TXN00006943,CUST000085,2025-02-26 19:53:57.003505,789.65,EUR,FR,ES,app,desktop,0
TXN00006944,CUST000046,2025-11-26 12:14:57.107482,19330.86,GBP,GB,ES,web,pos,1
TXN00006945,CUST000049,2026-01-15 14:27:57.107482,83606.85,EUR,ES,NG,web,mobile,1
TXN00006946,CUST000064,2025-08-03 07:19:57.003505,859.9,EUR,ES,IT,app,tablet,0
TXN00006947,CUST000000,2025-05-28 21:46:57.003505,553.03,EUR,DE,IT,cajero,tablet,0
TXN00006948,CUST000075,2025-12-22 03:20:57.003505,20058.2,EUR,FR,CH,app,desktop,0
TXN00006949,CUST000072,2025-03-03 00:27:57.003505,4226.63,EUR,GB,GB,cajero,desktop,0
TXN00006950,CUST000165,2025-09-26 18:11:57.003505,2657.6,EUR,FR,GB,cajero,mobile,0
TXN00006951,CUST000052,2025-07-14 03:34:57.003505,104.89,EUR,ES,FR,cajero,pos,0
TXN00006952,CUST000016,2025-04-28 02:39:57.107482,82531.17,EUR,IT,IT,cajero,mobile,1
TXN00006953,CUST000087,2025-06-08 20:10:57.003505,171.47,EUR,ES,IT,cajero,atm,0
TXN00006954,CUST000122,2025-06-01 05:41:57.003505,148.61,EUR,GB,GB,web,desktop,0
TXN00006955,CUST000093,2026-01-08 21:32:57.003505,4765.95,EUR,FR,US,sucursal,atm,0
TXN00006956,CUST000062,2025-02-02 02:39:57.003505,1237.92,EUR,IT,ES,web,tablet,0
TXN00006957,CUST000106,2025-10-24 20:31:57.003505,100.03,EUR,FR,ES,cajero,desktop,0
TXN00006958,CUST000042,2025-04-21 06:41:57.003505,14921.01,EUR,ES,US,web,mobile,0
TXN00006959,CUST000182,2025-05-21 20:15:57.003505,9431.17,EUR,FR,FR,cajero,desktop,0
TXN00006960,CUST000162,2025-07-29 04:58:57.003505,7181.25,GBP,CH,FR,cajero,desktop,0
TXN00006961,CUST000070,2025-07-30 07:44:57.003505,72.69,EUR,ES,ES,web,tablet,0
TXN00006962,CUST000020,2025-04-09 00:47:57.003505,258.49,EUR,IT,ES,sucursal,pos,0
TXN00006963,CUST000164,2025-10-04 19:22:57.003505,3606.02,GBP,US,IT,app,atm,0
TXN00006964,CUST000004,2025-07-27 22:12:57.003505,2107.8,EUR,DE,ES,cajero,tablet,0
TXN00006965,CUST000033,2025-11-30 22:41:57.003505,3157.37,EUR,IT,GB,cajero,pos,0
TXN00006966,CUST000101,2025-04-27 21:57:57.003505,10.12,EUR,FR,ES,cajero,tablet,0
TXN00006967,CUST000064,2025-03-15 06:38:57.003505,332.86,EUR,ES,GB,sucursal,tablet,0
TXN00006968,CUST000117,2026-01-09 01:08:57.003505,4291.54,EUR,ES,US,sucursal,desktop,0
TXN00006969,CUST000086,2025-10-08 21:28:57.003505,3953.77,EUR,ES,FR,cajero,mobile,0
TXN00006970,CUST000022,2025-11-23 06:49:57.003505,14141.51,EUR,IT,GB,web,tablet,0
TXN00006971,CUST000180,2025-09-02 04:01:57.003505,630.74,GBP,GB,FR,app,atm,0
TXN00006972,CUST000052,2025-07-29 19:14:57.003505,100.11,EUR,ES,IT,web,tablet,0
TXN00006973,CUST000064,2025-11-10 22:16:57.003505,751.65,EUR,ES,GB,web,pos,0
TXN00006974,CUST000101,2025-03-30 00:00:57.003505,50.13,EUR,FR,FR,cajero,mobile,0
TXN00006975,CUST000147,2025-05-15 05:10:57.003505,3465.31,GBP,US,US,app,tablet,0
TXN00006976,CUST000062,2025-01-24 07:39:57.003505,342.87,EUR,IT,DE,sucursal,mobile,0
TXN00006977,CUST000112,2025-08-16 01:07:57.003505,2708.76,EUR,US,CH,cajero,atm,0
TXN00006978,CUST000177,2025-09-20 00:06:57.003505,2740.13,EUR,FR,GB,sucursal,tablet,0
TXN00006979,CUST000111,2025-09-05 07:03:57.003505,100.67,EUR,ES,ES,web,pos,0
TXN00006980,CUST000161,2025-07-06 22:24:57.003505,39.29,EUR,ES,FR,sucursal,pos,0
TXN00006981,CUST000099,2025-05-26 02:37:57.003505,279.78,EUR,IT,FR,cajero,mobile,0
TXN00006982,CUST000138,2025-08-27 23:36:57.003505,8404.12,EUR,FR,IT,sucursal,atm,0
TXN00006983,CUST000115,2025-03-06 04:41:57.003505,1707.56,EUR,DE,GB,web,tablet,0
TXN00006984,CUST000040,2025-11-24 05:10:57.003505,65.55,EUR,IT,ES,web,tablet,0
TXN00006985,CUST000109,2025-12-28 00:20:57.003505,6645.69,USD,CH,ES,app,desktop,0
TXN00006986,CUST000085,2025-12-21 02:40:57.003505,406.06,EUR,FR,IT,app,mobile,0
TXN00006987,CUST000170,2025-03-20 02:03:57.003505,6357.57,EUR,US,GB,cajero,pos,0
TXN00006988,CUST000003,2025-01-19 06:46:57.003505,143.9,EUR,ES,FR,cajero,mobile,0
TXN00006989,CUST000188,2025-05-28 06:04:57.003505,2034.4,EUR,IT,GB,sucursal,atm,0
TXN00006990,CUST000143,2025-08-24 19:37:57.003505,4959.13,EUR,ES,GB,app,pos,0
TXN00006991,CUST000050,2026-01-07 02:51:57.003505,1389.74,EUR,FR,GB,sucursal,pos,0
TXN00006992,CUST000154,2026-01-12 01:55:57.003505,4162.52,EUR,ES,DE,cajero,pos,0
TXN00006993,CUST000080,2025-06-09 00:26:57.003505,55.36,EUR,ES,IT,app,tablet,0
TXN00006994,CUST000092,2025-12-17 22:58:57.003505,4773.79,EUR,FR,GB,web,tablet,0
TXN00006995,CUST000074,2025-06-17 06:30:57.003505,4390.87,EUR,IT,ES,web,mobile,0
TXN00006996,CUST000168,2025-07-28 01:26:57.003505,955.58,EUR,IT,ES,app,tablet,0
TXN00006997,CUST000019,2025-08-22 01:03:57.003505,7217.13,EUR,DE,GB,cajero,tablet,0
TXN00006998,CUST000134,2025-07-21 19:15:57.003505,96.77,EUR,FR,IT,web,desktop,0
TXN00006999,CUST000057,2025-02-23 04:17:57.003505,103.15,EUR,ES,FR,web,pos,0
TXN00007000,CUST000184,2025-03-15 02:44:57.003505,486.33,EUR,FR,IT,sucursal,tablet,0
TXN00007001,CUST000142,2025-04-27 19:12:57.003505,4674.18,EUR,DE,US,cajero,pos,0
TXN00007002,CUST000183,2025-05-29 04:34:57.003505,130.61,EUR,IT,ES,sucursal,desktop,0
TXN00007003,CUST000115,2025-08-12 21:17:57.003505,4725.66,EUR,DE,ES,app,mobile,0
TXN00007004,CUST000157,2026-01-06 01:52:57.003505,4587.82,EUR,IT,ES,cajero,pos,0
TXN00007005,CUST000119,2025-03-15 09:06:57.003505,6359.23,CHF,US,US,cajero,pos,0
TXN00007006,CUST000102,2025-09-20 03:31:57.003505,3112.9,EUR,FR,CH,app,desktop,0
TXN00007007,CUST000051,2025-08-21 22:41:57.003505,430.57,EUR,DE,GB,web,mobile,0
TXN00007008,CUST000105,2025-11-11 18:09:57.003505,6389.69,EUR,US,DE,web,tablet,0
TXN00007009,CUST000182,2025-06-11 06:35:57.003505,3219.74,EUR,FR,DE,cajero,mobile,0
TXN00007010,CUST000104,2025-08-11 03:46:57.003505,1070.16,EUR,ES,IT,sucursal,atm,0
TXN00007011,CUST000113,2025-10-22 02:36:57.003505,6771.99,CHF,CH,CH,web,desktop,0
TXN00007012,CUST000066,2025-02-05 02:39:57.003505,2100.05,EUR,DE,IT,web,mobile,0
TXN00007013,CUST000169,2025-05-29 23:41:57.003505,2502.31,EUR,DE,GB,web,tablet,0
TXN00007014,CUST000089,2025-03-05 04:57:57.003505,117.38,EUR,ES,FR,sucursal,desktop,0
TXN00007015,CUST000023,2025-08-31 13:43:57.107482,38597.9,EUR,FR,PK,web,mobile,1
TXN00007016,CUST000165,2025-03-06 05:06:57.003505,753.51,EUR,FR,ES,cajero,desktop,0
TXN00007017,CUST000161,2025-06-27 00:51:57.003505,96.48,EUR,ES,IT,cajero,mobile,0
TXN00007018,CUST000130,2025-08-11 08:54:57.003505,2432.7,EUR,IT,IT,sucursal,desktop,0
TXN00007019,CUST000034,2025-07-09 03:08:57.003505,91.38,EUR,FR,IT,web,tablet,0
TXN00007020,CUST000133,2025-12-31 22:06:57.003505,262.97,EUR,IT,ES,web,mobile,0
TXN00007021,CUST000143,2025-03-04 22:54:57.003505,11807.97,EUR,ES,IT,web,mobile,0
TXN00007022,CUST000167,2025-06-20 23:17:57.003505,8685.66,USD,US,IT,web,atm,0
TXN00007023,CUST000185,2025-05-04 04:19:57.003505,587.37,EUR,GB,ES,app,tablet,0
TXN00007024,CUST000175,2025-07-05 05:30:57.003505,5558.83,EUR,CH,GB,web,atm,0
TXN00007025,CUST000060,2026-01-01 04:37:57.003505,2327.16,EUR,IT,DE,app,desktop,0
TXN00007026,CUST000119,2025-09-15 23:09:57.003505,4872.06,GBP,US,IT,cajero,pos,0
TXN00007027,CUST000168,2025-03-09 22:14:57.003505,742.13,EUR,IT,GB,app,atm,0
TXN00007028,CUST000073,2025-05-15 06:07:57.003505,382.53,EUR,DE,IT,cajero,pos,0
TXN00007029,CUST000126,2026-01-09 05:43:57.003505,956.05,EUR,DE,ES,cajero,tablet,0
TXN00007030,CUST000189,2025-03-29 19:05:57.003505,4853.67,EUR,DE,US,sucursal,pos,0
TXN00007031,CUST000129,2025-06-06 00:04:57.003505,4235.39,EUR,US,FR,app,atm,0
TXN00007032,CUST000175,2025-12-09 20:55:57.003505,19399.55,GBP,CH,ES,web,tablet,0
TXN00007033,CUST000067,2025-03-27 03:25:57.003505,8107.17,EUR,DE,CH,web,tablet,0
TXN00007034,CUST000121,2025-04-11 21:19:57.003505,357.85,EUR,ES,DE,sucursal,desktop,0
TXN00007035,CUST000067,2025-10-22 05:05:57.003505,3051.31,EUR,DE,DE,web,pos,0
TXN00007036,CUST000116,2025-12-28 23:31:57.003505,7272.24,EUR,FR,GB,cajero,mobile,0
TXN00007037,CUST000141,2025-11-05 02:07:57.003505,851.14,CHF,GB,FR,app,pos,0
TXN00007038,CUST000029,2025-07-03 06:59:57.003505,10690.37,EUR,GB,US,app,pos,0
TXN00007039,CUST000025,2025-05-29 10:32:57.107482,23968.68,EUR,ES,NG,sucursal,mobile,1
TXN00007040,CUST000007,2025-08-11 18:44:57.003505,15255.85,EUR,DE,DE,web,pos,0
TXN00007041,CUST000000,2025-03-06 02:16:57.003505,865.51,EUR,DE,FR,web,atm,0
TXN00007042,CUST000017,2025-11-10 14:33:57.107482,13719.11,EUR,FR,GB,app,mobile,1
TXN00007043,CUST000014,2025-11-24 08:36:57.003505,169.21,EUR,IT,DE,web,atm,0
TXN00007044,CUST000027,2025-04-17 01:46:57.003505,22.66,EUR,FR,IT,sucursal,pos,0
TXN00007045,CUST000145,2025-06-13 00:04:57.003505,114.16,EUR,DE,DE,web,mobile,0
TXN00007046,CUST000126,2025-09-03 08:11:57.003505,1385.11,EUR,DE,FR,sucursal,tablet,0
TXN00007047,CUST000002,2025-10-22 00:52:57.107482,736.93,EUR,ES,SY,web,desktop,1
TXN00007048,CUST000111,2025-12-03 22:43:57.003505,293.26,EUR,ES,ES,app,tablet,0
TXN00007049,CUST000117,2025-04-29 02:05:57.003505,4867.14,EUR,ES,ES,sucursal,tablet,0
TXN00007050,CUST000075,2025-09-07 20:38:57.003505,1838.69,EUR,FR,DE,sucursal,mobile,0
TXN00007051,CUST000174,2025-02-22 05:31:57.003505,1964.39,EUR,IT,DE,sucursal,pos,0
TXN00007052,CUST000041,2025-05-11 15:49:57.107482,41608.91,EUR,DE,IT,sucursal,desktop,1
TXN00007053,CUST000025,2025-08-09 18:47:57.107482,1906.35,EUR,ES,KP,cajero,desktop,1
TXN00007054,CUST000128,2025-08-03 02:30:57.003505,7377.41,EUR,FR,IT,web,desktop,0
TXN00007055,CUST000151,2025-06-17 07:37:57.003505,3033.6,EUR,ES,FR,web,tablet,0
TXN00007056,CUST000180,2025-10-10 04:19:57.003505,617.17,USD,GB,DE,cajero,atm,0
TXN00007057,CUST000037,2025-09-13 23:09:57.003505,143.85,EUR,ES,FR,sucursal,mobile,0
TXN00007058,CUST000025,2025-05-14 05:02:57.003505,919.04,EUR,ES,FR,app,pos,0
TXN00007059,CUST000021,2025-08-23 05:34:57.003505,30.15,EUR,FR,ES,cajero,pos,0
TXN00007060,CUST000129,2025-10-09 04:17:57.003505,6847.08,EUR,US,DE,web,mobile,0
TXN00007061,CUST000131,2025-03-02 22:31:57.003505,415.87,EUR,DE,IT,web,pos,0
TXN00007062,CUST000123,2025-02-21 19:01:57.003505,668.5,EUR,FR,IT,web,atm,0
TXN00007063,CUST000053,2025-02-02 09:09:57.003505,1851.34,EUR,FR,GB,sucursal,atm,0
TXN00007064,CUST000049,2025-02-11 05:51:57.003505,1591.28,EUR,ES,DE,sucursal,tablet,0
TXN00007065,CUST000086,2025-02-16 09:06:57.003505,4426.63,EUR,ES,DE,cajero,mobile,0
TXN00007066,CUST000022,2025-07-07 06:02:57.003505,2951.78,EUR,IT,IT,cajero,mobile,0
TXN00007067,CUST000152,2025-10-07 08:08:57.003505,2241.71,CHF,GB,FR,cajero,tablet,0
TXN00007068,CUST000084,2025-05-31 04:03:57.003505,221.0,EUR,ES,ES,sucursal,tablet,0
TXN00007069,CUST000126,2025-12-22 18:39:57.003505,369.24,EUR,DE,ES,app,desktop,0
TXN00007070,CUST000059,2025-11-11 20:05:57.003505,16.72,EUR,FR,FR,web,tablet,0
TXN00007071,CUST000089,2025-07-21 23:27:57.003505,85.48,EUR,ES,ES,app,mobile,0
TXN00007072,CUST000015,2025-09-27 23:15:57.107482,30703.5,EUR,FR,ES,web,pos,1
TXN00007073,CUST000141,2025-09-12 05:55:57.003505,317.78,USD,GB,GB,sucursal,desktop,0
TXN00007074,CUST000053,2025-03-10 01:43:57.003505,1932.48,EUR,FR,GB,sucursal,desktop,0
TXN00007075,CUST000109,2025-04-06 03:42:57.003505,2908.93,USD,CH,ES,sucursal,pos,0
TXN00007076,CUST000083,2025-04-04 20:28:57.003505,488.69,EUR,ES,ES,sucursal,desktop,0
TXN00007077,CUST000110,2025-03-27 02:46:57.003505,120.9,EUR,ES,FR,cajero,desktop,0
TXN00007078,CUST000144,2025-04-20 02:04:57.003505,2623.56,EUR,DE,ES,sucursal,mobile,0
TXN00007079,CUST000128,2025-10-14 19:48:57.003505,3033.99,EUR,FR,US,sucursal,pos,0
TXN00007080,CUST000143,2025-04-02 04:01:57.003505,10605.19,EUR,ES,US,web,mobile,0
TXN00007081,CUST000022,2025-08-08 22:23:57.003505,2144.64,EUR,IT,GB,app,desktop,0
TXN00007082,CUST000130,2025-07-27 09:01:57.003505,7874.54,EUR,IT,GB,cajero,atm,0
TXN00007083,CUST000148,2025-04-28 08:17:57.003505,4384.27,EUR,ES,DE,app,desktop,0
TXN00007084,CUST000045,2025-12-03 11:23:57.107482,3601.12,USD,GB,DE,app,desktop,1
TXN00007085,CUST000090,2025-03-27 20:07:57.003505,1191.54,EUR,GB,GB,cajero,mobile,0
TXN00007086,CUST000022,2025-06-27 07:33:57.003505,4970.79,EUR,IT,GB,sucursal,pos,0
TXN00007087,CUST000089,2025-02-23 06:24:57.003505,38.41,EUR,ES,IT,cajero,pos,0
TXN00007088,CUST000128,2025-11-29 22:17:57.003505,12150.28,EUR,FR,FR,web,desktop,0
TXN00007089,CUST000000,2025-01-20 05:57:57.003505,289.49,EUR,DE,GB,sucursal,pos,0
TXN00007090,CUST000046,2025-11-21 22:42:57.107482,26894.03,USD,GB,AF,app,pos,1
TXN00007091,CUST000064,2025-12-19 18:51:57.003505,128.94,EUR,ES,DE,app,tablet,0
TXN00007092,CUST000079,2025-09-21 02:59:57.003505,8476.05,EUR,FR,ES,cajero,mobile,0
TXN00007093,CUST000141,2025-07-25 21:14:57.003505,244.26,GBP,GB,IT,cajero,atm,0
TXN00007094,CUST000162,2025-03-08 01:05:57.003505,14594.61,EUR,CH,FR,sucursal,atm,0
TXN00007095,CUST000134,2025-04-11 02:39:57.003505,272.77,EUR,FR,ES,app,desktop,0
TXN00007096,CUST000137,2025-12-07 03:03:57.003505,239.18,EUR,FR,IT,cajero,desktop,0
TXN00007097,CUST000020,2025-03-26 21:07:57.003505,81.47,EUR,IT,ES,web,desktop,0
TXN00007098,CUST000086,2025-11-22 08:03:57.003505,2681.73,EUR,ES,IT,sucursal,desktop,0
TXN00007099,CUST000100,2025-04-14 00:34:57.003505,6299.81,EUR,GB,GB,app,mobile,0
TXN00007100,CUST000141,2025-07-07 08:07:57.003505,214.69,USD,GB,GB,sucursal,desktop,0
TXN00007101,CUST000184,2025-08-03 07:59:57.003505,136.94,EUR,FR,IT,cajero,atm,0
TXN00007102,CUST000169,2025-04-23 04:40:57.003505,709.32,EUR,DE,GB,sucursal,mobile,0
TXN00007103,CUST000079,2025-03-28 02:56:57.003505,5174.34,EUR,FR,GB,cajero,desktop,0
TXN00007104,CUST000024,2025-05-26 20:02:57.003505,4223.3,EUR,FR,FR,sucursal,desktop,0
TXN00007105,CUST000127,2025-02-08 08:53:57.003505,4845.51,EUR,FR,US,sucursal,pos,0
TXN00007106,CUST000108,2025-02-10 20:54:57.003505,56.38,EUR,ES,FR,sucursal,desktop,0
TXN00007107,CUST000075,2026-01-14 22:35:57.003505,4907.43,EUR,FR,CH,cajero,pos,0
TXN00007108,CUST000107,2025-10-13 04:28:57.003505,9448.75,EUR,DE,FR,web,tablet,0
TXN00007109,CUST000006,2025-07-27 08:00:57.003505,324.49,EUR,FR,FR,web,pos,0
TXN00007110,CUST000025,2025-10-16 02:47:57.107482,85819.96,EUR,ES,GB,web,desktop,1
TXN00007111,CUST000034,2025-10-27 00:37:57.003505,90.2,EUR,FR,ES,cajero,pos,0
TXN00007112,CUST000015,2025-08-10 18:05:57.107482,18122.81,EUR,FR,NG,web,tablet,1
TXN00007113,CUST000021,2025-05-10 06:18:57.003505,126.18,EUR,FR,ES,web,atm,0
TXN00007114,CUST000056,2025-11-30 23:10:57.003505,293.81,CHF,GB,ES,app,mobile,0
TXN00007115,CUST000177,2025-12-20 00:07:57.003505,108.09,EUR,FR,GB,cajero,pos,0
TXN00007116,CUST000104,2025-05-18 22:17:57.003505,221.09,EUR,ES,FR,sucursal,atm,0
TXN00007117,CUST000023,2025-03-26 17:05:57.003505,2477.5,EUR,FR,ES,web,desktop,0
TXN00007118,CUST000147,2025-08-05 03:10:57.003505,1932.76,GBP,US,FR,web,atm,0
TXN00007119,CUST000103,2025-06-13 06:12:57.003505,9753.83,EUR,ES,GB,sucursal,mobile,0
TXN00007120,CUST000015,2025-10-10 04:53:57.003505,1454.0,EUR,FR,ES,web,pos,0
TXN00007121,CUST000084,2025-11-20 00:17:57.003505,202.49,EUR,ES,ES,sucursal,atm,0
TXN00007122,CUST000116,2025-12-27 03:04:57.003505,2829.49,EUR,FR,ES,app,pos,0
TXN00007123,CUST000168,2025-10-27 18:41:57.003505,118.62,EUR,IT,ES,cajero,atm,0
TXN00007124,CUST000152,2025-04-22 22:44:57.003505,863.22,CHF,GB,FR,web,pos,0
TXN00007125,CUST000087,2025-04-02 02:09:57.003505,633.11,EUR,ES,DE,app,desktop,0
TXN00007126,CUST000102,2025-02-27 02:08:57.003505,2745.77,EUR,FR,FR,app,pos,0
TXN00007127,CUST000117,2025-04-02 00:04:57.003505,2354.9,EUR,ES,GB,cajero,pos,0
TXN00007128,CUST000139,2025-09-13 03:39:57.003505,532.86,CHF,US,ES,sucursal,pos,0
TXN00007129,CUST000109,2025-01-25 23:21:57.003505,2627.94,CHF,CH,FR,cajero,desktop,0
TXN00007130,CUST000084,2025-01-16 22:04:57.003505,40.6,EUR,ES,ES,web,pos,0
TXN00007131,CUST000001,2025-04-30 21:15:57.003505,1099.04,EUR,FR,FR,sucursal,pos,0
TXN00007132,CUST000099,2025-09-14 23:27:57.003505,80.95,EUR,IT,IT,web,pos,0
TXN00007133,CUST000125,2025-06-08 20:37:57.003505,8165.77,CHF,US,US,app,atm,0
TXN00007134,CUST000153,2025-12-07 06:41:57.003505,588.44,EUR,ES,GB,cajero,pos,0
TXN00007135,CUST000090,2025-03-18 17:13:57.003505,987.71,GBP,GB,CH,web,mobile,0
TXN00007136,CUST000041,2025-03-01 14:57:57.107482,28703.36,EUR,DE,FR,web,atm,1
TXN00007137,CUST000088,2025-02-09 00:06:57.003505,526.59,EUR,DE,ES,web,atm,0
TXN00007138,CUST000186,2025-11-05 06:15:57.003505,2024.85,EUR,IT,GB,web,pos,0
TXN00007139,CUST000078,2025-07-23 02:41:57.003505,24850.13,EUR,DE,ES,app,atm,0
TXN00007140,CUST000051,2025-04-23 20:27:57.003505,233.69,EUR,DE,GB,cajero,pos,0
TXN00007141,CUST000182,2025-11-01 22:34:57.003505,2230.75,EUR,FR,IT,sucursal,pos,0
TXN00007142,CUST000073,2025-12-01 03:05:57.003505,1659.52,EUR,DE,IT,sucursal,mobile,0
TXN00007143,CUST000110,2025-01-30 01:13:57.003505,57.11,EUR,ES,IT,cajero,atm,0
TXN00007144,CUST000166,2025-05-02 08:25:57.003505,11961.34,USD,GB,GB,cajero,desktop,0
TXN00007145,CUST000081,2025-08-02 19:17:57.003505,1890.69,CHF,CH,ES,web,tablet,0
TXN00007146,CUST000168,2025-04-05 20:55:57.003505,382.42,EUR,IT,IT,app,pos,0
TXN00007147,CUST000106,2025-10-25 00:04:57.003505,497.63,EUR,FR,ES,cajero,mobile,0
TXN00007148,CUST000182,2025-07-01 05:41:57.003505,1440.29,EUR,FR,DE,app,atm,0
TXN00007149,CUST000033,2025-03-16 14:45:57.107482,73551.93,EUR,IT,YE,cajero,desktop,1
TXN00007150,CUST000157,2025-05-15 01:32:57.003505,4395.34,EUR,IT,DE,web,tablet,0
TXN00007151,CUST000159,2025-09-17 06:09:57.003505,3857.68,USD,GB,FR,web,desktop,0
TXN00007152,CUST000052,2025-05-14 03:20:57.003505,363.15,EUR,ES,IT,app,desktop,0
TXN00007153,CUST000010,2025-06-21 03:06:57.003505,1129.33,EUR,FR,ES,sucursal,mobile,0
TXN00007154,CUST000066,2025-02-19 04:19:57.003505,910.35,EUR,DE,ES,cajero,tablet,0
TXN00007155,CUST000043,2025-09-26 18:15:57.003505,6430.32,USD,CH,FR,cajero,pos,0
TXN00007156,CUST000164,2025-07-04 21:53:57.003505,10364.67,GBP,US,IT,app,mobile,0
TXN00007157,CUST000004,2025-05-31 21:58:57.003505,3412.38,EUR,DE,GB,web,tablet,0
TXN00007158,CUST000009,2025-06-19 22:47:57.003505,22622.06,EUR,FR,CH,web,mobile,0
TXN00007159,CUST000030,2025-03-08 18:26:57.003505,2852.24,EUR,GB,IT,web,desktop,0
TXN00007160,CUST000017,2025-02-14 20:46:57.003505,1678.58,EUR,FR,US,sucursal,tablet,0
TXN00007161,CUST000178,2025-04-08 07:14:57.003505,427.79,EUR,ES,IT,cajero,atm,0
TXN00007162,CUST000060,2025-08-23 20:57:57.003505,920.64,EUR,IT,DE,sucursal,pos,0
TXN00007163,CUST000185,2025-06-12 05:28:57.003505,912.49,GBP,GB,GB,cajero,pos,0
TXN00007164,CUST000011,2025-10-25 09:05:57.107482,7898.57,EUR,ES,ES,sucursal,mobile,1
TXN00007165,CUST000046,2025-03-30 22:29:57.003505,6121.67,EUR,GB,CH,web,desktop,0
TXN00007166,CUST000035,2025-05-09 01:44:57.003505,102.61,EUR,DE,FR,web,tablet,0
TXN00007167,CUST000026,2025-03-30 22:21:57.003505,401.18,EUR,FR,ES,web,atm,0
TXN00007168,CUST000109,2025-04-23 03:06:57.003505,19666.52,USD,CH,DE,cajero,tablet,0
TXN00007169,CUST000004,2025-07-26 21:05:57.003505,7375.71,EUR,DE,FR,web,tablet,0
TXN00007170,CUST000106,2025-10-05 07:16:57.003505,163.55,EUR,FR,FR,cajero,tablet,0
TXN00007171,CUST000152,2025-03-05 20:55:57.003505,480.25,USD,GB,FR,cajero,desktop,0
TXN00007172,CUST000038,2025-08-14 21:10:57.003505,589.81,EUR,ES,DE,app,tablet,0
TXN00007173,CUST000093,2025-10-08 22:43:57.003505,11737.48,EUR,FR,GB,app,desktop,0
TXN00007174,CUST000092,2025-04-24 09:15:57.003505,13156.85,EUR,FR,FR,app,desktop,0
TXN00007175,CUST000101,2025-08-17 22:43:57.003505,150.13,EUR,FR,ES,web,mobile,0
TXN00007176,CUST000016,2025-05-13 14:54:57.107482,5807.66,EUR,IT,IT,sucursal,desktop,1
TXN00007177,CUST000050,2025-02-15 20:43:57.003505,3192.0,EUR,FR,DE,web,atm,0
TXN00007178,CUST000031,2025-04-08 03:06:57.003505,4726.85,EUR,ES,GB,cajero,desktop,0
TXN00007179,CUST000056,2025-09-05 00:38:57.003505,2433.3,GBP,GB,IT,cajero,atm,0
TXN00007180,CUST000112,2025-03-21 23:48:57.003505,14543.31,USD,US,US,app,mobile,0
TXN00007181,CUST000113,2025-04-18 23:54:57.003505,518.29,USD,CH,GB,web,tablet,0
TXN00007182,CUST000001,2025-11-15 04:57:57.003505,177.55,EUR,FR,DE,sucursal,atm,0
TXN00007183,CUST000131,2025-12-01 01:39:57.003505,2885.62,EUR,DE,GB,app,tablet,0
TXN00007184,CUST000006,2025-03-02 23:08:57.003505,234.76,EUR,FR,ES,app,tablet,0
TXN00007185,CUST000084,2025-02-18 23:25:57.003505,152.96,EUR,ES,IT,web,atm,0
TXN00007186,CUST000175,2025-02-28 20:03:57.003505,2466.03,USD,CH,FR,app,desktop,0
TXN00007187,CUST000145,2025-04-21 06:52:57.003505,649.1,EUR,DE,IT,app,tablet,0
TXN00007188,CUST000128,2025-04-16 09:12:57.003505,2895.02,EUR,FR,ES,sucursal,desktop,0
TXN00007189,CUST000145,2025-01-20 08:03:57.003505,309.88,EUR,DE,FR,cajero,tablet,0
TXN00007190,CUST000176,2026-01-11 19:04:57.003505,1846.22,EUR,ES,IT,sucursal,desktop,0
TXN00007191,CUST000027,2025-05-24 02:25:57.003505,39.37,EUR,FR,ES,app,desktop,0
TXN00007192,CUST000173,2025-10-15 19:48:57.003505,3155.6,EUR,DE,IT,web,pos,0
TXN00007193,CUST000148,2025-12-06 09:22:57.003505,1258.45,EUR,ES,IT,cajero,tablet,0
TXN00007194,CUST000033,2025-01-20 01:40:57.107482,86099.77,EUR,IT,DE,sucursal,atm,1
TXN00007195,CUST000100,2025-08-10 03:02:57.003505,2692.18,CHF,GB,DE,app,atm,0
TXN00007196,CUST000014,2025-09-17 04:31:57.107482,1526.05,EUR,IT,NG,sucursal,mobile,1
TXN00007197,CUST000127,2025-08-06 21:27:57.003505,11866.86,EUR,FR,GB,web,mobile,0
TXN00007198,CUST000024,2025-07-20 00:30:57.003505,19549.95,EUR,FR,US,web,desktop,0
TXN00007199,CUST000104,2025-10-11 05:03:57.003505,363.56,EUR,ES,DE,web,atm,0
TXN00007200,CUST000081,2025-04-08 00:01:57.003505,6677.31,EUR,CH,US,app,atm,0
TXN00007201,CUST000125,2025-10-03 22:57:57.003505,7045.59,CHF,US,ES,app,pos,0
TXN00007202,CUST000105,2025-05-24 07:53:57.003505,2198.69,USD,US,DE,web,tablet,0
TXN00007203,CUST000015,2025-09-29 21:45:57.107482,5352.09,EUR,FR,NG,cajero,atm,1
TXN00007204,CUST000019,2025-01-28 05:00:57.107482,70887.77,EUR,DE,FR,app,atm,1
TXN00007205,CUST000011,2025-06-10 01:15:57.107482,17521.44,EUR,ES,FR,web,atm,1
TXN00007206,CUST000161,2025-07-12 23:51:57.003505,113.28,EUR,ES,ES,app,tablet,0
TXN00007207,CUST000023,2025-10-08 04:24:57.003505,917.14,EUR,FR,CH,web,pos,0
TXN00007208,CUST000097,2025-11-24 01:15:57.003505,626.23,GBP,GB,ES,app,desktop,0
TXN00007209,CUST000150,2025-05-04 09:00:57.003505,1572.77,EUR,ES,DE,cajero,pos,0
TXN00007210,CUST000022,2025-01-19 19:07:57.107482,35932.57,EUR,IT,DE,web,pos,1
TXN00007211,CUST000108,2025-05-26 00:36:57.003505,296.99,EUR,ES,ES,app,desktop,0
TXN00007212,CUST000058,2025-05-13 20:56:57.003505,1699.84,EUR,FR,ES,web,pos,0
TXN00007213,CUST000092,2025-03-01 23:15:57.003505,4649.57,EUR,FR,ES,web,atm,0
TXN00007214,CUST000114,2025-06-09 19:39:57.003505,12200.55,EUR,ES,ES,app,tablet,0
TXN00007215,CUST000017,2025-06-13 04:34:57.107482,95316.24,EUR,FR,GB,web,desktop,1
TXN00007216,CUST000019,2025-11-09 02:32:57.003505,4028.5,EUR,DE,CH,web,atm,0
TXN00007217,CUST000168,2025-11-15 02:23:57.003505,325.03,EUR,IT,IT,cajero,mobile,0
TXN00007218,CUST000041,2025-03-14 20:11:57.003505,7605.04,EUR,DE,GB,sucursal,tablet,0
TXN00007219,CUST000045,2025-10-24 23:11:57.107482,2796.95,GBP,GB,YE,sucursal,atm,1
TXN00007220,CUST000045,2025-01-17 05:10:57.107482,40504.55,GBP,GB,FR,cajero,tablet,1
TXN00007221,CUST000078,2026-01-08 22:32:57.003505,4062.87,EUR,DE,ES,web,mobile,0
TXN00007222,CUST000116,2025-03-13 03:43:57.003505,8522.44,EUR,FR,US,app,atm,0
TXN00007223,CUST000134,2025-02-07 00:44:57.003505,11.1,EUR,FR,ES,cajero,tablet,0
TXN00007224,CUST000011,2025-05-19 02:42:57.003505,369.77,EUR,ES,ES,cajero,atm,0
TXN00007225,CUST000015,2025-11-29 12:55:57.107482,44509.7,EUR,FR,NG,cajero,mobile,1
TXN00007226,CUST000036,2025-12-17 18:15:57.003505,4127.52,EUR,FR,FR,app,pos,0
TXN00007227,CUST000080,2025-10-30 21:25:57.003505,77.89,EUR,ES,ES,sucursal,mobile,0
TXN00007228,CUST000184,2025-05-22 20:57:57.003505,29.12,EUR,FR,ES,sucursal,desktop,0
TXN00007229,CUST000141,2025-07-19 21:35:57.003505,142.82,USD,GB,FR,sucursal,mobile,0
TXN00007230,CUST000076,2025-12-28 01:58:57.003505,45.35,EUR,ES,IT,cajero,atm,0
TXN00007231,CUST000041,2025-02-11 01:51:57.003505,3874.53,EUR,DE,FR,app,pos,0
TXN00007232,CUST000060,2025-10-17 23:12:57.003505,409.31,EUR,IT,ES,sucursal,tablet,0
TXN00007233,CUST000149,2025-03-12 09:35:57.003505,7268.43,EUR,ES,ES,sucursal,tablet,0
TXN00007234,CUST000081,2025-09-29 03:19:57.003505,11646.11,USD,CH,FR,web,desktop,0
TXN00007235,CUST000130,2025-05-28 23:03:57.003505,5036.28,EUR,IT,US,sucursal,desktop,0
TXN00007236,CUST000094,2025-06-20 05:38:57.003505,3931.83,EUR,GB,FR,sucursal,atm,0
TXN00007237,CUST000126,2025-11-10 20:44:57.003505,109.66,EUR,DE,DE,cajero,tablet,0
TXN00007238,CUST000112,2025-08-11 17:12:57.003505,24787.28,USD,US,CH,app,tablet,0
TXN00007239,CUST000116,2025-12-11 04:34:57.003505,4790.04,EUR,FR,FR,sucursal,desktop,0
TXN00007240,CUST000120,2025-03-21 07:03:57.003505,189.32,EUR,IT,ES,web,desktop,0
TXN00007241,CUST000127,2025-12-03 20:51:57.003505,5990.99,EUR,FR,US,web,desktop,0
TXN00007242,CUST000142,2025-11-16 18:35:57.003505,3323.99,EUR,DE,DE,cajero,tablet,0
TXN00007243,CUST000161,2025-08-26 03:33:57.003505,113.41,EUR,ES,ES,web,desktop,0
TXN00007244,CUST000065,2025-07-24 07:06:57.003505,902.34,EUR,DE,GB,app,desktop,0
TXN00007245,CUST000163,2025-07-16 23:06:57.003505,71.69,EUR,ES,ES,web,atm,0
TXN00007246,CUST000019,2025-03-26 11:56:57.107482,32806.53,EUR,DE,DE,cajero,mobile,1
TXN00007247,CUST000169,2025-12-16 01:39:57.003505,932.34,EUR,DE,IT,cajero,mobile,0
TXN00007248,CUST000128,2025-12-15 08:43:57.003505,4278.92,EUR,FR,GB,web,tablet,0
TXN00007249,CUST000033,2025-09-03 08:43:57.003505,8733.35,EUR,IT,IT,app,tablet,0
TXN00007250,CUST000012,2025-10-06 09:34:57.003505,3434.0,EUR,IT,GB,cajero,pos,0
TXN00007251,CUST000070,2025-07-09 00:48:57.003505,96.28,EUR,ES,IT,sucursal,pos,0
TXN00007252,CUST000177,2026-01-14 19:37:57.003505,676.47,EUR,FR,IT,web,pos,0
TXN00007253,CUST000046,2025-04-16 18:10:57.003505,22173.19,CHF,GB,DE,cajero,desktop,0
TXN00007254,CUST000038,2025-12-01 05:00:57.003505,531.51,EUR,ES,GB,sucursal,tablet,0
TXN00007255,CUST000105,2025-11-27 01:55:57.003505,7213.64,CHF,US,ES,cajero,pos,0
TXN00007256,CUST000189,2025-09-09 00:31:57.003505,15410.67,EUR,DE,CH,sucursal,desktop,0
TXN00007257,CUST000075,2025-04-10 05:39:57.003505,3288.59,EUR,FR,US,sucursal,tablet,0
TXN00007258,CUST000111,2025-03-05 02:28:57.003505,302.89,EUR,ES,IT,cajero,atm,0
TXN00007259,CUST000182,2025-02-15 01:49:57.003505,5064.91,EUR,FR,GB,sucursal,tablet,0
TXN00007260,CUST000030,2025-11-23 08:11:57.003505,704.11,EUR,GB,DE,app,pos,0
TXN00007261,CUST000050,2025-07-17 18:15:57.003505,4377.2,EUR,FR,FR,cajero,atm,0
TXN00007262,CUST000103,2025-05-02 06:51:57.003505,10768.72,EUR,ES,GB,web,mobile,0
TXN00007263,CUST000057,2025-04-07 02:37:57.003505,368.44,EUR,ES,FR,sucursal,atm,0
TXN00007264,CUST000066,2025-12-18 01:36:57.003505,751.81,EUR,DE,ES,web,pos,0
TXN00007265,CUST000037,2025-08-22 06:32:57.003505,203.31,EUR,ES,FR,sucursal,pos,0
TXN00007266,CUST000168,2025-02-05 02:15:57.003505,459.53,EUR,IT,FR,app,tablet,0
TXN00007267,CUST000166,2026-01-08 00:12:57.003505,3927.21,USD,GB,ES,app,mobile,0
TXN00007268,CUST000096,2025-11-26 03:49:57.003505,702.36,EUR,ES,ES,web,desktop,0
TXN00007269,CUST000077,2025-09-02 19:34:57.003505,7360.23,CHF,CH,FR,app,atm,0
TXN00007270,CUST000071,2025-05-04 03:47:57.003505,7757.41,EUR,FR,FR,web,desktop,0
TXN00007271,CUST000108,2025-05-22 19:34:57.003505,146.33,EUR,ES,ES,cajero,tablet,0
TXN00007272,CUST000143,2025-06-28 01:30:57.003505,3006.3,EUR,ES,GB,app,desktop,0
TXN00007273,CUST000090,2025-04-10 21:03:57.003505,24011.29,GBP,GB,CH,cajero,desktop,0
TXN00007274,CUST000114,2025-02-10 04:28:57.003505,1892.41,EUR,ES,GB,sucursal,pos,0
TXN00007275,CUST000084,2025-12-03 20:24:57.003505,48.58,EUR,ES,FR,app,pos,0
TXN00007276,CUST000039,2025-07-03 02:29:57.003505,2796.01,EUR,DE,GB,app,mobile,0
TXN00007277,CUST000094,2025-08-28 20:48:57.003505,1274.92,EUR,GB,FR,app,pos,0
TXN00007278,CUST000118,2025-05-26 23:19:57.003505,884.79,EUR,DE,ES,app,desktop,0
TXN00007279,CUST000022,2025-12-27 00:50:57.003505,2465.18,EUR,IT,US,app,desktop,0
TXN00007280,CUST000092,2025-07-20 20:26:57.003505,2409.37,EUR,FR,FR,app,pos,0
TXN00007281,CUST000026,2025-12-12 09:38:57.107482,55282.45,EUR,FR,CN,web,desktop,1
TXN00007282,CUST000113,2025-03-08 22:11:57.003505,3426.4,GBP,CH,GB,sucursal,mobile,0
TXN00007283,CUST000186,2025-04-21 00:47:57.003505,4884.63,EUR,IT,GB,web,mobile,0
TXN00007284,CUST000170,2025-07-28 21:10:57.003505,20770.91,GBP,US,DE,sucursal,desktop,0
TXN00007285,CUST000041,2025-04-28 09:57:57.107482,74630.3,EUR,DE,GB,sucursal,tablet,1
TXN00007286,CUST000170,2025-07-03 05:46:57.003505,12323.15,GBP,US,US,web,tablet,0
TXN00007287,CUST000134,2025-05-25 03:53:57.003505,38.21,EUR,FR,FR,cajero,atm,0
TXN00007288,CUST000164,2025-02-09 04:35:57.003505,1728.11,USD,US,GB,web,pos,0
TXN00007289,CUST000182,2025-04-11 07:47:57.003505,5041.44,EUR,FR,DE,sucursal,desktop,0
TXN00007290,CUST000012,2026-01-13 03:42:57.003505,1292.32,EUR,IT,GB,sucursal,pos,0
TXN00007291,CUST000145,2025-02-02 02:42:57.003505,2169.56,EUR,DE,DE,sucursal,pos,0
TXN00007292,CUST000105,2026-01-10 01:39:57.003505,14077.93,EUR,US,IT,web,pos,0
TXN00007293,CUST000000,2025-04-22 02:18:57.003505,685.81,EUR,DE,IT,app,mobile,0
TXN00007294,CUST000084,2026-01-12 04:31:57.003505,149.87,EUR,ES,IT,web,mobile,0
TXN00007295,CUST000163,2025-07-27 02:56:57.003505,475.37,EUR,ES,FR,app,mobile,0
TXN00007296,CUST000029,2025-05-22 06:42:57.107482,28904.5,USD,GB,CN,cajero,atm,1
TXN00007297,CUST000000,2025-05-01 06:03:57.003505,976.57,EUR,DE,GB,web,atm,0
TXN00007298,CUST000118,2025-07-20 00:07:57.003505,5137.15,EUR,DE,GB,sucursal,mobile,0
TXN00007299,CUST000187,2025-09-15 22:25:57.003505,3217.48,GBP,GB,GB,sucursal,desktop,0
TXN00007300,CUST000128,2025-12-21 00:13:57.003505,3856.92,EUR,FR,GB,cajero,tablet,0
TXN00007301,CUST000055,2025-05-07 18:02:57.003505,1517.93,EUR,CH,ES,web,mobile,0
TXN00007302,CUST000104,2025-10-12 01:32:57.003505,558.67,EUR,ES,FR,sucursal,mobile,0
TXN00007303,CUST000128,2025-01-16 06:34:57.003505,3956.49,EUR,FR,IT,sucursal,tablet,0
TXN00007304,CUST000003,2025-05-09 07:19:57.003505,129.65,EUR,ES,IT,sucursal,desktop,0
TXN00007305,CUST000022,2026-01-05 09:19:57.003505,8989.25,EUR,IT,FR,app,mobile,0
TXN00007306,CUST000182,2025-03-25 05:44:57.003505,8252.87,EUR,FR,US,cajero,atm,0
TXN00007307,CUST000171,2025-02-12 07:53:57.003505,12932.63,EUR,IT,GB,app,pos,0
TXN00007308,CUST000026,2025-08-16 00:28:57.003505,131.81,EUR,FR,ES,sucursal,atm,0
TXN00007309,CUST000083,2025-10-06 05:49:57.003505,49.92,EUR,ES,FR,web,mobile,0
TXN00007310,CUST000105,2025-08-09 09:17:57.003505,1188.6,EUR,US,US,app,mobile,0
TXN00007311,CUST000118,2025-05-08 01:44:57.003505,23236.0,EUR,DE,DE,web,mobile,0
TXN00007312,CUST000098,2025-03-04 08:56:57.003505,329.41,EUR,IT,GB,web,desktop,0
TXN00007313,CUST000166,2025-10-31 08:36:57.003505,4430.74,USD,GB,GB,app,tablet,0
TXN00007314,CUST000108,2025-11-22 19:48:57.003505,276.88,EUR,ES,ES,app,atm,0
TXN00007315,CUST000127,2025-11-29 23:24:57.003505,5048.88,EUR,FR,ES,sucursal,pos,0
TXN00007316,CUST000127,2025-05-04 08:24:57.003505,8759.36,EUR,FR,DE,cajero,mobile,0
TXN00007317,CUST000000,2025-07-16 18:55:57.003505,165.23,EUR,DE,FR,web,mobile,0
TXN00007318,CUST000110,2025-12-25 06:35:57.003505,140.77,EUR,ES,ES,web,mobile,0
TXN00007319,CUST000137,2025-03-16 22:49:57.003505,1892.2,EUR,FR,ES,web,desktop,0
TXN00007320,CUST000129,2025-06-26 22:39:57.003505,5648.62,GBP,US,ES,sucursal,atm,0
TXN00007321,CUST000005,2025-11-02 00:30:57.003505,357.14,GBP,GB,GB,app,tablet,0
TXN00007322,CUST000153,2025-08-09 20:14:57.003505,1960.75,EUR,ES,FR,cajero,tablet,0
TXN00007323,CUST000001,2025-09-10 06:46:57.003505,1230.86,EUR,FR,ES,web,mobile,0
TXN00007324,CUST000008,2025-08-08 02:57:57.107482,19278.2,EUR,IT,PK,app,pos,1
TXN00007325,CUST000106,2025-02-24 19:21:57.003505,328.41,EUR,FR,ES,cajero,mobile,0
TXN00007326,CUST000102,2025-05-23 17:08:57.003505,12709.26,EUR,FR,CH,app,tablet,0
TXN00007327,CUST000093,2025-03-04 22:15:57.003505,1106.74,EUR,FR,IT,web,desktop,0
TXN00007328,CUST000120,2025-10-11 19:19:57.003505,21.89,EUR,IT,IT,sucursal,tablet,0
TXN00007329,CUST000167,2025-05-15 07:15:57.003505,3359.98,EUR,US,DE,cajero,desktop,0
TXN00007330,CUST000101,2025-01-29 07:25:57.003505,178.65,EUR,FR,ES,sucursal,desktop,0
TXN00007331,CUST000157,2025-06-11 09:44:57.003505,1248.91,EUR,IT,DE,cajero,atm,0
TXN00007332,CUST000151,2025-09-04 18:21:57.003505,1150.36,EUR,ES,ES,sucursal,pos,0
TXN00007333,CUST000188,2025-06-09 08:29:57.003505,8012.96,EUR,IT,GB,sucursal,desktop,0
TXN00007334,CUST000057,2025-12-05 07:42:57.003505,68.13,EUR,ES,FR,cajero,desktop,0
TXN00007335,CUST000175,2025-10-01 00:10:57.003505,869.69,GBP,CH,DE,sucursal,atm,0
TXN00007336,CUST000125,2025-11-29 17:29:57.003505,2641.39,EUR,US,ES,cajero,pos,0
TXN00007337,CUST000055,2025-04-10 01:13:57.003505,4978.18,CHF,CH,US,web,pos,0
TXN00007338,CUST000014,2025-07-17 02:46:57.003505,285.28,EUR,IT,GB,sucursal,mobile,0
TXN00007339,CUST000063,2025-08-13 20:18:57.003505,147.76,EUR,FR,ES,cajero,desktop,0
TXN00007340,CUST000167,2025-02-26 22:48:57.003505,1210.81,EUR,US,DE,web,pos,0
TXN00007341,CUST000030,2025-02-21 18:57:57.003505,573.53,EUR,GB,GB,app,tablet,0
TXN00007342,CUST000124,2025-03-08 20:14:57.003505,901.19,EUR,DE,FR,app,mobile,0
TXN00007343,CUST000015,2025-12-22 20:06:57.003505,3597.52,EUR,FR,FR,web,mobile,0
TXN00007344,CUST000012,2025-08-05 02:44:57.003505,1725.58,EUR,IT,GB,sucursal,mobile,0
TXN00007345,CUST000071,2025-05-31 20:02:57.003505,16656.17,EUR,FR,CH,cajero,mobile,0
TXN00007346,CUST000098,2025-05-04 21:59:57.003505,1667.2,EUR,IT,GB,app,atm,0
TXN00007347,CUST000127,2025-12-11 01:02:57.003505,3063.8,EUR,FR,FR,sucursal,atm,0
TXN00007348,CUST000134,2025-01-25 05:30:57.003505,149.14,EUR,FR,ES,cajero,pos,0
TXN00007349,CUST000028,2025-11-17 22:39:57.003505,106.32,EUR,ES,FR,sucursal,pos,0
TXN00007350,CUST000130,2025-06-04 21:22:57.003505,4068.5,EUR,IT,DE,web,desktop,0
TXN00007351,CUST000168,2025-10-13 23:01:57.003505,471.81,EUR,IT,IT,app,mobile,0
TXN00007352,CUST000084,2025-08-30 23:29:57.003505,42.23,EUR,ES,FR,sucursal,mobile,0
TXN00007353,CUST000184,2025-08-05 02:58:57.003505,33.55,EUR,FR,FR,web,tablet,0
TXN00007354,CUST000076,2025-06-15 07:43:57.003505,149.03,EUR,ES,IT,sucursal,mobile,0
TXN00007355,CUST000170,2025-04-15 21:39:57.003505,2033.3,GBP,US,GB,web,pos,0
TXN00007356,CUST000032,2025-01-31 00:54:57.107482,75146.84,EUR,FR,ES,cajero,desktop,1
TXN00007357,CUST000095,2025-07-29 01:40:57.003505,77.93,EUR,IT,IT,sucursal,pos,0
TXN00007358,CUST000111,2025-03-31 23:17:57.003505,185.78,EUR,ES,ES,sucursal,mobile,0
TXN00007359,CUST000020,2025-08-07 19:16:57.003505,95.31,EUR,IT,FR,sucursal,mobile,0
TXN00007360,CUST000113,2025-03-21 03:07:57.003505,5855.67,EUR,CH,GB,app,desktop,0
TXN00007361,CUST000018,2025-06-04 01:00:57.003505,298.03,EUR,FR,ES,cajero,mobile,0
TXN00007362,CUST000082,2025-05-24 02:19:57.003505,4724.44,EUR,ES,GB,cajero,atm,0
TXN00007363,CUST000116,2025-03-09 03:54:57.003505,2297.52,EUR,FR,FR,sucursal,tablet,0
TXN00007364,CUST000056,2025-01-22 19:48:57.003505,844.73,EUR,GB,ES,sucursal,desktop,0
TXN00007365,CUST000127,2025-03-08 22:34:57.003505,1285.16,EUR,FR,FR,app,desktop,0
TXN00007366,CUST000142,2025-08-04 22:43:57.003505,10613.39,EUR,DE,FR,web,atm,0
TXN00007367,CUST000079,2025-01-29 22:30:57.003505,22648.11,EUR,FR,ES,app,atm,0
TXN00007368,CUST000063,2025-07-08 23:18:57.003505,289.0,EUR,FR,FR,app,atm,0
TXN00007369,CUST000115,2025-08-15 03:34:57.003505,10649.35,EUR,DE,DE,web,atm,0
TXN00007370,CUST000125,2026-01-14 19:18:57.003505,24865.54,EUR,US,ES,app,pos,0
TXN00007371,CUST000003,2025-12-31 21:48:57.003505,300.91,EUR,ES,ES,sucursal,tablet,0
TXN00007372,CUST000017,2025-05-18 08:48:57.003505,4444.15,EUR,FR,FR,app,tablet,0
TXN00007373,CUST000056,2025-06-16 05:43:57.003505,711.19,USD,GB,DE,web,tablet,0
TXN00007374,CUST000123,2025-12-09 04:10:57.003505,344.91,EUR,FR,ES,sucursal,atm,0
TXN00007375,CUST000091,2025-12-21 05:26:57.003505,2944.95,USD,GB,GB,app,mobile,0
TXN00007376,CUST000167,2025-03-16 00:14:57.003505,3803.37,CHF,US,ES,cajero,tablet,0
TXN00007377,CUST000089,2025-02-26 02:42:57.003505,287.92,EUR,ES,ES,cajero,pos,0
TXN00007378,CUST000151,2025-01-23 08:47:57.003505,8282.14,EUR,ES,FR,sucursal,mobile,0
TXN00007379,CUST000180,2025-02-26 08:15:57.003505,655.5,USD,GB,GB,app,mobile,0
TXN00007380,CUST000046,2025-05-25 21:51:57.003505,1809.48,EUR,GB,DE,sucursal,atm,0
TXN00007381,CUST000048,2025-09-25 09:40:57.003505,1239.7,EUR,FR,ES,sucursal,desktop,0
TXN00007382,CUST000149,2025-05-26 01:03:57.003505,4434.0,EUR,ES,US,sucursal,desktop,0
TXN00007383,CUST000066,2025-12-09 08:41:57.003505,1276.21,EUR,DE,GB,app,tablet,0
TXN00007384,CUST000137,2025-09-13 19:09:57.003505,903.54,EUR,FR,ES,cajero,atm,0
TXN00007385,CUST000093,2025-05-08 19:27:57.003505,1645.92,EUR,FR,GB,app,desktop,0
TXN00007386,CUST000034,2025-08-09 20:38:57.003505,416.98,EUR,FR,FR,app,pos,0
TXN00007387,CUST000003,2025-09-17 21:39:57.003505,380.85,EUR,ES,IT,app,tablet,0
TXN00007388,CUST000132,2025-03-09 03:00:57.003505,1182.62,EUR,ES,GB,app,pos,0
TXN00007389,CUST000082,2025-06-16 23:53:57.003505,1348.48,EUR,ES,FR,sucursal,desktop,0
TXN00007390,CUST000035,2025-06-24 13:32:57.107482,23718.83,EUR,DE,RU,web,mobile,1
TXN00007391,CUST000145,2025-04-19 06:45:57.003505,312.88,EUR,DE,FR,app,atm,0
TXN00007392,CUST000130,2025-08-01 03:35:57.003505,9264.44,EUR,IT,IT,sucursal,tablet,0
TXN00007393,CUST000016,2025-06-04 02:47:57.003505,109.06,EUR,IT,GB,sucursal,tablet,0
TXN00007394,CUST000035,2025-02-07 00:01:57.003505,1246.97,EUR,DE,DE,web,mobile,0
TXN00007395,CUST000159,2025-05-06 03:35:57.003505,4969.52,GBP,GB,FR,sucursal,pos,0
TXN00007396,CUST000047,2025-02-20 21:01:57.003505,12805.38,EUR,ES,US,web,mobile,0
TXN00007397,CUST000024,2025-12-26 05:50:57.003505,7038.3,EUR,FR,CH,app,tablet,0
TXN00007398,CUST000071,2025-12-21 18:13:57.003505,4725.27,EUR,FR,FR,app,tablet,0
TXN00007399,CUST000016,2025-05-07 02:00:57.003505,287.11,EUR,IT,GB,app,desktop,0
TXN00007400,CUST000005,2025-04-15 02:12:57.003505,175.09,EUR,GB,ES,cajero,tablet,0
TXN00007401,CUST000106,2025-02-26 01:28:57.003505,52.75,EUR,FR,ES,sucursal,desktop,0
TXN00007402,CUST000070,2025-04-08 03:05:57.003505,303.68,EUR,ES,IT,app,atm,0
TXN00007403,CUST000017,2025-08-21 08:37:57.107482,9044.01,EUR,FR,YE,app,tablet,1
TXN00007404,CUST000106,2025-02-06 23:37:57.003505,95.59,EUR,FR,ES,sucursal,mobile,0
TXN00007405,CUST000116,2025-04-07 22:53:57.003505,4653.81,EUR,FR,ES,sucursal,pos,0
TXN00007406,CUST000162,2025-02-18 06:00:57.003505,4076.21,CHF,CH,CH,cajero,pos,0
TXN00007407,CUST000135,2025-06-26 19:51:57.003505,2717.02,EUR,ES,DE,app,pos,0
TXN00007408,CUST000155,2025-12-30 01:32:57.003505,951.7,EUR,IT,IT,cajero,tablet,0
TXN00007409,CUST000114,2025-02-16 18:08:57.003505,1331.26,EUR,ES,IT,cajero,tablet,0
TXN00007410,CUST000077,2025-07-06 05:19:57.003505,4258.25,GBP,CH,CH,sucursal,tablet,0
TXN00007411,CUST000160,2025-10-05 21:56:57.003505,308.97,EUR,DE,ES,app,mobile,0
TXN00007412,CUST000159,2025-08-08 01:20:57.003505,7043.06,CHF,GB,DE,sucursal,mobile,0
TXN00007413,CUST000076,2025-11-08 02:54:57.003505,55.9,EUR,ES,FR,app,pos,0
TXN00007414,CUST000025,2025-05-12 20:56:57.003505,513.08,EUR,ES,IT,app,desktop,0
TXN00007415,CUST000177,2025-07-05 19:15:57.003505,2380.71,EUR,FR,GB,cajero,tablet,0
TXN00007416,CUST000173,2025-04-25 18:46:57.003505,4661.94,EUR,DE,IT,cajero,tablet,0
TXN00007417,CUST000074,2025-06-25 18:55:57.003505,10704.95,EUR,IT,US,sucursal,tablet,0
TXN00007418,CUST000159,2025-11-14 22:36:57.003505,3079.45,CHF,GB,GB,app,atm,0
TXN00007419,CUST000108,2025-02-10 07:14:57.003505,129.02,EUR,ES,ES,cajero,mobile,0
TXN00007420,CUST000158,2025-06-17 04:41:57.003505,306.07,USD,GB,FR,web,pos,0
TXN00007421,CUST000002,2025-07-13 20:17:57.003505,46.68,EUR,ES,ES,web,desktop,0
TXN00007422,CUST000050,2025-05-11 08:40:57.003505,2935.59,EUR,FR,FR,web,desktop,0
TXN00007423,CUST000042,2025-07-28 00:40:57.003505,6589.22,EUR,ES,DE,cajero,mobile,0
TXN00007424,CUST000045,2025-04-13 18:25:57.003505,690.68,EUR,GB,GB,cajero,tablet,0
TXN00007425,CUST000104,2025-07-12 01:50:57.003505,449.55,EUR,ES,DE,app,atm,0
TXN00007426,CUST000042,2025-05-15 05:05:57.003505,4398.07,EUR,ES,US,web,tablet,0
TXN00007427,CUST000187,2025-01-20 08:53:57.003505,4502.26,USD,GB,ES,sucursal,pos,0
TXN00007428,CUST000082,2025-06-19 21:20:57.003505,17776.34,EUR,ES,FR,web,mobile,0
TXN00007429,CUST000117,2025-06-22 05:25:57.003505,1243.23,EUR,ES,ES,sucursal,pos,0
TXN00007430,CUST000032,2025-10-13 05:21:57.003505,150.49,EUR,FR,FR,app,atm,0
TXN00007431,CUST000136,2025-04-28 02:21:57.003505,347.94,EUR,FR,FR,cajero,mobile,0
TXN00007432,CUST000143,2025-03-16 18:02:57.003505,4615.11,EUR,ES,GB,app,atm,0
TXN00007433,CUST000144,2025-05-26 20:50:57.003505,888.5,EUR,DE,FR,sucursal,tablet,0
TXN00007434,CUST000008,2025-07-08 19:48:57.003505,4736.79,EUR,IT,US,sucursal,pos,0
TXN00007435,CUST000071,2025-03-28 18:15:57.003505,5205.54,EUR,FR,GB,cajero,pos,0
TXN00007436,CUST000001,2025-03-27 00:59:57.003505,922.85,EUR,FR,ES,app,mobile,0
TXN00007437,CUST000130,2025-11-23 04:36:57.003505,2095.08,EUR,IT,FR,web,pos,0
TXN00007438,CUST000065,2025-01-24 19:25:57.003505,891.6,EUR,DE,ES,sucursal,atm,0
TXN00007439,CUST000153,2025-10-24 19:37:57.003505,745.39,EUR,ES,FR,app,atm,0
TXN00007440,CUST000016,2025-01-22 05:47:57.003505,821.09,EUR,IT,IT,sucursal,pos,0
TXN00007441,CUST000004,2025-06-04 20:07:57.003505,22348.3,EUR,DE,ES,sucursal,mobile,0
TXN00007442,CUST000032,2025-02-05 14:27:57.107482,280.96,EUR,FR,IT,app,desktop,1
TXN00007443,CUST000047,2025-10-27 03:28:57.003505,3797.75,EUR,ES,CH,web,atm,0
TXN00007444,CUST000052,2025-09-15 03:09:57.003505,403.68,EUR,ES,ES,web,tablet,0
TXN00007445,CUST000068,2025-05-21 02:52:57.003505,630.6,EUR,ES,GB,cajero,atm,0
TXN00007446,CUST000038,2025-11-01 02:30:57.003505,418.44,EUR,ES,FR,app,tablet,0
TXN00007447,CUST000017,2025-11-14 09:45:57.003505,12035.7,EUR,FR,GB,cajero,atm,0
TXN00007448,CUST000171,2025-05-13 18:14:57.003505,6665.15,EUR,IT,ES,app,mobile,0
TXN00007449,CUST000132,2025-03-07 18:15:57.003505,14203.76,EUR,ES,GB,web,pos,0
TXN00007450,CUST000110,2025-11-09 02:15:57.003505,95.77,EUR,ES,FR,cajero,pos,0
TXN00007451,CUST000065,2025-08-26 23:23:57.003505,567.29,EUR,DE,GB,cajero,desktop,0
TXN00007452,CUST000039,2025-06-24 05:30:57.003505,3050.18,EUR,DE,ES,app,desktop,0
TXN00007453,CUST000020,2025-10-26 00:06:57.003505,29.71,EUR,IT,IT,sucursal,mobile,0
TXN00007454,CUST000115,2025-09-18 20:06:57.003505,3259.49,EUR,DE,GB,sucursal,desktop,0
TXN00007455,CUST000033,2025-06-11 11:00:57.107482,73953.13,EUR,IT,AF,web,tablet,1
TXN00007456,CUST000169,2025-05-25 23:38:57.003505,2148.6,EUR,DE,ES,web,desktop,0
TXN00007457,CUST000032,2025-07-10 20:54:57.003505,75.4,EUR,FR,ES,app,pos,0
TXN00007458,CUST000027,2025-11-12 20:53:57.003505,278.61,EUR,FR,FR,sucursal,desktop,0
TXN00007459,CUST000016,2025-08-06 22:30:57.003505,1605.04,EUR,IT,DE,sucursal,mobile,0
TXN00007460,CUST000080,2025-12-12 07:13:57.003505,88.84,EUR,ES,IT,web,tablet,0
TXN00007461,CUST000139,2025-02-04 05:23:57.003505,2161.33,CHF,US,CH,sucursal,atm,0
TXN00007462,CUST000024,2026-01-01 02:40:57.003505,12811.43,EUR,FR,ES,sucursal,tablet,0
TXN00007463,CUST000182,2025-11-15 22:44:57.003505,14525.74,EUR,FR,IT,cajero,atm,0
TXN00007464,CUST000012,2025-02-13 19:05:57.107482,11094.67,EUR,IT,NG,cajero,tablet,1
TXN00007465,CUST000010,2025-05-05 19:34:57.003505,2179.96,EUR,FR,ES,web,mobile,0
TXN00007466,CUST000132,2025-07-01 23:00:57.003505,3546.29,EUR,ES,GB,cajero,mobile,0
TXN00007467,CUST000136,2025-04-22 01:23:57.003505,152.11,EUR,FR,IT,web,atm,0
TXN00007468,CUST000042,2025-12-22 18:55:57.003505,1939.69,EUR,ES,GB,sucursal,pos,0
TXN00007469,CUST000173,2025-12-28 01:52:57.003505,8131.41,EUR,DE,ES,app,mobile,0
TXN00007470,CUST000052,2025-06-29 05:51:57.003505,164.48,EUR,ES,IT,web,mobile,0
TXN00007471,CUST000002,2025-04-01 04:45:57.003505,377.55,EUR,ES,FR,sucursal,mobile,0
TXN00007472,CUST000033,2025-01-22 02:30:57.003505,12209.89,EUR,IT,IT,sucursal,pos,0
TXN00007473,CUST000028,2025-05-11 01:23:57.003505,198.79,EUR,ES,IT,sucursal,tablet,0
TXN00007474,CUST000156,2025-06-12 01:00:57.003505,18.87,EUR,FR,IT,web,tablet,0
TXN00007475,CUST000061,2025-04-25 05:54:57.003505,1907.76,EUR,IT,GB,cajero,pos,0
TXN00007476,CUST000131,2025-05-09 08:53:57.003505,480.6,EUR,DE,IT,cajero,desktop,0
TXN00007477,CUST000014,2025-05-16 23:13:57.003505,2076.35,EUR,IT,DE,app,tablet,0
TXN00007478,CUST000037,2026-01-03 00:01:57.003505,186.96,EUR,ES,IT,cajero,mobile,0
TXN00007479,CUST000134,2025-04-02 07:43:57.003505,343.3,EUR,FR,ES,cajero,desktop,0
TXN00007480,CUST000013,2025-04-23 01:55:57.003505,381.22,EUR,GB,GB,cajero,tablet,0
TXN00007481,CUST000181,2026-01-03 07:29:57.003505,398.37,EUR,IT,DE,sucursal,atm,0
TXN00007482,CUST000189,2025-08-04 19:03:57.003505,1819.71,EUR,DE,ES,sucursal,tablet,0
TXN00007483,CUST000070,2025-09-13 19:39:57.003505,152.76,EUR,ES,IT,sucursal,atm,0
TXN00007484,CUST000100,2025-08-27 21:47:57.003505,3303.96,EUR,GB,DE,sucursal,desktop,0
TXN00007485,CUST000050,2025-02-12 05:10:57.003505,1083.57,EUR,FR,US,cajero,tablet,0
TXN00007486,CUST000114,2025-06-30 05:30:57.003505,8121.49,EUR,ES,FR,sucursal,tablet,0
TXN00007487,CUST000054,2025-10-28 01:00:57.003505,180.86,EUR,GB,FR,cajero,desktop,0
TXN00007488,CUST000075,2025-09-19 21:44:57.003505,7712.0,EUR,FR,ES,web,mobile,0
TXN00007489,CUST000027,2025-05-06 22:09:57.003505,52.98,EUR,FR,ES,app,mobile,0
TXN00007490,CUST000094,2025-08-16 23:02:57.003505,4126.42,EUR,GB,CH,sucursal,pos,0
TXN00007491,CUST000046,2025-07-23 20:47:57.003505,9377.65,USD,GB,CH,app,desktop,0
TXN00007492,CUST000073,2025-07-02 23:41:57.003505,2481.7,EUR,DE,DE,app,tablet,0
TXN00007493,CUST000012,2025-06-07 00:37:57.003505,1575.86,EUR,IT,US,app,pos,0
TXN00007494,CUST000018,2025-07-25 21:32:57.003505,230.8,EUR,FR,IT,sucursal,desktop,0
TXN00007495,CUST000151,2025-11-24 20:19:57.003505,4514.77,EUR,ES,FR,web,atm,0
TXN00007496,CUST000072,2025-11-28 21:35:57.003505,10119.71,USD,GB,FR,cajero,pos,0
TXN00007497,CUST000102,2025-09-12 21:29:57.003505,2792.9,EUR,FR,US,web,pos,0
TXN00007498,CUST000038,2025-06-04 05:36:57.107482,30970.18,EUR,ES,IT,app,tablet,1
TXN00007499,CUST000047,2025-04-29 10:30:57.107482,30121.94,EUR,ES,CN,cajero,desktop,1
TXN00007500,CUST000124,2025-12-04 03:12:57.003505,2326.85,EUR,DE,ES,sucursal,pos,0
TXN00007501,CUST000138,2025-12-22 08:46:57.003505,3543.76,EUR,FR,GB,app,pos,0
TXN00007502,CUST000066,2025-09-13 21:04:57.003505,792.82,EUR,DE,FR,cajero,tablet,0
TXN00007503,CUST000129,2025-03-12 03:36:57.003505,5149.51,USD,US,DE,app,mobile,0
TXN00007504,CUST000153,2025-11-17 05:01:57.003505,441.45,EUR,ES,GB,cajero,tablet,0
TXN00007505,CUST000106,2025-11-06 07:19:57.003505,402.79,EUR,FR,ES,cajero,atm,0
TXN00007506,CUST000171,2025-06-25 22:51:57.003505,4137.68,EUR,IT,GB,cajero,atm,0
TXN00007507,CUST000058,2025-10-18 19:04:57.003505,5562.74,EUR,FR,GB,sucursal,mobile,0
TXN00007508,CUST000044,2025-08-04 20:52:57.003505,271.97,EUR,ES,IT,sucursal,mobile,0
TXN00007509,CUST000020,2025-12-26 07:41:57.003505,27.13,EUR,IT,FR,sucursal,desktop,0
TXN00007510,CUST000089,2025-05-10 07:57:57.003505,11.15,EUR,ES,ES,app,mobile,0
TXN00007511,CUST000029,2025-08-04 02:03:57.003505,3860.32,GBP,GB,ES,app,desktop,0
TXN00007512,CUST000127,2025-08-31 23:39:57.003505,4045.13,EUR,FR,GB,sucursal,desktop,0
TXN00007513,CUST000048,2025-06-15 01:50:57.003505,4524.58,EUR,FR,FR,sucursal,atm,0
TXN00007514,CUST000169,2025-07-20 04:39:57.003505,108.39,EUR,DE,FR,app,tablet,0
TXN00007515,CUST000045,2025-12-23 19:57:57.107482,1419.06,USD,GB,AF,cajero,atm,1
TXN00007516,CUST000064,2025-11-11 07:01:57.003505,1179.35,EUR,ES,ES,cajero,desktop,0
TXN00007517,CUST000009,2025-05-06 01:03:57.003505,14332.48,EUR,FR,US,cajero,pos,0
TXN00007518,CUST000121,2025-06-12 00:55:57.003505,2127.06,EUR,ES,FR,cajero,mobile,0
TXN00007519,CUST000042,2025-10-23 09:04:57.003505,1401.33,EUR,ES,ES,sucursal,pos,0
TXN00007520,CUST000040,2025-03-08 05:12:57.003505,59.2,EUR,IT,FR,cajero,mobile,0
TXN00007521,CUST000160,2025-08-28 21:07:57.003505,1360.6,EUR,DE,GB,cajero,desktop,0
TXN00007522,CUST000135,2025-07-13 21:35:57.003505,1048.98,EUR,ES,ES,sucursal,tablet,0
TXN00007523,CUST000035,2026-01-02 19:33:57.003505,1751.66,EUR,DE,FR,app,mobile,0
TXN00007524,CUST000083,2025-10-10 21:39:57.003505,23.68,EUR,ES,IT,web,tablet,0
TXN00007525,CUST000178,2025-11-30 22:57:57.003505,87.34,EUR,ES,IT,app,mobile,0
TXN00007526,CUST000086,2025-09-19 04:48:57.003505,4672.47,EUR,ES,DE,app,desktop,0
TXN00007527,CUST000019,2025-04-17 18:23:57.003505,14081.33,EUR,DE,GB,app,atm,0
TXN00007528,CUST000020,2025-12-06 20:25:57.003505,123.49,EUR,IT,ES,app,desktop,0
TXN00007529,CUST000041,2025-07-19 23:07:57.003505,6628.65,EUR,DE,DE,cajero,pos,0
TXN00007530,CUST000012,2025-03-15 08:16:57.107482,83759.47,EUR,IT,US,web,pos,1
TXN00007531,CUST000024,2025-09-11 01:26:57.003505,6148.83,EUR,FR,US,app,tablet,0
TXN00007532,CUST000157,2025-06-09 23:50:57.003505,8668.35,EUR,IT,GB,cajero,tablet,0
TXN00007533,CUST000067,2025-07-04 18:26:57.003505,3039.89,EUR,DE,ES,cajero,desktop,0
TXN00007534,CUST000047,2025-02-12 19:22:57.003505,3735.04,EUR,ES,FR,sucursal,pos,0
TXN00007535,CUST000068,2025-01-22 03:01:57.003505,762.6,EUR,ES,IT,web,pos,0
TXN00007536,CUST000113,2026-01-13 04:02:57.003505,3195.02,USD,CH,GB,web,mobile,0
TXN00007537,CUST000151,2025-11-04 19:10:57.003505,3644.07,EUR,ES,ES,app,tablet,0
TXN00007538,CUST000165,2025-02-11 06:19:57.003505,194.97,EUR,FR,ES,app,atm,0
TXN00007539,CUST000164,2025-09-23 20:31:57.003505,1142.3,CHF,US,US,cajero,atm,0
TXN00007540,CUST000169,2025-12-10 23:17:57.003505,207.07,EUR,DE,IT,sucursal,mobile,0
TXN00007541,CUST000064,2025-03-24 19:31:57.003505,103.76,EUR,ES,DE,sucursal,pos,0
TXN00007542,CUST000132,2025-06-27 01:08:57.003505,4419.31,EUR,ES,GB,sucursal,pos,0
TXN00007543,CUST000120,2025-11-16 03:15:57.003505,45.86,EUR,IT,IT,web,mobile,0
TXN00007544,CUST000142,2026-01-09 05:02:57.003505,3444.47,EUR,DE,FR,cajero,tablet,0
TXN00007545,CUST000075,2025-02-19 23:18:57.003505,11897.64,EUR,FR,ES,sucursal,pos,0
TXN00007546,CUST000140,2025-10-14 06:55:57.003505,901.38,EUR,DE,ES,cajero,atm,0
TXN00007547,CUST000056,2025-07-10 20:04:57.003505,571.43,CHF,GB,ES,app,desktop,0
TXN00007548,CUST000152,2025-11-12 01:36:57.003505,935.65,GBP,GB,DE,app,tablet,0
TXN00007549,CUST000169,2025-11-05 00:25:57.003505,781.73,EUR,DE,DE,sucursal,desktop,0
TXN00007550,CUST000057,2025-05-24 05:37:57.003505,266.12,EUR,ES,FR,sucursal,mobile,0
TXN00007551,CUST000160,2025-02-16 04:58:57.003505,196.2,EUR,DE,DE,cajero,atm,0
TXN00007552,CUST000042,2025-03-23 11:53:57.107482,40768.48,EUR,ES,US,app,pos,1
TXN00007553,CUST000074,2025-09-22 03:19:57.003505,3790.15,EUR,IT,ES,cajero,desktop,0
TXN00007554,CUST000132,2025-11-21 03:10:57.003505,9332.21,EUR,ES,IT,app,atm,0
TXN00007555,CUST000069,2026-01-10 22:55:57.003505,135.2,EUR,FR,ES,web,desktop,0
TXN00007556,CUST000146,2025-01-26 01:43:57.003505,831.62,EUR,IT,IT,sucursal,tablet,0
TXN00007557,CUST000095,2025-12-16 01:56:57.003505,78.37,EUR,IT,FR,web,pos,0
TXN00007558,CUST000012,2025-04-22 21:20:57.107482,6004.53,EUR,IT,RU,cajero,mobile,1
TXN00007559,CUST000024,2025-04-10 19:03:57.003505,18023.02,EUR,FR,US,web,tablet,0
TXN00007560,CUST000182,2025-09-19 21:29:57.003505,6644.75,EUR,FR,GB,web,tablet,0
TXN00007561,CUST000026,2025-07-14 05:28:57.003505,84.62,EUR,FR,FR,cajero,mobile,0
TXN00007562,CUST000106,2025-02-11 22:32:57.003505,116.75,EUR,FR,IT,app,atm,0
TXN00007563,CUST000027,2025-03-01 04:19:57.003505,110.82,EUR,FR,FR,sucursal,atm,0
TXN00007564,CUST000096,2025-12-18 02:53:57.003505,4836.56,EUR,ES,FR,app,mobile,0
TXN00007565,CUST000177,2025-12-30 07:25:57.003505,606.88,EUR,FR,GB,sucursal,tablet,0
TXN00007566,CUST000072,2025-03-12 02:49:57.003505,2195.76,CHF,GB,ES,app,desktop,0
TXN00007567,CUST000022,2025-08-30 18:18:57.107482,15182.08,EUR,IT,SY,cajero,tablet,1
TXN00007568,CUST000107,2025-10-15 00:35:57.003505,4459.79,EUR,DE,FR,sucursal,desktop,0
TXN00007569,CUST000155,2025-02-22 04:53:57.003505,676.44,EUR,IT,FR,cajero,pos,0
TXN00007570,CUST000013,2025-06-16 23:11:57.003505,884.43,GBP,GB,FR,sucursal,atm,0
TXN00007571,CUST000053,2025-02-11 21:21:57.003505,1106.91,EUR,FR,US,web,tablet,0
TXN00007572,CUST000148,2025-06-23 03:03:57.003505,3278.0,EUR,ES,US,web,tablet,0
TXN00007573,CUST000004,2025-03-25 01:53:57.003505,3198.85,EUR,DE,CH,app,atm,0
TXN00007574,CUST000168,2026-01-04 02:16:57.003505,833.74,EUR,IT,DE,app,atm,0
TXN00007575,CUST000091,2025-07-09 22:12:57.003505,5888.05,CHF,GB,ES,sucursal,atm,0
TXN00007576,CUST000075,2025-08-12 21:54:57.003505,2852.73,EUR,FR,US,web,pos,0
TXN00007577,CUST000076,2025-06-23 07:58:57.003505,73.56,EUR,ES,IT,app,tablet,0
TXN00007578,CUST000058,2025-02-20 05:36:57.003505,1379.97,EUR,FR,DE,cajero,pos,0
TXN00007579,CUST000165,2025-08-18 22:58:57.003505,597.96,EUR,FR,DE,web,mobile,0
TXN00007580,CUST000009,2025-09-10 04:03:57.003505,5951.38,EUR,FR,GB,web,mobile,0
TXN00007581,CUST000159,2025-10-18 06:44:57.003505,3230.32,USD,GB,IT,sucursal,tablet,0
TXN00007582,CUST000090,2025-09-01 05:57:57.003505,4251.77,CHF,GB,ES,cajero,atm,0
TXN00007583,CUST000108,2025-02-05 03:45:57.003505,152.03,EUR,ES,FR,cajero,desktop,0
TXN00007584,CUST000093,2025-05-22 07:21:57.003505,2474.3,EUR,FR,ES,app,desktop,0
TXN00007585,CUST000001,2025-03-07 05:03:57.107482,36271.66,EUR,FR,ES,web,atm,1
TXN00007586,CUST000187,2025-12-26 01:35:57.003505,1538.55,GBP,GB,ES,web,mobile,0
TXN00007587,CUST000018,2025-07-14 02:29:57.003505,294.08,EUR,FR,ES,cajero,mobile,0
TXN00007588,CUST000005,2025-12-17 02:43:57.003505,878.81,USD,GB,IT,sucursal,tablet,0
TXN00007589,CUST000136,2025-05-24 20:04:57.003505,144.45,EUR,FR,FR,web,mobile,0
TXN00007590,CUST000088,2025-12-20 20:58:57.003505,1970.03,EUR,DE,DE,app,desktop,0
TXN00007591,CUST000032,2025-11-20 04:44:57.003505,87.15,EUR,FR,IT,app,pos,0
TXN00007592,CUST000135,2025-01-20 21:15:57.003505,1712.82,EUR,ES,DE,cajero,atm,0
TXN00007593,CUST000049,2025-04-29 05:42:57.003505,1725.94,EUR,ES,DE,app,atm,0
TXN00007594,CUST000124,2025-08-29 05:48:57.003505,969.49,EUR,DE,ES,cajero,tablet,0
TXN00007595,CUST000131,2025-07-01 20:50:57.003505,562.05,EUR,DE,GB,cajero,atm,0
TXN00007596,CUST000139,2025-05-22 02:38:57.003505,2082.3,CHF,US,FR,web,atm,0
TXN00007597,CUST000043,2025-10-25 18:02:57.107482,11233.21,USD,CH,RU,web,tablet,1
TXN00007598,CUST000150,2025-11-09 18:18:57.003505,1345.59,EUR,ES,DE,sucursal,atm,0
TXN00007599,CUST000134,2025-05-24 07:58:57.003505,86.92,EUR,FR,IT,app,desktop,0
TXN00007600,CUST000077,2025-05-04 00:47:57.003505,6140.73,GBP,CH,CH,app,mobile,0
TXN00007601,CUST000160,2025-06-24 23:13:57.003505,1580.04,EUR,DE,GB,web,pos,0
TXN00007602,CUST000075,2025-03-11 00:22:57.003505,1991.41,EUR,FR,CH,web,tablet,0
TXN00007603,CUST000054,2025-11-04 19:51:57.003505,1307.75,CHF,GB,ES,web,desktop,0
TXN00007604,CUST000130,2025-09-12 07:17:57.003505,6878.84,EUR,IT,GB,cajero,atm,0
TXN00007605,CUST000069,2025-05-19 20:00:57.003505,70.14,EUR,FR,FR,sucursal,mobile,0
TXN00007606,CUST000073,2025-07-16 05:31:57.003505,157.26,EUR,DE,FR,sucursal,atm,0
TXN00007607,CUST000000,2025-06-17 05:42:57.003505,166.87,EUR,DE,ES,cajero,mobile,0
TXN00007608,CUST000022,2026-01-04 04:52:57.003505,4330.75,EUR,IT,FR,sucursal,tablet,0
TXN00007609,CUST000139,2025-04-10 21:03:57.003505,1479.32,EUR,US,DE,app,mobile,0
TXN00007610,CUST000037,2025-05-02 23:20:57.003505,56.04,EUR,ES,ES,cajero,atm,0
TXN00007611,CUST000150,2025-05-02 02:53:57.003505,4215.9,EUR,ES,FR,sucursal,desktop,0
TXN00007612,CUST000160,2025-09-11 08:55:57.003505,818.14,EUR,DE,IT,web,tablet,0
TXN00007613,CUST000007,2025-10-10 23:31:57.003505,5824.6,EUR,DE,CH,web,pos,0
TXN00007614,CUST000179,2025-09-26 07:41:57.003505,14726.16,EUR,DE,FR,cajero,desktop,0
TXN00007615,CUST000109,2025-03-05 17:23:57.003505,1736.44,USD,CH,US,web,desktop,0
TXN00007616,CUST000164,2026-01-05 09:43:57.003505,2328.32,CHF,US,IT,web,atm,0
TXN00007617,CUST000003,2025-11-22 11:12:57.107482,716.3,EUR,ES,FR,sucursal,pos,1
TXN00007618,CUST000151,2025-02-19 19:19:57.003505,2440.41,EUR,ES,DE,sucursal,mobile,0
TXN00007619,CUST000052,2025-10-14 19:11:57.003505,270.48,EUR,ES,FR,sucursal,pos,0
TXN00007620,CUST000128,2025-05-29 07:21:57.003505,4988.26,EUR,FR,DE,sucursal,tablet,0
TXN00007621,CUST000083,2025-06-23 01:20:57.003505,88.97,EUR,ES,ES,web,desktop,0
TXN00007622,CUST000092,2025-11-22 22:05:57.003505,1351.09,EUR,FR,GB,cajero,mobile,0
TXN00007623,CUST000005,2025-05-30 02:05:57.003505,555.86,USD,GB,FR,app,atm,0
TXN00007624,CUST000004,2025-08-18 01:26:57.003505,8924.38,EUR,DE,GB,app,atm,0
TXN00007625,CUST000132,2025-12-28 18:44:57.003505,4680.54,EUR,ES,GB,app,mobile,0
TXN00007626,CUST000037,2025-07-08 21:51:57.003505,141.2,EUR,ES,ES,sucursal,desktop,0
TXN00007627,CUST000174,2025-08-30 23:57:57.003505,322.89,EUR,IT,DE,cajero,mobile,0
TXN00007628,CUST000167,2025-06-22 08:11:57.003505,3804.7,GBP,US,IT,web,tablet,0
TXN00007629,CUST000035,2025-04-12 20:54:57.003505,342.85,EUR,DE,ES,web,mobile,0
TXN00007630,CUST000166,2025-03-25 19:43:57.003505,1492.65,USD,GB,DE,app,atm,0
TXN00007631,CUST000061,2025-10-30 07:02:57.003505,3071.23,EUR,IT,US,web,desktop,0
TXN00007632,CUST000188,2025-12-05 05:46:57.003505,3006.45,EUR,IT,US,web,mobile,0
TXN00007633,CUST000152,2026-01-03 06:16:57.003505,1375.75,EUR,GB,IT,app,atm,0
TXN00007634,CUST000004,2025-10-21 22:46:57.003505,23665.03,EUR,DE,ES,sucursal,mobile,0
TXN00007635,CUST000028,2025-12-29 04:12:57.003505,29.81,EUR,ES,ES,sucursal,tablet,0
TXN00007636,CUST000166,2025-03-07 02:17:57.003505,7544.77,CHF,GB,US,sucursal,mobile,0
TXN00007637,CUST000185,2025-03-24 00:08:57.003505,2192.44,EUR,GB,ES,app,mobile,0
TXN00007638,CUST000176,2025-07-07 00:20:57.003505,318.66,EUR,ES,DE,sucursal,tablet,0
TXN00007639,CUST000164,2025-03-03 02:12:57.003505,10701.91,EUR,US,US,web,tablet,0
TXN00007640,CUST000151,2025-01-19 01:57:57.003505,2108.76,EUR,ES,ES,sucursal,desktop,0
TXN00007641,CUST000186,2025-03-11 09:21:57.003505,2046.95,EUR,IT,ES,web,desktop,0
TXN00007642,CUST000071,2025-02-17 18:06:57.003505,5660.05,EUR,FR,DE,cajero,atm,0
TXN00007643,CUST000015,2025-01-27 18:11:57.003505,4490.66,EUR,FR,DE,app,desktop,0
TXN00007644,CUST000126,2025-10-13 19:10:57.003505,1762.72,EUR,DE,IT,app,desktop,0
TXN00007645,CUST000122,2025-09-21 02:44:57.003505,161.51,USD,GB,ES,app,mobile,0
TXN00007646,CUST000098,2025-07-28 19:58:57.003505,726.99,EUR,IT,ES,app,atm,0
TXN00007647,CUST000144,2025-07-16 02:54:57.003505,1287.63,EUR,DE,GB,cajero,mobile,0
TXN00007648,CUST000125,2025-10-18 01:14:57.003505,1441.44,EUR,US,DE,app,mobile,0
TXN00007649,CUST000108,2025-08-16 00:57:57.003505,61.5,EUR,ES,IT,sucursal,atm,0
TXN00007650,CUST000097,2025-11-15 21:35:57.003505,1111.76,USD,GB,FR,cajero,atm,0
TXN00007651,CUST000087,2025-07-01 20:55:57.003505,2296.9,EUR,ES,ES,sucursal,atm,0
TXN00007652,CUST000123,2025-03-01 04:57:57.003505,709.58,EUR,FR,GB,cajero,pos,0
TXN00007653,CUST000145,2025-05-29 22:44:57.003505,394.34,EUR,DE,DE,cajero,pos,0
TXN00007654,CUST000058,2025-08-14 00:20:57.003505,7709.58,EUR,FR,FR,app,tablet,0
TXN00007655,CUST000051,2025-03-03 22:42:57.003505,911.47,EUR,DE,DE,cajero,desktop,0
TXN00007656,CUST000141,2025-09-13 03:54:57.003505,196.63,USD,GB,FR,app,pos,0
TXN00007657,CUST000024,2025-11-26 22:40:57.003505,24953.38,EUR,FR,FR,cajero,tablet,0
TXN00007658,CUST000058,2025-02-08 08:23:57.003505,3811.87,EUR,FR,ES,web,tablet,0
TXN00007659,CUST000141,2025-03-06 22:15:57.003505,825.69,GBP,GB,DE,sucursal,atm,0
TXN00007660,CUST000074,2025-12-18 19:09:57.003505,5017.38,EUR,IT,GB,app,atm,0
TXN00007661,CUST000071,2025-06-28 02:56:57.003505,4946.84,EUR,FR,GB,web,desktop,0
TXN00007662,CUST000142,2025-06-04 17:07:57.003505,14304.38,EUR,DE,CH,cajero,tablet,0
TXN00007663,CUST000090,2025-03-02 05:51:57.003505,1366.67,CHF,GB,GB,web,tablet,0
TXN00007664,CUST000003,2025-10-14 23:41:57.003505,101.49,EUR,ES,FR,cajero,desktop,0
TXN00007665,CUST000126,2025-03-27 08:24:57.003505,1642.28,EUR,DE,ES,cajero,desktop,0
TXN00007666,CUST000185,2025-12-26 20:16:57.003505,503.65,EUR,GB,GB,app,atm,0
TXN00007667,CUST000010,2025-05-17 08:25:57.003505,441.14,EUR,FR,ES,app,atm,0
TXN00007668,CUST000013,2025-10-10 15:36:57.107482,5041.92,EUR,GB,GB,cajero,pos,1
TXN00007669,CUST000172,2025-05-29 07:13:57.003505,686.7,EUR,FR,GB,sucursal,pos,0
TXN00007670,CUST000011,2025-02-16 06:34:57.003505,1676.76,EUR,ES,GB,sucursal,atm,0
TXN00007671,CUST000054,2025-04-23 08:25:57.003505,862.38,USD,GB,DE,web,mobile,0
TXN00007672,CUST000125,2025-01-28 17:53:57.003505,15418.27,USD,US,GB,app,atm,0
TXN00007673,CUST000151,2025-06-22 20:15:57.003505,9321.95,EUR,ES,FR,sucursal,mobile,0
TXN00007674,CUST000147,2025-09-06 01:21:57.003505,5045.64,USD,US,US,sucursal,tablet,0
TXN00007675,CUST000033,2025-12-24 09:02:57.003505,2357.29,EUR,IT,IT,app,desktop,0
TXN00007676,CUST000125,2025-08-10 20:28:57.003505,12705.22,GBP,US,FR,app,pos,0
TXN00007677,CUST000178,2025-05-28 05:38:57.003505,152.3,EUR,ES,ES,app,atm,0
TXN00007678,CUST000130,2025-06-19 18:14:57.003505,14233.46,EUR,IT,IT,cajero,desktop,0
TXN00007679,CUST000100,2025-08-17 04:48:57.003505,2368.46,CHF,GB,US,sucursal,desktop,0
TXN00007680,CUST000040,2025-12-29 22:57:57.107482,90189.11,EUR,IT,FR,sucursal,tablet,1
TXN00007681,CUST000135,2025-11-11 00:31:57.003505,1772.18,EUR,ES,GB,app,pos,0
TXN00007682,CUST000084,2025-07-19 06:59:57.003505,146.39,EUR,ES,ES,app,mobile,0
TXN00007683,CUST000116,2025-02-11 21:32:57.003505,2188.67,EUR,FR,DE,web,atm,0
TXN00007684,CUST000158,2025-08-29 21:16:57.003505,759.86,GBP,GB,DE,cajero,mobile,0
TXN00007685,CUST000065,2025-08-02 05:09:57.003505,1522.72,EUR,DE,GB,web,mobile,0
TXN00007686,CUST000016,2025-06-16 02:09:57.003505,835.11,EUR,IT,GB,sucursal,tablet,0
TXN00007687,CUST000019,2025-11-11 05:38:57.003505,4784.79,EUR,DE,DE,cajero,desktop,0
TXN00007688,CUST000045,2025-11-13 23:02:57.003505,742.15,USD,GB,DE,app,atm,0
TXN00007689,CUST000044,2025-04-17 20:57:57.003505,2174.28,EUR,ES,ES,cajero,tablet,0
TXN00007690,CUST000148,2025-04-14 09:22:57.003505,4589.03,EUR,ES,GB,app,tablet,0
TXN00007691,CUST000082,2025-01-26 01:45:57.003505,6172.75,EUR,ES,GB,app,tablet,0
TXN00007692,CUST000005,2025-02-25 00:07:57.003505,120.52,GBP,GB,DE,cajero,desktop,0
TXN00007693,CUST000042,2025-03-19 01:57:57.003505,2706.42,EUR,ES,GB,cajero,pos,0
TXN00007694,CUST000039,2026-01-09 04:26:57.003505,3981.71,EUR,DE,ES,sucursal,tablet,0
TXN00007695,CUST000172,2025-10-28 23:39:57.003505,386.06,EUR,FR,FR,cajero,mobile,0
TXN00007696,CUST000158,2025-10-28 21:26:57.003505,723.08,USD,GB,ES,web,mobile,0
TXN00007697,CUST000173,2025-11-22 18:17:57.003505,10257.01,EUR,DE,FR,web,atm,0
TXN00007698,CUST000056,2026-01-02 18:48:57.003505,1582.26,EUR,GB,FR,web,desktop,0
TXN00007699,CUST000063,2025-02-09 20:42:57.003505,366.71,EUR,FR,IT,web,desktop,0
TXN00007700,CUST000054,2025-10-11 07:07:57.003505,1659.99,CHF,GB,FR,sucursal,tablet,0
TXN00007701,CUST000058,2026-01-05 20:52:57.003505,2629.87,EUR,FR,ES,app,atm,0
TXN00007702,CUST000119,2025-06-06 08:50:57.003505,1318.0,GBP,US,IT,cajero,mobile,0
TXN00007703,CUST000145,2025-02-12 23:27:57.003505,335.85,EUR,DE,GB,app,tablet,0
TXN00007704,CUST000033,2025-01-21 05:01:57.003505,1917.23,EUR,IT,GB,cajero,mobile,0
TXN00007705,CUST000052,2025-01-29 21:39:57.003505,84.78,EUR,ES,ES,app,desktop,0
TXN00007706,CUST000150,2025-02-10 21:56:57.003505,5015.64,EUR,ES,DE,sucursal,tablet,0
TXN00007707,CUST000048,2025-04-27 23:58:57.003505,3124.53,EUR,FR,FR,app,desktop,0
TXN00007708,CUST000000,2025-07-17 07:34:57.003505,951.65,EUR,DE,GB,sucursal,desktop,0
TXN00007709,CUST000189,2025-06-29 04:18:57.003505,5310.91,EUR,DE,CH,app,desktop,0
TXN00007710,CUST000158,2025-05-11 01:59:57.003505,2217.64,USD,GB,DE,app,tablet,0
TXN00007711,CUST000096,2025-11-17 02:14:57.003505,4291.6,EUR,ES,US,web,tablet,0
TXN00007712,CUST000126,2025-07-20 23:39:57.003505,347.97,EUR,DE,DE,cajero,pos,0
TXN00007713,CUST000086,2025-11-09 05:24:57.003505,4627.24,EUR,ES,DE,web,pos,0
TXN00007714,CUST000048,2025-08-05 22:09:57.003505,4263.97,EUR,FR,ES,web,atm,0
TXN00007715,CUST000053,2025-06-14 03:49:57.003505,8907.14,EUR,FR,DE,sucursal,atm,0
TXN00007716,CUST000026,2025-03-11 02:37:57.003505,140.09,EUR,FR,IT,sucursal,desktop,0
TXN00007717,CUST000009,2025-10-17 05:39:57.003505,12254.24,EUR,FR,CH,web,desktop,0
TXN00007718,CUST000141,2025-10-26 23:37:57.003505,143.17,USD,GB,DE,web,tablet,0
TXN00007719,CUST000038,2025-08-05 21:41:57.003505,907.52,EUR,ES,FR,web,tablet,0
TXN00007720,CUST000186,2026-01-10 19:22:57.003505,1715.83,EUR,IT,FR,cajero,pos,0
TXN00007721,CUST000060,2025-11-15 19:27:57.003505,187.35,EUR,IT,GB,app,pos,0
TXN00007722,CUST000177,2026-01-10 06:23:57.003505,1434.4,EUR,FR,ES,app,atm,0
TXN00007723,CUST000030,2025-09-15 03:26:57.003505,144.57,CHF,GB,DE,cajero,tablet,0
TXN00007724,CUST000015,2025-12-07 01:43:57.003505,10631.64,EUR,FR,FR,app,pos,0
TXN00007725,CUST000065,2025-04-01 03:47:57.003505,878.18,EUR,DE,IT,cajero,pos,0
TXN00007726,CUST000116,2025-03-30 19:53:57.003505,2028.49,EUR,FR,FR,cajero,tablet,0
TXN00007727,CUST000155,2025-02-21 18:48:57.003505,964.9,EUR,IT,DE,sucursal,atm,0
TXN00007728,CUST000010,2025-03-08 08:48:57.003505,801.77,EUR,FR,ES,app,desktop,0
TXN00007729,CUST000061,2025-01-23 23:57:57.003505,2876.68,EUR,IT,DE,sucursal,tablet,0
TXN00007730,CUST000034,2025-12-15 01:37:57.003505,39.12,EUR,FR,ES,app,mobile,0
TXN00007731,CUST000095,2025-03-22 19:05:57.003505,322.99,EUR,IT,IT,app,tablet,0
TXN00007732,CUST000156,2026-01-15 07:31:57.003505,93.08,EUR,FR,FR,app,tablet,0
TXN00007733,CUST000166,2025-08-07 00:08:57.003505,12307.36,EUR,GB,ES,cajero,atm,0
TXN00007734,CUST000000,2025-05-01 05:40:57.003505,448.54,EUR,DE,FR,web,mobile,0
TXN00007735,CUST000135,2025-04-12 04:18:57.003505,617.33,EUR,ES,GB,sucursal,mobile,0
TXN00007736,CUST000123,2025-10-17 07:58:57.003505,500.74,EUR,FR,DE,sucursal,atm,0
TXN00007737,CUST000130,2025-04-25 09:40:57.003505,9082.48,EUR,IT,ES,web,tablet,0
TXN00007738,CUST000064,2025-04-25 07:11:57.003505,1341.48,EUR,ES,IT,cajero,tablet,0
TXN00007739,CUST000033,2025-06-18 19:21:57.107482,78486.65,EUR,IT,DE,web,desktop,1
TXN00007740,CUST000107,2025-02-27 05:22:57.003505,8016.5,EUR,DE,CH,app,atm,0
TXN00007741,CUST000012,2025-12-08 20:12:57.003505,10045.09,EUR,IT,US,cajero,mobile,0
TXN00007742,CUST000002,2025-10-15 20:31:57.003505,42.98,EUR,ES,ES,cajero,tablet,0
TXN00007743,CUST000110,2025-07-06 20:56:57.003505,106.61,EUR,ES,FR,app,mobile,0
TXN00007744,CUST000071,2025-05-02 23:52:57.003505,2747.81,EUR,FR,CH,cajero,atm,0
TXN00007745,CUST000099,2025-01-25 04:32:57.003505,26.89,EUR,IT,ES,cajero,tablet,0
TXN00007746,CUST000101,2025-03-27 23:56:57.003505,263.4,EUR,FR,FR,web,desktop,0
TXN00007747,CUST000181,2025-11-18 08:30:57.003505,1812.8,EUR,IT,GB,web,pos,0
TXN00007748,CUST000126,2025-03-20 19:50:57.003505,1357.06,EUR,DE,FR,cajero,pos,0
TXN00007749,CUST000061,2025-12-01 18:22:57.003505,5622.48,EUR,IT,GB,cajero,atm,0
TXN00007750,CUST000169,2025-02-11 18:29:57.003505,605.1,EUR,DE,FR,app,desktop,0
TXN00007751,CUST000163,2025-01-20 03:54:57.003505,83.31,EUR,ES,IT,app,atm,0
TXN00007752,CUST000154,2025-09-13 09:58:57.003505,5205.05,EUR,ES,DE,app,tablet,0
TXN00007753,CUST000017,2025-03-01 01:12:57.107482,93161.82,EUR,FR,DE,app,desktop,1
TXN00007754,CUST000038,2025-01-18 19:39:57.003505,724.51,EUR,ES,ES,app,pos,0
TXN00007755,CUST000078,2025-03-05 19:24:57.003505,6615.19,EUR,DE,US,app,atm,0
TXN00007756,CUST000103,2026-01-10 05:10:57.003505,2689.73,EUR,ES,DE,cajero,mobile,0
TXN00007757,CUST000109,2025-05-23 03:12:57.003505,7111.96,GBP,CH,US,app,tablet,0
TXN00007758,CUST000120,2025-02-24 05:44:57.003505,107.57,EUR,IT,IT,cajero,pos,0
TXN00007759,CUST000120,2026-01-04 01:09:57.003505,58.66,EUR,IT,ES,cajero,tablet,0
TXN00007760,CUST000092,2025-08-13 05:23:57.003505,8292.53,EUR,FR,IT,app,mobile,0
TXN00007761,CUST000170,2025-07-21 01:32:57.003505,5585.47,USD,US,FR,cajero,tablet,0
TXN00007762,CUST000134,2025-12-26 05:11:57.003505,198.97,EUR,FR,FR,app,tablet,0
TXN00007763,CUST000162,2025-05-08 17:58:57.003505,5007.03,USD,CH,FR,app,mobile,0
TXN00007764,CUST000089,2025-07-07 03:13:57.003505,340.26,EUR,ES,IT,sucursal,mobile,0
TXN00007765,CUST000075,2025-05-29 21:15:57.003505,19371.96,EUR,FR,ES,web,desktop,0
TXN00007766,CUST000183,2025-05-23 00:39:57.003505,253.14,EUR,IT,IT,web,atm,0
TXN00007767,CUST000170,2025-08-20 22:05:57.003505,8528.44,EUR,US,US,sucursal,mobile,0
TXN00007768,CUST000102,2025-01-15 19:31:57.003505,4958.18,EUR,FR,CH,app,pos,0
TXN00007769,CUST000149,2025-08-15 22:39:57.003505,1551.88,EUR,ES,US,web,tablet,0
TXN00007770,CUST000052,2025-08-24 22:30:57.003505,214.58,EUR,ES,FR,sucursal,atm,0
TXN00007771,CUST000087,2025-12-19 00:06:57.003505,276.32,EUR,ES,DE,web,mobile,0
TXN00007772,CUST000041,2025-05-20 09:00:57.003505,2909.16,EUR,DE,US,app,pos,0
TXN00007773,CUST000088,2025-12-15 00:29:57.003505,702.58,EUR,DE,FR,cajero,tablet,0
TXN00007774,CUST000170,2025-12-12 04:50:57.003505,18427.63,USD,US,FR,app,desktop,0
TXN00007775,CUST000176,2025-12-24 08:25:57.003505,476.58,EUR,ES,IT,cajero,desktop,0
TXN00007776,CUST000181,2025-12-16 21:49:57.003505,2932.89,EUR,IT,DE,app,atm,0
TXN00007777,CUST000007,2025-06-01 17:36:57.003505,2217.99,EUR,DE,GB,web,mobile,0
TXN00007778,CUST000098,2025-02-27 20:37:57.003505,442.78,EUR,IT,GB,sucursal,tablet,0
TXN00007779,CUST000170,2025-11-12 00:56:57.003505,3191.6,GBP,US,US,web,pos,0
TXN00007780,CUST000104,2025-06-15 02:22:57.003505,586.01,EUR,ES,ES,cajero,pos,0
TXN00007781,CUST000147,2025-10-31 06:31:57.003505,2859.63,GBP,US,FR,sucursal,atm,0
TXN00007782,CUST000182,2025-09-16 21:43:57.003505,4437.91,EUR,FR,DE,sucursal,mobile,0
TXN00007783,CUST000048,2025-03-14 11:22:57.107482,30898.49,EUR,FR,US,cajero,mobile,1
TXN00007784,CUST000008,2025-10-18 01:21:57.003505,7513.07,EUR,IT,US,sucursal,atm,0
TXN00007785,CUST000007,2025-12-21 18:07:57.003505,9799.95,EUR,DE,US,sucursal,tablet,0
TXN00007786,CUST000001,2025-12-16 20:14:57.003505,608.14,EUR,FR,DE,web,mobile,0
TXN00007787,CUST000079,2025-03-20 00:52:57.003505,7000.62,EUR,FR,GB,sucursal,atm,0
TXN00007788,CUST000007,2025-02-26 13:31:57.107482,26767.29,EUR,DE,SY,app,mobile,1
TXN00007789,CUST000082,2025-06-01 02:05:57.003505,4108.41,EUR,ES,US,sucursal,mobile,0
TXN00007790,CUST000024,2025-01-21 19:09:57.003505,3084.48,EUR,FR,GB,cajero,tablet,0
TXN00007791,CUST000066,2025-01-22 08:53:57.003505,2581.55,EUR,DE,GB,sucursal,atm,0
TXN00007792,CUST000055,2025-07-09 05:59:57.003505,8240.5,CHF,CH,CH,sucursal,tablet,0
TXN00007793,CUST000016,2025-07-21 01:24:57.003505,1555.12,EUR,IT,DE,sucursal,tablet,0
TXN00007794,CUST000181,2026-01-13 06:55:57.003505,630.99,EUR,IT,ES,web,pos,0
TXN00007795,CUST000077,2025-07-25 18:51:57.003505,2722.04,USD,CH,ES,web,atm,0
TXN00007796,CUST000114,2025-08-08 23:03:57.003505,9065.14,EUR,ES,FR,web,atm,0
TXN00007797,CUST000147,2025-01-22 09:00:57.003505,4955.43,CHF,US,DE,app,atm,0
TXN00007798,CUST000174,2025-09-06 07:15:57.003505,889.18,EUR,IT,ES,web,pos,0
TXN00007799,CUST000084,2025-04-11 00:41:57.003505,215.31,EUR,ES,ES,cajero,atm,0
TXN00007800,CUST000012,2025-11-22 18:03:57.107482,80707.35,EUR,IT,US,app,pos,1
TXN00007801,CUST000023,2025-08-01 04:50:57.003505,5352.12,EUR,FR,DE,web,atm,0
TXN00007802,CUST000128,2025-07-02 04:38:57.003505,4898.62,EUR,FR,IT,cajero,atm,0
TXN00007803,CUST000060,2025-09-24 02:10:57.003505,441.82,EUR,IT,ES,cajero,desktop,0
TXN00007804,CUST000073,2025-10-13 23:08:57.003505,372.3,EUR,DE,ES,web,desktop,0
TXN00007805,CUST000123,2025-03-10 01:18:57.003505,215.58,EUR,FR,IT,app,tablet,0
TXN00007806,CUST000025,2025-12-03 21:55:57.003505,120.46,EUR,ES,GB,sucursal,pos,0
TXN00007807,CUST000148,2025-05-29 06:46:57.003505,3416.92,EUR,ES,DE,cajero,atm,0
TXN00007808,CUST000072,2025-08-22 22:08:57.003505,3454.76,USD,GB,DE,app,desktop,0
TXN00007809,CUST000113,2025-03-14 18:54:57.003505,10434.16,USD,CH,FR,web,desktop,0
TXN00007810,CUST000071,2025-03-13 04:46:57.003505,3843.84,EUR,FR,FR,app,pos,0
TXN00007811,CUST000077,2025-11-23 03:51:57.003505,833.94,CHF,CH,DE,app,tablet,0
TXN00007812,CUST000102,2025-11-17 20:51:57.003505,6026.93,EUR,FR,CH,web,atm,0
TXN00007813,CUST000096,2025-06-16 18:39:57.003505,11068.18,EUR,ES,ES,web,mobile,0
TXN00007814,CUST000121,2025-10-08 08:18:57.003505,513.4,EUR,ES,ES,web,mobile,0
TXN00007815,CUST000016,2025-08-18 12:00:57.107482,2640.08,EUR,IT,DE,web,pos,1
TXN00007816,CUST000158,2025-09-05 04:26:57.003505,562.82,CHF,GB,ES,app,desktop,0
TXN00007817,CUST000076,2025-09-03 06:50:57.003505,113.16,EUR,ES,FR,app,atm,0
TXN00007818,CUST000135,2025-04-06 21:07:57.003505,608.07,EUR,ES,FR,app,tablet,0
TXN00007819,CUST000026,2025-12-30 23:31:57.003505,90.5,EUR,FR,ES,web,tablet,0
TXN00007820,CUST000051,2025-11-04 22:00:57.003505,557.77,EUR,DE,IT,web,desktop,0
TXN00007821,CUST000081,2025-09-28 00:03:57.003505,865.0,CHF,CH,DE,web,desktop,0
TXN00007822,CUST000142,2025-04-10 21:29:57.003505,3766.37,EUR,DE,FR,cajero,pos,0
TXN00007823,CUST000013,2025-04-21 00:41:57.003505,104.65,EUR,GB,DE,cajero,atm,0
TXN00007824,CUST000093,2025-10-15 09:24:57.003505,5150.84,EUR,FR,DE,cajero,atm,0
TXN00007825,CUST000116,2025-05-27 04:03:57.003505,1733.55,EUR,FR,ES,cajero,pos,0
TXN00007826,CUST000059,2025-03-24 05:31:57.003505,44.89,EUR,FR,IT,web,pos,0
TXN00007827,CUST000036,2025-04-08 01:26:57.003505,4508.59,EUR,FR,DE,web,pos,0
TXN00007828,CUST000143,2025-09-16 05:08:57.003505,4698.97,EUR,ES,ES,cajero,mobile,0
TXN00007829,CUST000107,2025-12-24 21:41:57.003505,8535.22,EUR,DE,FR,app,desktop,0
TXN00007830,CUST000159,2025-12-05 22:00:57.003505,3587.73,USD,GB,FR,cajero,pos,0
TXN00007831,CUST000097,2025-04-18 19:17:57.003505,4560.27,CHF,GB,ES,cajero,tablet,0
TXN00007832,CUST000179,2025-05-16 09:58:57.003505,4615.8,EUR,DE,IT,app,desktop,0
TXN00007833,CUST000066,2025-05-03 06:51:57.003505,229.23,EUR,DE,ES,app,tablet,0
TXN00007834,CUST000125,2025-06-20 02:32:57.003505,6572.93,CHF,US,GB,app,desktop,0
TXN00007835,CUST000074,2025-11-07 23:37:57.003505,1729.71,EUR,IT,FR,web,atm,0
TXN00007836,CUST000025,2025-04-02 03:21:57.107482,2381.61,EUR,ES,NG,sucursal,atm,1
TXN00007837,CUST000060,2025-10-02 02:01:57.003505,258.99,EUR,IT,IT,web,desktop,0
TXN00007838,CUST000139,2025-07-29 21:54:57.003505,1912.61,EUR,US,ES,app,atm,0
TXN00007839,CUST000086,2025-06-04 07:29:57.003505,13811.07,EUR,ES,DE,web,mobile,0
TXN00007840,CUST000096,2025-07-16 19:23:57.003505,4081.97,EUR,ES,ES,web,atm,0
TXN00007841,CUST000122,2025-07-07 21:37:57.003505,654.82,CHF,GB,IT,cajero,mobile,0
TXN00007842,CUST000026,2025-12-17 05:54:57.003505,84.53,EUR,FR,FR,app,atm,0
TXN00007843,CUST000038,2025-09-18 07:57:57.107482,58249.62,EUR,ES,IT,web,pos,1
TXN00007844,CUST000093,2025-08-06 09:37:57.003505,4062.17,EUR,FR,US,sucursal,tablet,0
TXN00007845,CUST000002,2025-03-03 00:21:57.003505,370.02,EUR,ES,FR,app,mobile,0
TXN00007846,CUST000123,2025-03-29 06:42:57.003505,228.69,EUR,FR,IT,cajero,atm,0
TXN00007847,CUST000150,2025-04-05 22:47:57.003505,2267.41,EUR,ES,IT,sucursal,tablet,0
TXN00007848,CUST000131,2025-08-24 03:33:57.003505,152.31,EUR,DE,FR,sucursal,mobile,0
TXN00007849,CUST000014,2025-01-29 06:29:57.003505,671.85,EUR,IT,FR,cajero,tablet,0
TXN00007850,CUST000118,2025-04-18 21:28:57.003505,9535.22,EUR,DE,DE,cajero,desktop,0
TXN00007851,CUST000014,2025-03-21 06:38:57.107482,3969.85,EUR,IT,PK,cajero,tablet,1
TXN00007852,CUST000129,2025-02-13 19:24:57.003505,2939.32,EUR,US,DE,web,pos,0
TXN00007853,CUST000055,2025-12-19 04:51:57.003505,14812.74,GBP,CH,GB,sucursal,pos,0
TXN00007854,CUST000091,2025-10-21 05:28:57.003505,14217.82,CHF,GB,ES,web,desktop,0
TXN00007855,CUST000043,2025-02-28 02:08:57.003505,5724.76,CHF,CH,ES,cajero,atm,0
TXN00007856,CUST000009,2025-01-30 03:09:57.003505,6847.77,EUR,FR,ES,app,desktop,0
TXN00007857,CUST000185,2025-07-18 04:33:57.003505,513.89,USD,GB,DE,app,tablet,0
TXN00007858,CUST000015,2025-08-20 07:51:57.107482,14942.03,EUR,FR,KP,web,atm,1
TXN00007859,CUST000171,2025-10-21 09:31:57.003505,5101.08,EUR,IT,DE,cajero,desktop,0
TXN00007860,CUST000178,2025-02-17 04:07:57.003505,230.23,EUR,ES,IT,app,pos,0
TXN00007861,CUST000148,2025-08-13 08:16:57.003505,3547.19,EUR,ES,GB,cajero,pos,0
TXN00007862,CUST000188,2025-11-17 09:31:57.003505,4407.97,EUR,IT,GB,web,desktop,0
TXN00007863,CUST000137,2025-06-29 23:52:57.003505,2786.35,EUR,FR,ES,web,atm,0
TXN00007864,CUST000002,2025-06-03 22:27:57.003505,115.67,EUR,ES,IT,sucursal,tablet,0
TXN00007865,CUST000031,2025-02-16 22:12:57.003505,1641.37,EUR,ES,CH,app,tablet,0
TXN00007866,CUST000155,2025-08-29 20:41:57.003505,1726.13,EUR,IT,ES,web,atm,0
TXN00007867,CUST000128,2025-02-15 09:44:57.003505,13901.43,EUR,FR,FR,sucursal,desktop,0
TXN00007868,CUST000053,2025-02-10 21:15:57.003505,3902.77,EUR,FR,US,sucursal,mobile,0
TXN00007869,CUST000021,2025-07-10 22:28:57.003505,21.35,EUR,FR,ES,web,atm,0
TXN00007870,CUST000158,2025-12-11 00:39:57.003505,801.68,GBP,GB,FR,web,pos,0
TXN00007871,CUST000038,2025-04-15 03:30:57.107482,11404.82,EUR,ES,FR,sucursal,pos,1
TXN00007872,CUST000000,2025-11-03 22:22:57.003505,2856.76,EUR,DE,ES,cajero,tablet,0
TXN00007873,CUST000139,2025-08-01 03:03:57.003505,626.29,USD,US,FR,sucursal,pos,0
TXN00007874,CUST000116,2025-12-15 00:49:57.003505,4711.85,EUR,FR,FR,sucursal,mobile,0
TXN00007875,CUST000092,2025-11-25 02:54:57.003505,7180.48,EUR,FR,DE,cajero,atm,0
TXN00007876,CUST000112,2025-06-04 23:34:57.003505,2787.33,CHF,US,US,cajero,desktop,0
TXN00007877,CUST000123,2025-02-19 22:42:57.003505,137.26,EUR,FR,FR,sucursal,tablet,0
TXN00007878,CUST000152,2025-11-12 22:28:57.003505,890.4,EUR,GB,DE,web,mobile,0
TXN00007879,CUST000091,2025-11-05 01:34:57.003505,10851.81,USD,GB,GB,web,pos,0
TXN00007880,CUST000004,2025-08-08 03:15:57.003505,8459.82,EUR,DE,CH,cajero,atm,0
TXN00007881,CUST000173,2026-01-07 05:42:57.003505,5009.13,EUR,DE,IT,web,desktop,0
TXN00007882,CUST000057,2025-01-28 19:11:57.003505,56.4,EUR,ES,IT,cajero,atm,0
TXN00007883,CUST000017,2025-03-02 10:22:57.107482,11524.61,EUR,FR,GB,cajero,desktop,1
TXN00007884,CUST000049,2025-04-13 13:16:57.107482,28818.02,EUR,ES,NG,cajero,atm,1
TXN00007885,CUST000081,2025-06-16 00:10:57.003505,13976.56,EUR,CH,FR,app,desktop,0
TXN00007886,CUST000138,2025-01-24 08:03:57.003505,3098.67,EUR,FR,DE,web,tablet,0
TXN00007887,CUST000059,2025-07-02 04:44:57.003505,316.97,EUR,FR,IT,web,atm,0
TXN00007888,CUST000051,2025-03-30 19:55:57.003505,405.83,EUR,DE,DE,cajero,tablet,0
TXN00007889,CUST000184,2025-03-17 04:01:57.003505,111.43,EUR,FR,FR,cajero,mobile,0
TXN00007890,CUST000120,2025-09-07 19:02:57.003505,278.61,EUR,IT,ES,sucursal,atm,0
TXN00007891,CUST000072,2025-03-02 02:09:57.003505,8549.17,USD,GB,US,app,tablet,0
TXN00007892,CUST000122,2025-07-26 03:42:57.003505,1243.94,CHF,GB,ES,sucursal,mobile,0
TXN00007893,CUST000077,2025-04-07 19:42:57.003505,2148.26,CHF,CH,CH,app,atm,0
TXN00007894,CUST000180,2025-12-24 05:51:57.003505,446.98,GBP,GB,IT,app,atm,0
TXN00007895,CUST000037,2025-02-03 01:06:57.003505,113.29,EUR,ES,FR,cajero,tablet,0
TXN00007896,CUST000095,2025-09-24 07:58:57.003505,92.49,EUR,IT,ES,web,atm,0
TXN00007897,CUST000126,2025-12-16 23:54:57.003505,2182.71,EUR,DE,DE,web,atm,0
TXN00007898,CUST000097,2025-10-13 01:39:57.003505,8908.33,EUR,GB,ES,sucursal,desktop,0
TXN00007899,CUST000143,2025-04-28 07:14:57.003505,3666.03,EUR,ES,IT,cajero,pos,0
TXN00007900,CUST000155,2025-11-28 05:08:57.003505,1122.13,EUR,IT,DE,web,desktop,0
TXN00007901,CUST000077,2026-01-01 04:07:57.003505,6694.92,USD,CH,FR,cajero,atm,0
TXN00007902,CUST000102,2025-12-11 17:45:57.003505,21094.3,EUR,FR,CH,app,mobile,0
TXN00007903,CUST000140,2025-10-18 21:49:57.003505,627.74,EUR,DE,FR,cajero,atm,0
TXN00007904,CUST000072,2025-04-07 08:17:57.003505,4911.47,CHF,GB,IT,sucursal,atm,0
TXN00007905,CUST000143,2025-10-28 20:35:57.003505,3178.79,EUR,ES,GB,app,pos,0
TXN00007906,CUST000136,2025-12-22 02:47:57.003505,475.76,EUR,FR,ES,app,desktop,0
TXN00007907,CUST000105,2025-06-26 04:49:57.003505,1636.87,CHF,US,US,app,atm,0
TXN00007908,CUST000160,2025-06-17 00:11:57.003505,814.39,EUR,DE,IT,app,desktop,0
TXN00007909,CUST000058,2025-05-29 05:29:57.003505,6569.17,EUR,FR,US,web,tablet,0
TXN00007910,CUST000035,2025-11-09 01:44:57.003505,275.34,EUR,DE,GB,sucursal,pos,0
TXN00007911,CUST000016,2025-04-25 18:46:57.003505,2575.46,EUR,IT,ES,web,atm,0
TXN00007912,CUST000016,2025-12-19 21:09:57.003505,1054.91,EUR,IT,ES,cajero,mobile,0
TXN00007913,CUST000081,2025-07-02 05:58:57.003505,9485.7,CHF,CH,DE,sucursal,pos,0
TXN00007914,CUST000078,2025-11-18 05:09:57.003505,4340.03,EUR,DE,GB,app,atm,0
TXN00007915,CUST000008,2025-08-05 09:10:57.107482,33922.02,EUR,IT,IT,cajero,mobile,1
TXN00007916,CUST000148,2025-02-16 19:59:57.003505,3728.07,EUR,ES,ES,web,desktop,0
TXN00007917,CUST000137,2026-01-16 02:27:57.003505,1607.5,EUR,FR,IT,web,mobile,0
TXN00007918,CUST000032,2025-04-06 06:47:57.003505,38.62,EUR,FR,ES,app,pos,0
TXN00007919,CUST000039,2025-04-04 21:23:57.003505,6809.43,EUR,DE,GB,sucursal,mobile,0
TXN00007920,CUST000079,2025-09-02 22:19:57.003505,6660.41,EUR,FR,FR,sucursal,tablet,0
TXN00007921,CUST000133,2025-11-08 07:36:57.003505,58.25,EUR,IT,ES,app,desktop,0
TXN00007922,CUST000060,2025-06-22 04:42:57.003505,901.22,EUR,IT,IT,web,pos,0
TXN00007923,CUST000019,2025-01-24 02:01:57.003505,24967.72,EUR,DE,DE,cajero,pos,0
TXN00007924,CUST000004,2025-04-13 19:13:57.107482,90708.58,EUR,DE,DE,sucursal,tablet,1
TXN00007925,CUST000113,2025-10-30 20:45:57.003505,1541.11,GBP,CH,CH,app,atm,0
TXN00007926,CUST000176,2025-03-23 21:15:57.003505,1824.6,EUR,ES,DE,cajero,tablet,0
TXN00007927,CUST000018,2025-12-31 23:14:57.003505,15.89,EUR,FR,ES,web,tablet,0
TXN00007928,CUST000043,2025-05-12 00:45:57.003505,5595.2,USD,CH,GB,app,desktop,0
TXN00007929,CUST000054,2025-04-03 19:04:57.003505,279.35,CHF,GB,DE,cajero,pos,0
TXN00007930,CUST000037,2025-04-15 19:59:57.003505,262.49,EUR,ES,IT,cajero,mobile,0
TXN00007931,CUST000020,2025-03-28 20:52:57.003505,242.58,EUR,IT,IT,app,desktop,0
TXN00007932,CUST000034,2025-06-13 01:47:57.003505,288.35,EUR,FR,FR,web,pos,0
TXN00007933,CUST000127,2025-08-17 08:58:57.003505,8014.82,EUR,FR,ES,cajero,mobile,0
TXN00007934,CUST000120,2025-08-09 20:06:57.003505,11.93,EUR,IT,IT,web,tablet,0
TXN00007935,CUST000140,2025-10-11 23:15:57.003505,782.11,EUR,DE,FR,web,pos,0
TXN00007936,CUST000106,2025-07-25 20:15:57.003505,44.66,EUR,FR,ES,cajero,desktop,0
TXN00007937,CUST000020,2025-11-20 03:00:57.003505,21.62,EUR,IT,IT,sucursal,pos,0
TXN00007938,CUST000172,2025-07-31 21:18:57.003505,780.45,EUR,FR,DE,cajero,atm,0
TXN00007939,CUST000175,2025-02-02 22:36:57.003505,1018.14,USD,CH,FR,sucursal,desktop,0
TXN00007940,CUST000010,2025-08-29 15:23:57.107482,2036.01,EUR,FR,GB,sucursal,atm,1
TXN00007941,CUST000051,2025-12-20 05:35:57.003505,397.02,EUR,DE,DE,web,tablet,0
TXN00007942,CUST000158,2025-04-15 20:14:57.003505,673.91,GBP,GB,ES,app,desktop,0
TXN00007943,CUST000176,2025-02-16 20:23:57.003505,757.32,EUR,ES,ES,sucursal,mobile,0
TXN00007944,CUST000187,2025-05-17 04:20:57.003505,3824.63,USD,GB,FR,sucursal,tablet,0
TXN00007945,CUST000007,2025-08-10 19:38:57.003505,6739.94,EUR,DE,DE,app,atm,0
TXN00007946,CUST000079,2025-11-29 18:31:57.003505,11201.52,EUR,FR,FR,cajero,desktop,0
TXN00007947,CUST000127,2025-12-25 18:15:57.003505,13765.89,EUR,FR,IT,web,mobile,0
TXN00007948,CUST000143,2025-03-16 19:28:57.003505,1374.62,EUR,ES,ES,sucursal,tablet,0
TXN00007949,CUST000043,2025-08-16 05:24:57.003505,3237.41,USD,CH,CH,app,pos,0
TXN00007950,CUST000133,2025-05-23 20:16:57.003505,59.24,EUR,IT,IT,app,tablet,0
TXN00007951,CUST000110,2025-12-23 23:20:57.003505,103.01,EUR,ES,IT,cajero,pos,0
TXN00007952,CUST000074,2025-08-01 02:02:57.003505,4287.59,EUR,IT,IT,web,tablet,0
TXN00007953,CUST000182,2025-06-27 23:31:57.003505,8027.78,EUR,FR,US,sucursal,mobile,0
TXN00007954,CUST000018,2025-09-13 19:41:57.003505,94.5,EUR,FR,FR,cajero,mobile,0
TXN00007955,CUST000134,2025-04-18 19:30:57.003505,55.27,EUR,FR,FR,cajero,tablet,0
TXN00007956,CUST000169,2025-02-19 01:44:57.003505,1631.66,EUR,DE,IT,web,atm,0
TXN00007957,CUST000001,2025-09-06 08:22:57.003505,690.15,EUR,FR,GB,sucursal,tablet,0
TXN00007958,CUST000093,2025-11-11 01:58:57.003505,4894.8,EUR,FR,US,app,mobile,0
TXN00007959,CUST000050,2025-02-23 00:47:57.003505,1637.63,EUR,FR,FR,cajero,mobile,0
TXN00007960,CUST000017,2026-01-05 21:42:57.003505,1305.37,EUR,FR,FR,sucursal,pos,0
TXN00007961,CUST000106,2025-09-12 03:51:57.003505,198.69,EUR,FR,IT,app,pos,0
TXN00007962,CUST000141,2025-01-23 01:09:57.003505,1053.64,EUR,GB,IT,app,atm,0
TXN00007963,CUST000029,2025-07-25 20:26:57.003505,4685.61,USD,GB,US,cajero,tablet,0
TXN00007964,CUST000043,2025-08-07 04:26:57.003505,1812.55,EUR,CH,CH,app,mobile,0
TXN00007965,CUST000031,2025-10-07 03:34:57.003505,1878.15,EUR,ES,ES,cajero,mobile,0
TXN00007966,CUST000019,2025-10-02 05:53:57.003505,687.1,EUR,DE,ES,web,tablet,0
TXN00007967,CUST000030,2025-01-21 00:45:57.003505,411.04,GBP,GB,GB,cajero,atm,0
TXN00007968,CUST000147,2025-07-12 09:27:57.003505,1438.29,CHF,US,DE,sucursal,pos,0
TXN00007969,CUST000066,2025-07-02 06:35:57.003505,1817.35,EUR,DE,IT,app,pos,0
TXN00007970,CUST000084,2025-11-07 05:02:57.003505,73.09,EUR,ES,FR,web,atm,0
TXN00007971,CUST000022,2025-04-17 07:40:57.003505,8182.64,EUR,IT,US,app,pos,0
TXN00007972,CUST000132,2025-04-07 04:21:57.003505,2228.11,EUR,ES,FR,sucursal,tablet,0
TXN00007973,CUST000169,2025-12-19 18:50:57.003505,278.27,EUR,DE,FR,sucursal,tablet,0
TXN00007974,CUST000133,2025-11-23 02:59:57.003505,62.92,EUR,IT,IT,app,pos,0
TXN00007975,CUST000110,2025-05-24 06:33:57.003505,460.63,EUR,ES,FR,app,tablet,0
TXN00007976,CUST000098,2025-06-21 23:29:57.003505,347.65,EUR,IT,GB,web,mobile,0
TXN00007977,CUST000002,2025-02-25 01:41:57.003505,21.06,EUR,ES,IT,app,mobile,0
TXN00007978,CUST000106,2025-11-03 05:09:57.003505,53.71,EUR,FR,ES,app,tablet,0
TXN00007979,CUST000050,2025-02-08 09:15:57.003505,9424.02,EUR,FR,GB,app,tablet,0
TXN00007980,CUST000073,2025-07-20 03:46:57.003505,865.75,EUR,DE,DE,cajero,mobile,0
TXN00007981,CUST000174,2025-12-08 02:51:57.003505,445.24,EUR,IT,DE,cajero,pos,0
TXN00007982,CUST000040,2025-10-25 20:07:57.003505,223.27,EUR,IT,ES,sucursal,desktop,0
TXN00007983,CUST000031,2025-07-05 23:27:57.003505,4515.2,EUR,ES,DE,web,pos,0
TXN00007984,CUST000178,2025-03-01 05:19:57.003505,234.19,EUR,ES,ES,web,desktop,0
TXN00007985,CUST000090,2025-04-15 21:03:57.003505,2347.13,GBP,GB,ES,app,desktop,0
TXN00007986,CUST000117,2025-10-25 09:08:57.003505,1607.82,EUR,ES,US,cajero,desktop,0
TXN00007987,CUST000032,2025-10-11 14:01:57.107482,1440.15,EUR,FR,ES,sucursal,pos,1
TXN00007988,CUST000188,2025-05-30 07:31:57.003505,4726.14,EUR,IT,ES,cajero,atm,0
TXN00007989,CUST000046,2025-04-21 01:37:57.003505,15541.09,USD,GB,US,sucursal,tablet,0
TXN00007990,CUST000104,2026-01-10 08:35:57.003505,520.51,EUR,ES,GB,app,atm,0
TXN00007991,CUST000062,2025-12-25 21:13:57.003505,427.3,EUR,IT,DE,sucursal,mobile,0
TXN00007992,CUST000169,2025-10-05 18:30:57.003505,286.48,EUR,DE,GB,app,desktop,0
TXN00007993,CUST000134,2025-12-28 06:11:57.003505,397.87,EUR,FR,IT,cajero,tablet,0
TXN00007994,CUST000140,2025-01-24 04:04:57.003505,378.76,EUR,DE,GB,app,mobile,0
TXN00007995,CUST000034,2025-08-22 05:26:57.003505,39.11,EUR,FR,FR,sucursal,desktop,0
TXN00007996,CUST000068,2025-02-11 01:44:57.003505,2320.43,EUR,ES,FR,web,tablet,0
TXN00007997,CUST000004,2025-09-25 21:53:57.003505,4498.29,EUR,DE,CH,app,atm,0
TXN00007998,CUST000063,2025-08-05 02:48:57.003505,231.71,EUR,FR,ES,web,tablet,0
TXN00007999,CUST000081,2025-09-14 18:41:57.003505,7808.77,EUR,CH,GB,cajero,pos,0
TXN00008000,CUST000176,2025-04-08 18:55:57.003505,123.88,EUR,ES,GB,app,mobile,0
TXN00008001,CUST000018,2025-08-05 01:59:57.003505,447.47,EUR,FR,ES,sucursal,mobile,0
TXN00008002,CUST000058,2025-02-25 09:18:57.003505,8720.57,EUR,FR,ES,cajero,mobile,0
TXN00008003,CUST000005,2026-01-10 05:29:57.003505,885.1,CHF,GB,IT,web,atm,0
TXN00008004,CUST000076,2025-06-06 01:34:57.003505,49.92,EUR,ES,FR,app,desktop,0
TXN00008005,CUST000089,2025-02-19 20:45:57.003505,145.97,EUR,ES,FR,sucursal,tablet,0
TXN00008006,CUST000108,2025-10-09 20:25:57.003505,223.6,EUR,ES,ES,app,atm,0
TXN00008007,CUST000000,2025-10-27 18:02:57.003505,852.93,EUR,DE,DE,cajero,pos,0
TXN00008008,CUST000181,2025-06-26 06:07:57.003505,538.85,EUR,IT,ES,app,mobile,0
TXN00008009,CUST000092,2025-02-03 03:41:57.003505,2184.82,EUR,FR,GB,cajero,atm,0
TXN00008010,CUST000066,2025-05-12 00:22:57.003505,1026.87,EUR,DE,ES,sucursal,pos,0
TXN00008011,CUST000027,2025-03-12 06:22:57.003505,14.48,EUR,FR,IT,web,atm,0
TXN00008012,CUST000034,2025-02-03 20:37:57.003505,373.65,EUR,FR,IT,sucursal,tablet,0
TXN00008013,CUST000037,2025-04-29 23:49:57.003505,326.2,EUR,ES,IT,web,tablet,0
TXN00008014,CUST000137,2025-05-20 04:29:57.003505,562.04,EUR,FR,GB,app,pos,0
TXN00008015,CUST000151,2025-11-15 18:16:57.003505,4122.97,EUR,ES,IT,app,desktop,0
TXN00008016,CUST000042,2025-01-31 04:03:57.003505,5169.56,EUR,ES,ES,web,desktop,0
TXN00008017,CUST000091,2025-06-27 00:37:57.003505,7116.92,USD,GB,CH,web,tablet,0
TXN00008018,CUST000124,2025-06-07 07:17:57.003505,539.87,EUR,DE,FR,cajero,tablet,0
TXN00008019,CUST000025,2025-03-25 05:02:57.003505,612.0,EUR,ES,GB,sucursal,atm,0
TXN00008020,CUST000034,2025-07-26 19:34:57.003505,98.73,EUR,FR,FR,sucursal,desktop,0
TXN00008021,CUST000043,2025-07-04 12:10:57.107482,50944.82,EUR,CH,CH,cajero,tablet,1
TXN00008022,CUST000114,2025-12-06 21:55:57.003505,2582.35,EUR,ES,FR,cajero,tablet,0
TXN00008023,CUST000169,2025-09-10 08:32:57.003505,2768.27,EUR,DE,IT,sucursal,mobile,0
TXN00008024,CUST000090,2025-10-01 05:42:57.003505,5440.51,GBP,GB,DE,cajero,mobile,0
TXN00008025,CUST000105,2025-08-19 00:38:57.003505,6420.25,EUR,US,GB,app,desktop,0
TXN00008026,CUST000117,2025-06-06 09:58:57.003505,6341.77,EUR,ES,ES,sucursal,tablet,0
TXN00008027,CUST000057,2025-05-04 03:32:57.003505,156.39,EUR,ES,IT,web,mobile,0
TXN00008028,CUST000069,2025-12-12 04:30:57.003505,191.52,EUR,FR,ES,sucursal,mobile,0
TXN00008029,CUST000098,2025-04-15 01:39:57.003505,931.45,EUR,IT,IT,sucursal,desktop,0
TXN00008030,CUST000072,2025-05-10 19:55:57.003505,4015.24,GBP,GB,IT,app,pos,0
TXN00008031,CUST000148,2025-11-11 19:49:57.003505,11650.52,EUR,ES,FR,app,desktop,0
TXN00008032,CUST000156,2025-09-02 04:40:57.003505,146.69,EUR,FR,IT,cajero,mobile,0
TXN00008033,CUST000061,2025-11-09 04:57:57.003505,2814.34,EUR,IT,DE,web,desktop,0
TXN00008034,CUST000045,2025-01-31 07:21:57.003505,1994.46,EUR,GB,ES,app,atm,0
TXN00008035,CUST000025,2025-04-11 22:43:57.003505,751.99,EUR,ES,DE,cajero,atm,0
TXN00008036,CUST000160,2025-04-09 19:56:57.003505,954.27,EUR,DE,IT,sucursal,atm,0
TXN00008037,CUST000020,2025-05-30 03:43:57.003505,26.47,EUR,IT,ES,sucursal,tablet,0
TXN00008038,CUST000106,2025-03-13 19:41:57.003505,353.89,EUR,FR,ES,sucursal,tablet,0
TXN00008039,CUST000028,2025-01-18 01:53:57.003505,261.49,EUR,ES,IT,sucursal,desktop,0
TXN00008040,CUST000047,2025-11-07 19:54:57.003505,2543.09,EUR,ES,CH,app,atm,0
TXN00008041,CUST000044,2025-10-07 06:26:57.003505,580.79,EUR,ES,DE,web,atm,0
TXN00008042,CUST000063,2025-07-08 23:16:57.003505,80.77,EUR,FR,IT,app,desktop,0
TXN00008043,CUST000183,2025-12-26 02:32:57.003505,123.68,EUR,IT,ES,app,mobile,0
TXN00008044,CUST000161,2025-07-07 05:27:57.003505,487.09,EUR,ES,IT,sucursal,desktop,0
TXN00008045,CUST000163,2025-04-12 22:52:57.003505,85.16,EUR,ES,ES,web,atm,0
TXN00008046,CUST000077,2025-04-04 05:32:57.003505,1638.26,CHF,CH,FR,sucursal,tablet,0
TXN00008047,CUST000009,2025-06-01 18:19:57.003505,673.65,EUR,FR,DE,web,tablet,0
TXN00008048,CUST000005,2025-08-12 18:23:57.003505,498.48,EUR,GB,DE,app,atm,0
TXN00008049,CUST000141,2025-10-24 00:37:57.003505,1120.78,CHF,GB,FR,cajero,pos,0
TXN00008050,CUST000139,2025-07-30 04:18:57.003505,3359.09,CHF,US,CH,app,pos,0
TXN00008051,CUST000154,2025-02-19 04:51:57.003505,14459.85,EUR,ES,ES,web,tablet,0
TXN00008052,CUST000175,2025-11-16 21:58:57.003505,5266.78,CHF,CH,ES,cajero,mobile,0
TXN00008053,CUST000131,2025-06-10 19:35:57.003505,328.0,EUR,DE,ES,sucursal,tablet,0
TXN00008054,CUST000146,2025-04-28 23:30:57.003505,932.27,EUR,IT,DE,app,atm,0
TXN00008055,CUST000003,2025-05-02 19:46:57.107482,60330.59,EUR,ES,FR,cajero,tablet,1
TXN00008056,CUST000040,2025-06-12 20:42:57.003505,96.96,EUR,IT,IT,app,atm,0
TXN00008057,CUST000174,2025-01-24 04:01:57.003505,109.9,EUR,IT,FR,sucursal,pos,0
TXN00008058,CUST000019,2025-02-11 00:42:57.003505,2767.98,EUR,DE,CH,web,mobile,0
TXN00008059,CUST000015,2025-07-14 22:15:57.003505,3370.32,EUR,FR,GB,cajero,desktop,0
TXN00008060,CUST000138,2025-02-26 08:30:57.003505,3555.43,EUR,FR,ES,cajero,pos,0
TXN00008061,CUST000033,2025-11-24 03:18:57.003505,10973.08,EUR,IT,FR,app,mobile,0
TXN00008062,CUST000150,2025-12-27 19:55:57.003505,2141.87,EUR,ES,GB,cajero,desktop,0
TXN00008063,CUST000068,2026-01-08 00:20:57.003505,2318.52,EUR,ES,ES,app,atm,0
TXN00008064,CUST000093,2025-07-27 20:25:57.003505,13507.09,EUR,FR,FR,app,desktop,0
TXN00008065,CUST000013,2025-11-26 03:36:57.003505,309.14,GBP,GB,IT,web,pos,0
TXN00008066,CUST000135,2025-07-03 08:52:57.003505,939.97,EUR,ES,ES,cajero,mobile,0
TXN00008067,CUST000102,2025-09-14 02:32:57.003505,18685.43,EUR,FR,US,sucursal,mobile,0
TXN00008068,CUST000057,2025-11-12 21:02:57.003505,146.87,EUR,ES,FR,cajero,pos,0
TXN00008069,CUST000162,2025-05-16 02:31:57.003505,5724.68,CHF,CH,GB,app,tablet,0
TXN00008070,CUST000118,2025-07-29 01:53:57.003505,4501.67,EUR,DE,FR,app,atm,0
TXN00008071,CUST000021,2025-09-16 06:51:57.003505,75.7,EUR,FR,IT,cajero,mobile,0
TXN00008072,CUST000165,2025-11-13 00:46:57.003505,1048.53,EUR,FR,FR,app,pos,0
TXN00008073,CUST000000,2025-06-10 21:31:57.003505,747.94,EUR,DE,DE,web,atm,0
TXN00008074,CUST000183,2025-12-24 00:29:57.003505,27.77,EUR,IT,ES,sucursal,atm,0
TXN00008075,CUST000150,2025-10-06 23:34:57.003505,3943.38,EUR,ES,IT,cajero,desktop,0
TXN00008076,CUST000082,2025-12-22 18:45:57.003505,5249.01,EUR,ES,CH,web,pos,0
TXN00008077,CUST000006,2025-12-18 05:25:57.003505,396.66,EUR,FR,IT,web,desktop,0
TXN00008078,CUST000024,2025-12-10 21:21:57.003505,3138.05,EUR,FR,ES,app,tablet,0
TXN00008079,CUST000114,2025-10-24 07:11:57.003505,1378.24,EUR,ES,GB,app,desktop,0
TXN00008080,CUST000021,2025-06-16 10:54:57.107482,280.51,EUR,FR,FR,cajero,atm,1
TXN00008081,CUST000046,2025-05-04 23:33:57.003505,19870.94,CHF,GB,FR,web,tablet,0
TXN00008082,CUST000138,2025-07-10 09:54:57.003505,1971.67,EUR,FR,ES,app,atm,0
TXN00008083,CUST000082,2025-08-15 18:56:57.003505,7579.2,EUR,ES,CH,app,pos,0
TXN00008084,CUST000176,2025-02-18 01:35:57.003505,721.41,EUR,ES,GB,web,atm,0
TXN00008085,CUST000187,2025-07-23 01:33:57.003505,12220.68,USD,GB,ES,sucursal,pos,0
TXN00008086,CUST000117,2026-01-01 19:07:57.003505,2429.91,EUR,ES,US,cajero,pos,0
TXN00008087,CUST000132,2025-10-02 08:05:57.003505,2618.74,EUR,ES,ES,sucursal,desktop,0
TXN00008088,CUST000156,2025-02-23 01:56:57.003505,43.36,EUR,FR,IT,app,mobile,0
TXN00008089,CUST000108,2025-08-27 03:53:57.003505,281.84,EUR,ES,ES,app,desktop,0
TXN00008090,CUST000113,2025-04-09 19:05:57.003505,596.49,EUR,CH,GB,sucursal,pos,0
TXN00008091,CUST000073,2025-09-29 02:22:57.003505,1780.03,EUR,DE,ES,app,atm,0
TXN00008092,CUST000013,2025-03-05 21:16:57.003505,290.02,USD,GB,GB,sucursal,desktop,0
TXN00008093,CUST000012,2025-02-16 20:14:57.003505,3478.71,EUR,IT,ES,web,pos,0
TXN00008094,CUST000133,2025-09-01 23:10:57.003505,164.18,EUR,IT,ES,app,pos,0
TXN00008095,CUST000172,2025-06-16 00:06:57.003505,347.35,EUR,FR,DE,cajero,mobile,0
TXN00008096,CUST000126,2025-10-01 01:53:57.003505,390.89,EUR,DE,IT,app,tablet,0
TXN00008097,CUST000031,2025-03-13 21:49:57.003505,6102.36,EUR,ES,ES,app,tablet,0
TXN00008098,CUST000148,2025-10-25 05:12:57.003505,6765.13,EUR,ES,FR,web,pos,0
TXN00008099,CUST000134,2025-03-21 06:49:57.003505,151.15,EUR,FR,FR,web,mobile,0
TXN00008100,CUST000070,2025-02-26 00:03:57.003505,27.64,EUR,ES,ES,cajero,tablet,0
TXN00008101,CUST000046,2025-08-10 17:22:57.003505,2083.87,CHF,GB,GB,cajero,tablet,0
TXN00008102,CUST000117,2025-03-03 22:19:57.003505,1966.75,EUR,ES,IT,app,mobile,0
TXN00008103,CUST000058,2025-03-23 06:08:57.003505,14157.19,EUR,FR,ES,web,atm,0
TXN00008104,CUST000030,2025-03-19 15:00:57.107482,7251.1,GBP,GB,IT,app,desktop,1
TXN00008105,CUST000034,2025-01-22 22:21:57.003505,32.64,EUR,FR,IT,sucursal,tablet,0
TXN00008106,CUST000041,2025-10-08 08:50:57.003505,13162.65,EUR,DE,GB,sucursal,mobile,0
TXN00008107,CUST000093,2025-10-21 00:55:57.003505,2926.82,EUR,FR,GB,sucursal,tablet,0
TXN00008108,CUST000167,2025-08-16 23:54:57.003505,2801.63,USD,US,IT,sucursal,atm,0
TXN00008109,CUST000034,2025-05-18 21:56:57.003505,78.95,EUR,FR,IT,cajero,pos,0
TXN00008110,CUST000151,2025-11-08 20:56:57.003505,3892.25,EUR,ES,US,web,desktop,0
TXN00008111,CUST000167,2025-02-12 06:20:57.003505,11700.57,EUR,US,GB,cajero,pos,0
TXN00008112,CUST000119,2025-03-24 02:10:57.003505,1532.77,USD,US,ES,cajero,tablet,0
TXN00008113,CUST000056,2025-06-05 06:06:57.003505,148.17,EUR,GB,DE,sucursal,mobile,0
TXN00008114,CUST000038,2025-06-24 00:51:57.003505,288.95,EUR,ES,IT,cajero,atm,0
TXN00008115,CUST000181,2026-01-02 19:58:57.003505,176.66,EUR,IT,DE,web,desktop,0
TXN00008116,CUST000176,2025-09-13 19:05:57.003505,613.04,EUR,ES,ES,sucursal,mobile,0
TXN00008117,CUST000090,2025-12-24 04:09:57.003505,6872.33,USD,GB,ES,web,pos,0
TXN00008118,CUST000126,2025-12-25 04:25:57.003505,399.64,EUR,DE,GB,cajero,atm,0
TXN00008119,CUST000055,2025-11-04 23:54:57.003505,6441.3,CHF,CH,ES,web,atm,0
TXN00008120,CUST000083,2025-07-16 04:02:57.003505,129.71,EUR,ES,ES,app,mobile,0
TXN00008121,CUST000158,2025-10-24 18:34:57.003505,245.59,EUR,GB,GB,sucursal,desktop,0
TXN00008122,CUST000037,2025-01-17 05:36:57.107482,965.64,EUR,ES,SY,web,pos,1
TXN00008123,CUST000034,2025-05-31 23:44:57.003505,127.78,EUR,FR,IT,web,mobile,0
TXN00008124,CUST000038,2025-11-18 18:26:57.003505,309.06,EUR,ES,DE,app,desktop,0
TXN00008125,CUST000013,2025-03-27 22:37:57.003505,349.76,CHF,GB,DE,app,mobile,0
TXN00008126,CUST000163,2025-08-26 02:42:57.003505,35.19,EUR,ES,FR,web,pos,0
TXN00008127,CUST000189,2025-05-01 22:32:57.003505,3176.54,EUR,DE,US,app,pos,0
TXN00008128,CUST000044,2025-05-02 08:32:57.003505,1227.72,EUR,ES,FR,web,pos,0
TXN00008129,CUST000042,2025-08-30 15:38:57.107482,40453.38,EUR,ES,RU,cajero,tablet,1
TXN00008130,CUST000141,2025-09-02 19:59:57.003505,345.03,GBP,GB,ES,web,desktop,0
TXN00008131,CUST000017,2025-07-07 19:21:57.107482,19088.51,EUR,FR,YE,web,tablet,1
TXN00008132,CUST000036,2025-12-02 18:28:57.003505,4026.11,EUR,FR,US,cajero,atm,0
TXN00008133,CUST000165,2025-11-25 00:33:57.003505,467.46,EUR,FR,IT,cajero,mobile,0
TXN00008134,CUST000058,2025-02-28 19:40:57.003505,13130.13,EUR,FR,DE,sucursal,mobile,0
TXN00008135,CUST000081,2025-12-05 03:58:57.003505,7172.3,EUR,CH,US,app,atm,0
TXN00008136,CUST000152,2025-12-21 22:22:57.003505,1540.42,CHF,GB,IT,cajero,mobile,0
TXN00008137,CUST000070,2025-09-27 21:09:57.003505,270.95,EUR,ES,FR,cajero,tablet,0
TXN00008138,CUST000149,2025-03-27 00:33:57.003505,9584.17,EUR,ES,ES,web,atm,0
TXN00008139,CUST000086,2025-06-02 20:44:57.003505,2485.31,EUR,ES,FR,cajero,mobile,0
TXN00008140,CUST000064,2025-07-02 05:57:57.003505,369.4,EUR,ES,FR,web,desktop,0
TXN00008141,CUST000062,2025-04-26 01:47:57.003505,614.77,EUR,IT,GB,app,mobile,0
TXN00008142,CUST000063,2025-05-30 21:27:57.003505,77.26,EUR,FR,ES,web,desktop,0
TXN00008143,CUST000174,2025-06-05 21:29:57.003505,947.01,EUR,IT,ES,cajero,atm,0
TXN00008144,CUST000002,2025-08-24 01:59:57.107482,83708.16,EUR,ES,ES,web,atm,1
TXN00008145,CUST000055,2026-01-13 04:59:57.003505,9063.84,EUR,CH,ES,sucursal,tablet,0
TXN00008146,CUST000086,2025-05-03 22:25:57.003505,3360.93,EUR,ES,FR,cajero,mobile,0
TXN00008147,CUST000113,2025-02-04 19:40:57.003505,615.69,GBP,CH,GB,web,atm,0
TXN00008148,CUST000095,2025-07-04 01:37:57.003505,107.89,EUR,IT,ES,app,mobile,0
TXN00008149,CUST000174,2025-04-12 19:41:57.003505,1730.91,EUR,IT,IT,app,atm,0
TXN00008150,CUST000129,2025-06-03 08:56:57.003505,4604.42,GBP,US,DE,web,mobile,0
TXN00008151,CUST000001,2025-06-03 04:43:57.003505,427.91,EUR,FR,FR,web,tablet,0
TXN00008152,CUST000084,2025-06-18 05:17:57.003505,85.59,EUR,ES,IT,app,tablet,0
TXN00008153,CUST000085,2025-02-22 23:33:57.003505,1016.51,EUR,FR,DE,web,tablet,0
TXN00008154,CUST000174,2025-06-25 07:07:57.003505,1172.92,EUR,IT,IT,web,pos,0
TXN00008155,CUST000073,2025-09-24 22:28:57.003505,100.07,EUR,DE,ES,sucursal,pos,0
TXN00008156,CUST000171,2025-02-26 20:36:57.003505,8593.31,EUR,IT,US,app,atm,0
TXN00008157,CUST000007,2026-01-02 18:54:57.003505,13147.14,EUR,DE,US,cajero,desktop,0
TXN00008158,CUST000176,2025-04-14 07:25:57.003505,1838.29,EUR,ES,ES,app,desktop,0
TXN00008159,CUST000008,2026-01-09 02:31:57.003505,2476.29,EUR,IT,IT,web,atm,0
TXN00008160,CUST000043,2025-01-24 21:49:57.003505,2341.76,GBP,CH,FR,web,pos,0
TXN00008161,CUST000133,2025-11-03 23:43:57.003505,27.23,EUR,IT,ES,cajero,desktop,0
TXN00008162,CUST000066,2025-07-08 00:12:57.003505,409.65,EUR,DE,FR,app,mobile,0
TXN00008163,CUST000102,2025-08-15 19:51:57.003505,5575.22,EUR,FR,CH,app,desktop,0
TXN00008164,CUST000106,2025-08-19 23:55:57.003505,487.84,EUR,FR,ES,web,desktop,0
TXN00008165,CUST000152,2025-02-06 02:29:57.003505,502.56,USD,GB,GB,cajero,pos,0
TXN00008166,CUST000095,2026-01-04 04:33:57.003505,123.53,EUR,IT,ES,cajero,desktop,0
TXN00008167,CUST000023,2025-10-18 22:35:57.003505,6053.28,EUR,FR,ES,app,mobile,0
TXN00008168,CUST000038,2025-05-16 20:07:57.107482,3662.09,EUR,ES,CN,cajero,mobile,1
TXN00008169,CUST000084,2025-07-08 21:46:57.003505,206.36,EUR,ES,ES,cajero,desktop,0
TXN00008170,CUST000030,2025-05-25 04:01:57.003505,1105.15,GBP,GB,FR,web,desktop,0
TXN00008171,CUST000026,2025-05-20 09:12:57.107482,880.91,EUR,FR,IT,sucursal,desktop,1
TXN00008172,CUST000049,2025-03-26 03:43:57.003505,2722.1,EUR,ES,GB,app,pos,0
TXN00008173,CUST000036,2025-04-11 00:04:57.003505,5027.63,EUR,FR,GB,web,mobile,0
TXN00008174,CUST000003,2025-02-28 23:10:57.003505,298.9,EUR,ES,IT,sucursal,desktop,0
TXN00008175,CUST000013,2025-06-20 18:34:57.003505,520.32,EUR,GB,FR,sucursal,atm,0
TXN00008176,CUST000079,2025-11-02 03:43:57.003505,19118.44,EUR,FR,ES,web,tablet,0
TXN00008177,CUST000031,2025-06-21 17:51:57.003505,5570.02,EUR,ES,FR,cajero,tablet,0
TXN00008178,CUST000161,2025-05-11 19:02:57.003505,191.98,EUR,ES,ES,web,desktop,0
TXN00008179,CUST000030,2025-03-22 02:47:57.003505,567.41,EUR,GB,FR,web,tablet,0
TXN00008180,CUST000153,2025-01-24 22:56:57.003505,1205.38,EUR,ES,FR,cajero,atm,0
TXN00008181,CUST000007,2025-08-14 03:02:57.107482,10334.74,EUR,DE,RU,cajero,desktop,1
TXN00008182,CUST000028,2025-12-08 03:56:57.003505,242.53,EUR,ES,FR,web,mobile,0
TXN00008183,CUST000179,2025-11-03 09:28:57.003505,5180.05,EUR,DE,ES,cajero,mobile,0
TXN00008184,CUST000118,2025-02-01 03:30:57.003505,15517.3,EUR,DE,US,app,desktop,0
TXN00008185,CUST000010,2025-06-07 02:43:57.107482,4974.84,EUR,FR,SY,app,desktop,1
TXN00008186,CUST000004,2025-07-13 00:03:57.003505,9223.12,EUR,DE,US,cajero,desktop,0
TXN00008187,CUST000005,2025-02-02 13:38:57.107482,2917.53,CHF,GB,ES,web,mobile,1
TXN00008188,CUST000021,2025-05-10 04:02:57.003505,109.1,EUR,FR,FR,app,tablet,0
TXN00008189,CUST000130,2025-04-23 01:22:57.003505,4621.46,EUR,IT,DE,sucursal,desktop,0
TXN00008190,CUST000091,2025-02-15 23:52:57.003505,5185.09,USD,GB,ES,web,tablet,0
TXN00008191,CUST000001,2025-11-12 21:43:57.003505,529.32,EUR,FR,IT,sucursal,atm,0
TXN00008192,CUST000136,2025-02-19 21:26:57.003505,441.54,EUR,FR,ES,cajero,atm,0
TXN00008193,CUST000114,2025-01-25 09:42:57.003505,3111.15,EUR,ES,ES,sucursal,mobile,0
TXN00008194,CUST000039,2025-08-21 02:55:57.003505,6528.93,EUR,DE,ES,cajero,atm,0
TXN00008195,CUST000008,2025-08-18 06:53:57.003505,2973.25,EUR,IT,GB,web,mobile,0
TXN00008196,CUST000109,2025-04-29 20:52:57.003505,1702.31,USD,CH,DE,app,atm,0
TXN00008197,CUST000004,2025-01-25 03:27:57.003505,5840.02,EUR,DE,US,web,tablet,0
TXN00008198,CUST000147,2025-05-31 22:25:57.003505,6221.26,CHF,US,GB,app,mobile,0
TXN00008199,CUST000071,2025-12-24 21:28:57.003505,7316.63,EUR,FR,US,app,mobile,0
TXN00008200,CUST000072,2025-06-18 00:08:57.003505,9148.16,USD,GB,ES,sucursal,tablet,0
TXN00008201,CUST000124,2025-06-14 03:03:57.003505,1071.46,EUR,DE,IT,cajero,atm,0
TXN00008202,CUST000047,2025-02-02 12:59:57.107482,59587.86,EUR,ES,US,cajero,atm,1
TXN00008203,CUST000086,2025-04-05 19:58:57.003505,3315.94,EUR,ES,FR,web,pos,0
TXN00008204,CUST000068,2025-09-30 07:30:57.003505,840.82,EUR,ES,IT,web,tablet,0
TXN00008205,CUST000105,2025-07-04 23:46:57.003505,4160.65,GBP,US,DE,sucursal,atm,0
TXN00008206,CUST000054,2025-11-30 04:19:57.003505,106.39,GBP,GB,DE,sucursal,mobile,0
TXN00008207,CUST000068,2025-06-14 01:09:57.003505,395.18,EUR,ES,DE,cajero,desktop,0
TXN00008208,CUST000011,2025-12-04 06:19:57.003505,712.66,EUR,ES,DE,app,tablet,0
TXN00008209,CUST000127,2025-09-05 00:14:57.003505,6811.68,EUR,FR,FR,sucursal,pos,0
TXN00008210,CUST000045,2025-04-03 05:45:57.003505,994.12,CHF,GB,IT,cajero,atm,0
TXN00008211,CUST000000,2025-01-16 20:34:57.107482,1249.41,EUR,DE,SY,sucursal,desktop,1
TXN00008212,CUST000143,2025-06-27 04:45:57.003505,1357.73,EUR,ES,DE,web,atm,0
TXN00008213,CUST000183,2025-10-28 04:48:57.003505,10.48,EUR,IT,FR,app,atm,0
TXN00008214,CUST000140,2026-01-01 19:28:57.003505,210.86,EUR,DE,FR,web,pos,0
TXN00008215,CUST000009,2025-07-03 04:58:57.003505,2458.31,EUR,FR,US,web,pos,0
TXN00008216,CUST000182,2025-12-26 20:07:57.003505,12625.42,EUR,FR,IT,web,desktop,0
TXN00008217,CUST000018,2025-02-25 05:20:57.003505,47.85,EUR,FR,ES,cajero,pos,0
TXN00008218,CUST000024,2025-09-17 01:00:57.003505,18561.54,EUR,FR,DE,sucursal,pos,0
TXN00008219,CUST000064,2025-10-17 05:49:57.003505,1427.54,EUR,ES,FR,app,mobile,0
TXN00008220,CUST000137,2025-11-07 21:29:57.003505,246.81,EUR,FR,GB,sucursal,desktop,0
TXN00008221,CUST000119,2025-03-13 04:39:57.003505,6950.34,GBP,US,US,web,pos,0
TXN00008222,CUST000184,2025-08-19 02:06:57.003505,190.63,EUR,FR,FR,web,mobile,0
TXN00008223,CUST000088,2025-02-10 21:44:57.003505,767.62,EUR,DE,DE,sucursal,pos,0
TXN00008224,CUST000064,2025-12-12 07:34:57.003505,355.32,EUR,ES,DE,sucursal,desktop,0
TXN00008225,CUST000133,2025-07-16 22:40:57.003505,127.05,EUR,IT,IT,web,pos,0
TXN00008226,CUST000006,2025-04-17 05:47:57.003505,275.54,EUR,FR,ES,web,tablet,0
TXN00008227,CUST000110,2025-02-18 19:28:57.003505,90.43,EUR,ES,ES,sucursal,desktop,0
TXN00008228,CUST000009,2025-07-07 01:00:57.003505,17706.82,EUR,FR,DE,web,tablet,0
TXN00008229,CUST000077,2025-04-01 05:44:57.003505,5797.52,USD,CH,CH,app,pos,0
TXN00008230,CUST000118,2025-10-08 05:17:57.003505,5786.27,EUR,DE,FR,sucursal,atm,0
TXN00008231,CUST000042,2025-01-30 22:39:57.107482,47474.51,EUR,ES,ES,sucursal,mobile,1
TXN00008232,CUST000109,2025-09-20 04:51:57.003505,10816.14,USD,CH,DE,web,desktop,0
TXN00008233,CUST000025,2025-08-23 10:36:57.107482,7601.76,EUR,ES,DE,web,desktop,1
TXN00008234,CUST000155,2025-01-21 23:31:57.003505,2767.83,EUR,IT,GB,sucursal,atm,0
TXN00008235,CUST000025,2025-03-10 00:51:57.003505,942.83,EUR,ES,ES,app,pos,0
TXN00008236,CUST000035,2025-12-31 07:57:57.003505,786.08,EUR,DE,FR,web,desktop,0
TXN00008237,CUST000075,2025-10-28 04:02:57.003505,18171.5,EUR,FR,CH,sucursal,pos,0
TXN00008238,CUST000115,2025-09-27 05:21:57.003505,3505.8,EUR,DE,DE,sucursal,desktop,0
TXN00008239,CUST000093,2025-10-14 19:44:57.003505,7273.86,EUR,FR,US,app,mobile,0
TXN00008240,CUST000045,2025-06-22 22:47:57.003505,1044.4,GBP,GB,IT,app,desktop,0
TXN00008241,CUST000135,2025-09-12 19:07:57.003505,660.95,EUR,ES,IT,cajero,tablet,0
TXN00008242,CUST000159,2026-01-05 05:19:57.003505,8410.58,USD,GB,IT,sucursal,desktop,0
TXN00008243,CUST000072,2025-09-21 04:29:57.003505,4780.5,GBP,GB,DE,app,pos,0
TXN00008244,CUST000117,2025-08-13 18:44:57.003505,2721.99,EUR,ES,GB,app,mobile,0
TXN00008245,CUST000129,2025-07-03 09:46:57.003505,2277.46,USD,US,DE,web,tablet,0
TXN00008246,CUST000012,2025-12-28 05:15:57.003505,2579.42,EUR,IT,IT,cajero,tablet,0
TXN00008247,CUST000068,2025-03-01 04:24:57.003505,394.42,EUR,ES,DE,sucursal,atm,0
TXN00008248,CUST000019,2025-03-24 03:29:57.003505,18018.78,EUR,DE,FR,web,desktop,0
TXN00008249,CUST000151,2025-08-21 20:46:57.003505,3002.84,EUR,ES,IT,web,pos,0
TXN00008250,CUST000158,2025-07-30 20:41:57.003505,609.53,GBP,GB,IT,app,atm,0
TXN00008251,CUST000115,2025-09-29 23:55:57.003505,19451.64,EUR,DE,FR,web,pos,0
TXN00008252,CUST000102,2025-09-24 01:57:57.003505,1849.38,EUR,FR,FR,cajero,desktop,0
TXN00008253,CUST000025,2025-07-03 22:40:57.107482,1344.02,EUR,ES,YE,web,desktop,1
TXN00008254,CUST000049,2025-03-06 04:14:57.003505,121.09,EUR,ES,ES,app,desktop,0
TXN00008255,CUST000164,2025-08-12 05:44:57.003505,7335.53,GBP,US,IT,web,atm,0
TXN00008256,CUST000174,2025-12-21 20:55:57.003505,623.27,EUR,IT,ES,cajero,tablet,0
TXN00008257,CUST000142,2025-04-13 00:07:57.003505,2053.82,EUR,DE,ES,web,atm,0
TXN00008258,CUST000170,2025-08-15 20:01:57.003505,23760.36,CHF,US,ES,web,atm,0
TXN00008259,CUST000117,2025-09-23 08:45:57.003505,1568.94,EUR,ES,ES,cajero,atm,0
TXN00008260,CUST000124,2025-11-12 05:32:57.003505,112.46,EUR,DE,IT,app,mobile,0
TXN00008261,CUST000122,2025-05-16 04:04:57.003505,1227.26,CHF,GB,DE,app,tablet,0
TXN00008262,CUST000044,2025-01-23 00:11:57.003505,1786.49,EUR,ES,DE,app,tablet,0
TXN00008263,CUST000003,2025-03-20 22:48:57.003505,152.19,EUR,ES,FR,web,tablet,0
TXN00008264,CUST000006,2025-03-18 19:20:57.003505,265.73,EUR,FR,FR,sucursal,mobile,0
TXN00008265,CUST000023,2025-04-14 22:13:57.003505,926.43,EUR,FR,GB,web,tablet,0
TXN00008266,CUST000167,2025-05-17 21:32:57.003505,12091.67,GBP,US,IT,app,tablet,0
TXN00008267,CUST000031,2026-01-05 02:29:57.003505,3340.38,EUR,ES,DE,sucursal,desktop,0
TXN00008268,CUST000188,2025-02-16 08:15:57.003505,4016.73,EUR,IT,DE,cajero,pos,0
TXN00008269,CUST000163,2025-07-07 05:12:57.003505,97.93,EUR,ES,IT,sucursal,tablet,0
TXN00008270,CUST000174,2025-05-12 02:12:57.003505,919.08,EUR,IT,GB,web,desktop,0
TXN00008271,CUST000133,2025-08-08 03:52:57.003505,252.27,EUR,IT,IT,cajero,atm,0
TXN00008272,CUST000072,2025-11-17 22:58:57.003505,14110.12,GBP,GB,IT,cajero,tablet,0
TXN00008273,CUST000116,2025-01-27 04:30:57.003505,12723.15,EUR,FR,US,sucursal,atm,0
TXN00008274,CUST000092,2025-04-15 00:50:57.003505,1165.1,EUR,FR,ES,web,pos,0
TXN00008275,CUST000097,2025-04-04 18:26:57.003505,604.07,GBP,GB,ES,app,pos,0
TXN00008276,CUST000081,2025-03-20 17:12:57.003505,4517.04,CHF,CH,ES,sucursal,tablet,0
TXN00008277,CUST000185,2025-09-08 21:05:57.003505,855.43,GBP,GB,DE,web,mobile,0
TXN00008278,CUST000105,2025-03-19 09:48:57.003505,1433.7,EUR,US,FR,app,tablet,0
TXN00008279,CUST000036,2025-06-12 20:15:57.003505,12750.84,EUR,FR,ES,sucursal,tablet,0
TXN00008280,CUST000129,2025-04-27 00:48:57.003505,9983.74,EUR,US,IT,app,atm,0
TXN00008281,CUST000066,2025-04-29 03:55:57.003505,908.29,EUR,DE,GB,cajero,desktop,0
TXN00008282,CUST000038,2025-05-19 02:54:57.003505,609.08,EUR,ES,FR,sucursal,desktop,0
TXN00008283,CUST000055,2025-05-14 20:04:57.003505,1694.8,EUR,CH,GB,app,tablet,0
TXN00008284,CUST000020,2025-01-23 23:55:57.107482,33298.43,EUR,IT,FR,app,mobile,1
TXN00008285,CUST000079,2025-07-13 00:39:57.003505,7786.49,EUR,FR,US,cajero,desktop,0
TXN00008286,CUST000014,2025-09-22 11:26:57.107482,54855.64,EUR,IT,AF,cajero,atm,1
TXN00008287,CUST000147,2025-09-18 18:21:57.003505,1365.2,CHF,US,GB,cajero,mobile,0
TXN00008288,CUST000041,2025-04-25 03:40:57.003505,10419.9,EUR,DE,IT,web,tablet,0
TXN00008289,CUST000037,2025-08-07 19:43:57.003505,341.18,EUR,ES,ES,app,desktop,0
TXN00008290,CUST000098,2025-11-29 03:07:57.003505,472.45,EUR,IT,DE,web,atm,0
TXN00008291,CUST000043,2025-09-29 20:31:57.003505,4755.84,EUR,CH,FR,web,mobile,0
TXN00008292,CUST000174,2025-08-24 05:50:57.003505,378.26,EUR,IT,DE,app,mobile,0
TXN00008293,CUST000143,2025-01-25 07:30:57.003505,4116.57,EUR,ES,ES,cajero,pos,0
TXN00008294,CUST000188,2025-08-15 20:56:57.003505,4916.41,EUR,IT,GB,app,desktop,0
TXN00008295,CUST000155,2025-02-14 01:06:57.003505,586.89,EUR,IT,FR,app,desktop,0
TXN00008296,CUST000036,2025-06-22 07:56:57.003505,1593.82,EUR,FR,IT,web,tablet,0
TXN00008297,CUST000034,2025-11-06 02:14:57.003505,21.66,EUR,FR,ES,sucursal,mobile,0
TXN00008298,CUST000156,2025-02-27 23:48:57.003505,38.34,EUR,FR,FR,cajero,desktop,0
TXN00008299,CUST000167,2025-08-11 07:25:57.003505,2241.54,EUR,US,US,app,tablet,0
TXN00008300,CUST000135,2025-09-21 18:14:57.003505,280.73,EUR,ES,IT,web,mobile,0
TXN00008301,CUST000187,2025-05-15 03:29:57.003505,2381.53,EUR,GB,ES,web,mobile,0
TXN00008302,CUST000072,2025-06-30 03:06:57.003505,8003.92,EUR,GB,GB,sucursal,desktop,0
TXN00008303,CUST000109,2025-11-24 00:37:57.003505,6967.03,GBP,CH,GB,cajero,desktop,0
TXN00008304,CUST000148,2025-04-18 19:52:57.003505,9798.36,EUR,ES,FR,app,mobile,0
TXN00008305,CUST000093,2025-11-29 03:26:57.003505,4877.28,EUR,FR,FR,cajero,tablet,0
TXN00008306,CUST000097,2025-12-29 17:47:57.003505,4566.21,GBP,GB,ES,cajero,desktop,0
TXN00008307,CUST000106,2025-03-05 00:45:57.003505,48.04,EUR,FR,IT,cajero,tablet,0
TXN00008308,CUST000165,2025-02-14 20:57:57.003505,349.49,EUR,FR,ES,app,pos,0
TXN00008309,CUST000034,2025-06-16 02:43:57.003505,270.55,EUR,FR,FR,cajero,tablet,0
TXN00008310,CUST000024,2025-10-29 03:17:57.003505,5904.9,EUR,FR,FR,sucursal,desktop,0
TXN00008311,CUST000173,2025-09-06 08:22:57.003505,1431.25,EUR,DE,GB,web,mobile,0
TXN00008312,CUST000030,2025-05-03 20:16:57.003505,123.4,EUR,GB,DE,sucursal,tablet,0
TXN00008313,CUST000025,2025-12-15 19:46:57.003505,305.8,EUR,ES,ES,web,atm,0
TXN00008314,CUST000069,2025-11-16 03:14:57.003505,114.91,EUR,FR,ES,cajero,pos,0
TXN00008315,CUST000049,2025-01-19 18:13:57.003505,2017.6,EUR,ES,IT,app,atm,0
TXN00008316,CUST000023,2025-11-13 22:41:57.003505,1135.17,EUR,FR,ES,app,desktop,0
TXN00008317,CUST000010,2025-08-10 13:23:57.107482,72985.19,EUR,FR,SY,sucursal,atm,1
TXN00008318,CUST000149,2025-11-04 22:00:57.003505,4035.26,EUR,ES,US,web,pos,0
TXN00008319,CUST000118,2025-08-16 18:21:57.003505,4559.16,EUR,DE,ES,web,atm,0
TXN00008320,CUST000021,2025-12-30 07:36:57.003505,143.93,EUR,FR,FR,sucursal,mobile,0
TXN00008321,CUST000042,2025-02-27 03:05:57.003505,10142.19,EUR,ES,US,cajero,atm,0
TXN00008322,CUST000090,2025-04-01 22:12:57.003505,11409.95,CHF,GB,ES,app,desktop,0
TXN00008323,CUST000006,2025-06-30 05:55:57.003505,234.15,EUR,FR,ES,cajero,pos,0
TXN00008324,CUST000143,2025-12-27 07:48:57.003505,3396.68,EUR,ES,GB,cajero,atm,0
TXN00008325,CUST000158,2025-04-29 01:42:57.003505,847.8,EUR,GB,ES,cajero,mobile,0
TXN00008326,CUST000090,2026-01-14 20:19:57.003505,5622.43,GBP,GB,ES,cajero,pos,0
TXN00008327,CUST000079,2025-08-21 17:17:57.003505,10576.39,EUR,FR,ES,web,tablet,0
TXN00008328,CUST000020,2026-01-05 04:11:57.107482,69036.33,EUR,IT,FR,cajero,mobile,1
TXN00008329,CUST000169,2025-12-19 23:08:57.003505,253.29,EUR,DE,DE,sucursal,mobile,0
TXN00008330,CUST000017,2025-05-15 00:19:57.003505,7901.26,EUR,FR,US,web,atm,0
TXN00008331,CUST000026,2025-11-03 23:34:57.003505,49.52,EUR,FR,ES,cajero,atm,0
TXN00008332,CUST000062,2025-10-09 04:51:57.003505,936.81,EUR,IT,ES,cajero,mobile,0
TXN00008333,CUST000027,2025-06-21 19:19:57.003505,87.28,EUR,FR,ES,app,atm,0
TXN00008334,CUST000113,2025-06-30 22:43:57.003505,22371.23,USD,CH,US,app,mobile,0
TXN00008335,CUST000189,2025-12-21 04:29:57.003505,6738.43,EUR,DE,US,web,pos,0
TXN00008336,CUST000066,2026-01-08 18:01:57.003505,525.01,EUR,DE,GB,cajero,desktop,0
TXN00008337,CUST000138,2025-08-04 05:15:57.003505,4255.83,EUR,FR,GB,cajero,mobile,0
TXN00008338,CUST000076,2025-12-20 19:52:57.003505,45.33,EUR,ES,FR,sucursal,tablet,0
TXN00008339,CUST000069,2025-05-03 19:53:57.003505,15.12,EUR,FR,FR,sucursal,mobile,0
TXN00008340,CUST000047,2025-09-23 05:03:57.003505,12096.76,EUR,ES,ES,cajero,atm,0
TXN00008341,CUST000143,2025-10-29 09:02:57.003505,10803.86,EUR,ES,US,sucursal,mobile,0
TXN00008342,CUST000006,2026-01-04 20:56:57.003505,283.16,EUR,FR,IT,web,pos,0
TXN00008343,CUST000021,2025-11-28 04:46:57.003505,162.08,EUR,FR,IT,app,atm,0
TXN00008344,CUST000017,2025-07-27 14:23:57.107482,42107.97,EUR,FR,FR,app,desktop,1
TXN00008345,CUST000016,2025-07-08 18:43:57.003505,512.17,EUR,IT,IT,cajero,pos,0
TXN00008346,CUST000018,2025-07-05 01:04:57.003505,19.17,EUR,FR,FR,cajero,mobile,0
TXN00008347,CUST000096,2025-08-15 23:21:57.003505,1218.94,EUR,ES,CH,sucursal,desktop,0
TXN00008348,CUST000153,2025-05-31 03:44:57.003505,439.24,EUR,ES,GB,sucursal,tablet,0
TXN00008349,CUST000160,2025-10-03 22:15:57.003505,425.9,EUR,DE,ES,sucursal,pos,0
TXN00008350,CUST000036,2025-06-03 03:46:57.003505,4392.14,EUR,FR,ES,web,mobile,0
TXN00008351,CUST000041,2025-05-28 21:58:57.107482,27521.48,EUR,DE,KP,web,atm,1
TXN00008352,CUST000007,2025-03-25 22:39:57.003505,7061.05,EUR,DE,FR,app,mobile,0
TXN00008353,CUST000008,2025-10-05 22:02:57.003505,5039.98,EUR,IT,ES,sucursal,atm,0
TXN00008354,CUST000179,2025-01-18 04:38:57.003505,7471.79,EUR,DE,DE,web,tablet,0
TXN00008355,CUST000075,2025-02-06 02:30:57.003505,3084.08,EUR,FR,GB,cajero,atm,0
TXN00008356,CUST000157,2025-10-29 04:37:57.003505,11648.31,EUR,IT,GB,web,pos,0
TXN00008357,CUST000035,2025-08-12 18:24:57.107482,45300.01,EUR,DE,FR,sucursal,pos,1
TXN00008358,CUST000062,2025-07-13 21:23:57.003505,461.31,EUR,IT,ES,sucursal,pos,0
TXN00008359,CUST000172,2025-08-03 06:41:57.003505,2606.89,EUR,FR,ES,sucursal,tablet,0
TXN00008360,CUST000185,2025-09-15 18:58:57.003505,781.81,EUR,GB,IT,cajero,tablet,0
TXN00008361,CUST000091,2025-12-15 18:10:57.003505,1204.78,USD,GB,ES,app,pos,0
TXN00008362,CUST000179,2025-06-12 21:25:57.003505,5255.6,EUR,DE,FR,sucursal,desktop,0
TXN00008363,CUST000179,2025-07-30 05:12:57.003505,1121.58,EUR,DE,FR,cajero,atm,0
TXN00008364,CUST000128,2025-09-04 03:03:57.003505,11788.08,EUR,FR,GB,web,atm,0
TXN00008365,CUST000170,2025-01-19 19:22:57.003505,11313.38,EUR,US,CH,cajero,atm,0
TXN00008366,CUST000045,2026-01-10 23:04:57.003505,1038.3,EUR,GB,ES,web,pos,0
TXN00008367,CUST000171,2025-06-29 23:22:57.003505,4268.44,EUR,IT,IT,app,desktop,0
TXN00008368,CUST000052,2025-10-11 04:58:57.003505,298.18,EUR,ES,ES,web,tablet,0
TXN00008369,CUST000040,2025-09-25 01:20:57.003505,24.83,EUR,IT,ES,app,pos,0
TXN00008370,CUST000095,2025-04-20 19:26:57.003505,369.24,EUR,IT,ES,cajero,tablet,0
TXN00008371,CUST000107,2025-12-08 23:21:57.003505,1431.6,EUR,DE,GB,sucursal,mobile,0
TXN00008372,CUST000101,2025-08-12 21:43:57.003505,156.65,EUR,FR,IT,sucursal,mobile,0
TXN00008373,CUST000069,2025-11-15 23:29:57.003505,116.06,EUR,FR,ES,cajero,tablet,0
TXN00008374,CUST000117,2025-06-14 18:59:57.003505,5047.74,EUR,ES,ES,sucursal,atm,0
TXN00008375,CUST000108,2025-10-03 20:51:57.003505,47.86,EUR,ES,IT,sucursal,atm,0
TXN00008376,CUST000078,2025-11-01 19:54:57.003505,2159.28,EUR,DE,GB,web,mobile,0
TXN00008377,CUST000120,2025-06-29 07:27:57.003505,62.62,EUR,IT,ES,web,pos,0
TXN00008378,CUST000154,2025-09-30 20:46:57.003505,4995.97,EUR,ES,IT,web,desktop,0
TXN00008379,CUST000105,2025-05-03 22:52:57.003505,3171.97,CHF,US,US,sucursal,tablet,0
TXN00008380,CUST000122,2025-08-05 21:26:57.003505,353.4,USD,GB,IT,cajero,mobile,0
TXN00008381,CUST000048,2025-03-03 10:44:57.107482,15662.45,EUR,FR,GB,cajero,pos,1
TXN00008382,CUST000166,2025-12-27 02:06:57.003505,4887.2,GBP,GB,ES,app,tablet,0
TXN00008383,CUST000108,2025-11-30 00:07:57.003505,49.94,EUR,ES,IT,sucursal,atm,0
TXN00008384,CUST000073,2025-11-09 20:04:57.003505,567.4,EUR,DE,FR,app,mobile,0
TXN00008385,CUST000137,2025-09-09 22:06:57.003505,216.99,EUR,FR,ES,app,atm,0
TXN00008386,CUST000092,2025-04-23 20:17:57.003505,4155.91,EUR,FR,ES,sucursal,mobile,0
TXN00008387,CUST000117,2025-06-08 22:17:57.003505,6058.79,EUR,ES,FR,web,desktop,0
TXN00008388,CUST000082,2025-02-11 04:56:57.003505,14581.93,EUR,ES,GB,web,pos,0
TXN00008389,CUST000073,2025-02-07 20:31:57.003505,2635.22,EUR,DE,FR,web,atm,0
TXN00008390,CUST000139,2025-11-30 02:42:57.003505,15383.17,USD,US,ES,app,pos,0
TXN00008391,CUST000158,2025-08-15 02:43:57.003505,856.77,EUR,GB,FR,cajero,desktop,0
TXN00008392,CUST000083,2025-03-17 23:22:57.003505,113.8,EUR,ES,ES,web,pos,0
TXN00008393,CUST000018,2025-08-09 04:35:57.003505,97.9,EUR,FR,IT,sucursal,pos,0
TXN00008394,CUST000094,2025-12-29 03:10:57.003505,22636.63,USD,GB,ES,web,atm,0
TXN00008395,CUST000172,2025-08-10 23:43:57.003505,510.53,EUR,FR,IT,web,mobile,0
TXN00008396,CUST000185,2025-06-18 04:54:57.003505,1266.04,USD,GB,IT,web,mobile,0
TXN00008397,CUST000135,2025-03-29 07:43:57.003505,286.47,EUR,ES,FR,app,tablet,0
TXN00008398,CUST000134,2025-03-05 07:07:57.003505,120.98,EUR,FR,FR,cajero,atm,0
TXN00008399,CUST000049,2025-06-02 18:27:57.003505,455.47,EUR,ES,FR,app,mobile,0
TXN00008400,CUST000077,2025-07-02 18:57:57.003505,2509.3,CHF,CH,FR,web,tablet,0
TXN00008401,CUST000019,2025-11-28 17:04:57.003505,7000.43,EUR,DE,ES,cajero,desktop,0
TXN00008402,CUST000068,2025-08-13 06:04:57.003505,874.14,EUR,ES,GB,cajero,tablet,0
TXN00008403,CUST000028,2025-09-02 06:19:57.003505,38.45,EUR,ES,IT,sucursal,pos,0
TXN00008404,CUST000013,2025-09-18 18:35:57.003505,727.54,GBP,GB,DE,app,mobile,0
TXN00008405,CUST000149,2025-02-13 09:09:57.003505,3766.49,EUR,ES,ES,cajero,atm,0
TXN00008406,CUST000037,2025-05-17 12:30:57.107482,631.42,EUR,ES,ES,app,pos,1
TXN00008407,CUST000005,2025-12-11 03:04:57.003505,1352.57,USD,GB,DE,web,tablet,0
TXN00008408,CUST000051,2025-03-02 07:38:57.003505,2525.73,EUR,DE,ES,cajero,mobile,0
TXN00008409,CUST000081,2025-07-29 20:39:57.003505,18201.44,USD,CH,CH,web,desktop,0
TXN00008410,CUST000014,2025-11-04 19:22:57.003505,962.44,EUR,IT,IT,app,mobile,0
TXN00008411,CUST000146,2025-07-26 08:10:57.003505,664.77,EUR,IT,ES,sucursal,tablet,0
TXN00008412,CUST000099,2025-10-25 07:10:57.003505,110.43,EUR,IT,IT,cajero,tablet,0
TXN00008413,CUST000023,2025-10-08 22:49:57.003505,1331.13,EUR,FR,US,app,atm,0
TXN00008414,CUST000119,2025-09-06 09:18:57.003505,12199.29,CHF,US,ES,cajero,mobile,0
TXN00008415,CUST000082,2025-02-08 20:48:57.003505,3042.65,EUR,ES,CH,cajero,desktop,0
TXN00008416,CUST000051,2025-02-25 22:41:57.003505,304.56,EUR,DE,IT,web,atm,0
TXN00008417,CUST000096,2025-08-06 05:02:57.003505,5968.85,EUR,ES,FR,app,pos,0
TXN00008418,CUST000185,2025-10-22 18:34:57.003505,1405.93,EUR,GB,IT,sucursal,pos,0
TXN00008419,CUST000173,2025-07-13 20:42:57.003505,3713.59,EUR,DE,ES,sucursal,mobile,0
TXN00008420,CUST000097,2025-08-03 04:21:57.003505,15615.29,EUR,GB,DE,web,desktop,0
TXN00008421,CUST000097,2025-10-31 22:56:57.003505,1756.0,USD,GB,CH,app,mobile,0
TXN00008422,CUST000085,2025-10-04 06:49:57.003505,1153.06,EUR,FR,ES,cajero,tablet,0
TXN00008423,CUST000112,2025-06-28 05:38:57.003505,3076.21,CHF,US,ES,web,tablet,0
TXN00008424,CUST000132,2025-02-25 03:27:57.003505,4617.11,EUR,ES,DE,app,mobile,0
TXN00008425,CUST000151,2025-12-06 04:36:57.003505,3084.61,EUR,ES,IT,sucursal,atm,0
TXN00008426,CUST000005,2025-05-02 23:31:57.003505,832.42,USD,GB,FR,sucursal,pos,0
TXN00008427,CUST000001,2025-12-07 03:36:57.107482,4427.43,EUR,FR,YE,sucursal,mobile,1
TXN00008428,CUST000174,2025-12-25 20:56:57.003505,109.75,EUR,IT,GB,sucursal,tablet,0
TXN00008429,CUST000105,2025-06-14 18:54:57.003505,4657.31,EUR,US,IT,web,desktop,0
TXN00008430,CUST000166,2025-04-01 21:49:57.003505,10878.81,USD,GB,DE,web,desktop,0
TXN00008431,CUST000141,2025-08-20 01:51:57.003505,2081.37,EUR,GB,ES,cajero,mobile,0
TXN00008432,CUST000109,2025-02-06 22:01:57.003505,6916.83,USD,CH,CH,cajero,tablet,0
TXN00008433,CUST000057,2025-07-25 04:47:57.003505,153.33,EUR,ES,FR,sucursal,atm,0
TXN00008434,CUST000160,2025-01-30 02:33:57.003505,1139.28,EUR,DE,DE,web,desktop,0
TXN00008435,CUST000108,2025-04-20 22:03:57.003505,156.93,EUR,ES,FR,web,atm,0
TXN00008436,CUST000059,2025-01-19 19:26:57.003505,131.9,EUR,FR,FR,app,tablet,0
TXN00008437,CUST000041,2025-11-06 01:33:57.003505,6984.55,EUR,DE,IT,sucursal,mobile,0
TXN00008438,CUST000163,2025-04-08 00:35:57.003505,39.24,EUR,ES,IT,web,pos,0
TXN00008439,CUST000000,2025-05-04 00:09:57.003505,1538.13,EUR,DE,GB,cajero,atm,0
TXN00008440,CUST000081,2025-04-09 00:12:57.003505,14091.96,CHF,CH,ES,cajero,desktop,0
TXN00008441,CUST000167,2025-05-21 09:05:57.003505,2636.37,EUR,US,US,web,tablet,0
TXN00008442,CUST000101,2025-10-31 04:40:57.003505,109.76,EUR,FR,ES,app,desktop,0
TXN00008443,CUST000087,2025-02-23 05:36:57.003505,426.65,EUR,ES,ES,cajero,pos,0
TXN00008444,CUST000010,2025-09-30 02:19:57.003505,2621.05,EUR,FR,ES,app,atm,0
TXN00008445,CUST000128,2025-09-11 05:45:57.003505,4046.36,EUR,FR,GB,sucursal,desktop,0
TXN00008446,CUST000023,2025-02-22 22:36:57.003505,6003.59,EUR,FR,FR,sucursal,tablet,0
TXN00008447,CUST000092,2025-06-29 09:15:57.003505,1997.3,EUR,FR,FR,sucursal,mobile,0
TXN00008448,CUST000016,2025-08-18 23:37:57.003505,935.2,EUR,IT,ES,web,desktop,0
TXN00008449,CUST000094,2025-08-22 20:59:57.003505,7561.16,GBP,GB,GB,web,atm,0
TXN00008450,CUST000116,2025-02-07 04:27:57.003505,6898.27,EUR,FR,IT,cajero,atm,0
TXN00008451,CUST000095,2025-06-05 04:32:57.003505,82.37,EUR,IT,ES,cajero,atm,0
TXN00008452,CUST000178,2025-09-18 04:00:57.003505,348.1,EUR,ES,IT,web,mobile,0
TXN00008453,CUST000049,2025-06-26 18:17:57.003505,525.53,EUR,ES,IT,sucursal,mobile,0
TXN00008454,CUST000154,2025-07-28 18:06:57.003505,4991.17,EUR,ES,US,cajero,tablet,0
TXN00008455,CUST000133,2025-08-04 04:39:57.003505,84.41,EUR,IT,ES,sucursal,pos,0
TXN00008456,CUST000047,2026-01-01 17:24:57.003505,15707.97,EUR,ES,DE,sucursal,tablet,0
TXN00008457,CUST000040,2025-03-22 07:20:57.003505,12.71,EUR,IT,IT,app,atm,0
TXN00008458,CUST000121,2025-05-22 00:14:57.003505,488.96,EUR,ES,DE,app,tablet,0
TXN00008459,CUST000019,2025-05-07 01:30:57.107482,41677.57,EUR,DE,KP,app,desktop,1
TXN00008460,CUST000001,2025-11-04 08:52:57.003505,391.19,EUR,FR,ES,app,atm,0
TXN00008461,CUST000025,2025-04-03 20:20:57.003505,577.57,EUR,ES,IT,sucursal,desktop,0
TXN00008462,CUST000102,2025-07-11 18:21:57.003505,5989.5,EUR,FR,DE,cajero,atm,0
TXN00008463,CUST000109,2025-11-10 05:33:57.003505,7523.26,CHF,CH,US,sucursal,tablet,0
TXN00008464,CUST000017,2025-04-23 09:33:57.107482,40409.7,EUR,FR,US,sucursal,tablet,1
TXN00008465,CUST000105,2025-11-24 08:19:57.003505,4022.26,CHF,US,US,app,pos,0
TXN00008466,CUST000030,2025-09-03 06:58:57.003505,176.73,EUR,GB,DE,web,desktop,0
TXN00008467,CUST000033,2025-11-09 20:38:57.003505,2682.44,EUR,IT,DE,web,desktop,0
TXN00008468,CUST000033,2025-07-08 03:52:57.003505,4654.32,EUR,IT,GB,cajero,atm,0
TXN00008469,CUST000183,2025-07-23 04:26:57.003505,36.03,EUR,IT,FR,sucursal,mobile,0
TXN00008470,CUST000044,2025-02-19 22:50:57.003505,2219.28,EUR,ES,GB,sucursal,tablet,0
TXN00008471,CUST000143,2025-04-05 05:22:57.003505,10792.32,EUR,ES,ES,app,mobile,0
TXN00008472,CUST000091,2025-12-25 04:52:57.003505,6508.2,EUR,GB,GB,sucursal,pos,0
TXN00008473,CUST000016,2025-04-08 03:29:57.003505,375.56,EUR,IT,ES,app,desktop,0
TXN00008474,CUST000067,2025-06-03 23:21:57.003505,12182.67,EUR,DE,US,app,mobile,0
TXN00008475,CUST000065,2025-12-26 06:09:57.003505,863.09,EUR,DE,DE,sucursal,atm,0
TXN00008476,CUST000105,2026-01-09 22:56:57.003505,12147.4,USD,US,FR,app,tablet,0
TXN00008477,CUST000024,2025-08-01 18:27:57.003505,7488.01,EUR,FR,FR,sucursal,atm,0
TXN00008478,CUST000073,2025-05-09 05:51:57.003505,512.1,EUR,DE,DE,app,mobile,0
TXN00008479,CUST000051,2025-11-01 03:37:57.003505,682.76,EUR,DE,DE,web,atm,0
TXN00008480,CUST000008,2025-11-03 10:25:57.107482,54444.42,EUR,IT,RU,sucursal,desktop,1
TXN00008481,CUST000056,2025-10-04 02:29:57.003505,528.16,GBP,GB,IT,sucursal,pos,0
TXN00008482,CUST000170,2025-07-06 21:21:57.003505,7511.43,EUR,US,ES,cajero,tablet,0
TXN00008483,CUST000152,2025-08-25 02:07:57.003505,628.48,USD,GB,ES,web,mobile,0
TXN00008484,CUST000063,2025-04-05 03:09:57.003505,11.36,EUR,FR,IT,sucursal,desktop,0
TXN00008485,CUST000061,2025-05-09 02:19:57.003505,1506.36,EUR,IT,ES,sucursal,atm,0
TXN00008486,CUST000118,2025-07-22 00:37:57.003505,4118.93,EUR,DE,FR,cajero,pos,0
TXN00008487,CUST000118,2025-08-26 20:43:57.003505,6184.38,EUR,DE,US,cajero,pos,0
TXN00008488,CUST000172,2025-10-31 23:35:57.003505,548.01,EUR,FR,GB,web,pos,0
TXN00008489,CUST000145,2025-10-15 00:30:57.003505,718.36,EUR,DE,IT,web,pos,0
TXN00008490,CUST000037,2025-02-16 20:17:57.003505,98.24,EUR,ES,ES,cajero,desktop,0
TXN00008491,CUST000066,2025-02-08 06:50:57.003505,2875.23,EUR,DE,GB,cajero,mobile,0
TXN00008492,CUST000103,2025-03-28 08:28:57.003505,1798.88,EUR,ES,FR,cajero,atm,0
TXN00008493,CUST000112,2025-05-20 17:54:57.003505,23869.17,GBP,US,US,cajero,pos,0
TXN00008494,CUST000121,2025-11-08 06:37:57.003505,670.36,EUR,ES,FR,web,pos,0
TXN00008495,CUST000130,2026-01-05 03:43:57.003505,10791.75,EUR,IT,ES,sucursal,atm,0
TXN00008496,CUST000012,2025-09-04 20:55:57.003505,4741.59,EUR,IT,ES,sucursal,tablet,0
TXN00008497,CUST000079,2025-07-07 18:06:57.003505,17215.13,EUR,FR,CH,sucursal,tablet,0
TXN00008498,CUST000108,2025-06-07 00:54:57.003505,366.56,EUR,ES,FR,app,pos,0
TXN00008499,CUST000183,2025-04-04 06:23:57.003505,60.97,EUR,IT,IT,sucursal,mobile,0
TXN00008500,CUST000135,2025-07-14 04:58:57.003505,1301.46,EUR,ES,IT,cajero,desktop,0
TXN00008501,CUST000078,2025-01-20 21:01:57.003505,2409.58,EUR,DE,GB,app,tablet,0
TXN00008502,CUST000115,2025-10-03 05:11:57.003505,3300.54,EUR,DE,CH,sucursal,atm,0
TXN00008503,CUST000033,2025-03-19 07:37:57.003505,7831.12,EUR,IT,IT,sucursal,pos,0
TXN00008504,CUST000189,2025-05-08 23:56:57.003505,2479.01,EUR,DE,FR,web,tablet,0
TXN00008505,CUST000005,2025-08-18 02:37:57.003505,699.98,EUR,GB,DE,sucursal,mobile,0
TXN00008506,CUST000037,2025-01-31 21:43:57.003505,61.31,EUR,ES,IT,cajero,tablet,0
TXN00008507,CUST000130,2025-05-14 03:29:57.003505,1713.94,EUR,IT,GB,app,atm,0
TXN00008508,CUST000088,2025-02-27 00:14:57.003505,629.22,EUR,DE,IT,web,mobile,0
TXN00008509,CUST000029,2025-03-05 03:32:57.107482,77218.52,USD,GB,ES,app,atm,1
TXN00008510,CUST000116,2025-05-16 21:25:57.003505,14589.34,EUR,FR,GB,cajero,pos,0
TXN00008511,CUST000084,2025-08-02 20:07:57.003505,26.31,EUR,ES,ES,cajero,pos,0
TXN00008512,CUST000082,2025-05-15 19:34:57.003505,15295.77,EUR,ES,US,app,atm,0
TXN00008513,CUST000013,2025-08-30 04:49:57.003505,758.11,USD,GB,ES,cajero,pos,0
TXN00008514,CUST000114,2025-12-16 18:28:57.003505,2414.44,EUR,ES,DE,web,pos,0
TXN00008515,CUST000182,2025-03-12 09:25:57.003505,11742.73,EUR,FR,DE,sucursal,tablet,0
TXN00008516,CUST000182,2026-01-05 21:14:57.003505,5065.73,EUR,FR,IT,sucursal,desktop,0
TXN00008517,CUST000146,2025-08-19 20:10:57.003505,708.24,EUR,IT,GB,app,mobile,0
TXN00008518,CUST000018,2025-06-06 23:46:57.003505,413.62,EUR,FR,FR,sucursal,pos,0
TXN00008519,CUST000037,2025-12-06 06:35:57.003505,20.5,EUR,ES,ES,cajero,atm,0
TXN00008520,CUST000019,2025-07-27 18:37:57.003505,18791.6,EUR,DE,FR,cajero,pos,0
TXN00008521,CUST000108,2025-01-29 04:36:57.003505,44.2,EUR,ES,ES,sucursal,mobile,0
TXN00008522,CUST000069,2025-05-30 01:38:57.003505,204.29,EUR,FR,FR,web,mobile,0
TXN00008523,CUST000173,2025-08-01 21:53:57.003505,1320.86,EUR,DE,IT,cajero,pos,0
TXN00008524,CUST000098,2025-01-29 05:57:57.003505,887.96,EUR,IT,GB,sucursal,desktop,0
TXN00008525,CUST000045,2025-12-26 08:36:57.107482,38377.64,USD,GB,DE,web,mobile,1
TXN00008526,CUST000169,2025-04-04 18:09:57.003505,727.58,EUR,DE,FR,web,desktop,0
TXN00008527,CUST000091,2025-11-21 02:47:57.003505,2871.49,USD,GB,DE,sucursal,mobile,0
TXN00008528,CUST000119,2025-12-11 18:01:57.003505,2019.39,USD,US,IT,sucursal,pos,0
TXN00008529,CUST000122,2025-06-05 06:19:57.003505,912.32,CHF,GB,ES,sucursal,tablet,0
TXN00008530,CUST000012,2025-10-05 20:13:57.003505,3224.37,EUR,IT,US,app,desktop,0
TXN00008531,CUST000151,2025-03-28 20:57:57.003505,10152.79,EUR,ES,GB,sucursal,atm,0
TXN00008532,CUST000087,2025-03-24 22:55:57.003505,338.54,EUR,ES,FR,sucursal,mobile,0
TXN00008533,CUST000004,2025-07-03 17:52:57.003505,20721.68,EUR,DE,ES,app,pos,0
TXN00008534,CUST000117,2025-09-18 09:20:57.003505,10275.82,EUR,ES,ES,web,tablet,0
TXN00008535,CUST000015,2025-06-05 06:20:57.003505,6165.38,EUR,FR,GB,cajero,desktop,0
TXN00008536,CUST000095,2025-04-29 21:06:57.003505,234.79,EUR,IT,ES,sucursal,tablet,0
TXN00008537,CUST000107,2025-11-06 05:30:57.003505,7450.37,EUR,DE,FR,web,desktop,0
TXN00008538,CUST000033,2025-03-18 18:17:57.003505,2268.84,EUR,IT,US,cajero,mobile,0
TXN00008539,CUST000177,2025-02-12 20:20:57.003505,2323.26,EUR,FR,GB,web,desktop,0
TXN00008540,CUST000144,2025-04-01 20:04:57.003505,923.84,EUR,DE,GB,sucursal,tablet,0
TXN00008541,CUST000142,2025-11-07 03:23:57.003505,1275.53,EUR,DE,CH,sucursal,atm,0
TXN00008542,CUST000041,2025-06-07 09:58:57.107482,78421.65,EUR,DE,GB,sucursal,desktop,1
TXN00008543,CUST000026,2025-10-25 12:15:57.107482,53304.3,EUR,FR,SY,cajero,tablet,1
TXN00008544,CUST000186,2025-09-22 21:40:57.003505,2742.52,EUR,IT,IT,cajero,desktop,0
TXN00008545,CUST000082,2025-10-21 00:56:57.003505,5041.34,EUR,ES,US,sucursal,pos,0
TXN00008546,CUST000071,2025-03-25 18:30:57.003505,6672.53,EUR,FR,US,app,desktop,0
TXN00008547,CUST000021,2025-09-23 19:29:57.107482,894.27,EUR,FR,YE,web,pos,1
TXN00008548,CUST000020,2025-04-06 00:16:57.003505,110.2,EUR,IT,IT,cajero,pos,0
TXN00008549,CUST000004,2025-12-29 19:05:57.003505,1389.91,EUR,DE,ES,cajero,atm,0
TXN00008550,CUST000100,2025-08-26 00:50:57.003505,12155.42,EUR,GB,US,sucursal,pos,0
TXN00008551,CUST000061,2025-01-28 03:45:57.003505,4328.94,EUR,IT,DE,sucursal,desktop,0
TXN00008552,CUST000090,2025-12-30 20:00:57.003505,4716.79,CHF,GB,FR,app,mobile,0
TXN00008553,CUST000009,2026-01-13 04:29:57.003505,3871.45,EUR,FR,US,cajero,tablet,0
TXN00008554,CUST000171,2025-09-01 08:38:57.003505,7163.98,EUR,IT,DE,cajero,desktop,0
TXN00008555,CUST000093,2025-09-09 21:42:57.003505,9867.28,EUR,FR,US,sucursal,atm,0
TXN00008556,CUST000084,2025-04-04 23:02:57.003505,133.69,EUR,ES,ES,cajero,tablet,0
TXN00008557,CUST000067,2025-12-25 03:11:57.003505,13724.43,EUR,DE,GB,web,mobile,0
TXN00008558,CUST000158,2025-11-08 01:08:57.003505,183.23,EUR,GB,ES,web,atm,0
TXN00008559,CUST000023,2025-12-31 04:21:57.003505,5954.85,EUR,FR,DE,app,tablet,0
TXN00008560,CUST000063,2025-12-01 19:42:57.003505,178.9,EUR,FR,FR,app,pos,0
TXN00008561,CUST000045,2025-09-21 21:12:57.003505,712.52,EUR,GB,GB,sucursal,pos,0
TXN00008562,CUST000161,2025-01-22 07:56:57.003505,144.57,EUR,ES,ES,cajero,atm,0
TXN00008563,CUST000013,2025-01-18 01:49:57.003505,1631.19,CHF,GB,ES,sucursal,mobile,0
TXN00008564,CUST000132,2025-11-12 02:17:57.003505,4102.44,EUR,ES,ES,web,pos,0
TXN00008565,CUST000104,2025-08-07 05:43:57.003505,1694.54,EUR,ES,DE,sucursal,tablet,0
TXN00008566,CUST000064,2025-03-07 19:05:57.003505,298.25,EUR,ES,GB,web,mobile,0
TXN00008567,CUST000046,2025-06-17 04:09:57.003505,13347.38,CHF,GB,DE,cajero,atm,0
TXN00008568,CUST000137,2025-04-26 19:06:57.003505,638.07,EUR,FR,ES,sucursal,tablet,0
TXN00008569,CUST000082,2025-09-20 17:50:57.003505,6385.77,EUR,ES,GB,web,pos,0
TXN00008570,CUST000024,2025-10-12 00:46:57.107482,50653.2,EUR,FR,US,sucursal,atm,1
TXN00008571,CUST000177,2025-06-11 07:14:57.003505,231.1,EUR,FR,ES,app,tablet,0
TXN00008572,CUST000046,2025-02-22 15:01:57.107482,40711.63,CHF,GB,CN,sucursal,desktop,1
TXN00008573,CUST000054,2025-07-22 01:45:57.003505,2204.38,USD,GB,GB,sucursal,desktop,0
TXN00008574,CUST000155,2025-10-04 07:24:57.003505,479.44,EUR,IT,IT,sucursal,tablet,0
TXN00008575,CUST000047,2025-01-31 05:38:57.003505,695.28,EUR,ES,ES,cajero,atm,0
TXN00008576,CUST000128,2025-06-27 04:17:57.003505,4536.55,EUR,FR,US,web,tablet,0
TXN00008577,CUST000105,2025-02-10 21:13:57.003505,7005.54,USD,US,FR,sucursal,pos,0
TXN00008578,CUST000016,2025-05-24 06:50:57.003505,2799.74,EUR,IT,FR,sucursal,mobile,0
TXN00008579,CUST000184,2025-07-31 04:31:57.003505,428.59,EUR,FR,ES,sucursal,desktop,0
TXN00008580,CUST000182,2025-11-20 05:52:57.003505,10706.04,EUR,FR,IT,web,pos,0
TXN00008581,CUST000085,2025-10-01 18:49:57.003505,167.69,EUR,FR,FR,app,atm,0
TXN00008582,CUST000072,2025-02-10 06:01:57.003505,1883.47,EUR,GB,ES,app,desktop,0
TXN00008583,CUST000000,2025-03-06 00:52:57.003505,1730.63,EUR,DE,IT,cajero,atm,0
TXN00008584,CUST000045,2025-07-17 19:58:57.003505,331.09,GBP,GB,ES,web,tablet,0
TXN00008585,CUST000033,2025-09-15 07:51:57.003505,7091.74,EUR,IT,DE,app,atm,0
TXN00008586,CUST000080,2025-04-01 19:03:57.003505,112.14,EUR,ES,ES,sucursal,desktop,0
TXN00008587,CUST000136,2025-05-21 02:43:57.003505,103.54,EUR,FR,ES,sucursal,tablet,0
TXN00008588,CUST000068,2025-04-18 01:21:57.003505,773.27,EUR,ES,ES,cajero,mobile,0
TXN00008589,CUST000067,2025-02-04 02:10:57.003505,7571.19,EUR,DE,US,web,atm,0
TXN00008590,CUST000004,2025-02-24 04:05:57.003505,10243.47,EUR,DE,ES,cajero,mobile,0
TXN00008591,CUST000025,2025-10-23 07:47:57.107482,15273.32,EUR,ES,DE,web,tablet,1
TXN00008592,CUST000097,2025-06-02 18:08:57.003505,4936.51,EUR,GB,GB,sucursal,desktop,0
TXN00008593,CUST000052,2025-08-17 00:09:57.003505,333.98,EUR,ES,ES,web,mobile,0
TXN00008594,CUST000129,2025-04-15 03:19:57.003505,4395.17,USD,US,FR,sucursal,pos,0
TXN00008595,CUST000009,2025-06-20 22:53:57.003505,7250.62,EUR,FR,FR,app,desktop,0
TXN00008596,CUST000184,2025-06-10 22:51:57.003505,65.08,EUR,FR,FR,app,atm,0
TXN00008597,CUST000101,2025-06-24 23:38:57.003505,84.72,EUR,FR,FR,app,mobile,0
TXN00008598,CUST000165,2026-01-13 07:37:57.003505,455.8,EUR,FR,FR,sucursal,tablet,0
TXN00008599,CUST000051,2025-06-27 05:06:57.003505,1788.14,EUR,DE,IT,cajero,tablet,0
TXN00008600,CUST000122,2025-08-14 03:49:57.003505,547.85,GBP,GB,DE,cajero,mobile,0
TXN00008601,CUST000119,2025-02-18 07:37:57.003505,9672.8,CHF,US,US,cajero,desktop,0
TXN00008602,CUST000115,2025-04-21 05:07:57.003505,7412.59,EUR,DE,FR,web,desktop,0
TXN00008603,CUST000071,2025-10-31 03:42:57.003505,4581.99,EUR,FR,GB,sucursal,desktop,0
TXN00008604,CUST000069,2025-05-25 06:16:57.003505,98.54,EUR,FR,ES,web,atm,0
TXN00008605,CUST000164,2025-04-05 02:54:57.003505,2078.94,GBP,US,US,web,mobile,0
TXN00008606,CUST000062,2025-10-28 04:11:57.003505,805.92,EUR,IT,ES,web,desktop,0
TXN00008607,CUST000013,2025-09-12 18:30:57.003505,1745.8,CHF,GB,GB,cajero,atm,0
TXN00008608,CUST000054,2025-05-31 23:48:57.003505,1799.74,EUR,GB,DE,sucursal,desktop,0
TXN00008609,CUST000121,2025-10-14 04:38:57.003505,2575.07,EUR,ES,IT,cajero,atm,0
TXN00008610,CUST000132,2025-11-18 18:42:57.003505,6432.07,EUR,ES,FR,sucursal,mobile,0
TXN00008611,CUST000005,2025-11-30 05:51:57.003505,2019.59,CHF,GB,DE,app,tablet,0
TXN00008612,CUST000006,2025-05-05 06:12:57.003505,98.24,EUR,FR,FR,web,pos,0
TXN00008613,CUST000129,2025-08-25 03:55:57.003505,14426.04,USD,US,DE,cajero,desktop,0
TXN00008614,CUST000073,2025-05-31 22:05:57.003505,487.41,EUR,DE,IT,app,mobile,0
TXN00008615,CUST000144,2025-05-27 05:07:57.003505,723.51,EUR,DE,GB,web,pos,0
TXN00008616,CUST000103,2025-07-31 05:32:57.003505,11781.99,EUR,ES,DE,web,atm,0
TXN00008617,CUST000010,2025-03-24 08:37:57.003505,598.9,EUR,FR,IT,sucursal,mobile,0
TXN00008618,CUST000094,2025-08-20 04:13:57.003505,5267.37,USD,GB,DE,sucursal,mobile,0
TXN00008619,CUST000144,2025-01-24 08:45:57.003505,1290.53,EUR,DE,DE,cajero,atm,0
TXN00008620,CUST000127,2025-02-23 01:03:57.003505,11044.65,EUR,FR,ES,web,pos,0
TXN00008621,CUST000080,2025-06-14 00:48:57.003505,68.54,EUR,ES,IT,sucursal,pos,0
TXN00008622,CUST000161,2025-09-24 23:19:57.003505,105.84,EUR,ES,IT,cajero,atm,0
TXN00008623,CUST000124,2025-10-30 22:41:57.003505,1364.82,EUR,DE,IT,cajero,atm,0
TXN00008624,CUST000075,2025-04-21 02:35:57.003505,4102.18,EUR,FR,DE,cajero,atm,0
TXN00008625,CUST000188,2026-01-14 04:11:57.003505,4516.55,EUR,IT,GB,cajero,pos,0
TXN00008626,CUST000116,2025-09-09 19:11:57.003505,1750.35,EUR,FR,FR,sucursal,atm,0
TXN00008627,CUST000175,2025-11-17 01:04:57.003505,6303.61,CHF,CH,ES,web,atm,0
TXN00008628,CUST000168,2026-01-08 00:03:57.003505,594.7,EUR,IT,FR,app,tablet,0
TXN00008629,CUST000100,2025-08-24 02:00:57.003505,2296.15,EUR,GB,US,cajero,mobile,0
TXN00008630,CUST000128,2025-06-29 18:40:57.003505,5007.36,EUR,FR,DE,web,tablet,0
TXN00008631,CUST000009,2025-06-21 23:06:57.003505,3177.04,EUR,FR,DE,cajero,atm,0
TXN00008632,CUST000166,2025-03-10 20:09:57.003505,3454.17,EUR,GB,US,web,pos,0
TXN00008633,CUST000032,2025-10-13 03:32:57.003505,138.9,EUR,FR,ES,cajero,desktop,0
TXN00008634,CUST000157,2025-03-17 04:16:57.003505,3822.86,EUR,IT,DE,web,mobile,0
TXN00008635,CUST000085,2026-01-12 02:39:57.003505,2223.26,EUR,FR,IT,app,tablet,0
TXN00008636,CUST000083,2025-12-27 22:29:57.003505,121.63,EUR,ES,FR,app,pos,0
TXN00008637,CUST000001,2025-08-12 03:40:57.003505,115.8,EUR,FR,GB,sucursal,desktop,0
TXN00008638,CUST000166,2025-04-03 08:03:57.003505,3283.19,CHF,GB,IT,cajero,atm,0
TXN00008639,CUST000108,2025-04-03 00:43:57.003505,224.15,EUR,ES,IT,sucursal,tablet,0
TXN00008640,CUST000079,2025-02-19 05:34:57.003505,4606.39,EUR,FR,US,web,desktop,0
TXN00008641,CUST000152,2025-07-23 19:42:57.003505,518.6,CHF,GB,GB,web,pos,0
TXN00008642,CUST000154,2025-10-31 07:40:57.003505,1774.98,EUR,ES,FR,web,atm,0
TXN00008643,CUST000160,2025-11-25 08:52:57.003505,765.15,EUR,DE,DE,cajero,pos,0
TXN00008644,CUST000002,2025-09-08 03:03:57.003505,62.01,EUR,ES,ES,app,pos,0
TXN00008645,CUST000151,2025-11-25 02:43:57.003505,1436.4,EUR,ES,DE,app,pos,0
TXN00008646,CUST000172,2025-07-12 21:58:57.003505,542.05,EUR,FR,FR,sucursal,pos,0
TXN00008647,CUST000067,2025-10-22 03:19:57.003505,531.49,EUR,DE,DE,cajero,pos,0
TXN00008648,CUST000008,2025-04-06 08:04:57.003505,6185.06,EUR,IT,GB,cajero,pos,0
TXN00008649,CUST000063,2025-05-21 06:29:57.003505,140.88,EUR,FR,ES,web,pos,0
TXN00008650,CUST000138,2025-11-20 01:15:57.003505,1379.08,EUR,FR,ES,sucursal,desktop,0
TXN00008651,CUST000144,2026-01-03 22:06:57.003505,506.83,EUR,DE,FR,sucursal,atm,0
TXN00008652,CUST000036,2025-03-27 18:51:57.003505,7898.95,EUR,FR,DE,sucursal,mobile,0
TXN00008653,CUST000006,2025-08-31 19:38:57.003505,351.8,EUR,FR,FR,sucursal,desktop,0
TXN00008654,CUST000143,2025-02-18 01:09:57.003505,1880.81,EUR,ES,IT,cajero,mobile,0
TXN00008655,CUST000001,2025-10-30 00:30:57.003505,971.73,EUR,FR,IT,cajero,tablet,0
TXN00008656,CUST000085,2025-11-27 06:19:57.003505,2337.04,EUR,FR,GB,web,atm,0
TXN00008657,CUST000055,2026-01-11 04:26:57.003505,19628.1,USD,CH,GB,web,tablet,0
TXN00008658,CUST000059,2025-05-17 06:07:57.003505,481.24,EUR,FR,ES,sucursal,atm,0
TXN00008659,CUST000045,2025-05-05 05:45:57.003505,714.86,EUR,GB,IT,web,atm,0
TXN00008660,CUST000104,2025-07-04 02:42:57.003505,148.91,EUR,ES,DE,app,pos,0
TXN00008661,CUST000065,2025-04-12 03:57:57.003505,505.88,EUR,DE,IT,cajero,mobile,0
TXN00008662,CUST000159,2025-09-06 21:10:57.003505,3198.65,GBP,GB,FR,web,mobile,0
TXN00008663,CUST000154,2025-11-24 03:25:57.003505,10114.08,EUR,ES,IT,app,tablet,0
TXN00008664,CUST000057,2025-03-22 01:39:57.003505,58.24,EUR,ES,IT,sucursal,mobile,0
TXN00008665,CUST000098,2025-06-24 19:24:57.003505,801.18,EUR,IT,DE,app,atm,0
TXN00008666,CUST000078,2025-05-01 19:50:57.003505,14949.09,EUR,DE,US,cajero,mobile,0
TXN00008667,CUST000026,2025-03-06 05:33:57.003505,126.94,EUR,FR,ES,web,atm,0
TXN00008668,CUST000092,2025-09-01 22:17:57.003505,2464.78,EUR,FR,GB,web,atm,0
TXN00008669,CUST000120,2025-03-04 07:22:57.003505,244.27,EUR,IT,IT,app,atm,0
TXN00008670,CUST000016,2025-07-30 19:21:57.003505,343.25,EUR,IT,IT,web,tablet,0
TXN00008671,CUST000158,2025-07-18 22:03:57.003505,383.82,EUR,GB,GB,sucursal,pos,0
TXN00008672,CUST000026,2025-09-17 02:37:57.003505,96.14,EUR,FR,FR,web,desktop,0
TXN00008673,CUST000049,2025-05-30 04:06:57.003505,873.23,EUR,ES,ES,sucursal,desktop,0
TXN00008674,CUST000058,2025-05-16 18:29:57.003505,2086.53,EUR,FR,DE,cajero,pos,0
TXN00008675,CUST000029,2025-02-07 05:02:57.003505,2849.71,USD,GB,FR,cajero,mobile,0
TXN00008676,CUST000091,2025-08-02 05:55:57.003505,6458.09,EUR,GB,GB,cajero,pos,0
TXN00008677,CUST000119,2025-05-09 19:04:57.003505,3172.48,CHF,US,DE,sucursal,tablet,0
TXN00008678,CUST000070,2025-01-18 23:47:57.003505,41.04,EUR,ES,FR,cajero,atm,0
TXN00008679,CUST000021,2025-01-16 22:56:57.003505,25.2,EUR,FR,FR,app,pos,0
TXN00008680,CUST000023,2025-07-16 02:53:57.107482,91362.19,EUR,FR,GB,sucursal,pos,1
TXN00008681,CUST000059,2025-03-07 05:25:57.003505,254.68,EUR,FR,FR,app,pos,0
TXN00008682,CUST000175,2025-04-21 17:06:57.003505,4377.49,USD,CH,DE,cajero,desktop,0
TXN00008683,CUST000046,2025-03-05 23:09:57.003505,6938.02,CHF,GB,GB,cajero,pos,0
TXN00008684,CUST000083,2025-12-04 02:48:57.003505,59.29,EUR,ES,IT,web,tablet,0
TXN00008685,CUST000023,2025-03-03 18:52:57.003505,2239.81,EUR,FR,DE,app,desktop,0
TXN00008686,CUST000159,2025-06-25 02:54:57.003505,4146.39,GBP,GB,IT,cajero,atm,0
TXN00008687,CUST000012,2025-07-17 02:44:57.003505,13204.6,EUR,IT,FR,app,pos,0
TXN00008688,CUST000116,2025-03-18 01:12:57.003505,8345.82,EUR,FR,DE,web,tablet,0
TXN00008689,CUST000149,2025-12-17 07:12:57.003505,11971.21,EUR,ES,DE,sucursal,pos,0
TXN00008690,CUST000137,2025-10-03 22:48:57.003505,933.98,EUR,FR,FR,sucursal,pos,0
TXN00008691,CUST000161,2025-07-05 05:29:57.003505,93.95,EUR,ES,ES,web,desktop,0
TXN00008692,CUST000086,2025-10-15 02:57:57.003505,12846.31,EUR,ES,GB,sucursal,pos,0
TXN00008693,CUST000054,2025-02-27 05:33:57.003505,1560.89,EUR,GB,DE,sucursal,mobile,0
TXN00008694,CUST000021,2025-03-09 07:26:57.003505,38.56,EUR,FR,FR,web,pos,0
TXN00008695,CUST000034,2025-11-05 20:01:57.003505,429.1,EUR,FR,IT,app,desktop,0
TXN00008696,CUST000145,2025-01-22 06:39:57.003505,616.8,EUR,DE,IT,sucursal,mobile,0
TXN00008697,CUST000107,2025-10-13 18:07:57.003505,2231.95,EUR,DE,GB,cajero,pos,0
TXN00008698,CUST000081,2025-01-18 01:26:57.003505,12837.13,USD,CH,US,sucursal,atm,0
TXN00008699,CUST000111,2025-10-05 05:57:57.003505,130.69,EUR,ES,ES,cajero,pos,0
TXN00008700,CUST000067,2025-11-24 20:57:57.003505,5422.18,EUR,DE,FR,cajero,mobile,0
TXN00008701,CUST000053,2025-03-12 18:10:57.003505,4762.41,EUR,FR,DE,cajero,tablet,0
TXN00008702,CUST000003,2025-03-26 22:49:57.003505,77.54,EUR,ES,ES,sucursal,tablet,0
TXN00008703,CUST000142,2025-08-12 02:29:57.003505,1422.95,EUR,DE,ES,app,mobile,0
TXN00008704,CUST000077,2025-07-29 20:59:57.003505,21657.81,GBP,CH,CH,sucursal,mobile,0
TXN00008705,CUST000079,2025-08-19 23:42:57.003505,4614.71,EUR,FR,ES,app,mobile,0
TXN00008706,CUST000086,2025-06-20 00:34:57.003505,4662.51,EUR,ES,FR,sucursal,mobile,0
TXN00008707,CUST000123,2025-08-14 03:44:57.003505,2222.81,EUR,FR,FR,web,tablet,0
TXN00008708,CUST000005,2025-12-17 05:49:57.003505,238.51,EUR,GB,ES,sucursal,tablet,0
TXN00008709,CUST000026,2025-08-30 01:03:57.003505,153.88,EUR,FR,IT,sucursal,desktop,0
TXN00008710,CUST000178,2025-01-27 23:09:57.003505,457.99,EUR,ES,ES,web,mobile,0
TXN00008711,CUST000161,2025-02-27 01:41:57.003505,28.42,EUR,ES,FR,sucursal,atm,0
TXN00008712,CUST000182,2025-08-04 21:59:57.003505,2271.41,EUR,FR,GB,cajero,desktop,0
TXN00008713,CUST000121,2025-04-24 00:23:57.003505,416.86,EUR,ES,ES,web,desktop,0
TXN00008714,CUST000140,2025-05-11 22:42:57.003505,504.44,EUR,DE,DE,app,tablet,0
TXN00008715,CUST000027,2025-03-09 07:48:57.003505,76.71,EUR,FR,FR,app,atm,0
TXN00008716,CUST000125,2025-09-21 23:49:57.003505,2796.58,CHF,US,ES,sucursal,atm,0
TXN00008717,CUST000171,2025-02-08 23:33:57.003505,5705.57,EUR,IT,GB,cajero,mobile,0
TXN00008718,CUST000172,2025-10-22 04:50:57.003505,107.05,EUR,FR,DE,app,desktop,0
TXN00008719,CUST000042,2025-03-28 23:02:57.003505,2443.37,EUR,ES,GB,cajero,desktop,0
TXN00008720,CUST000031,2025-03-05 18:17:57.003505,817.92,EUR,ES,ES,app,mobile,0
TXN00008721,CUST000175,2025-10-10 23:56:57.003505,11328.48,EUR,CH,DE,sucursal,pos,0
TXN00008722,CUST000154,2025-05-27 05:37:57.003505,7693.96,EUR,ES,FR,web,atm,0
TXN00008723,CUST000077,2025-05-28 18:57:57.003505,1481.38,GBP,CH,US,app,desktop,0
TXN00008724,CUST000095,2025-12-26 00:09:57.003505,82.79,EUR,IT,FR,web,pos,0
TXN00008725,CUST000051,2025-09-11 05:26:57.003505,884.92,EUR,DE,ES,cajero,desktop,0
TXN00008726,CUST000094,2025-02-14 00:02:57.003505,7096.89,GBP,GB,FR,app,atm,0
TXN00008727,CUST000044,2025-09-10 01:49:57.003505,772.38,EUR,ES,GB,sucursal,pos,0
TXN00008728,CUST000061,2025-05-30 01:56:57.003505,3178.26,EUR,IT,ES,web,atm,0
TXN00008729,CUST000160,2025-04-13 00:37:57.003505,551.9,EUR,DE,GB,cajero,atm,0
TXN00008730,CUST000054,2025-08-18 18:02:57.003505,965.59,EUR,GB,DE,app,mobile,0
TXN00008731,CUST000169,2026-01-15 08:52:57.003505,330.9,EUR,DE,ES,web,mobile,0
TXN00008732,CUST000033,2025-02-04 09:51:57.003505,3422.58,EUR,IT,US,cajero,pos,0
TXN00008733,CUST000133,2025-12-28 03:23:57.003505,119.98,EUR,IT,ES,cajero,pos,0
TXN00008734,CUST000046,2025-06-30 04:37:57.003505,7820.35,EUR,GB,US,app,mobile,0
TXN00008735,CUST000150,2025-11-06 20:40:57.003505,4163.59,EUR,ES,ES,app,pos,0
TXN00008736,CUST000101,2025-12-29 00:29:57.003505,50.76,EUR,FR,IT,app,tablet,0
TXN00008737,CUST000016,2025-03-31 22:47:57.003505,1563.72,EUR,IT,GB,cajero,atm,0
TXN00008738,CUST000054,2025-12-05 22:37:57.003505,331.91,GBP,GB,DE,sucursal,tablet,0
TXN00008739,CUST000116,2025-07-24 08:56:57.003505,2999.71,EUR,FR,ES,app,pos,0
TXN00008740,CUST000178,2025-12-16 03:47:57.003505,127.79,EUR,ES,ES,cajero,pos,0
TXN00008741,CUST000139,2025-02-10 01:43:57.003505,4293.67,EUR,US,DE,sucursal,pos,0
TXN00008742,CUST000006,2025-07-01 07:56:57.003505,97.75,EUR,FR,FR,web,tablet,0
TXN00008743,CUST000152,2025-06-25 01:28:57.003505,1708.95,EUR,GB,GB,app,pos,0
TXN00008744,CUST000019,2025-09-23 18:58:57.003505,1686.86,EUR,DE,GB,app,desktop,0
TXN00008745,CUST000017,2025-06-16 12:58:57.107482,80778.4,EUR,FR,NG,app,desktop,1
TXN00008746,CUST000095,2025-01-25 01:06:57.003505,49.7,EUR,IT,IT,web,pos,0
TXN00008747,CUST000078,2025-06-28 04:57:57.003505,5951.67,EUR,DE,FR,web,desktop,0
TXN00008748,CUST000042,2025-12-20 01:17:57.003505,1097.02,EUR,ES,US,web,mobile,0
TXN00008749,CUST000036,2025-06-04 18:56:57.003505,2480.89,EUR,FR,FR,sucursal,tablet,0
TXN00008750,CUST000144,2025-04-27 08:16:57.003505,313.47,EUR,DE,IT,app,tablet,0
TXN00008751,CUST000037,2025-05-10 12:43:57.107482,905.89,EUR,ES,FR,app,tablet,1
TXN00008752,CUST000173,2025-01-24 20:44:57.003505,2712.07,EUR,DE,US,web,atm,0
TXN00008753,CUST000124,2025-11-13 06:27:57.003505,224.3,EUR,DE,ES,cajero,tablet,0
TXN00008754,CUST000051,2026-01-01 20:50:57.003505,324.18,EUR,DE,FR,app,desktop,0
TXN00008755,CUST000026,2025-07-21 00:07:57.003505,208.36,EUR,FR,ES,web,atm,0
TXN00008756,CUST000057,2025-10-11 02:06:57.003505,29.02,EUR,ES,IT,web,desktop,0
TXN00008757,CUST000083,2025-08-13 21:58:57.003505,38.52,EUR,ES,ES,cajero,atm,0
TXN00008758,CUST000164,2025-08-13 00:45:57.003505,8340.3,USD,US,DE,cajero,tablet,0
TXN00008759,CUST000060,2026-01-04 00:11:57.003505,388.39,EUR,IT,ES,app,pos,0
TXN00008760,CUST000185,2025-04-21 07:08:57.003505,434.49,USD,GB,GB,sucursal,atm,0
TXN00008761,CUST000105,2025-06-11 19:39:57.003505,8160.56,GBP,US,DE,web,pos,0
TXN00008762,CUST000034,2025-02-17 06:37:57.003505,131.63,EUR,FR,IT,cajero,desktop,0
TXN00008763,CUST000126,2025-11-14 21:24:57.003505,185.68,EUR,DE,GB,sucursal,pos,0
TXN00008764,CUST000002,2025-10-25 07:09:57.003505,80.81,EUR,ES,IT,cajero,atm,0
TXN00008765,CUST000098,2026-01-09 22:52:57.003505,468.42,EUR,IT,GB,sucursal,tablet,0
TXN00008766,CUST000060,2025-03-17 02:48:57.003505,2069.91,EUR,IT,IT,sucursal,pos,0
TXN00008767,CUST000109,2025-09-26 05:39:57.003505,1623.98,EUR,CH,GB,cajero,atm,0
TXN00008768,CUST000167,2025-02-19 04:36:57.003505,11619.78,EUR,US,GB,app,tablet,0
TXN00008769,CUST000040,2025-09-13 05:56:57.107482,24051.02,EUR,IT,FR,sucursal,pos,1
TXN00008770,CUST000124,2025-02-12 00:20:57.003505,683.07,EUR,DE,IT,cajero,desktop,0
TXN00008771,CUST000048,2025-03-07 23:59:57.003505,3773.72,EUR,FR,FR,web,tablet,0
TXN00008772,CUST000007,2025-11-01 20:39:57.003505,6204.12,EUR,DE,DE,web,desktop,0
TXN00008773,CUST000071,2025-04-13 18:59:57.003505,2047.98,EUR,FR,FR,cajero,atm,0
TXN00008774,CUST000159,2025-02-16 23:15:57.003505,3243.9,CHF,GB,FR,app,pos,0
TXN00008775,CUST000096,2025-01-16 20:02:57.003505,6228.66,EUR,ES,DE,app,atm,0
TXN00008776,CUST000041,2025-02-09 02:35:57.003505,1061.93,EUR,DE,ES,app,mobile,0
TXN00008777,CUST000084,2025-09-08 22:47:57.003505,379.68,EUR,ES,ES,web,desktop,0
TXN00008778,CUST000124,2025-03-14 00:47:57.003505,108.35,EUR,DE,IT,app,pos,0
TXN00008779,CUST000167,2025-03-30 02:15:57.003505,1786.41,GBP,US,FR,cajero,tablet,0
TXN00008780,CUST000114,2025-06-09 19:16:57.003505,4504.37,EUR,ES,ES,app,atm,0
TXN00008781,CUST000017,2025-12-03 08:42:57.003505,4618.81,EUR,FR,DE,cajero,pos,0
TXN00008782,CUST000092,2025-09-12 01:29:57.003505,3615.33,EUR,FR,FR,web,mobile,0
TXN00008783,CUST000044,2025-12-30 03:45:57.003505,225.15,EUR,ES,IT,web,atm,0
TXN00008784,CUST000000,2025-05-30 04:26:57.107482,93045.57,EUR,DE,GB,web,desktop,1
TXN00008785,CUST000048,2025-04-13 20:17:57.003505,5595.46,EUR,FR,DE,app,tablet,0
TXN00008786,CUST000005,2025-11-30 21:02:57.003505,101.43,USD,GB,GB,sucursal,atm,0
TXN00008787,CUST000121,2025-11-17 19:46:57.003505,465.81,EUR,ES,IT,sucursal,desktop,0
TXN00008788,CUST000028,2025-01-17 03:08:57.003505,370.87,EUR,ES,ES,sucursal,pos,0
TXN00008789,CUST000070,2025-05-02 22:33:57.003505,66.63,EUR,ES,IT,web,mobile,0
TXN00008790,CUST000114,2025-04-19 09:09:57.003505,6918.49,EUR,ES,DE,app,atm,0
TXN00008791,CUST000063,2025-10-30 06:01:57.003505,247.47,EUR,FR,FR,sucursal,atm,0
TXN00008792,CUST000017,2025-04-13 12:00:57.107482,78038.8,EUR,FR,NG,app,desktop,1
TXN00008793,CUST000172,2025-02-25 23:44:57.003505,400.54,EUR,FR,ES,app,tablet,0
TXN00008794,CUST000048,2025-06-14 22:35:57.107482,90467.52,EUR,FR,IT,sucursal,pos,1
TXN00008795,CUST000149,2025-07-02 05:35:57.003505,2175.05,EUR,ES,FR,sucursal,mobile,0
TXN00008796,CUST000071,2025-03-17 05:24:57.003505,3592.24,EUR,FR,ES,cajero,desktop,0
TXN00008797,CUST000133,2025-06-25 21:27:57.003505,82.13,EUR,IT,IT,app,tablet,0
TXN00008798,CUST000148,2025-03-02 18:30:57.003505,10780.14,EUR,ES,US,app,mobile,0
TXN00008799,CUST000081,2025-03-08 23:40:57.003505,8035.95,CHF,CH,GB,web,atm,0
TXN00008800,CUST000060,2025-02-07 04:56:57.003505,805.01,EUR,IT,GB,sucursal,pos,0
TXN00008801,CUST000170,2025-10-16 02:50:57.003505,4906.37,GBP,US,US,web,desktop,0
TXN00008802,CUST000005,2025-03-15 14:06:57.107482,5252.69,CHF,GB,GB,web,tablet,1
TXN00008803,CUST000057,2025-02-20 01:57:57.003505,397.45,EUR,ES,FR,cajero,tablet,0
TXN00008804,CUST000005,2025-06-22 20:04:57.003505,1660.26,EUR,GB,ES,sucursal,tablet,0
TXN00008805,CUST000086,2025-01-30 00:22:57.003505,11552.15,EUR,ES,US,sucursal,atm,0
TXN00008806,CUST000046,2025-09-13 17:03:57.107482,70840.73,CHF,GB,ES,sucursal,desktop,1
TXN00008807,CUST000104,2025-08-26 06:12:57.003505,177.0,EUR,ES,ES,web,desktop,0
TXN00008808,CUST000126,2025-10-04 02:31:57.003505,498.68,EUR,DE,FR,cajero,atm,0
TXN00008809,CUST000186,2025-03-01 02:00:57.003505,12868.18,EUR,IT,IT,web,atm,0
TXN00008810,CUST000103,2025-01-23 09:40:57.003505,1126.94,EUR,ES,DE,web,pos,0
TXN00008811,CUST000140,2025-11-25 18:43:57.003505,496.81,EUR,DE,IT,cajero,atm,0
TXN00008812,CUST000174,2025-11-29 01:52:57.003505,1603.23,EUR,IT,ES,web,atm,0
TXN00008813,CUST000103,2025-03-15 22:24:57.003505,3984.33,EUR,ES,GB,app,atm,0
TXN00008814,CUST000100,2025-05-11 00:37:57.003505,14117.6,GBP,GB,IT,web,tablet,0
TXN00008815,CUST000131,2025-02-08 22:42:57.003505,138.72,EUR,DE,GB,web,tablet,0
TXN00008816,CUST000115,2025-08-08 20:38:57.003505,3045.71,EUR,DE,GB,web,mobile,0
TXN00008817,CUST000094,2025-11-16 20:06:57.003505,6104.17,EUR,GB,ES,cajero,mobile,0
TXN00008818,CUST000144,2025-12-29 21:59:57.003505,2569.98,EUR,DE,ES,sucursal,pos,0
TXN00008819,CUST000080,2025-10-01 07:28:57.003505,25.28,EUR,ES,IT,sucursal,mobile,0
TXN00008820,CUST000179,2025-08-26 06:19:57.003505,2234.57,EUR,DE,IT,cajero,mobile,0
TXN00008821,CUST000020,2025-09-21 21:30:57.003505,111.12,EUR,IT,IT,web,atm,0
TXN00008822,CUST000120,2025-09-05 06:45:57.003505,296.37,EUR,IT,ES,sucursal,pos,0
TXN00008823,CUST000131,2025-04-28 23:00:57.003505,815.99,EUR,DE,DE,cajero,pos,0
TXN00008824,CUST000125,2025-09-20 01:40:57.003505,1266.74,GBP,US,US,sucursal,tablet,0
TXN00008825,CUST000063,2025-05-17 21:09:57.003505,13.0,EUR,FR,FR,web,pos,0
TXN00008826,CUST000051,2025-02-17 04:29:57.003505,425.35,EUR,DE,FR,web,pos,0
TXN00008827,CUST000141,2025-01-15 21:01:57.003505,106.03,USD,GB,DE,sucursal,pos,0
TXN00008828,CUST000012,2025-09-15 00:02:57.003505,1017.21,EUR,IT,ES,web,pos,0
TXN00008829,CUST000142,2025-12-17 22:18:57.003505,1649.68,EUR,DE,CH,app,atm,0
TXN00008830,CUST000108,2025-05-14 02:36:57.003505,100.29,EUR,ES,FR,cajero,desktop,0
TXN00008831,CUST000070,2025-08-29 05:08:57.003505,83.95,EUR,ES,ES,sucursal,desktop,0
TXN00008832,CUST000040,2025-06-09 20:48:57.003505,101.54,EUR,IT,IT,sucursal,mobile,0
TXN00008833,CUST000079,2025-10-28 21:25:57.003505,7394.32,EUR,FR,CH,cajero,mobile,0
TXN00008834,CUST000064,2025-07-04 01:23:57.003505,731.26,EUR,ES,FR,app,desktop,0
TXN00008835,CUST000002,2025-03-01 00:06:57.003505,121.72,EUR,ES,IT,web,atm,0
TXN00008836,CUST000122,2025-11-18 20:01:57.003505,2046.83,CHF,GB,DE,web,desktop,0
TXN00008837,CUST000053,2025-04-01 23:36:57.003505,5576.47,EUR,FR,GB,cajero,pos,0
TXN00008838,CUST000061,2025-10-20 00:41:57.003505,7320.0,EUR,IT,ES,app,desktop,0
TXN00008839,CUST000042,2025-08-11 21:47:57.003505,3255.05,EUR,ES,ES,web,pos,0
TXN00008840,CUST000022,2025-02-22 02:34:57.003505,8049.57,EUR,IT,ES,cajero,atm,0
TXN00008841,CUST000053,2025-08-02 07:29:57.003505,3449.62,EUR,FR,FR,app,mobile,0
TXN00008842,CUST000098,2025-04-22 04:37:57.003505,869.58,EUR,IT,FR,app,desktop,0
TXN00008843,CUST000017,2025-04-22 04:38:57.003505,11076.55,EUR,FR,US,app,tablet,0
TXN00008844,CUST000049,2025-04-09 08:19:57.003505,1326.12,EUR,ES,FR,sucursal,mobile,0
TXN00008845,CUST000129,2025-01-21 00:53:57.003505,4192.0,USD,US,DE,cajero,mobile,0
TXN00008846,CUST000024,2025-04-21 19:32:57.003505,14832.32,EUR,FR,US,cajero,tablet,0
TXN00008847,CUST000064,2025-07-17 05:58:57.003505,1268.5,EUR,ES,FR,sucursal,tablet,0
TXN00008848,CUST000023,2025-06-22 20:53:57.003505,23919.42,EUR,FR,GB,sucursal,atm,0
TXN00008849,CUST000163,2025-03-12 03:41:57.003505,43.35,EUR,ES,IT,web,pos,0
TXN00008850,CUST000001,2025-09-09 14:11:57.107482,98285.28,EUR,FR,RU,sucursal,tablet,1
TXN00008851,CUST000187,2025-12-17 09:17:57.003505,4741.52,CHF,GB,DE,app,desktop,0
TXN00008852,CUST000013,2025-04-16 04:52:57.003505,482.79,EUR,GB,IT,sucursal,mobile,0
TXN00008853,CUST000015,2025-05-27 21:20:57.003505,7282.87,EUR,FR,DE,app,pos,0
TXN00008854,CUST000052,2025-01-18 01:53:57.003505,36.88,EUR,ES,IT,sucursal,pos,0
TXN00008855,CUST000084,2025-07-06 04:36:57.003505,43.35,EUR,ES,ES,app,mobile,0
TXN00008856,CUST000179,2025-10-05 19:53:57.003505,7381.17,EUR,DE,DE,sucursal,tablet,0
TXN00008857,CUST000152,2025-05-04 02:19:57.003505,647.45,GBP,GB,DE,sucursal,atm,0
TXN00008858,CUST000059,2025-12-04 02:26:57.003505,320.65,EUR,FR,IT,cajero,pos,0
TXN00008859,CUST000059,2025-02-28 01:51:57.003505,91.8,EUR,FR,IT,cajero,tablet,0
TXN00008860,CUST000103,2025-09-15 18:02:57.003505,2087.76,EUR,ES,US,web,desktop,0
TXN00008861,CUST000105,2025-02-15 22:08:57.003505,2304.0,GBP,US,GB,app,tablet,0
TXN00008862,CUST000088,2025-08-13 21:30:57.003505,2772.39,EUR,DE,ES,cajero,atm,0
TXN00008863,CUST000020,2025-08-11 00:45:57.003505,223.32,EUR,IT,IT,sucursal,mobile,0
TXN00008864,CUST000187,2025-04-12 20:02:57.003505,1501.15,USD,GB,US,sucursal,mobile,0
TXN00008865,CUST000160,2025-05-03 22:43:57.003505,295.41,EUR,DE,DE,sucursal,pos,0
TXN00008866,CUST000105,2025-01-28 03:59:57.003505,13808.61,CHF,US,FR,sucursal,tablet,0
TXN00008867,CUST000006,2026-01-06 04:21:57.003505,218.8,EUR,FR,ES,sucursal,desktop,0
TXN00008868,CUST000175,2025-11-30 01:18:57.003505,5819.87,GBP,CH,GB,cajero,mobile,0
TXN00008869,CUST000113,2025-03-12 18:11:57.003505,5384.77,EUR,CH,ES,cajero,atm,0
TXN00008870,CUST000006,2025-12-23 05:45:57.003505,134.07,EUR,FR,IT,sucursal,atm,0
TXN00008871,CUST000049,2025-09-18 04:59:57.003505,394.01,EUR,ES,IT,web,mobile,0
TXN00008872,CUST000042,2025-03-10 09:32:57.107482,37620.68,EUR,ES,IT,cajero,mobile,1
TXN00008873,CUST000128,2025-02-26 21:52:57.003505,5023.62,EUR,FR,US,sucursal,tablet,0
TXN00008874,CUST000001,2025-07-12 02:41:57.003505,1004.67,EUR,FR,ES,cajero,desktop,0
TXN00008875,CUST000145,2025-11-18 18:42:57.003505,290.48,EUR,DE,ES,app,pos,0
TXN00008876,CUST000156,2025-03-18 04:50:57.003505,120.91,EUR,FR,ES,web,pos,0
TXN00008877,CUST000183,2025-03-30 02:15:57.003505,212.77,EUR,IT,FR,cajero,mobile,0
TXN00008878,CUST000073,2025-03-17 07:45:57.003505,105.27,EUR,DE,DE,cajero,desktop,0
TXN00008879,CUST000040,2025-09-27 07:31:57.003505,93.04,EUR,IT,ES,sucursal,desktop,0
TXN00008880,CUST000059,2025-08-04 01:30:57.003505,91.09,EUR,FR,ES,sucursal,desktop,0
TXN00008881,CUST000180,2025-12-18 21:56:57.003505,781.05,CHF,GB,GB,cajero,atm,0
TXN00008882,CUST000038,2025-06-12 22:04:57.003505,572.13,EUR,ES,GB,web,desktop,0
TXN00008883,CUST000058,2025-06-04 22:03:57.003505,3973.68,EUR,FR,ES,cajero,mobile,0
TXN00008884,CUST000122,2025-04-14 08:46:57.003505,178.47,CHF,GB,GB,sucursal,atm,0
TXN00008885,CUST000142,2025-02-19 20:23:57.003505,1149.09,EUR,DE,ES,web,tablet,0
TXN00008886,CUST000000,2025-05-17 04:24:57.003505,262.03,EUR,DE,ES,cajero,desktop,0
TXN00008887,CUST000083,2026-01-15 22:30:57.003505,29.94,EUR,ES,ES,sucursal,desktop,0
TXN00008888,CUST000060,2025-11-25 07:44:57.003505,1762.74,EUR,IT,IT,web,atm,0
TXN00008889,CUST000048,2025-07-05 20:44:57.003505,5501.07,EUR,FR,IT,app,desktop,0
TXN00008890,CUST000026,2025-10-02 04:18:57.003505,262.95,EUR,FR,FR,cajero,tablet,0
TXN00008891,CUST000118,2025-06-09 17:30:57.003505,3622.52,EUR,DE,ES,sucursal,desktop,0
TXN00008892,CUST000029,2025-07-12 02:25:57.003505,4853.12,CHF,GB,US,sucursal,tablet,0
TXN00008893,CUST000129,2025-09-22 23:29:57.003505,7118.51,GBP,US,DE,sucursal,pos,0
TXN00008894,CUST000001,2025-11-02 06:06:57.003505,553.35,EUR,FR,ES,cajero,desktop,0
TXN00008895,CUST000014,2025-01-31 18:39:57.003505,1189.6,EUR,IT,DE,app,atm,0
TXN00008896,CUST000039,2026-01-05 00:09:57.003505,2026.36,EUR,DE,CH,sucursal,atm,0
TXN00008897,CUST000170,2026-01-09 00:51:57.003505,6508.06,USD,US,ES,app,mobile,0
TXN00008898,CUST000009,2025-02-05 02:37:57.003505,4825.21,EUR,FR,US,sucursal,pos,0
TXN00008899,CUST000139,2025-04-20 20:54:57.003505,2433.87,CHF,US,FR,sucursal,atm,0
TXN00008900,CUST000036,2025-07-12 13:22:57.107482,37182.38,EUR,FR,DE,cajero,desktop,1
TXN00008901,CUST000070,2025-02-13 22:40:57.003505,118.03,EUR,ES,ES,web,pos,0
TXN00008902,CUST000091,2025-08-24 01:47:57.003505,2101.48,CHF,GB,GB,web,atm,0
TXN00008903,CUST000123,2025-06-12 08:27:57.003505,290.47,EUR,FR,IT,cajero,mobile,0
TXN00008904,CUST000112,2025-07-19 04:32:57.003505,5059.93,USD,US,GB,app,mobile,0
TXN00008905,CUST000017,2025-10-03 12:31:57.107482,76224.49,EUR,FR,PK,app,tablet,1
TXN00008906,CUST000180,2025-09-09 04:57:57.003505,2312.66,GBP,GB,FR,app,pos,0
TXN00008907,CUST000096,2025-12-29 03:35:57.003505,7596.08,EUR,ES,US,app,tablet,0
TXN00008908,CUST000087,2025-01-31 18:28:57.003505,1753.77,EUR,ES,ES,sucursal,atm,0
TXN00008909,CUST000102,2025-03-20 02:06:57.003505,6166.73,EUR,FR,FR,web,mobile,0
TXN00008910,CUST000071,2025-06-12 04:40:57.003505,23974.06,EUR,FR,DE,cajero,mobile,0
TXN00008911,CUST000119,2025-01-21 08:09:57.003505,12364.03,USD,US,IT,app,desktop,0
TXN00008912,CUST000045,2025-12-06 00:41:57.107482,2628.11,GBP,GB,SY,web,atm,1
TXN00008913,CUST000030,2025-12-01 02:42:57.003505,526.77,GBP,GB,GB,app,tablet,0
TXN00008914,CUST000106,2025-09-17 02:52:57.003505,144.0,EUR,FR,ES,cajero,mobile,0
TXN00008915,CUST000131,2025-10-21 07:03:57.003505,1852.67,EUR,DE,FR,sucursal,desktop,0
TXN00008916,CUST000146,2025-06-11 02:24:57.003505,2371.28,EUR,IT,GB,app,desktop,0
TXN00008917,CUST000085,2025-03-10 06:08:57.003505,628.67,EUR,FR,ES,app,desktop,0
TXN00008918,CUST000146,2026-01-15 00:19:57.003505,322.12,EUR,IT,ES,app,tablet,0
TXN00008919,CUST000183,2025-12-19 07:20:57.003505,191.31,EUR,IT,FR,web,atm,0
TXN00008920,CUST000001,2025-05-08 07:29:57.003505,843.27,EUR,FR,FR,cajero,pos,0
TXN00008921,CUST000101,2025-07-19 21:21:57.003505,119.86,EUR,FR,ES,web,tablet,0
TXN00008922,CUST000180,2025-04-15 22:26:57.003505,127.9,CHF,GB,DE,cajero,tablet,0
TXN00008923,CUST000013,2025-09-18 05:22:57.003505,318.57,CHF,GB,FR,cajero,pos,0
TXN00008924,CUST000055,2025-04-21 02:06:57.003505,6157.56,EUR,CH,DE,web,desktop,0
TXN00008925,CUST000168,2025-11-05 05:08:57.003505,234.89,EUR,IT,GB,web,pos,0
TXN00008926,CUST000177,2025-09-16 03:01:57.003505,902.36,EUR,FR,ES,app,atm,0
TXN00008927,CUST000081,2025-04-30 03:55:57.003505,19011.44,GBP,CH,US,cajero,mobile,0
TXN00008928,CUST000113,2025-11-23 19:58:57.003505,15207.37,EUR,CH,CH,web,desktop,0
TXN00008929,CUST000035,2025-12-14 21:57:57.003505,2004.6,EUR,DE,ES,web,atm,0
TXN00008930,CUST000031,2025-06-08 23:29:57.003505,14304.02,EUR,ES,ES,cajero,pos,0
TXN00008931,CUST000144,2025-02-13 03:56:57.003505,2226.54,EUR,DE,FR,app,pos,0
TXN00008932,CUST000062,2025-08-15 07:59:57.003505,364.63,EUR,IT,GB,app,atm,0
TXN00008933,CUST000147,2025-05-22 18:55:57.003505,3454.87,USD,US,GB,sucursal,tablet,0
TXN00008934,CUST000086,2025-08-11 02:16:57.003505,11247.54,EUR,ES,GB,app,tablet,0
TXN00008935,CUST000049,2025-04-29 19:27:57.107482,57470.56,EUR,ES,ES,web,atm,1
TXN00008936,CUST000125,2025-08-27 23:50:57.003505,4844.15,CHF,US,DE,app,pos,0
TXN00008937,CUST000077,2025-04-07 18:00:57.003505,16045.33,EUR,CH,GB,cajero,desktop,0
TXN00008938,CUST000064,2025-12-14 08:16:57.003505,506.55,EUR,ES,IT,web,desktop,0
TXN00008939,CUST000028,2025-12-18 01:35:57.003505,306.04,EUR,ES,FR,web,desktop,0
TXN00008940,CUST000004,2025-06-08 01:36:57.003505,2887.99,EUR,DE,DE,web,tablet,0
TXN00008941,CUST000069,2025-03-18 04:19:57.003505,105.09,EUR,FR,ES,web,desktop,0
TXN00008942,CUST000122,2025-10-09 03:42:57.003505,489.93,CHF,GB,DE,cajero,pos,0
TXN00008943,CUST000056,2025-03-18 00:52:57.003505,1972.03,EUR,GB,FR,sucursal,pos,0
TXN00008944,CUST000130,2025-10-19 01:48:57.003505,1795.41,EUR,IT,ES,cajero,pos,0
TXN00008945,CUST000086,2025-12-07 19:42:57.003505,5036.9,EUR,ES,FR,sucursal,mobile,0
TXN00008946,CUST000046,2025-02-23 20:23:57.003505,5716.11,USD,GB,CH,web,atm,0
TXN00008947,CUST000037,2025-01-25 23:42:57.003505,115.2,EUR,ES,IT,web,desktop,0
TXN00008948,CUST000170,2025-03-08 02:39:57.003505,14741.56,EUR,US,GB,sucursal,atm,0
TXN00008949,CUST000069,2025-12-19 03:01:57.003505,18.26,EUR,FR,ES,cajero,mobile,0
TXN00008950,CUST000099,2025-06-17 00:49:57.003505,10.87,EUR,IT,FR,sucursal,pos,0
TXN00008951,CUST000167,2025-06-04 19:01:57.003505,5010.65,USD,US,FR,cajero,pos,0
TXN00008952,CUST000113,2025-07-11 00:14:57.003505,1005.97,EUR,CH,US,web,atm,0
TXN00008953,CUST000053,2025-06-04 22:18:57.003505,2740.16,EUR,FR,IT,cajero,desktop,0
TXN00008954,CUST000034,2025-08-28 19:01:57.003505,56.35,EUR,FR,IT,cajero,tablet,0
TXN00008955,CUST000126,2025-08-19 07:31:57.003505,279.77,EUR,DE,GB,web,pos,0
TXN00008956,CUST000081,2025-11-15 02:12:57.003505,1832.1,USD,CH,ES,app,atm,0
TXN00008957,CUST000009,2025-01-18 17:56:57.003505,7606.88,EUR,FR,DE,cajero,atm,0
TXN00008958,CUST000020,2025-12-12 06:31:57.003505,331.61,EUR,IT,IT,cajero,atm,0
TXN00008959,CUST000084,2025-04-26 07:31:57.003505,66.69,EUR,ES,ES,sucursal,pos,0
TXN00008960,CUST000023,2025-08-05 05:12:57.107482,44593.59,EUR,FR,CN,cajero,mobile,1
TXN00008961,CUST000087,2025-04-16 00:26:57.003505,2041.45,EUR,ES,ES,sucursal,desktop,0
TXN00008962,CUST000128,2025-12-28 20:08:57.003505,10560.48,EUR,FR,US,cajero,pos,0
TXN00008963,CUST000182,2025-05-04 07:56:57.003505,12155.06,EUR,FR,GB,app,desktop,0
TXN00008964,CUST000186,2025-08-30 07:19:57.003505,10390.69,EUR,IT,FR,sucursal,atm,0
TXN00008965,CUST000027,2025-05-05 20:47:57.003505,58.18,EUR,FR,ES,cajero,pos,0
TXN00008966,CUST000018,2025-08-11 12:09:57.107482,1360.15,EUR,FR,IT,app,mobile,1
TXN00008967,CUST000065,2025-01-26 05:00:57.003505,1312.15,EUR,DE,DE,cajero,desktop,0
TXN00008968,CUST000049,2025-07-19 22:00:57.003505,436.15,EUR,ES,FR,web,mobile,0
TXN00008969,CUST000014,2025-07-25 02:14:57.003505,289.92,EUR,IT,ES,web,desktop,0
TXN00008970,CUST000144,2025-03-07 03:38:57.003505,489.88,EUR,DE,FR,app,atm,0
TXN00008971,CUST000150,2025-09-27 22:55:57.003505,4010.3,EUR,ES,US,app,atm,0
TXN00008972,CUST000116,2025-09-10 03:27:57.003505,9694.29,EUR,FR,ES,web,tablet,0
TXN00008973,CUST000150,2025-11-03 02:55:57.003505,1273.21,EUR,ES,FR,cajero,mobile,0
TXN00008974,CUST000133,2025-11-11 21:51:57.003505,61.73,EUR,IT,FR,web,pos,0
TXN00008975,CUST000130,2025-03-14 03:27:57.003505,3554.7,EUR,IT,IT,app,tablet,0
TXN00008976,CUST000083,2025-08-06 03:34:57.003505,352.24,EUR,ES,IT,sucursal,mobile,0
TXN00008977,CUST000122,2025-07-08 04:38:57.003505,1393.33,USD,GB,DE,app,atm,0
TXN00008978,CUST000154,2025-03-18 05:20:57.003505,1394.9,EUR,ES,US,sucursal,tablet,0
TXN00008979,CUST000115,2025-02-02 04:40:57.003505,24541.97,EUR,DE,DE,sucursal,pos,0
TXN00008980,CUST000163,2025-04-26 03:10:57.003505,339.71,EUR,ES,IT,app,tablet,0
TXN00008981,CUST000067,2025-12-28 00:57:57.003505,4389.81,EUR,DE,US,app,atm,0
TXN00008982,CUST000189,2025-02-02 04:20:57.003505,680.44,EUR,DE,ES,web,tablet,0
TXN00008983,CUST000161,2025-12-17 19:19:57.003505,34.85,EUR,ES,IT,web,tablet,0
TXN00008984,CUST000143,2025-06-22 03:05:57.003505,4016.68,EUR,ES,GB,web,tablet,0
TXN00008985,CUST000023,2025-02-23 00:41:57.003505,3956.8,EUR,FR,CH,app,pos,0
TXN00008986,CUST000113,2025-02-14 17:09:57.003505,1511.89,CHF,CH,DE,cajero,tablet,0
TXN00008987,CUST000135,2025-10-03 00:01:57.003505,589.42,EUR,ES,ES,app,atm,0
TXN00008988,CUST000032,2025-06-03 07:06:57.003505,350.22,EUR,FR,ES,web,atm,0
TXN00008989,CUST000159,2025-05-02 18:27:57.003505,6499.9,CHF,GB,ES,sucursal,atm,0
TXN00008990,CUST000015,2026-01-08 01:30:57.107482,5303.62,EUR,FR,RU,app,tablet,1
TXN00008991,CUST000074,2025-08-28 19:25:57.003505,2511.8,EUR,IT,GB,web,tablet,0
TXN00008992,CUST000078,2025-11-05 05:16:57.003505,7619.56,EUR,DE,GB,sucursal,tablet,0
TXN00008993,CUST000162,2025-03-10 17:37:57.003505,1203.06,CHF,CH,US,sucursal,mobile,0
TXN00008994,CUST000001,2025-06-25 05:54:57.003505,153.92,EUR,FR,IT,web,pos,0
TXN00008995,CUST000109,2025-04-23 17:56:57.003505,8070.12,USD,CH,ES,cajero,atm,0
TXN00008996,CUST000076,2025-10-11 01:14:57.003505,267.6,EUR,ES,IT,cajero,mobile,0
TXN00008997,CUST000036,2025-03-10 09:24:57.003505,2843.08,EUR,FR,US,app,tablet,0
TXN00008998,CUST000051,2025-06-07 08:54:57.003505,154.15,EUR,DE,ES,cajero,mobile,0
TXN00008999,CUST000093,2025-11-30 01:13:57.003505,7073.48,EUR,FR,DE,app,pos,0
TXN00009000,CUST000170,2025-06-20 03:36:57.003505,15529.91,GBP,US,CH,app,desktop,0
TXN00009001,CUST000107,2025-08-26 19:43:57.003505,17830.3,EUR,DE,US,sucursal,atm,0
TXN00009002,CUST000005,2025-03-18 18:04:57.107482,1575.16,GBP,GB,AF,sucursal,desktop,1
TXN00009003,CUST000121,2025-03-29 00:03:57.003505,576.77,EUR,ES,DE,cajero,mobile,0
TXN00009004,CUST000053,2025-04-01 08:08:57.003505,10064.31,EUR,FR,US,sucursal,pos,0
TXN00009005,CUST000118,2025-09-04 22:55:57.003505,4564.52,EUR,DE,GB,cajero,tablet,0
TXN00009006,CUST000097,2025-04-18 22:07:57.003505,1518.04,GBP,GB,DE,app,atm,0
TXN00009007,CUST000050,2025-09-14 22:52:57.003505,5028.42,EUR,FR,ES,app,atm,0
TXN00009008,CUST000177,2025-03-19 23:25:57.003505,335.29,EUR,FR,ES,cajero,atm,0
TXN00009009,CUST000103,2025-02-11 08:39:57.003505,4561.03,EUR,ES,FR,web,pos,0
TXN00009010,CUST000013,2026-01-12 01:36:57.003505,280.78,EUR,GB,DE,sucursal,desktop,0
TXN00009011,CUST000087,2025-12-19 00:24:57.003505,928.63,EUR,ES,ES,web,pos,0
TXN00009012,CUST000138,2025-01-16 00:33:57.003505,2634.5,EUR,FR,IT,sucursal,tablet,0
TXN00009013,CUST000040,2025-05-28 19:05:57.003505,469.32,EUR,IT,IT,app,pos,0
TXN00009014,CUST000029,2025-12-02 19:05:57.003505,6596.7,GBP,GB,IT,web,tablet,0
TXN00009015,CUST000049,2025-05-20 20:23:57.003505,250.78,EUR,ES,ES,web,mobile,0
TXN00009016,CUST000167,2025-06-14 06:32:57.003505,3362.17,USD,US,FR,cajero,tablet,0
TXN00009017,CUST000117,2025-04-08 22:27:57.003505,2086.47,EUR,ES,IT,cajero,mobile,0
TXN00009018,CUST000076,2025-05-23 22:58:57.003505,140.19,EUR,ES,IT,web,pos,0
TXN00009019,CUST000070,2025-03-19 04:43:57.003505,117.99,EUR,ES,IT,web,atm,0
TXN00009020,CUST000039,2025-07-23 22:08:57.003505,7690.94,EUR,DE,DE,app,atm,0
TXN00009021,CUST000152,2025-08-18 19:21:57.003505,1308.49,CHF,GB,FR,sucursal,mobile,0
TXN00009022,CUST000127,2025-07-11 19:34:57.003505,7412.23,EUR,FR,IT,web,tablet,0
TXN00009023,CUST000187,2025-11-14 09:41:57.003505,2243.35,EUR,GB,FR,sucursal,desktop,0
TXN00009024,CUST000001,2025-07-04 08:12:57.003505,1926.41,EUR,FR,IT,app,tablet,0
TXN00009025,CUST000135,2026-01-13 03:06:57.003505,335.76,EUR,ES,ES,web,tablet,0
TXN00009026,CUST000037,2025-10-25 00:02:57.003505,152.11,EUR,ES,IT,cajero,atm,0
TXN00009027,CUST000008,2025-04-24 22:50:57.107482,54408.74,EUR,IT,FR,sucursal,tablet,1
TXN00009028,CUST000120,2025-11-13 06:45:57.003505,66.76,EUR,IT,IT,app,atm,0
TXN00009029,CUST000102,2025-10-08 03:54:57.003505,1667.03,EUR,FR,CH,web,desktop,0
TXN00009030,CUST000022,2025-09-01 19:57:57.003505,4537.29,EUR,IT,FR,web,atm,0
TXN00009031,CUST000080,2025-10-27 07:08:57.003505,393.17,EUR,ES,FR,sucursal,atm,0
TXN00009032,CUST000037,2025-08-30 04:16:57.107482,49404.62,EUR,ES,IT,app,pos,1
TXN00009033,CUST000041,2025-10-10 08:40:57.003505,1512.49,EUR,DE,US,web,atm,0
TXN00009034,CUST000004,2025-06-18 02:24:57.003505,2646.12,EUR,DE,CH,app,tablet,0
TXN00009035,CUST000105,2025-12-15 02:17:57.003505,1332.36,EUR,US,US,web,tablet,0
TXN00009036,CUST000137,2025-12-29 23:58:57.003505,527.28,EUR,FR,ES,cajero,mobile,0
TXN00009037,CUST000152,2025-08-24 03:07:57.003505,494.73,USD,GB,ES,sucursal,atm,0
TXN00009038,CUST000166,2025-03-31 03:57:57.003505,4805.94,EUR,GB,DE,sucursal,tablet,0
TXN00009039,CUST000136,2025-01-20 19:43:57.003505,111.35,EUR,FR,FR,app,mobile,0
TXN00009040,CUST000054,2025-06-01 05:23:57.003505,1128.8,USD,GB,GB,cajero,mobile,0
TXN00009041,CUST000088,2025-08-31 22:09:57.003505,818.1,EUR,DE,FR,sucursal,desktop,0
TXN00009042,CUST000002,2025-12-17 00:54:57.003505,42.99,EUR,ES,IT,sucursal,mobile,0
TXN00009043,CUST000093,2025-03-28 06:16:57.003505,4720.02,EUR,FR,ES,web,pos,0
TXN00009044,CUST000124,2025-04-02 04:05:57.003505,883.25,EUR,DE,GB,cajero,desktop,0
TXN00009045,CUST000166,2025-09-04 00:56:57.003505,1922.01,CHF,GB,FR,app,tablet,0
TXN00009046,CUST000095,2025-03-02 22:29:57.003505,59.8,EUR,IT,FR,web,desktop,0
TXN00009047,CUST000167,2025-04-02 23:38:57.003505,4045.54,EUR,US,DE,web,tablet,0
TXN00009048,CUST000014,2025-12-25 23:38:57.003505,1337.95,EUR,IT,FR,sucursal,pos,0
TXN00009049,CUST000151,2025-05-16 22:19:57.003505,2826.93,EUR,ES,DE,cajero,atm,0
TXN00009050,CUST000128,2025-11-25 23:20:57.003505,9871.71,EUR,FR,DE,sucursal,mobile,0
TXN00009051,CUST000077,2025-11-04 01:10:57.003505,6385.97,USD,CH,CH,web,atm,0
TXN00009052,CUST000005,2025-05-02 22:49:57.003505,885.99,CHF,GB,DE,cajero,mobile,0
TXN00009053,CUST000089,2025-12-16 20:01:57.003505,362.71,EUR,ES,ES,cajero,mobile,0
TXN00009054,CUST000031,2025-07-19 00:46:57.003505,4320.0,EUR,ES,DE,web,desktop,0
TXN00009055,CUST000110,2025-06-05 05:52:57.003505,142.5,EUR,ES,IT,sucursal,tablet,0
TXN00009056,CUST000018,2026-01-12 00:30:57.003505,280.3,EUR,FR,IT,app,atm,0
TXN00009057,CUST000072,2025-08-31 22:35:57.003505,3771.75,GBP,GB,IT,cajero,pos,0
TXN00009058,CUST000053,2025-02-05 06:59:57.003505,1402.31,EUR,FR,US,web,atm,0
TXN00009059,CUST000181,2025-01-18 18:59:57.003505,775.86,EUR,IT,GB,app,tablet,0
TXN00009060,CUST000047,2025-04-03 03:59:57.003505,13148.08,EUR,ES,FR,sucursal,atm,0
TXN00009061,CUST000109,2025-10-31 18:50:57.003505,21411.57,GBP,CH,CH,cajero,atm,0
TXN00009062,CUST000083,2025-05-02 00:12:57.003505,86.19,EUR,ES,FR,sucursal,desktop,0
TXN00009063,CUST000131,2025-10-01 22:13:57.003505,750.36,EUR,DE,DE,app,tablet,0
TXN00009064,CUST000117,2025-12-27 09:14:57.003505,6162.55,EUR,ES,ES,sucursal,desktop,0
TXN00009065,CUST000116,2025-05-22 19:46:57.003505,1796.31,EUR,FR,IT,web,pos,0
TXN00009066,CUST000167,2025-07-22 20:27:57.003505,14146.32,CHF,US,FR,sucursal,tablet,0
TXN00009067,CUST000028,2025-07-07 19:34:57.003505,80.09,EUR,ES,FR,sucursal,tablet,0
TXN00009068,CUST000152,2025-10-24 22:57:57.003505,330.31,GBP,GB,DE,cajero,desktop,0
TXN00009069,CUST000170,2026-01-10 19:10:57.003505,2269.01,EUR,US,ES,web,pos,0
TXN00009070,CUST000069,2025-05-23 21:43:57.003505,314.21,EUR,FR,FR,cajero,mobile,0
TXN00009071,CUST000066,2025-12-07 07:30:57.003505,663.77,EUR,DE,GB,cajero,tablet,0
TXN00009072,CUST000182,2025-06-01 07:12:57.003505,4947.85,EUR,FR,FR,app,pos,0
TXN00009073,CUST000185,2025-04-08 23:51:57.003505,399.51,USD,GB,GB,app,desktop,0
TXN00009074,CUST000047,2025-07-24 22:37:57.003505,15150.32,EUR,ES,US,sucursal,tablet,0
TXN00009075,CUST000145,2025-12-18 21:48:57.003505,248.32,EUR,DE,GB,app,desktop,0
TXN00009076,CUST000068,2025-08-28 07:11:57.003505,481.56,EUR,ES,FR,cajero,atm,0
TXN00009077,CUST000187,2025-08-07 08:49:57.003505,5794.07,USD,GB,FR,cajero,mobile,0
TXN00009078,CUST000125,2025-08-10 05:02:57.003505,1884.93,USD,US,FR,app,mobile,0
TXN00009079,CUST000123,2025-07-07 08:51:57.003505,592.21,EUR,FR,IT,sucursal,pos,0
TXN00009080,CUST000019,2025-12-02 03:22:57.003505,888.47,EUR,DE,US,web,tablet,0
TXN00009081,CUST000019,2025-05-29 03:49:57.003505,12111.94,EUR,DE,FR,sucursal,mobile,0
TXN00009082,CUST000063,2025-12-27 05:06:57.003505,77.65,EUR,FR,IT,web,tablet,0
TXN00009083,CUST000118,2025-03-30 03:41:57.003505,3231.02,EUR,DE,GB,cajero,tablet,0
TXN00009084,CUST000125,2025-10-18 21:25:57.003505,16436.91,USD,US,ES,app,tablet,0
TXN00009085,CUST000140,2025-12-23 02:24:57.003505,208.38,EUR,DE,IT,web,atm,0
TXN00009086,CUST000131,2025-06-02 21:23:57.003505,816.52,EUR,DE,FR,app,pos,0
TXN00009087,CUST000009,2025-12-08 19:14:57.003505,7471.72,EUR,FR,DE,web,pos,0
TXN00009088,CUST000000,2025-09-04 20:47:57.003505,1954.5,EUR,DE,FR,app,pos,0
TXN00009089,CUST000164,2025-12-09 18:46:57.003505,4976.2,USD,US,FR,sucursal,atm,0
TXN00009090,CUST000139,2025-01-27 04:43:57.003505,2659.67,CHF,US,ES,sucursal,tablet,0
TXN00009091,CUST000047,2025-01-31 23:53:57.003505,16253.86,EUR,ES,FR,sucursal,desktop,0
TXN00009092,CUST000096,2025-11-29 20:10:57.003505,19729.42,EUR,ES,US,sucursal,pos,0
TXN00009093,CUST000165,2025-03-08 18:43:57.003505,729.76,EUR,FR,DE,sucursal,desktop,0
TXN00009094,CUST000125,2025-08-20 02:06:57.003505,16449.44,USD,US,FR,app,mobile,0
TXN00009095,CUST000164,2025-09-08 18:19:57.003505,9230.31,CHF,US,FR,web,pos,0
TXN00009096,CUST000177,2025-06-25 20:40:57.003505,370.24,EUR,FR,ES,sucursal,desktop,0
TXN00009097,CUST000151,2025-07-11 18:37:57.003505,1030.42,EUR,ES,US,app,desktop,0
TXN00009098,CUST000101,2025-05-13 01:00:57.003505,98.74,EUR,FR,ES,web,atm,0
TXN00009099,CUST000116,2025-05-23 08:04:57.003505,4508.17,EUR,FR,FR,cajero,desktop,0
TXN00009100,CUST000189,2025-01-29 02:33:57.003505,5248.69,EUR,DE,GB,web,atm,0
TXN00009101,CUST000182,2025-12-18 02:12:57.003505,1837.33,EUR,FR,IT,app,tablet,0
TXN00009102,CUST000100,2025-06-04 03:41:57.003505,13836.35,EUR,GB,IT,cajero,desktop,0
TXN00009103,CUST000020,2025-02-12 20:53:57.003505,90.24,EUR,IT,ES,app,mobile,0
TXN00009104,CUST000083,2025-04-30 23:00:57.003505,154.95,EUR,ES,FR,cajero,pos,0
TXN00009105,CUST000103,2025-05-26 08:54:57.003505,4401.44,EUR,ES,IT,sucursal,atm,0
TXN00009106,CUST000170,2025-12-21 18:09:57.003505,7096.7,CHF,US,GB,web,tablet,0
TXN00009107,CUST000037,2025-04-27 22:44:57.003505,145.86,EUR,ES,FR,app,desktop,0
TXN00009108,CUST000167,2025-07-20 07:40:57.003505,11628.13,EUR,US,GB,cajero,mobile,0
TXN00009109,CUST000040,2025-10-07 07:47:57.003505,14.24,EUR,IT,ES,app,mobile,0
TXN00009110,CUST000161,2025-02-27 23:16:57.003505,92.74,EUR,ES,ES,sucursal,pos,0
TXN00009111,CUST000184,2025-03-24 20:34:57.003505,144.48,EUR,FR,ES,sucursal,pos,0
TXN00009112,CUST000062,2025-12-21 02:23:57.003505,1246.82,EUR,IT,IT,cajero,atm,0
TXN00009113,CUST000100,2025-09-13 03:17:57.003505,1243.81,USD,GB,ES,web,pos,0
TXN00009114,CUST000091,2025-02-11 05:44:57.003505,1589.68,USD,GB,US,web,desktop,0
TXN00009115,CUST000002,2025-08-08 04:08:57.003505,103.52,EUR,ES,ES,sucursal,atm,0
TXN00009116,CUST000180,2025-08-27 03:09:57.003505,650.55,USD,GB,FR,app,tablet,0
TXN00009117,CUST000032,2025-08-20 19:52:57.003505,120.04,EUR,FR,IT,sucursal,desktop,0
TXN00009118,CUST000109,2025-07-19 03:56:57.003505,9776.03,CHF,CH,GB,app,atm,0
TXN00009119,CUST000004,2025-08-08 01:13:57.003505,6977.35,EUR,DE,GB,app,tablet,0
TXN00009120,CUST000022,2025-09-21 03:20:57.003505,2579.61,EUR,IT,IT,app,mobile,0
TXN00009121,CUST000049,2025-03-23 01:02:57.003505,562.19,EUR,ES,IT,cajero,pos,0
TXN00009122,CUST000140,2025-10-04 23:15:57.003505,667.15,EUR,DE,FR,app,atm,0
TXN00009123,CUST000127,2025-08-16 01:48:57.003505,6763.7,EUR,FR,ES,web,desktop,0
TXN00009124,CUST000171,2025-12-28 04:38:57.003505,2288.24,EUR,IT,DE,app,desktop,0
TXN00009125,CUST000115,2025-09-28 05:15:57.003505,7494.07,EUR,DE,ES,app,desktop,0
TXN00009126,CUST000066,2025-08-10 06:30:57.003505,584.9,EUR,DE,IT,sucursal,desktop,0
TXN00009127,CUST000084,2025-04-22 03:54:57.003505,198.46,EUR,ES,IT,app,tablet,0
TXN00009128,CUST000069,2025-09-24 22:36:57.003505,117.29,EUR,FR,ES,web,atm,0
TXN00009129,CUST000114,2025-02-26 06:44:57.003505,11547.37,EUR,ES,US,app,tablet,0
TXN00009130,CUST000078,2025-08-11 03:21:57.003505,5806.26,EUR,DE,GB,sucursal,mobile,0
TXN00009131,CUST000027,2025-04-10 02:11:57.003505,77.3,EUR,FR,ES,cajero,tablet,0
TXN00009132,CUST000088,2025-01-19 03:05:57.003505,2062.26,EUR,DE,DE,app,desktop,0
TXN00009133,CUST000143,2025-10-11 00:54:57.003505,1598.9,EUR,ES,DE,cajero,desktop,0
TXN00009134,CUST000104,2025-11-04 00:22:57.003505,914.71,EUR,ES,IT,app,tablet,0
TXN00009135,CUST000091,2025-06-20 02:08:57.003505,12201.98,EUR,GB,CH,cajero,tablet,0
TXN00009136,CUST000186,2025-10-25 21:25:57.003505,10466.81,EUR,IT,US,cajero,pos,0
TXN00009137,CUST000114,2025-06-20 07:51:57.003505,10483.03,EUR,ES,US,sucursal,desktop,0
TXN00009138,CUST000174,2025-11-02 22:17:57.003505,930.62,EUR,IT,ES,sucursal,atm,0
TXN00009139,CUST000175,2025-06-02 02:52:57.003505,12079.83,CHF,CH,DE,sucursal,pos,0
TXN00009140,CUST000181,2025-09-23 04:34:57.003505,418.25,EUR,IT,DE,sucursal,pos,0
TXN00009141,CUST000045,2025-06-22 09:08:57.107482,62655.4,CHF,GB,RU,cajero,pos,1
TXN00009142,CUST000133,2025-04-02 20:08:57.003505,93.5,EUR,IT,IT,sucursal,desktop,0
TXN00009143,CUST000005,2025-03-17 05:00:57.003505,1476.16,EUR,GB,DE,cajero,desktop,0
TXN00009144,CUST000167,2025-03-03 19:26:57.003505,14019.7,CHF,US,IT,sucursal,desktop,0
TXN00009145,CUST000087,2025-03-14 20:25:57.003505,870.78,EUR,ES,DE,app,desktop,0
TXN00009146,CUST000185,2025-10-16 18:06:57.003505,847.77,USD,GB,GB,sucursal,tablet,0
TXN00009147,CUST000165,2025-06-02 23:48:57.003505,364.62,EUR,FR,ES,cajero,atm,0
TXN00009148,CUST000020,2025-05-07 20:49:57.003505,10.07,EUR,IT,FR,app,pos,0
TXN00009149,CUST000164,2025-09-23 21:07:57.003505,1978.5,EUR,US,DE,sucursal,pos,0
TXN00009150,CUST000056,2025-07-17 00:22:57.003505,175.21,EUR,GB,GB,sucursal,mobile,0
TXN00009151,CUST000111,2025-04-07 02:04:57.003505,10.45,EUR,ES,ES,sucursal,pos,0
TXN00009152,CUST000010,2025-06-11 18:30:57.003505,428.36,EUR,FR,GB,sucursal,atm,0
TXN00009153,CUST000164,2025-12-17 07:48:57.003505,4203.06,USD,US,FR,web,mobile,0
TXN00009154,CUST000031,2025-03-10 18:07:57.003505,4262.34,EUR,ES,US,web,tablet,0
TXN00009155,CUST000075,2025-09-27 18:03:57.003505,2521.2,EUR,FR,CH,web,pos,0
TXN00009156,CUST000157,2025-07-04 04:52:57.003505,6945.25,EUR,IT,IT,sucursal,tablet,0
TXN00009157,CUST000171,2025-06-30 10:00:57.003505,5123.08,EUR,IT,FR,web,tablet,0
TXN00009158,CUST000087,2025-09-17 04:50:57.003505,346.23,EUR,ES,FR,cajero,desktop,0
TXN00009159,CUST000093,2025-08-18 19:53:57.003505,1659.4,EUR,FR,IT,web,mobile,0
TXN00009160,CUST000147,2025-06-06 22:39:57.003505,4328.38,CHF,US,FR,web,desktop,0
TXN00009161,CUST000048,2025-06-12 02:48:57.003505,10893.89,EUR,FR,IT,sucursal,mobile,0
TXN00009162,CUST000133,2025-11-05 01:49:57.003505,57.7,EUR,IT,FR,app,pos,0
TXN00009163,CUST000011,2025-05-30 02:13:57.003505,943.89,EUR,ES,DE,web,mobile,0
TXN00009164,CUST000162,2025-06-18 03:27:57.003505,11950.84,EUR,CH,DE,cajero,desktop,0
TXN00009165,CUST000176,2025-07-19 21:07:57.003505,485.74,EUR,ES,DE,cajero,desktop,0
TXN00009166,CUST000025,2025-05-16 01:31:57.003505,858.84,EUR,ES,FR,app,atm,0
TXN00009167,CUST000167,2025-02-23 04:29:57.003505,2267.28,USD,US,GB,sucursal,tablet,0
TXN00009168,CUST000084,2025-06-02 22:14:57.003505,133.7,EUR,ES,ES,sucursal,mobile,0
TXN00009169,CUST000079,2025-11-27 04:05:57.003505,18231.48,EUR,FR,CH,cajero,tablet,0
TXN00009170,CUST000009,2025-05-29 03:30:57.003505,3795.37,EUR,FR,CH,app,pos,0
TXN00009171,CUST000169,2025-03-08 07:25:57.003505,2916.08,EUR,DE,DE,sucursal,tablet,0
TXN00009172,CUST000134,2025-07-06 07:46:57.003505,153.42,EUR,FR,ES,sucursal,desktop,0
TXN00009173,CUST000149,2025-12-21 09:34:57.003505,5998.44,EUR,ES,IT,app,desktop,0
TXN00009174,CUST000013,2025-09-28 08:32:57.003505,2826.46,EUR,GB,FR,web,atm,0
TXN00009175,CUST000169,2025-12-18 20:45:57.003505,311.72,EUR,DE,ES,web,atm,0
TXN00009176,CUST000054,2025-01-20 08:33:57.003505,969.24,GBP,GB,GB,cajero,atm,0
TXN00009177,CUST000101,2026-01-07 03:48:57.003505,102.53,EUR,FR,IT,sucursal,atm,0
TXN00009178,CUST000007,2026-01-13 23:26:57.003505,9220.25,EUR,DE,FR,web,atm,0
TXN00009179,CUST000100,2025-04-15 02:08:57.003505,1045.25,USD,GB,DE,web,pos,0
TXN00009180,CUST000118,2025-10-12 01:16:57.003505,6304.04,EUR,DE,DE,cajero,mobile,0
TXN00009181,CUST000041,2025-10-19 09:24:57.003505,4671.72,EUR,DE,FR,app,desktop,0
TXN00009182,CUST000121,2025-10-28 06:32:57.003505,448.94,EUR,ES,FR,app,desktop,0
TXN00009183,CUST000097,2025-07-14 00:22:57.003505,6791.42,GBP,GB,US,app,mobile,0
TXN00009184,CUST000171,2025-02-04 20:13:57.003505,8104.57,EUR,IT,GB,web,mobile,0
TXN00009185,CUST000045,2025-05-17 01:07:57.003505,461.51,GBP,GB,DE,app,tablet,0
TXN00009186,CUST000000,2025-08-08 04:32:57.003505,778.12,EUR,DE,ES,cajero,mobile,0
TXN00009187,CUST000047,2025-05-24 00:39:57.107482,46867.04,EUR,ES,RU,cajero,mobile,1
TXN00009188,CUST000183,2025-03-12 03:32:57.003505,126.66,EUR,IT,ES,web,tablet,0
TXN00009189,CUST000126,2025-11-26 19:54:57.003505,433.14,EUR,DE,IT,web,atm,0
TXN00009190,CUST000157,2025-11-05 20:15:57.003505,4096.76,EUR,IT,FR,cajero,mobile,0
TXN00009191,CUST000162,2025-12-15 18:53:57.003505,14443.27,USD,CH,DE,web,pos,0
TXN00009192,CUST000086,2025-09-26 06:53:57.003505,4410.92,EUR,ES,IT,sucursal,desktop,0
TXN00009193,CUST000107,2025-11-22 02:46:57.003505,19172.18,EUR,DE,GB,web,atm,0
TXN00009194,CUST000037,2025-08-28 20:06:57.003505,10.52,EUR,ES,IT,cajero,tablet,0
TXN00009195,CUST000121,2025-11-23 22:37:57.003505,843.62,EUR,ES,FR,cajero,atm,0
TXN00009196,CUST000045,2025-03-13 23:37:57.003505,747.01,GBP,GB,IT,app,pos,0
TXN00009197,CUST000118,2025-08-05 17:17:57.003505,2765.05,EUR,DE,ES,app,pos,0
TXN00009198,CUST000039,2025-04-03 23:54:57.003505,2108.9,EUR,DE,GB,app,desktop,0
TXN00009199,CUST000056,2025-10-08 23:49:57.003505,1172.86,GBP,GB,GB,web,tablet,0
TXN00009200,CUST000131,2025-12-26 19:36:57.003505,1472.53,EUR,DE,IT,web,pos,0
TXN00009201,CUST000083,2025-11-20 21:37:57.003505,115.8,EUR,ES,ES,web,desktop,0
TXN00009202,CUST000176,2025-06-11 23:26:57.003505,464.06,EUR,ES,FR,web,desktop,0
TXN00009203,CUST000179,2025-01-30 01:22:57.003505,8726.9,EUR,DE,DE,sucursal,atm,0
TXN00009204,CUST000018,2025-11-30 23:41:57.003505,19.66,EUR,FR,IT,cajero,atm,0
TXN00009205,CUST000085,2025-03-21 07:56:57.003505,230.53,EUR,FR,ES,web,atm,0
TXN00009206,CUST000088,2025-11-17 04:34:57.003505,2054.91,EUR,DE,FR,web,desktop,0
TXN00009207,CUST000015,2026-01-09 19:14:57.003505,3455.39,EUR,FR,GB,app,pos,0
TXN00009208,CUST000024,2025-03-20 00:35:57.003505,13420.61,EUR,FR,ES,app,mobile,0
TXN00009209,CUST000060,2025-11-21 04:22:57.003505,665.94,EUR,IT,ES,web,tablet,0
TXN00009210,CUST000006,2025-08-29 03:29:57.107482,88596.57,EUR,FR,IT,cajero,pos,1
TXN00009211,CUST000167,2025-05-09 08:37:57.003505,3829.05,EUR,US,US,app,pos,0
TXN00009212,CUST000148,2025-08-06 05:53:57.003505,5483.76,EUR,ES,DE,web,atm,0
TXN00009213,CUST000147,2025-07-11 04:59:57.003505,4420.15,GBP,US,IT,cajero,desktop,0
TXN00009214,CUST000152,2026-01-15 04:15:57.003505,653.66,USD,GB,ES,web,atm,0
TXN00009215,CUST000179,2025-12-13 19:02:57.003505,2474.13,EUR,DE,GB,sucursal,tablet,0
TXN00009216,CUST000019,2025-12-25 05:14:57.003505,1888.55,EUR,DE,GB,sucursal,pos,0
TXN00009217,CUST000093,2025-06-25 23:31:57.003505,2570.98,EUR,FR,ES,sucursal,mobile,0
TXN00009218,CUST000069,2025-01-20 05:16:57.003505,382.68,EUR,FR,IT,sucursal,pos,0
TXN00009219,CUST000105,2025-08-14 07:23:57.003505,2087.14,CHF,US,US,web,atm,0
TXN00009220,CUST000098,2025-05-13 04:17:57.003505,175.41,EUR,IT,FR,web,tablet,0
TXN00009221,CUST000117,2025-04-13 18:22:57.003505,11251.64,EUR,ES,FR,cajero,tablet,0
TXN00009222,CUST000046,2025-04-25 21:01:57.003505,7779.59,EUR,GB,CH,app,pos,0
TXN00009223,CUST000174,2025-02-25 18:12:57.003505,1672.6,EUR,IT,ES,cajero,mobile,0
TXN00009224,CUST000040,2025-11-19 20:55:57.003505,247.49,EUR,IT,FR,web,desktop,0
TXN00009225,CUST000102,2025-11-29 20:43:57.003505,1541.27,EUR,FR,DE,sucursal,pos,0
TXN00009226,CUST000064,2025-06-14 08:43:57.003505,1655.89,EUR,ES,IT,sucursal,mobile,0
TXN00009227,CUST000038,2025-08-04 00:21:57.003505,899.83,EUR,ES,FR,web,atm,0
TXN00009228,CUST000160,2025-06-23 08:39:57.003505,752.46,EUR,DE,ES,app,desktop,0
TXN00009229,CUST000072,2025-08-29 09:20:57.003505,3009.47,CHF,GB,IT,app,pos,0
TXN00009230,CUST000005,2025-10-11 19:56:57.003505,1175.4,EUR,GB,DE,cajero,atm,0
TXN00009231,CUST000113,2025-07-24 22:19:57.003505,6221.1,USD,CH,US,app,tablet,0
TXN00009232,CUST000111,2025-08-03 00:15:57.003505,438.85,EUR,ES,IT,sucursal,mobile,0
TXN00009233,CUST000122,2025-04-20 23:14:57.003505,627.23,EUR,GB,FR,sucursal,atm,0
TXN00009234,CUST000188,2025-09-22 01:15:57.003505,3533.66,EUR,IT,DE,sucursal,atm,0
TXN00009235,CUST000053,2025-11-03 21:47:57.003505,3570.63,EUR,FR,US,web,atm,0
TXN00009236,CUST000076,2025-07-12 23:56:57.003505,164.9,EUR,ES,ES,sucursal,desktop,0
TXN00009237,CUST000094,2025-08-20 00:37:57.003505,7618.67,GBP,GB,DE,web,mobile,0
TXN00009238,CUST000090,2025-12-21 01:55:57.003505,2952.98,CHF,GB,GB,web,tablet,0
TXN00009239,CUST000040,2025-11-22 00:41:57.003505,76.72,EUR,IT,IT,web,pos,0
TXN00009240,CUST000069,2025-11-29 03:32:57.003505,66.96,EUR,FR,IT,app,tablet,0
TXN00009241,CUST000013,2025-09-23 04:28:57.003505,1000.67,CHF,GB,ES,web,pos,0
TXN00009242,CUST000160,2025-01-19 02:24:57.003505,500.21,EUR,DE,IT,web,mobile,0
TXN00009243,CUST000046,2025-05-23 04:14:57.003505,17628.19,USD,GB,ES,cajero,mobile,0
TXN00009244,CUST000055,2025-10-27 20:44:57.003505,7314.79,CHF,CH,FR,cajero,tablet,0
TXN00009245,CUST000126,2025-09-06 19:33:57.003505,864.41,EUR,DE,IT,sucursal,pos,0
TXN00009246,CUST000095,2025-02-16 02:05:57.003505,254.54,EUR,IT,IT,web,pos,0
TXN00009247,CUST000161,2025-08-05 07:28:57.003505,11.17,EUR,ES,FR,cajero,mobile,0
TXN00009248,CUST000103,2025-08-05 00:39:57.003505,4049.62,EUR,ES,US,app,mobile,0
TXN00009249,CUST000078,2025-06-21 05:40:57.003505,17473.17,EUR,DE,ES,sucursal,pos,0
TXN00009250,CUST000150,2025-02-19 02:25:57.003505,8573.79,EUR,ES,US,app,mobile,0
TXN00009251,CUST000178,2025-01-17 00:57:57.003505,60.76,EUR,ES,ES,cajero,mobile,0
TXN00009252,CUST000044,2025-01-18 02:39:57.003505,512.32,EUR,ES,GB,app,mobile,0
TXN00009253,CUST000002,2026-01-12 04:01:57.003505,133.78,EUR,ES,IT,sucursal,mobile,0
TXN00009254,CUST000118,2025-09-24 19:16:57.003505,3557.68,EUR,DE,DE,app,desktop,0
TXN00009255,CUST000025,2025-08-12 21:39:57.107482,1654.68,EUR,ES,PK,web,mobile,1
TXN00009256,CUST000081,2025-10-07 02:47:57.003505,6188.85,USD,CH,FR,app,desktop,0
TXN00009257,CUST000114,2025-04-24 05:33:57.003505,9028.88,EUR,ES,DE,cajero,desktop,0
TXN00009258,CUST000161,2025-10-29 02:52:57.003505,30.21,EUR,ES,IT,app,desktop,0
TXN00009259,CUST000017,2025-02-27 19:11:57.003505,2531.53,EUR,FR,GB,web,tablet,0
TXN00009260,CUST000047,2025-11-04 03:46:57.003505,5761.54,EUR,ES,DE,app,atm,0
TXN00009261,CUST000027,2025-07-02 01:32:57.003505,97.67,EUR,FR,IT,web,desktop,0
TXN00009262,CUST000050,2025-03-14 05:45:57.003505,11793.4,EUR,FR,US,app,tablet,0
TXN00009263,CUST000026,2025-06-30 20:36:57.003505,115.0,EUR,FR,IT,web,tablet,0
TXN00009264,CUST000091,2025-09-22 00:01:57.003505,4276.76,GBP,GB,US,cajero,pos,0
TXN00009265,CUST000069,2025-07-07 02:08:57.003505,413.11,EUR,FR,IT,sucursal,pos,0
TXN00009266,CUST000169,2025-03-15 00:10:57.003505,2833.81,EUR,DE,DE,sucursal,atm,0
TXN00009267,CUST000061,2025-10-01 03:40:57.003505,4497.72,EUR,IT,ES,app,atm,0
TXN00009268,CUST000172,2025-11-09 19:23:57.003505,803.52,EUR,FR,DE,cajero,mobile,0
TXN00009269,CUST000060,2026-01-05 19:26:57.003505,775.21,EUR,IT,IT,sucursal,atm,0
TXN00009270,CUST000086,2025-02-20 18:32:57.003505,12275.04,EUR,ES,FR,web,tablet,0
TXN00009271,CUST000187,2025-06-16 20:32:57.003505,4674.2,USD,GB,DE,sucursal,atm,0
TXN00009272,CUST000136,2025-05-25 04:17:57.003505,24.28,EUR,FR,ES,app,atm,0
TXN00009273,CUST000011,2025-07-11 22:05:57.003505,575.9,EUR,ES,FR,app,tablet,0
TXN00009274,CUST000181,2025-03-31 23:24:57.003505,375.74,EUR,IT,IT,app,pos,0
TXN00009275,CUST000020,2025-02-07 06:05:57.003505,11.03,EUR,IT,IT,web,atm,0
TXN00009276,CUST000085,2026-01-09 03:56:57.003505,664.18,EUR,FR,ES,web,atm,0
TXN00009277,CUST000170,2025-12-02 03:15:57.003505,3980.63,USD,US,CH,web,desktop,0
TXN00009278,CUST000165,2025-01-20 18:11:57.003505,469.5,EUR,FR,FR,cajero,desktop,0
TXN00009279,CUST000058,2025-11-30 20:00:57.003505,2608.7,EUR,FR,DE,cajero,atm,0
TXN00009280,CUST000130,2025-06-08 22:19:57.003505,1158.54,EUR,IT,IT,app,pos,0
TXN00009281,CUST000185,2025-11-07 07:08:57.003505,2323.39,CHF,GB,FR,sucursal,mobile,0
TXN00009282,CUST000070,2025-04-18 07:44:57.003505,363.19,EUR,ES,FR,app,mobile,0
TXN00009283,CUST000000,2025-03-19 01:19:57.003505,358.97,EUR,DE,DE,web,mobile,0
TXN00009284,CUST000149,2025-11-19 05:06:57.003505,2619.01,EUR,ES,GB,app,desktop,0
TXN00009285,CUST000106,2025-02-18 01:00:57.003505,346.74,EUR,FR,ES,sucursal,atm,0
TXN00009286,CUST000039,2025-11-30 21:42:57.003505,5485.81,EUR,DE,US,sucursal,pos,0
TXN00009287,CUST000073,2025-02-21 04:53:57.003505,328.66,EUR,DE,DE,sucursal,mobile,0
TXN00009288,CUST000163,2025-10-22 06:18:57.003505,179.31,EUR,ES,FR,web,atm,0
TXN00009289,CUST000055,2025-03-12 23:19:57.003505,9244.26,CHF,CH,CH,cajero,desktop,0
TXN00009290,CUST000045,2025-09-08 02:22:57.003505,2964.27,EUR,GB,FR,cajero,pos,0
TXN00009291,CUST000005,2025-04-07 19:59:57.003505,2363.16,CHF,GB,DE,sucursal,atm,0
TXN00009292,CUST000063,2025-02-07 06:23:57.003505,66.08,EUR,FR,ES,web,atm,0
TXN00009293,CUST000161,2025-01-16 19:07:57.003505,302.28,EUR,ES,ES,app,pos,0
TXN00009294,CUST000072,2025-12-31 06:46:57.003505,12104.89,USD,GB,DE,sucursal,pos,0
TXN00009295,CUST000165,2026-01-05 00:52:57.003505,1049.96,EUR,FR,IT,sucursal,desktop,0
TXN00009296,CUST000183,2025-07-16 22:20:57.003505,100.76,EUR,IT,IT,sucursal,atm,0
TXN00009297,CUST000189,2025-03-18 17:42:57.003505,10202.69,EUR,DE,ES,sucursal,atm,0
TXN00009298,CUST000155,2025-12-05 04:47:57.003505,750.54,EUR,IT,ES,sucursal,atm,0
TXN00009299,CUST000000,2025-11-03 22:01:57.003505,159.16,EUR,DE,GB,web,atm,0
TXN00009300,CUST000014,2025-06-08 20:03:57.003505,210.24,EUR,IT,DE,cajero,pos,0
TXN00009301,CUST000119,2025-06-20 04:10:57.003505,1461.64,EUR,US,ES,cajero,pos,0
TXN00009302,CUST000079,2025-03-03 03:31:57.003505,6880.12,EUR,FR,FR,cajero,desktop,0
TXN00009303,CUST000006,2025-10-19 23:42:57.003505,477.63,EUR,FR,FR,cajero,atm,0
TXN00009304,CUST000185,2025-07-22 00:54:57.003505,202.32,CHF,GB,ES,sucursal,pos,0
TXN00009305,CUST000023,2025-10-07 19:48:57.107482,16300.52,EUR,FR,YE,cajero,tablet,1
TXN00009306,CUST000014,2025-12-27 04:25:57.003505,944.35,EUR,IT,FR,web,tablet,0
TXN00009307,CUST000188,2025-09-26 04:14:57.003505,1508.57,EUR,IT,DE,web,pos,0
TXN00009308,CUST000028,2025-05-31 03:34:57.003505,90.29,EUR,ES,IT,web,pos,0
TXN00009309,CUST000169,2025-06-23 23:43:57.003505,526.51,EUR,DE,FR,cajero,pos,0
TXN00009310,CUST000057,2025-06-29 20:56:57.003505,11.53,EUR,ES,IT,sucursal,mobile,0
TXN00009311,CUST000142,2025-01-26 19:56:57.003505,683.91,EUR,DE,US,sucursal,atm,0
TXN00009312,CUST000083,2025-11-17 22:06:57.003505,87.6,EUR,ES,ES,app,atm,0
TXN00009313,CUST000130,2026-01-10 22:52:57.003505,6365.66,EUR,IT,IT,web,pos,0
TXN00009314,CUST000189,2025-11-24 23:31:57.003505,6724.13,EUR,DE,CH,sucursal,pos,0
TXN00009315,CUST000122,2025-04-04 19:57:57.003505,970.87,CHF,GB,IT,web,atm,0
TXN00009316,CUST000003,2025-08-17 23:47:57.003505,157.54,EUR,ES,ES,app,desktop,0
TXN00009317,CUST000077,2025-04-22 23:44:57.003505,3748.88,CHF,CH,DE,app,desktop,0
TXN00009318,CUST000087,2025-02-23 21:07:57.003505,943.14,EUR,ES,IT,cajero,mobile,0
TXN00009319,CUST000179,2025-06-29 22:49:57.003505,7956.41,EUR,DE,GB,web,tablet,0
TXN00009320,CUST000116,2025-06-06 19:33:57.003505,4359.5,EUR,FR,IT,app,desktop,0
TXN00009321,CUST000151,2025-12-09 07:59:57.003505,5819.14,EUR,ES,DE,sucursal,mobile,0
TXN00009322,CUST000025,2025-06-16 06:58:57.003505,440.38,EUR,ES,FR,sucursal,atm,0
TXN00009323,CUST000062,2025-06-09 06:25:57.003505,1770.51,EUR,IT,IT,cajero,tablet,0
TXN00009324,CUST000167,2025-07-17 22:55:57.003505,3442.07,GBP,US,DE,app,pos,0
TXN00009325,CUST000033,2025-04-06 00:10:57.003505,2914.63,EUR,IT,ES,web,atm,0
TXN00009326,CUST000081,2025-12-10 01:36:57.003505,1300.21,CHF,CH,CH,sucursal,pos,0
TXN00009327,CUST000132,2025-01-24 05:34:57.003505,1666.83,EUR,ES,DE,cajero,pos,0
TXN00009328,CUST000016,2025-10-16 02:21:57.003505,777.24,EUR,IT,GB,app,atm,0
TXN00009329,CUST000043,2025-02-02 00:12:57.003505,4993.71,GBP,CH,DE,cajero,pos,0
TXN00009330,CUST000059,2025-09-22 21:42:57.003505,166.04,EUR,FR,ES,sucursal,pos,0
TXN00009331,CUST000002,2025-07-23 03:17:57.107482,801.16,EUR,ES,YE,app,mobile,1
TXN00009332,CUST000115,2025-02-17 02:47:57.003505,6234.82,EUR,DE,CH,sucursal,atm,0
TXN00009333,CUST000047,2025-03-14 01:53:57.003505,19470.74,EUR,ES,GB,cajero,desktop,0
TXN00009334,CUST000038,2025-11-16 18:21:57.003505,175.11,EUR,ES,DE,cajero,tablet,0
TXN00009335,CUST000105,2025-04-08 03:23:57.003505,1620.42,EUR,US,ES,app,mobile,0
TXN00009336,CUST000006,2025-07-19 04:23:57.003505,135.05,EUR,FR,FR,app,tablet,0
TXN00009337,CUST000176,2025-04-12 05:32:57.003505,1499.79,EUR,ES,DE,sucursal,mobile,0
TXN00009338,CUST000160,2025-11-13 06:38:57.003505,672.48,EUR,DE,FR,app,tablet,0
TXN00009339,CUST000032,2025-01-26 04:14:57.003505,25.21,EUR,FR,FR,app,mobile,0
TXN00009340,CUST000123,2025-09-26 08:46:57.003505,1613.35,EUR,FR,GB,app,tablet,0
TXN00009341,CUST000018,2025-01-29 04:15:57.003505,108.47,EUR,FR,IT,app,mobile,0
TXN00009342,CUST000108,2025-08-20 20:11:57.003505,123.89,EUR,ES,FR,sucursal,pos,0
TXN00009343,CUST000180,2025-12-01 00:37:57.003505,920.05,GBP,GB,IT,sucursal,desktop,0
TXN00009344,CUST000022,2025-08-19 23:07:57.003505,2137.71,EUR,IT,DE,web,desktop,0
TXN00009345,CUST000175,2025-12-08 21:21:57.003505,969.2,GBP,CH,DE,cajero,mobile,0
TXN00009346,CUST000146,2025-11-29 04:10:57.003505,2130.65,EUR,IT,ES,sucursal,mobile,0
TXN00009347,CUST000173,2026-01-10 19:04:57.003505,3272.18,EUR,DE,FR,web,mobile,0
TXN00009348,CUST000189,2025-10-05 18:58:57.003505,6676.55,EUR,DE,FR,app,tablet,0
TXN00009349,CUST000089,2025-03-07 21:32:57.003505,96.75,EUR,ES,ES,app,pos,0
TXN00009350,CUST000022,2025-07-01 18:15:57.107482,22450.11,EUR,IT,IR,cajero,mobile,1
TXN00009351,CUST000076,2025-10-11 05:53:57.003505,17.43,EUR,ES,IT,app,mobile,0
TXN00009352,CUST000112,2025-03-24 17:46:57.003505,4024.87,USD,US,CH,cajero,pos,0
TXN00009353,CUST000087,2025-10-08 20:50:57.003505,355.44,EUR,ES,IT,cajero,atm,0
TXN00009354,CUST000162,2025-01-24 01:03:57.003505,7503.43,USD,CH,DE,sucursal,tablet,0
TXN00009355,CUST000065,2025-09-25 00:48:57.003505,924.95,EUR,DE,GB,cajero,pos,0
TXN00009356,CUST000059,2025-05-29 00:00:57.003505,238.73,EUR,FR,IT,sucursal,tablet,0
TXN00009357,CUST000035,2025-09-18 08:10:57.003505,468.71,EUR,DE,GB,app,mobile,0
TXN00009358,CUST000026,2025-03-03 20:24:57.003505,51.3,EUR,FR,IT,cajero,pos,0
TXN00009359,CUST000112,2025-12-26 17:35:57.003505,2092.54,CHF,US,FR,web,pos,0
TXN00009360,CUST000032,2025-10-04 01:17:57.003505,352.17,EUR,FR,FR,web,mobile,0
TXN00009361,CUST000067,2025-07-08 20:54:57.003505,1234.41,EUR,DE,DE,app,tablet,0
TXN00009362,CUST000081,2025-10-06 01:02:57.003505,18780.08,GBP,CH,ES,sucursal,desktop,0
TXN00009363,CUST000010,2026-01-04 03:55:57.003505,210.27,EUR,FR,GB,web,tablet,0
TXN00009364,CUST000095,2025-08-28 20:15:57.003505,468.73,EUR,IT,IT,web,atm,0
TXN00009365,CUST000036,2025-11-11 02:28:57.003505,3357.75,EUR,FR,GB,sucursal,tablet,0
TXN00009366,CUST000084,2025-01-20 21:07:57.003505,145.53,EUR,ES,ES,cajero,desktop,0
TXN00009367,CUST000141,2025-11-08 06:12:57.003505,354.65,EUR,GB,FR,app,pos,0
TXN00009368,CUST000017,2025-07-26 08:04:57.003505,5263.99,EUR,FR,GB,sucursal,atm,0
TXN00009369,CUST000127,2025-07-14 03:35:57.003505,2422.16,EUR,FR,DE,sucursal,pos,0
TXN00009370,CUST000027,2025-06-18 19:20:57.003505,64.0,EUR,FR,IT,app,desktop,0
TXN00009371,CUST000159,2025-01-30 08:31:57.003505,4924.08,USD,GB,US,web,atm,0
TXN00009372,CUST000042,2025-08-23 05:41:57.003505,1122.54,EUR,ES,US,cajero,atm,0
TXN00009373,CUST000058,2025-07-25 23:11:57.003505,5188.13,EUR,FR,ES,app,pos,0
TXN00009374,CUST000022,2025-08-02 07:15:57.003505,9851.52,EUR,IT,IT,cajero,pos,0
TXN00009375,CUST000007,2026-01-02 01:43:57.003505,5611.6,EUR,DE,FR,web,mobile,0
TXN00009376,CUST000110,2025-05-06 07:25:57.003505,57.43,EUR,ES,ES,web,pos,0
TXN00009377,CUST000094,2025-02-09 17:12:57.003505,2253.57,CHF,GB,FR,cajero,desktop,0
TXN00009378,CUST000075,2025-03-12 03:35:57.003505,2210.42,EUR,FR,US,sucursal,atm,0
TXN00009379,CUST000115,2025-09-20 05:08:57.003505,12894.15,EUR,DE,CH,sucursal,mobile,0
TXN00009380,CUST000147,2025-10-14 22:41:57.003505,4997.9,CHF,US,GB,sucursal,pos,0
TXN00009381,CUST000042,2025-03-31 06:21:57.003505,4713.16,EUR,ES,DE,sucursal,desktop,0
TXN00009382,CUST000040,2026-01-14 05:22:57.003505,56.09,EUR,IT,ES,cajero,pos,0
TXN00009383,CUST000132,2026-01-11 21:44:57.003505,5341.25,EUR,ES,IT,cajero,atm,0
TXN00009384,CUST000063,2025-05-03 20:09:57.003505,112.23,EUR,FR,FR,app,atm,0
TXN00009385,CUST000066,2025-05-27 08:23:57.003505,587.5,EUR,DE,ES,sucursal,desktop,0
TXN00009386,CUST000102,2025-11-05 20:27:57.003505,6478.3,EUR,FR,CH,web,atm,0
TXN00009387,CUST000172,2025-04-27 08:51:57.003505,955.24,EUR,FR,IT,web,desktop,0
TXN00009388,CUST000091,2025-07-11 22:05:57.003505,24278.3,USD,GB,GB,cajero,atm,0
TXN00009389,CUST000027,2025-07-24 00:45:57.003505,481.85,EUR,FR,ES,app,atm,0
TXN00009390,CUST000148,2025-09-23 07:56:57.003505,4851.06,EUR,ES,US,cajero,desktop,0
TXN00009391,CUST000160,2025-11-21 05:33:57.003505,194.68,EUR,DE,GB,sucursal,mobile,0
TXN00009392,CUST000136,2025-11-28 22:16:57.003505,96.81,EUR,FR,IT,app,atm,0
TXN00009393,CUST000097,2025-12-02 17:46:57.003505,4286.46,CHF,GB,FR,app,pos,0
TXN00009394,CUST000038,2025-11-13 07:52:57.003505,1216.96,EUR,ES,ES,sucursal,mobile,0
TXN00009395,CUST000051,2025-09-26 08:11:57.003505,401.52,EUR,DE,IT,sucursal,pos,0
TXN00009396,CUST000083,2025-08-16 05:05:57.003505,131.88,EUR,ES,IT,sucursal,tablet,0
TXN00009397,CUST000164,2025-12-17 04:52:57.003505,2280.03,USD,US,GB,cajero,mobile,0
TXN00009398,CUST000035,2025-10-21 06:48:57.107482,1425.97,EUR,DE,RU,sucursal,atm,1
TXN00009399,CUST000099,2025-03-25 07:47:57.003505,362.66,EUR,IT,IT,cajero,desktop,0
TXN00009400,CUST000052,2025-12-02 06:38:57.003505,48.92,EUR,ES,FR,web,atm,0
TXN00009401,CUST000105,2025-03-16 20:43:57.003505,4756.67,CHF,US,US,web,tablet,0
TXN00009402,CUST000055,2025-10-01 17:43:57.003505,5515.44,EUR,CH,ES,sucursal,tablet,0
TXN00009403,CUST000157,2025-06-03 02:00:57.003505,5528.13,EUR,IT,GB,web,tablet,0
TXN00009404,CUST000152,2025-08-25 05:54:57.003505,916.57,CHF,GB,DE,cajero,tablet,0
TXN00009405,CUST000006,2025-06-06 00:37:57.003505,69.15,EUR,FR,FR,sucursal,desktop,0
TXN00009406,CUST000053,2025-01-31 19:42:57.003505,1873.44,EUR,FR,US,web,pos,0
TXN00009407,CUST000105,2025-11-07 01:31:57.003505,3806.59,CHF,US,US,cajero,tablet,0
TXN00009408,CUST000155,2025-08-20 18:43:57.003505,421.29,EUR,IT,GB,cajero,pos,0
TXN00009409,CUST000034,2025-08-28 19:34:57.003505,55.41,EUR,FR,FR,sucursal,tablet,0
TXN00009410,CUST000067,2025-12-26 18:52:57.003505,13405.16,EUR,DE,DE,web,tablet,0
TXN00009411,CUST000020,2025-10-30 21:19:57.003505,13.93,EUR,IT,FR,web,mobile,0
TXN00009412,CUST000129,2025-11-02 07:22:57.003505,4118.6,EUR,US,DE,app,mobile,0
TXN00009413,CUST000057,2025-06-14 21:42:57.003505,38.33,EUR,ES,ES,web,pos,0
TXN00009414,CUST000004,2025-02-18 12:20:57.107482,65440.59,EUR,DE,ES,cajero,atm,1
TXN00009415,CUST000164,2025-12-21 05:02:57.003505,4272.73,GBP,US,ES,app,atm,0
TXN00009416,CUST000168,2025-06-03 20:45:57.003505,1357.8,EUR,IT,DE,cajero,tablet,0
TXN00009417,CUST000164,2025-01-27 09:26:57.003505,1578.67,EUR,US,GB,sucursal,tablet,0
TXN00009418,CUST000046,2025-05-20 20:54:57.003505,21447.32,CHF,GB,CH,web,pos,0
TXN00009419,CUST000065,2025-03-14 21:10:57.003505,305.43,EUR,DE,FR,web,mobile,0
TXN00009420,CUST000033,2025-03-02 01:20:57.003505,2637.71,EUR,IT,US,sucursal,tablet,0
TXN00009421,CUST000080,2025-08-17 01:01:57.003505,72.52,EUR,ES,FR,web,atm,0
TXN00009422,CUST000105,2025-10-10 07:49:57.003505,4478.38,EUR,US,DE,app,atm,0
TXN00009423,CUST000024,2025-02-04 02:57:57.003505,7126.82,EUR,FR,GB,web,desktop,0
TXN00009424,CUST000011,2025-08-23 22:33:57.003505,601.32,EUR,ES,GB,app,mobile,0
TXN00009425,CUST000184,2025-12-19 07:11:57.003505,61.62,EUR,FR,ES,app,mobile,0
TXN00009426,CUST000088,2025-08-30 21:53:57.003505,475.05,EUR,DE,IT,sucursal,desktop,0
TXN00009427,CUST000085,2025-09-29 05:24:57.003505,1128.45,EUR,FR,DE,sucursal,tablet,0
TXN00009428,CUST000150,2025-05-03 05:37:57.003505,5054.4,EUR,ES,IT,app,tablet,0
TXN00009429,CUST000144,2025-03-16 08:55:57.003505,626.94,EUR,DE,GB,web,atm,0
TXN00009430,CUST000044,2025-11-10 01:17:57.003505,624.18,EUR,ES,GB,cajero,mobile,0
TXN00009431,CUST000189,2025-12-20 01:58:57.003505,5887.38,EUR,DE,DE,cajero,mobile,0
TXN00009432,CUST000042,2025-02-21 04:58:57.003505,8865.12,EUR,ES,FR,cajero,desktop,0
TXN00009433,CUST000102,2025-12-21 02:30:57.003505,7316.8,EUR,FR,DE,app,tablet,0
TXN00009434,CUST000009,2025-01-21 22:58:57.107482,79519.37,EUR,FR,ES,web,mobile,1
TXN00009435,CUST000126,2025-12-10 07:51:57.003505,456.74,EUR,DE,DE,web,tablet,0
TXN00009436,CUST000056,2025-09-02 20:28:57.003505,125.99,GBP,GB,IT,web,atm,0
TXN00009437,CUST000095,2025-09-11 23:57:57.003505,10.78,EUR,IT,IT,web,tablet,0
TXN00009438,CUST000005,2025-11-29 18:20:57.003505,2656.76,USD,GB,DE,app,pos,0
TXN00009439,CUST000153,2025-06-08 23:00:57.003505,676.55,EUR,ES,FR,app,pos,0
TXN00009440,CUST000061,2025-09-01 06:14:57.003505,2827.81,EUR,IT,FR,web,desktop,0
TXN00009441,CUST000080,2025-04-05 06:08:57.003505,24.39,EUR,ES,IT,cajero,pos,0
TXN00009442,CUST000149,2025-06-21 22:53:57.003505,10206.24,EUR,ES,DE,cajero,atm,0
TXN00009443,CUST000161,2025-10-09 07:28:57.003505,30.67,EUR,ES,ES,web,desktop,0
TXN00009444,CUST000133,2025-07-03 19:09:57.003505,11.7,EUR,IT,FR,web,mobile,0
TXN00009445,CUST000060,2025-11-24 03:45:57.003505,800.93,EUR,IT,ES,cajero,desktop,0
TXN00009446,CUST000043,2025-04-08 18:53:57.003505,1630.7,EUR,CH,CH,web,atm,0
TXN00009447,CUST000115,2025-12-14 17:36:57.003505,582.15,EUR,DE,DE,web,mobile,0
TXN00009448,CUST000185,2025-06-29 18:22:57.003505,216.89,GBP,GB,FR,cajero,tablet,0
TXN00009449,CUST000075,2025-12-24 02:46:57.003505,3328.88,EUR,FR,US,app,mobile,0
TXN00009450,CUST000006,2025-05-04 13:58:57.107482,79055.44,EUR,FR,SY,cajero,tablet,1
TXN00009451,CUST000003,2025-10-05 21:28:57.003505,298.84,EUR,ES,ES,web,mobile,0
TXN00009452,CUST000081,2025-01-26 03:31:57.003505,2164.9,USD,CH,CH,sucursal,atm,0
TXN00009453,CUST000017,2025-07-19 04:58:57.003505,10094.76,EUR,FR,IT,app,mobile,0
TXN00009454,CUST000166,2025-08-26 00:39:57.003505,9511.01,GBP,GB,FR,cajero,atm,0
TXN00009455,CUST000177,2025-05-27 21:01:57.003505,422.35,EUR,FR,DE,web,pos,0
TXN00009456,CUST000012,2025-10-19 06:27:57.107482,20832.51,EUR,IT,PK,web,tablet,1
TXN00009457,CUST000048,2025-10-31 03:44:57.003505,6568.27,EUR,FR,IT,web,pos,0
TXN00009458,CUST000053,2025-11-01 22:41:57.003505,13899.26,EUR,FR,IT,web,desktop,0
TXN00009459,CUST000180,2025-07-12 00:35:57.003505,954.83,USD,GB,IT,sucursal,desktop,0
TXN00009460,CUST000154,2025-12-09 21:27:57.003505,5361.97,EUR,ES,IT,sucursal,atm,0
TXN00009461,CUST000058,2026-01-06 00:23:57.003505,14053.79,EUR,FR,ES,sucursal,mobile,0
TXN00009462,CUST000034,2025-05-19 20:47:57.003505,56.33,EUR,FR,FR,web,pos,0
TXN00009463,CUST000164,2025-08-25 04:55:57.003505,3730.13,GBP,US,IT,web,pos,0
TXN00009464,CUST000066,2025-03-01 05:03:57.003505,490.16,EUR,DE,GB,web,desktop,0
TXN00009465,CUST000136,2025-08-24 07:15:57.003505,61.44,EUR,FR,FR,sucursal,pos,0
TXN00009466,CUST000140,2025-06-20 22:01:57.003505,2198.72,EUR,DE,ES,web,tablet,0
TXN00009467,CUST000058,2025-07-22 09:27:57.003505,4742.9,EUR,FR,IT,sucursal,pos,0
TXN00009468,CUST000036,2025-07-03 09:16:57.003505,4993.98,EUR,FR,ES,sucursal,atm,0
TXN00009469,CUST000056,2025-04-12 02:51:57.003505,189.96,USD,GB,GB,sucursal,mobile,0
TXN00009470,CUST000135,2025-06-24 00:00:57.003505,822.96,EUR,ES,IT,sucursal,desktop,0
TXN00009471,CUST000082,2025-02-23 01:44:57.003505,670.79,EUR,ES,US,app,mobile,0
TXN00009472,CUST000008,2025-12-21 04:47:57.003505,6076.91,EUR,IT,IT,app,pos,0
TXN00009473,CUST000100,2025-07-01 23:35:57.003505,4867.46,EUR,GB,IT,app,desktop,0
TXN00009474,CUST000122,2025-01-23 20:13:57.003505,291.26,USD,GB,IT,cajero,tablet,0
TXN00009475,CUST000075,2025-02-16 04:32:57.003505,3379.37,EUR,FR,US,sucursal,atm,0
TXN00009476,CUST000130,2025-09-20 23:20:57.003505,8993.57,EUR,IT,ES,sucursal,mobile,0
TXN00009477,CUST000149,2025-01-22 09:34:57.003505,5933.79,EUR,ES,DE,sucursal,pos,0
TXN00009478,CUST000097,2025-02-01 18:59:57.003505,6260.41,USD,GB,GB,cajero,tablet,0
TXN00009479,CUST000144,2025-12-12 19:43:57.003505,618.24,EUR,DE,ES,app,pos,0
TXN00009480,CUST000127,2025-04-12 08:58:57.003505,7309.44,EUR,FR,IT,web,atm,0
TXN00009481,CUST000037,2025-07-31 21:23:57.003505,156.23,EUR,ES,FR,sucursal,atm,0
TXN00009482,CUST000096,2025-11-14 18:51:57.003505,4595.49,EUR,ES,FR,sucursal,desktop,0
TXN00009483,CUST000181,2025-07-30 03:54:57.003505,121.31,EUR,IT,FR,cajero,atm,0
TXN00009484,CUST000007,2025-09-23 23:03:57.003505,4733.63,EUR,DE,ES,cajero,desktop,0
TXN00009485,CUST000142,2025-05-29 02:09:57.003505,4678.12,EUR,DE,ES,sucursal,desktop,0
TXN00009486,CUST000111,2025-10-16 06:00:57.003505,20.04,EUR,ES,ES,cajero,atm,0
TXN00009487,CUST000046,2025-12-11 04:21:57.003505,905.41,GBP,GB,DE,web,atm,0
TXN00009488,CUST000050,2025-04-04 22:51:57.003505,13816.04,EUR,FR,US,sucursal,mobile,0
TXN00009489,CUST000033,2026-01-13 19:25:57.003505,13493.28,EUR,IT,ES,web,tablet,0
TXN00009490,CUST000026,2025-08-19 13:12:57.107482,20058.05,EUR,FR,NG,sucursal,desktop,1
TXN00009491,CUST000100,2025-11-21 07:49:57.003505,3973.52,GBP,GB,IT,sucursal,mobile,0
TXN00009492,CUST000087,2025-07-22 18:17:57.003505,1606.82,EUR,ES,GB,app,tablet,0
TXN00009493,CUST000011,2025-04-13 18:41:57.003505,664.44,EUR,ES,ES,cajero,desktop,0
TXN00009494,CUST000125,2025-07-04 21:47:57.003505,19725.75,USD,US,DE,web,mobile,0
TXN00009495,CUST000019,2025-10-29 02:38:57.003505,17659.03,EUR,DE,GB,sucursal,pos,0
TXN00009496,CUST000137,2025-04-22 04:49:57.003505,226.45,EUR,FR,GB,app,atm,0
TXN00009497,CUST000150,2025-06-02 18:44:57.003505,2897.48,EUR,ES,ES,cajero,tablet,0
TXN00009498,CUST000043,2025-04-03 11:36:57.107482,45032.14,USD,CH,US,cajero,atm,1
TXN00009499,CUST000181,2025-10-11 07:57:57.003505,218.02,EUR,IT,GB,web,mobile,0
TXN00009500,CUST000005,2025-10-19 01:16:57.003505,839.19,USD,GB,ES,sucursal,mobile,0
TXN00009501,CUST000049,2025-07-15 15:11:57.107482,8938.55,EUR,ES,DE,sucursal,atm,1
TXN00009502,CUST000011,2025-11-10 05:08:57.003505,622.01,EUR,ES,IT,app,tablet,0
TXN00009503,CUST000003,2025-10-26 07:46:57.003505,71.54,EUR,ES,FR,web,mobile,0
TXN00009504,CUST000047,2025-11-07 19:53:57.107482,52381.9,EUR,ES,GB,sucursal,atm,1
TXN00009505,CUST000130,2025-02-04 02:30:57.003505,4633.29,EUR,IT,FR,cajero,mobile,0
TXN00009506,CUST000012,2025-02-07 00:27:57.003505,1224.02,EUR,IT,US,app,tablet,0
TXN00009507,CUST000170,2025-11-19 01:11:57.003505,21886.48,USD,US,FR,cajero,tablet,0
TXN00009508,CUST000139,2025-02-26 23:25:57.003505,6968.42,USD,US,US,web,desktop,0
TXN00009509,CUST000002,2025-08-13 07:09:57.003505,191.89,EUR,ES,FR,sucursal,tablet,0
TXN00009510,CUST000145,2025-05-28 08:16:57.003505,440.17,EUR,DE,DE,app,pos,0
TXN00009511,CUST000004,2025-10-24 22:15:57.003505,3434.29,EUR,DE,US,cajero,tablet,0
TXN00009512,CUST000060,2025-02-28 21:36:57.003505,694.64,EUR,IT,GB,web,desktop,0
TXN00009513,CUST000114,2025-12-15 22:40:57.003505,2114.53,EUR,ES,US,cajero,desktop,0
TXN00009514,CUST000155,2025-12-12 21:05:57.003505,528.76,EUR,IT,FR,sucursal,pos,0
TXN00009515,CUST000061,2025-12-15 01:02:57.003505,2107.68,EUR,IT,FR,app,pos,0
TXN00009516,CUST000109,2025-05-15 19:46:57.003505,3588.76,GBP,CH,US,web,tablet,0
TXN00009517,CUST000133,2025-03-23 23:21:57.003505,155.18,EUR,IT,FR,cajero,mobile,0
TXN00009518,CUST000112,2026-01-12 23:03:57.003505,3698.34,USD,US,GB,sucursal,tablet,0
TXN00009519,CUST000101,2025-04-07 19:43:57.003505,58.69,EUR,FR,ES,sucursal,tablet,0
TXN00009520,CUST000165,2025-02-11 06:07:57.003505,851.42,EUR,FR,IT,cajero,pos,0
TXN00009521,CUST000163,2025-09-01 04:35:57.003505,138.29,EUR,ES,ES,app,mobile,0
TXN00009522,CUST000168,2025-02-19 08:00:57.003505,179.52,EUR,IT,IT,app,mobile,0
TXN00009523,CUST000074,2025-02-23 00:37:57.003505,3687.19,EUR,IT,US,web,atm,0
TXN00009524,CUST000078,2025-12-12 05:39:57.003505,16473.4,EUR,DE,GB,cajero,tablet,0
TXN00009525,CUST000004,2025-11-06 05:55:57.003505,19819.18,EUR,DE,FR,app,desktop,0
TXN00009526,CUST000127,2025-02-11 19:42:57.003505,3814.6,EUR,FR,DE,cajero,mobile,0
TXN00009527,CUST000039,2025-05-26 17:26:57.003505,6900.82,EUR,DE,DE,app,desktop,0
TXN00009528,CUST000094,2026-01-01 03:10:57.003505,15381.14,GBP,GB,GB,cajero,pos,0
TXN00009529,CUST000104,2025-03-30 01:21:57.003505,2937.85,EUR,ES,FR,web,atm,0
TXN00009530,CUST000117,2025-03-17 01:12:57.003505,1483.13,EUR,ES,IT,sucursal,desktop,0
TXN00009531,CUST000086,2025-04-16 01:52:57.003505,1499.06,EUR,ES,ES,web,atm,0
TXN00009532,CUST000069,2025-06-07 07:43:57.003505,47.98,EUR,FR,IT,app,desktop,0
TXN00009533,CUST000189,2025-04-25 22:04:57.003505,5858.12,EUR,DE,DE,cajero,tablet,0
TXN00009534,CUST000101,2025-05-05 19:09:57.003505,153.57,EUR,FR,IT,sucursal,tablet,0
TXN00009535,CUST000054,2025-07-10 08:50:57.003505,712.56,USD,GB,DE,cajero,tablet,0
TXN00009536,CUST000125,2025-10-22 01:30:57.003505,15048.06,USD,US,FR,web,atm,0
TXN00009537,CUST000026,2025-02-17 21:53:57.003505,96.53,EUR,FR,ES,cajero,tablet,0
TXN00009538,CUST000006,2025-02-21 01:31:57.003505,67.17,EUR,FR,ES,sucursal,desktop,0
TXN00009539,CUST000104,2025-01-30 04:25:57.003505,134.32,EUR,ES,DE,sucursal,desktop,0
TXN00009540,CUST000055,2025-03-11 01:48:57.003505,9967.71,USD,CH,FR,web,mobile,0
TXN00009541,CUST000093,2025-12-24 20:31:57.003505,14804.0,EUR,FR,US,app,atm,0
TXN00009542,CUST000064,2025-05-18 06:31:57.003505,2230.36,EUR,ES,IT,sucursal,atm,0
TXN00009543,CUST000179,2026-01-02 05:44:57.003505,3682.26,EUR,DE,US,app,mobile,0
TXN00009544,CUST000066,2025-11-05 01:49:57.003505,641.72,EUR,DE,FR,web,mobile,0
TXN00009545,CUST000144,2025-01-23 19:08:57.003505,508.92,EUR,DE,GB,sucursal,atm,0
TXN00009546,CUST000005,2025-07-14 18:58:57.003505,174.71,EUR,GB,GB,cajero,atm,0
TXN00009547,CUST000057,2025-02-18 04:42:57.003505,344.75,EUR,ES,FR,sucursal,atm,0
TXN00009548,CUST000169,2025-02-24 05:06:57.003505,658.97,EUR,DE,ES,cajero,atm,0
TXN00009549,CUST000157,2025-11-28 06:41:57.003505,4171.6,EUR,IT,ES,web,pos,0
TXN00009550,CUST000024,2025-06-17 20:45:57.003505,2891.23,EUR,FR,GB,cajero,atm,0
TXN00009551,CUST000158,2025-03-20 05:10:57.003505,511.15,USD,GB,GB,web,desktop,0
TXN00009552,CUST000124,2025-03-04 22:46:57.003505,884.83,EUR,DE,IT,sucursal,atm,0
TXN00009553,CUST000092,2025-06-10 09:42:57.003505,1777.47,EUR,FR,ES,web,mobile,0
TXN00009554,CUST000066,2025-04-12 18:28:57.003505,2265.64,EUR,DE,ES,app,tablet,0
TXN00009555,CUST000051,2025-06-11 06:27:57.003505,402.64,EUR,DE,DE,sucursal,tablet,0
TXN00009556,CUST000136,2025-04-01 03:16:57.003505,47.44,EUR,FR,FR,app,mobile,0
TXN00009557,CUST000037,2025-07-04 01:33:57.003505,261.29,EUR,ES,IT,sucursal,mobile,0
TXN00009558,CUST000120,2025-06-03 05:45:57.003505,15.29,EUR,IT,FR,cajero,tablet,0
TXN00009559,CUST000060,2025-12-25 03:52:57.003505,408.24,EUR,IT,GB,web,desktop,0
TXN00009560,CUST000038,2025-01-15 23:46:57.003505,200.56,EUR,ES,FR,app,tablet,0
TXN00009561,CUST000062,2025-04-14 08:31:57.003505,2227.44,EUR,IT,DE,web,tablet,0
TXN00009562,CUST000158,2025-02-23 21:48:57.003505,2038.88,USD,GB,FR,cajero,mobile,0
TXN00009563,CUST000159,2025-02-25 01:51:57.003505,10008.13,USD,GB,US,web,atm,0
TXN00009564,CUST000183,2025-10-18 20:18:57.003505,141.24,EUR,IT,ES,app,pos,0
TXN00009565,CUST000060,2025-04-07 19:40:57.003505,882.33,EUR,IT,ES,web,atm,0
TXN00009566,CUST000016,2025-11-27 12:55:57.107482,3090.15,EUR,IT,GB,web,pos,1
TXN00009567,CUST000149,2025-07-10 19:19:57.003505,7942.56,EUR,ES,FR,sucursal,mobile,0
TXN00009568,CUST000027,2025-01-22 22:10:57.003505,71.15,EUR,FR,FR,cajero,desktop,0
TXN00009569,CUST000169,2025-09-04 01:43:57.003505,881.79,EUR,DE,ES,web,desktop,0
TXN00009570,CUST000116,2026-01-10 00:26:57.003505,11035.91,EUR,FR,ES,cajero,desktop,0
TXN00009571,CUST000137,2025-07-09 18:11:57.003505,394.5,EUR,FR,IT,app,mobile,0
TXN00009572,CUST000025,2025-04-10 23:48:57.003505,340.59,EUR,ES,ES,app,tablet,0
TXN00009573,CUST000009,2025-09-07 17:34:57.003505,5343.98,EUR,FR,ES,web,desktop,0
TXN00009574,CUST000112,2025-06-13 17:03:57.003505,2487.49,USD,US,US,sucursal,tablet,0
TXN00009575,CUST000004,2025-12-22 03:54:57.003505,6967.03,EUR,DE,CH,cajero,pos,0
TXN00009576,CUST000024,2025-04-16 22:54:57.003505,21192.48,EUR,FR,GB,cajero,pos,0
TXN00009577,CUST000068,2025-08-14 03:28:57.003505,224.17,EUR,ES,GB,cajero,desktop,0
TXN00009578,CUST000037,2025-07-03 19:38:57.003505,251.53,EUR,ES,ES,cajero,atm,0
TXN00009579,CUST000179,2025-11-05 02:01:57.003505,9617.52,EUR,DE,DE,app,desktop,0
TXN00009580,CUST000029,2025-11-19 04:48:57.003505,9721.92,USD,GB,GB,web,desktop,0
TXN00009581,CUST000036,2025-03-21 09:08:57.107482,84621.7,EUR,FR,FR,sucursal,mobile,1
TXN00009582,CUST000118,2025-08-30 18:53:57.003505,2494.62,EUR,DE,US,app,mobile,0
TXN00009583,CUST000125,2025-12-08 05:15:57.003505,5192.42,GBP,US,US,web,tablet,0
TXN00009584,CUST000062,2025-03-06 08:08:57.003505,948.06,EUR,IT,FR,sucursal,mobile,0
TXN00009585,CUST000176,2025-11-11 01:37:57.003505,2630.18,EUR,ES,FR,sucursal,desktop,0
TXN00009586,CUST000087,2025-10-24 20:58:57.003505,2237.04,EUR,ES,FR,app,pos,0
TXN00009587,CUST000048,2025-10-30 21:00:57.003505,3610.85,EUR,FR,FR,cajero,desktop,0
TXN00009588,CUST000068,2025-08-22 19:56:57.003505,450.92,EUR,ES,IT,cajero,tablet,0
TXN00009589,CUST000085,2025-12-16 00:25:57.003505,278.6,EUR,FR,IT,cajero,pos,0
TXN00009590,CUST000142,2026-01-12 22:04:57.003505,18757.77,EUR,DE,GB,cajero,pos,0
TXN00009591,CUST000011,2025-08-21 20:00:57.003505,1110.17,EUR,ES,GB,app,mobile,0
TXN00009592,CUST000034,2025-06-02 02:14:57.003505,60.5,EUR,FR,FR,web,pos,0
TXN00009593,CUST000156,2025-12-06 01:35:57.003505,111.4,EUR,FR,FR,app,pos,0
TXN00009594,CUST000154,2025-03-05 07:11:57.003505,2395.61,EUR,ES,DE,app,atm,0
TXN00009595,CUST000005,2025-03-20 22:46:57.003505,188.98,EUR,GB,IT,app,desktop,0
TXN00009596,CUST000017,2025-11-18 08:58:57.003505,13718.72,EUR,FR,ES,cajero,atm,0
TXN00009597,CUST000071,2025-02-13 20:33:57.003505,6743.93,EUR,FR,ES,cajero,desktop,0
TXN00009598,CUST000147,2025-05-12 21:29:57.003505,1579.89,USD,US,US,web,mobile,0
TXN00009599,CUST000131,2025-12-02 20:47:57.003505,616.25,EUR,DE,IT,app,desktop,0
TXN00009600,CUST000092,2025-08-01 23:17:57.003505,2204.83,EUR,FR,FR,cajero,desktop,0
TXN00009601,CUST000121,2025-10-04 19:22:57.003505,200.6,EUR,ES,ES,app,pos,0
TXN00009602,CUST000189,2025-08-29 01:46:57.003505,5505.06,EUR,DE,FR,app,mobile,0
TXN00009603,CUST000041,2025-02-15 15:08:57.107482,22477.52,EUR,DE,IT,web,pos,1
TXN00009604,CUST000160,2025-08-30 07:15:57.003505,579.26,EUR,DE,DE,cajero,mobile,0
TXN00009605,CUST000012,2025-02-09 18:19:57.003505,4449.28,EUR,IT,ES,app,desktop,0
TXN00009606,CUST000173,2025-08-19 05:24:57.003505,2303.82,EUR,DE,GB,app,pos,0
TXN00009607,CUST000141,2025-01-18 21:03:57.003505,746.65,USD,GB,GB,app,mobile,0
TXN00009608,CUST000169,2025-11-03 21:21:57.003505,2087.56,EUR,DE,IT,sucursal,pos,0
TXN00009609,CUST000015,2025-06-09 07:29:57.107482,20455.3,EUR,FR,YE,cajero,atm,1
TXN00009610,CUST000055,2025-01-29 20:27:57.003505,5138.03,USD,CH,ES,web,desktop,0
TXN00009611,CUST000027,2025-08-13 02:17:57.003505,152.58,EUR,FR,IT,web,atm,0
TXN00009612,CUST000128,2025-11-16 23:26:57.003505,10086.47,EUR,FR,FR,web,mobile,0
TXN00009613,CUST000046,2025-04-11 01:57:57.003505,3306.81,CHF,GB,ES,web,tablet,0
TXN00009614,CUST000030,2025-11-09 13:34:57.107482,56504.46,CHF,GB,PK,app,pos,1
TXN00009615,CUST000022,2025-04-07 23:44:57.003505,2751.22,EUR,IT,DE,app,atm,0
TXN00009616,CUST000047,2026-01-13 00:32:57.003505,18955.18,EUR,ES,DE,web,tablet,0
TXN00009617,CUST000117,2026-01-13 09:26:57.003505,4125.99,EUR,ES,US,web,atm,0
TXN00009618,CUST000182,2025-05-16 19:29:57.003505,9336.06,EUR,FR,IT,sucursal,mobile,0
TXN00009619,CUST000048,2025-10-03 20:54:57.003505,1664.45,EUR,FR,US,app,tablet,0
TXN00009620,CUST000137,2025-10-23 00:11:57.003505,352.5,EUR,FR,ES,sucursal,mobile,0
TXN00009621,CUST000028,2026-01-12 19:49:57.003505,31.56,EUR,ES,IT,cajero,desktop,0
TXN00009622,CUST000170,2025-08-04 02:05:57.003505,21829.0,EUR,US,DE,web,tablet,0
TXN00009623,CUST000037,2025-07-10 07:48:57.003505,135.66,EUR,ES,IT,web,tablet,0
TXN00009624,CUST000080,2025-09-03 05:40:57.003505,76.88,EUR,ES,FR,cajero,mobile,0
TXN00009625,CUST000177,2025-05-08 22:22:57.003505,2387.86,EUR,FR,FR,app,pos,0
TXN00009626,CUST000013,2025-02-08 06:29:57.003505,272.86,USD,GB,ES,cajero,desktop,0
TXN00009627,CUST000144,2025-01-21 06:44:57.003505,2350.42,EUR,DE,IT,app,atm,0
TXN00009628,CUST000031,2025-07-20 02:37:57.003505,6596.12,EUR,ES,FR,web,desktop,0
TXN00009629,CUST000178,2025-09-20 20:54:57.003505,154.7,EUR,ES,IT,web,mobile,0
TXN00009630,CUST000070,2026-01-06 02:37:57.003505,155.68,EUR,ES,ES,cajero,mobile,0
TXN00009631,CUST000156,2025-10-17 07:46:57.003505,152.72,EUR,FR,FR,web,atm,0
TXN00009632,CUST000151,2025-12-12 05:14:57.003505,10649.88,EUR,ES,ES,cajero,atm,0
TXN00009633,CUST000102,2026-01-12 22:54:57.003505,3099.25,EUR,FR,DE,web,pos,0
TXN00009634,CUST000047,2025-03-04 21:59:57.003505,5536.24,EUR,ES,GB,cajero,tablet,0
TXN00009635,CUST000120,2025-02-08 05:04:57.003505,66.32,EUR,IT,ES,app,desktop,0
TXN00009636,CUST000032,2025-12-02 01:50:57.003505,120.76,EUR,FR,FR,web,atm,0
TXN00009637,CUST000151,2025-10-03 03:38:57.003505,3366.36,EUR,ES,GB,cajero,tablet,0
TXN00009638,CUST000014,2025-05-07 23:47:57.003505,109.06,EUR,IT,DE,app,tablet,0
TXN00009639,CUST000004,2025-05-18 02:21:57.003505,3175.95,EUR,DE,CH,web,pos,0
TXN00009640,CUST000122,2025-06-20 21:44:57.003505,966.52,CHF,GB,ES,app,desktop,0
TXN00009641,CUST000082,2026-01-11 21:31:57.003505,5316.46,EUR,ES,GB,app,tablet,0
TXN00009642,CUST000045,2025-07-08 08:57:57.003505,538.26,USD,GB,IT,web,tablet,0
TXN00009643,CUST000019,2025-02-19 05:55:57.003505,6003.74,EUR,DE,FR,cajero,mobile,0
TXN00009644,CUST000029,2025-06-01 23:51:57.003505,5247.37,GBP,GB,FR,cajero,atm,0
TXN00009645,CUST000005,2025-05-28 18:23:57.003505,428.56,EUR,GB,ES,web,pos,0
TXN00009646,CUST000025,2025-08-10 05:29:57.003505,924.71,EUR,ES,DE,web,tablet,0
TXN00009647,CUST000080,2025-09-29 06:19:57.003505,18.24,EUR,ES,FR,sucursal,desktop,0
TXN00009648,CUST000117,2025-03-02 19:53:57.003505,3021.82,EUR,ES,ES,app,atm,0
TXN00009649,CUST000065,2025-03-13 00:46:57.003505,236.09,EUR,DE,FR,app,tablet,0
TXN00009650,CUST000030,2025-11-17 19:45:57.003505,938.0,EUR,GB,ES,app,tablet,0
TXN00009651,CUST000098,2025-06-11 02:43:57.003505,675.16,EUR,IT,IT,app,pos,0
TXN00009652,CUST000040,2025-07-01 22:43:57.003505,73.37,EUR,IT,FR,web,tablet,0
TXN00009653,CUST000012,2025-06-29 19:43:57.003505,4592.09,EUR,IT,GB,cajero,tablet,0
TXN00009654,CUST000155,2025-08-10 20:53:57.003505,1879.42,EUR,IT,GB,app,pos,0
TXN00009655,CUST000124,2025-11-22 01:24:57.003505,930.32,EUR,DE,GB,app,mobile,0
TXN00009656,CUST000088,2025-06-09 01:45:57.003505,341.45,EUR,DE,ES,sucursal,atm,0
TXN00009657,CUST000118,2025-12-11 03:40:57.003505,3504.28,EUR,DE,CH,web,atm,0
TXN00009658,CUST000124,2025-10-23 04:47:57.003505,547.16,EUR,DE,GB,web,mobile,0
TXN00009659,CUST000021,2025-04-06 01:05:57.003505,69.78,EUR,FR,IT,sucursal,mobile,0
TXN00009660,CUST000127,2025-09-22 04:20:57.003505,4751.74,EUR,FR,DE,web,atm,0
TXN00009661,CUST000154,2025-06-10 07:38:57.003505,11991.09,EUR,ES,ES,app,tablet,0
TXN00009662,CUST000019,2025-03-01 00:06:57.003505,5016.9,EUR,DE,GB,web,desktop,0
TXN00009663,CUST000056,2025-09-26 05:57:57.003505,494.01,GBP,GB,GB,app,pos,0
TXN00009664,CUST000039,2025-11-29 21:48:57.003505,5804.75,EUR,DE,US,cajero,mobile,0
TXN00009665,CUST000013,2025-08-09 01:03:57.003505,959.41,CHF,GB,DE,sucursal,atm,0
TXN00009666,CUST000180,2025-09-02 05:38:57.003505,2328.09,USD,GB,ES,app,tablet,0
TXN00009667,CUST000147,2025-01-18 23:02:57.003505,3012.43,USD,US,FR,app,tablet,0
TXN00009668,CUST000181,2025-05-08 19:09:57.003505,747.68,EUR,IT,FR,app,tablet,0
TXN00009669,CUST000068,2025-09-23 06:35:57.003505,756.88,EUR,ES,IT,cajero,mobile,0
TXN00009670,CUST000171,2025-12-11 20:43:57.003505,11829.76,EUR,IT,IT,cajero,desktop,0
TXN00009671,CUST000071,2025-08-27 22:18:57.003505,2137.84,EUR,FR,CH,cajero,tablet,0
TXN00009672,CUST000074,2025-09-18 07:03:57.003505,5391.16,EUR,IT,ES,cajero,desktop,0
TXN00009673,CUST000008,2025-11-04 18:02:57.003505,5108.64,EUR,IT,DE,sucursal,mobile,0
TXN00009674,CUST000070,2025-11-21 19:53:57.003505,48.81,EUR,ES,FR,cajero,pos,0
TXN00009675,CUST000015,2025-09-16 22:45:57.003505,2098.66,EUR,FR,DE,web,mobile,0
TXN00009676,CUST000007,2025-09-20 01:29:57.003505,9681.9,EUR,DE,GB,app,tablet,0
TXN00009677,CUST000100,2025-07-13 23:01:57.003505,1667.9,USD,GB,ES,cajero,atm,0
TXN00009678,CUST000080,2025-11-15 20:34:57.003505,177.88,EUR,ES,IT,web,pos,0
TXN00009679,CUST000005,2025-02-09 03:20:57.003505,885.35,GBP,GB,IT,cajero,pos,0
TXN00009680,CUST000179,2025-05-15 09:21:57.003505,1451.04,EUR,DE,GB,cajero,atm,0
TXN00009681,CUST000115,2025-10-01 01:22:57.003505,837.9,EUR,DE,ES,sucursal,pos,0
TXN00009682,CUST000139,2025-04-24 21:33:57.003505,10083.23,EUR,US,FR,cajero,atm,0
TXN00009683,CUST000062,2025-01-27 05:25:57.003505,156.28,EUR,IT,GB,cajero,tablet,0
TXN00009684,CUST000032,2025-01-31 20:29:57.003505,180.31,EUR,FR,IT,cajero,tablet,0
TXN00009685,CUST000184,2025-05-11 05:54:57.003505,84.17,EUR,FR,FR,web,pos,0
TXN00009686,CUST000172,2025-08-25 21:21:57.003505,1238.0,EUR,FR,DE,web,desktop,0
TXN00009687,CUST000019,2026-01-10 05:45:57.107482,41905.06,EUR,DE,AF,cajero,mobile,1
TXN00009688,CUST000032,2025-02-20 23:07:57.003505,46.76,EUR,FR,IT,web,desktop,0
TXN00009689,CUST000063,2025-09-10 19:59:57.003505,127.17,EUR,FR,ES,cajero,tablet,0
TXN00009690,CUST000075,2025-12-03 17:51:57.003505,11864.09,EUR,FR,DE,app,pos,0
TXN00009691,CUST000050,2025-09-29 20:42:57.003505,3580.6,EUR,FR,FR,app,mobile,0
TXN00009692,CUST000179,2025-12-10 19:04:57.003505,6325.22,EUR,DE,FR,web,atm,0
TXN00009693,CUST000171,2025-09-23 03:50:57.003505,6941.75,EUR,IT,DE,cajero,mobile,0
TXN00009694,CUST000017,2025-12-31 21:29:57.003505,1410.33,EUR,FR,DE,app,tablet,0
TXN00009695,CUST000008,2025-05-05 22:41:57.107482,9982.45,EUR,IT,PK,web,desktop,1
TXN00009696,CUST000074,2025-07-29 01:33:57.003505,9745.88,EUR,IT,US,web,tablet,0
TXN00009697,CUST000029,2025-08-28 19:35:57.003505,7768.03,CHF,GB,FR,web,mobile,0
TXN00009698,CUST000068,2025-03-22 05:17:57.003505,635.65,EUR,ES,FR,sucursal,desktop,0
TXN00009699,CUST000010,2025-03-14 21:01:57.107482,2386.18,EUR,FR,SY,app,mobile,1
TXN00009700,CUST000189,2025-09-15 23:43:57.003505,1098.06,EUR,DE,CH,web,atm,0
TXN00009701,CUST000109,2025-12-15 04:08:57.003505,6090.51,CHF,CH,GB,sucursal,tablet,0
TXN00009702,CUST000097,2025-11-13 17:35:57.003505,512.34,CHF,GB,FR,sucursal,tablet,0
TXN00009703,CUST000125,2025-10-18 01:25:57.003505,1908.47,USD,US,CH,web,atm,0
TXN00009704,CUST000013,2025-06-03 03:02:57.003505,1386.02,CHF,GB,IT,cajero,tablet,0
TXN00009705,CUST000095,2025-07-15 01:07:57.003505,155.16,EUR,IT,ES,sucursal,atm,0
TXN00009706,CUST000129,2025-06-04 18:09:57.003505,7603.95,GBP,US,DE,web,desktop,0
TXN00009707,CUST000181,2025-05-17 03:35:57.003505,206.23,EUR,IT,DE,web,tablet,0
TXN00009708,CUST000040,2025-09-05 02:49:57.003505,314.02,EUR,IT,IT,cajero,desktop,0
TXN00009709,CUST000120,2025-11-11 19:01:57.003505,84.14,EUR,IT,ES,sucursal,atm,0
TXN00009710,CUST000076,2025-05-07 20:14:57.003505,63.77,EUR,ES,FR,cajero,pos,0
TXN00009711,CUST000126,2025-07-18 18:30:57.003505,1273.47,EUR,DE,ES,app,desktop,0
TXN00009712,CUST000030,2025-11-27 20:22:57.003505,2890.97,EUR,GB,GB,sucursal,desktop,0
TXN00009713,CUST000137,2026-01-08 02:41:57.003505,987.25,EUR,FR,GB,cajero,atm,0
TXN00009714,CUST000030,2025-04-13 21:21:57.003505,468.72,EUR,GB,DE,web,pos,0
TXN00009715,CUST000066,2026-01-01 05:47:57.003505,199.83,EUR,DE,DE,app,atm,0
TXN00009716,CUST000098,2025-11-09 22:47:57.003505,2353.35,EUR,IT,GB,web,tablet,0
TXN00009717,CUST000066,2025-04-29 20:19:57.003505,729.19,EUR,DE,FR,cajero,pos,0
TXN00009718,CUST000089,2025-09-26 19:13:57.003505,134.86,EUR,ES,FR,web,mobile,0
TXN00009719,CUST000025,2025-09-23 04:40:57.003505,895.27,EUR,ES,GB,web,mobile,0
TXN00009720,CUST000132,2025-07-04 07:25:57.003505,3632.52,EUR,ES,US,app,pos,0
TXN00009721,CUST000031,2025-02-26 04:12:57.003505,1519.55,EUR,ES,ES,web,desktop,0
TXN00009722,CUST000092,2025-02-27 21:53:57.003505,4628.2,EUR,FR,US,app,pos,0
TXN00009723,CUST000029,2025-08-07 06:46:57.003505,9710.78,EUR,GB,GB,app,atm,0
TXN00009724,CUST000028,2025-08-22 04:16:57.003505,74.77,EUR,ES,IT,web,desktop,0
TXN00009725,CUST000159,2025-08-17 06:44:57.003505,4211.45,EUR,GB,GB,cajero,desktop,0
TXN00009726,CUST000083,2025-08-29 04:58:57.003505,106.56,EUR,ES,FR,sucursal,tablet,0
TXN00009727,CUST000018,2025-08-15 20:00:57.107482,17120.41,EUR,FR,FR,web,pos,1
TXN00009728,CUST000132,2025-02-13 21:55:57.003505,13400.51,EUR,ES,FR,cajero,mobile,0
TXN00009729,CUST000019,2025-11-29 05:21:57.003505,927.24,EUR,DE,CH,app,desktop,0
TXN00009730,CUST000107,2025-07-30 01:08:57.003505,6210.07,EUR,DE,FR,sucursal,desktop,0
TXN00009731,CUST000109,2025-02-16 05:47:57.003505,4607.26,CHF,CH,CH,web,mobile,0
TXN00009732,CUST000017,2025-07-27 10:59:57.107482,32054.7,EUR,FR,FR,app,tablet,1
TXN00009733,CUST000122,2025-10-19 00:02:57.003505,1798.48,GBP,GB,IT,cajero,tablet,0
TXN00009734,CUST000098,2025-09-04 22:15:57.003505,597.11,EUR,IT,DE,app,tablet,0
TXN00009735,CUST000024,2025-12-26 03:40:57.003505,12967.09,EUR,FR,US,web,mobile,0
TXN00009736,CUST000108,2025-08-19 02:46:57.003505,232.1,EUR,ES,ES,app,atm,0
TXN00009737,CUST000019,2025-11-28 21:06:57.003505,7759.33,EUR,DE,DE,sucursal,atm,0
TXN00009738,CUST000136,2025-03-18 23:35:57.003505,197.31,EUR,FR,ES,web,desktop,0
TXN00009739,CUST000117,2025-12-19 08:01:57.003505,2105.97,EUR,ES,DE,web,pos,0
TXN00009740,CUST000019,2025-06-23 22:05:57.003505,10261.74,EUR,DE,CH,web,desktop,0
TXN00009741,CUST000035,2025-01-21 01:19:57.003505,468.06,EUR,DE,IT,app,atm,0
TXN00009742,CUST000038,2025-11-22 18:04:57.003505,723.08,EUR,ES,IT,app,mobile,0
TXN00009743,CUST000105,2025-09-04 19:44:57.003505,2511.73,USD,US,FR,web,desktop,0
TXN00009744,CUST000084,2025-06-27 07:29:57.003505,16.28,EUR,ES,IT,web,tablet,0
TXN00009745,CUST000067,2025-03-19 19:43:57.003505,9991.65,EUR,DE,GB,app,pos,0
TXN00009746,CUST000019,2025-02-26 03:55:57.003505,5591.38,EUR,DE,DE,sucursal,tablet,0
TXN00009747,CUST000000,2025-02-05 13:36:57.107482,62062.92,EUR,DE,CN,cajero,tablet,1
TXN00009748,CUST000084,2025-09-23 21:08:57.003505,141.24,EUR,ES,FR,cajero,mobile,0
TXN00009749,CUST000004,2025-09-05 21:01:57.003505,608.6,EUR,DE,FR,app,mobile,0
TXN00009750,CUST000146,2025-04-19 18:59:57.003505,534.8,EUR,IT,ES,app,pos,0
TXN00009751,CUST000011,2025-02-05 15:48:57.107482,6932.56,EUR,ES,IT,app,desktop,1
TXN00009752,CUST000084,2025-02-14 00:48:57.003505,292.99,EUR,ES,IT,web,tablet,0
TXN00009753,CUST000106,2025-09-21 22:17:57.003505,249.4,EUR,FR,IT,web,atm,0
TXN00009754,CUST000064,2025-05-14 08:04:57.003505,1594.96,EUR,ES,IT,sucursal,pos,0
TXN00009755,CUST000119,2025-06-11 19:32:57.003505,9810.99,GBP,US,DE,app,desktop,0
TXN00009756,CUST000185,2025-02-02 20:07:57.003505,699.11,GBP,GB,IT,sucursal,atm,0
TXN00009757,CUST000048,2025-09-05 01:59:57.003505,1302.6,EUR,FR,US,sucursal,desktop,0
TXN00009758,CUST000034,2025-08-23 20:38:57.003505,14.83,EUR,FR,FR,web,desktop,0
TXN00009759,CUST000128,2025-12-16 09:33:57.003505,2339.97,EUR,FR,IT,app,desktop,0
TXN00009760,CUST000017,2025-12-10 03:16:57.003505,1393.61,EUR,FR,US,sucursal,pos,0
TXN00009761,CUST000161,2025-11-05 19:52:57.003505,51.14,EUR,ES,IT,cajero,mobile,0
TXN00009762,CUST000165,2025-07-09 04:28:57.003505,716.6,EUR,FR,ES,sucursal,mobile,0
TXN00009763,CUST000014,2025-04-23 20:50:57.003505,1362.2,EUR,IT,FR,cajero,tablet,0
TXN00009764,CUST000107,2025-05-07 22:55:57.003505,18111.77,EUR,DE,US,app,desktop,0
TXN00009765,CUST000156,2025-11-30 21:37:57.003505,66.52,EUR,FR,FR,sucursal,mobile,0
TXN00009766,CUST000088,2025-10-28 07:33:57.003505,2582.86,EUR,DE,DE,web,atm,0
TXN00009767,CUST000015,2025-11-24 23:41:57.003505,4792.65,EUR,FR,GB,cajero,pos,0
TXN00009768,CUST000035,2025-05-31 15:42:57.107482,89843.04,EUR,DE,IR,web,desktop,1
TXN00009769,CUST000010,2025-09-16 03:18:57.003505,1973.82,EUR,FR,ES,web,tablet,0
TXN00009770,CUST000037,2025-04-03 00:22:57.003505,151.27,EUR,ES,IT,sucursal,desktop,0
TXN00009771,CUST000017,2025-03-05 19:25:57.003505,2116.79,EUR,FR,FR,sucursal,pos,0
TXN00009772,CUST000046,2025-08-21 20:40:57.003505,6248.93,EUR,GB,DE,cajero,mobile,0
TXN00009773,CUST000172,2025-03-27 02:53:57.003505,2891.9,EUR,FR,ES,sucursal,tablet,0
TXN00009774,CUST000098,2025-09-07 01:17:57.003505,1504.39,EUR,IT,ES,sucursal,desktop,0
TXN00009775,CUST000068,2025-11-16 01:07:57.003505,472.11,EUR,ES,IT,sucursal,atm,0
TXN00009776,CUST000024,2025-08-19 19:54:57.003505,4835.01,EUR,FR,US,app,tablet,0
TXN00009777,CUST000107,2025-08-21 22:45:57.003505,12574.3,EUR,DE,ES,cajero,tablet,0
TXN00009778,CUST000082,2025-09-07 21:33:57.003505,1643.4,EUR,ES,FR,web,atm,0
TXN00009779,CUST000011,2025-11-07 23:35:57.003505,2741.57,EUR,ES,ES,web,pos,0
TXN00009780,CUST000094,2025-11-06 19:25:57.003505,3191.65,EUR,GB,CH,web,atm,0
TXN00009781,CUST000098,2025-04-16 00:47:57.003505,1998.08,EUR,IT,ES,cajero,pos,0
TXN00009782,CUST000087,2025-11-09 07:00:57.003505,766.43,EUR,ES,FR,sucursal,pos,0
TXN00009783,CUST000023,2025-02-05 20:03:57.003505,2526.83,EUR,FR,DE,web,mobile,0
TXN00009784,CUST000058,2025-11-08 20:57:57.003505,1030.04,EUR,FR,DE,app,atm,0
TXN00009785,CUST000078,2025-10-17 02:56:57.003505,7699.63,EUR,DE,DE,sucursal,desktop,0
TXN00009786,CUST000184,2025-07-31 03:57:57.003505,136.84,EUR,FR,ES,sucursal,pos,0
TXN00009787,CUST000049,2025-11-21 21:39:57.003505,728.97,EUR,ES,GB,app,desktop,0
TXN00009788,CUST000023,2025-10-02 21:22:57.107482,31023.13,EUR,FR,AF,web,desktop,1
TXN00009789,CUST000141,2025-03-15 19:00:57.003505,617.07,EUR,GB,IT,app,desktop,0
TXN00009790,CUST000178,2025-07-26 00:21:57.003505,12.77,EUR,ES,ES,app,desktop,0
TXN00009791,CUST000082,2025-10-26 23:33:57.003505,16851.35,EUR,ES,US,sucursal,atm,0
TXN00009792,CUST000079,2025-02-10 00:09:57.003505,2989.73,EUR,FR,ES,sucursal,desktop,0
TXN00009793,CUST000135,2025-03-13 22:54:57.003505,2207.1,EUR,ES,IT,web,tablet,0
TXN00009794,CUST000112,2025-01-19 22:51:57.003505,4253.52,GBP,US,FR,sucursal,tablet,0
TXN00009795,CUST000068,2025-06-03 18:47:57.003505,349.58,EUR,ES,GB,sucursal,tablet,0
TXN00009796,CUST000034,2025-07-21 07:22:57.003505,61.05,EUR,FR,IT,sucursal,tablet,0
TXN00009797,CUST000029,2025-02-08 23:06:57.003505,3103.5,GBP,GB,US,app,pos,0
TXN00009798,CUST000144,2025-02-07 07:14:57.003505,1305.39,EUR,DE,IT,sucursal,pos,0
TXN00009799,CUST000122,2025-09-27 18:03:57.003505,1707.94,USD,GB,GB,sucursal,pos,0
TXN00009800,CUST000040,2025-06-25 06:13:57.003505,385.77,EUR,IT,ES,sucursal,pos,0
TXN00009801,CUST000125,2025-07-21 04:24:57.003505,3108.14,EUR,US,DE,cajero,desktop,0
TXN00009802,CUST000168,2025-11-27 05:17:57.003505,2420.63,EUR,IT,DE,app,desktop,0
TXN00009803,CUST000079,2025-06-14 03:58:57.003505,6069.66,EUR,FR,ES,sucursal,mobile,0
TXN00009804,CUST000104,2026-01-14 22:06:57.003505,308.89,EUR,ES,GB,sucursal,tablet,0
TXN00009805,CUST000069,2025-07-30 00:52:57.003505,133.9,EUR,FR,IT,sucursal,tablet,0
TXN00009806,CUST000150,2025-07-10 02:41:57.003505,3299.14,EUR,ES,DE,sucursal,tablet,0
TXN00009807,CUST000106,2025-07-22 19:27:57.003505,197.57,EUR,FR,ES,cajero,atm,0
TXN00009808,CUST000174,2025-08-04 19:24:57.003505,211.94,EUR,IT,DE,cajero,mobile,0
TXN00009809,CUST000176,2025-03-04 20:32:57.003505,1892.94,EUR,ES,FR,web,tablet,0
TXN00009810,CUST000126,2025-12-27 00:13:57.003505,467.59,EUR,DE,GB,sucursal,tablet,0
TXN00009811,CUST000009,2025-04-10 01:36:57.003505,4537.83,EUR,FR,ES,sucursal,mobile,0
TXN00009812,CUST000122,2025-07-16 23:23:57.003505,933.07,GBP,GB,FR,sucursal,pos,0
TXN00009813,CUST000040,2025-06-07 03:15:57.003505,150.41,EUR,IT,ES,sucursal,pos,0
TXN00009814,CUST000118,2025-06-15 05:07:57.003505,3227.57,EUR,DE,DE,app,mobile,0
TXN00009815,CUST000046,2025-06-27 04:32:57.003505,11300.81,EUR,GB,FR,web,mobile,0
TXN00009816,CUST000136,2025-08-29 01:30:57.003505,18.32,EUR,FR,IT,sucursal,pos,0
TXN00009817,CUST000046,2025-03-28 05:06:57.107482,17546.47,USD,GB,YE,sucursal,desktop,1
TXN00009818,CUST000042,2025-10-13 23:55:57.003505,1696.17,EUR,ES,FR,app,pos,0
TXN00009819,CUST000054,2025-04-29 18:22:57.003505,968.36,EUR,GB,GB,sucursal,tablet,0
TXN00009820,CUST000181,2025-06-24 19:03:57.003505,223.36,EUR,IT,FR,sucursal,tablet,0
TXN00009821,CUST000069,2026-01-01 19:03:57.003505,478.18,EUR,FR,IT,cajero,pos,0
TXN00009822,CUST000187,2025-12-28 04:45:57.003505,4236.09,GBP,GB,FR,web,desktop,0
TXN00009823,CUST000006,2025-01-18 19:04:57.003505,35.52,EUR,FR,IT,web,desktop,0
TXN00009824,CUST000015,2025-10-08 21:06:57.003505,11647.87,EUR,FR,US,cajero,pos,0
TXN00009825,CUST000014,2025-08-10 08:33:57.003505,2308.47,EUR,IT,DE,sucursal,tablet,0
TXN00009826,CUST000163,2025-06-07 23:55:57.003505,369.25,EUR,ES,ES,sucursal,desktop,0
TXN00009827,CUST000122,2025-04-22 22:41:57.003505,753.8,USD,GB,DE,cajero,tablet,0
TXN00009828,CUST000175,2025-09-10 23:27:57.003505,13587.64,CHF,CH,US,web,pos,0
TXN00009829,CUST000009,2025-08-15 22:54:57.003505,6641.39,EUR,FR,FR,sucursal,atm,0
TXN00009830,CUST000159,2025-06-24 21:00:57.003505,4899.32,CHF,GB,ES,sucursal,atm,0
TXN00009831,CUST000159,2025-12-24 09:03:57.003505,1874.27,EUR,GB,ES,app,mobile,0
TXN00009832,CUST000072,2025-06-06 03:21:57.003505,5116.92,GBP,GB,IT,cajero,tablet,0
TXN00009833,CUST000104,2025-04-28 00:54:57.003505,1107.33,EUR,ES,ES,app,pos,0
TXN00009834,CUST000158,2025-08-13 03:02:57.003505,170.04,USD,GB,DE,app,pos,0
TXN00009835,CUST000177,2025-08-12 03:31:57.003505,507.58,EUR,FR,FR,app,tablet,0
TXN00009836,CUST000155,2025-11-09 03:46:57.003505,1705.73,EUR,IT,ES,cajero,tablet,0
TXN00009837,CUST000059,2025-05-28 04:59:57.003505,192.21,EUR,FR,FR,sucursal,mobile,0
TXN00009838,CUST000070,2025-01-25 22:17:57.003505,12.75,EUR,ES,FR,web,pos,0
TXN00009839,CUST000130,2025-04-05 02:30:57.003505,7010.6,EUR,IT,GB,cajero,mobile,0
TXN00009840,CUST000082,2026-01-13 21:28:57.003505,4333.15,EUR,ES,CH,cajero,atm,0
TXN00009841,CUST000050,2025-04-29 21:57:57.003505,5090.27,EUR,FR,FR,sucursal,mobile,0
TXN00009842,CUST000038,2025-09-21 23:37:57.003505,488.01,EUR,ES,IT,sucursal,atm,0
TXN00009843,CUST000058,2025-04-29 09:15:57.003505,4788.69,EUR,FR,GB,web,desktop,0
TXN00009844,CUST000058,2025-06-06 22:45:57.003505,9653.93,EUR,FR,GB,cajero,mobile,0
TXN00009845,CUST000005,2025-12-09 03:48:57.003505,763.33,GBP,GB,DE,sucursal,tablet,0
TXN00009846,CUST000179,2025-02-19 09:30:57.003505,5005.04,EUR,DE,US,sucursal,tablet,0
TXN00009847,CUST000185,2025-07-17 20:33:57.003505,107.93,USD,GB,GB,cajero,pos,0
TXN00009848,CUST000027,2025-08-06 19:45:57.003505,104.85,EUR,FR,IT,cajero,mobile,0
TXN00009849,CUST000056,2025-09-08 01:27:57.003505,1158.4,CHF,GB,ES,app,pos,0
TXN00009850,CUST000024,2025-12-17 17:05:57.107482,26684.18,EUR,FR,AF,cajero,mobile,1
TXN00009851,CUST000174,2025-09-05 04:31:57.003505,317.54,EUR,IT,FR,sucursal,pos,0
TXN00009852,CUST000179,2025-01-19 03:03:57.003505,3033.48,EUR,DE,FR,web,mobile,0
TXN00009853,CUST000015,2025-10-23 13:11:57.107482,79145.66,EUR,FR,YE,sucursal,desktop,1
TXN00009854,CUST000053,2025-10-07 08:15:57.003505,2187.42,EUR,FR,US,web,pos,0
TXN00009855,CUST000115,2025-05-05 17:52:57.003505,7019.88,EUR,DE,ES,sucursal,mobile,0
TXN00009856,CUST000021,2025-05-31 22:25:57.107482,42234.49,EUR,FR,ES,web,desktop,1
TXN00009857,CUST000149,2025-08-03 19:26:57.003505,5074.73,EUR,ES,US,sucursal,atm,0
TXN00009858,CUST000027,2025-10-07 01:28:57.003505,146.39,EUR,FR,ES,web,pos,0
TXN00009859,CUST000031,2025-06-13 18:01:57.003505,11549.3,EUR,ES,DE,web,pos,0
TXN00009860,CUST000162,2025-07-01 05:44:57.003505,836.29,USD,CH,US,sucursal,atm,0
TXN00009861,CUST000189,2025-10-24 22:41:57.003505,1480.25,EUR,DE,US,sucursal,atm,0
TXN00009862,CUST000047,2025-10-24 19:28:57.003505,17859.66,EUR,ES,CH,sucursal,mobile,0
TXN00009863,CUST000113,2025-09-14 23:25:57.003505,789.43,USD,CH,US,web,pos,0
TXN00009864,CUST000177,2025-11-27 00:53:57.003505,200.77,EUR,FR,IT,web,pos,0
TXN00009865,CUST000009,2025-04-06 04:58:57.003505,23559.94,EUR,FR,CH,web,pos,0
TXN00009866,CUST000129,2026-01-02 18:34:57.003505,6534.17,EUR,US,IT,web,tablet,0
TXN00009867,CUST000107,2025-02-06 01:34:57.003505,19983.67,EUR,DE,ES,web,tablet,0
TXN00009868,CUST000088,2025-12-17 04:42:57.003505,389.16,EUR,DE,GB,app,pos,0
TXN00009869,CUST000022,2025-12-14 00:57:57.003505,2625.2,EUR,IT,ES,web,desktop,0
TXN00009870,CUST000048,2025-01-30 07:53:57.003505,4470.2,EUR,FR,FR,web,pos,0
TXN00009871,CUST000012,2025-08-15 09:36:57.003505,1406.05,EUR,IT,FR,cajero,desktop,0
TXN00009872,CUST000102,2025-10-23 23:12:57.003505,1717.19,EUR,FR,CH,cajero,tablet,0
TXN00009873,CUST000116,2025-07-02 18:03:57.003505,2131.14,EUR,FR,US,sucursal,tablet,0
TXN00009874,CUST000116,2025-11-10 18:53:57.003505,4108.63,EUR,FR,IT,app,atm,0
TXN00009875,CUST000113,2025-05-03 00:35:57.003505,6779.52,USD,CH,CH,sucursal,tablet,0
TXN00009876,CUST000012,2025-09-07 22:08:57.003505,9181.74,EUR,IT,IT,sucursal,mobile,0
TXN00009877,CUST000037,2025-09-26 20:41:57.003505,335.26,EUR,ES,IT,app,desktop,0
TXN00009878,CUST000067,2025-09-25 21:56:57.003505,2937.95,EUR,DE,US,cajero,pos,0
TXN00009879,CUST000167,2025-05-23 09:28:57.003505,11195.86,CHF,US,GB,web,desktop,0
TXN00009880,CUST000084,2025-06-22 04:51:57.003505,154.05,EUR,ES,IT,web,pos,0
TXN00009881,CUST000088,2025-06-26 21:05:57.003505,929.72,EUR,DE,IT,app,pos,0
TXN00009882,CUST000119,2025-07-05 02:46:57.003505,1467.04,USD,US,GB,web,atm,0
TXN00009883,CUST000188,2025-07-02 06:28:57.003505,2814.92,EUR,IT,GB,web,tablet,0
TXN00009884,CUST000002,2025-12-09 22:37:57.003505,116.82,EUR,ES,ES,web,tablet,0
TXN00009885,CUST000046,2026-01-01 19:22:57.003505,4254.42,EUR,GB,US,app,atm,0
TXN00009886,CUST000039,2025-08-30 20:01:57.003505,8682.12,EUR,DE,CH,cajero,tablet,0
TXN00009887,CUST000075,2025-02-04 03:16:57.003505,3261.75,EUR,FR,CH,sucursal,tablet,0
TXN00009888,CUST000110,2025-10-17 00:04:57.003505,36.92,EUR,ES,FR,cajero,mobile,0
TXN00009889,CUST000028,2025-11-06 21:24:57.003505,114.68,EUR,ES,ES,web,desktop,0
TXN00009890,CUST000123,2025-10-20 08:33:57.003505,419.98,EUR,FR,ES,cajero,pos,0
TXN00009891,CUST000004,2025-09-18 00:22:57.107482,38244.21,EUR,DE,IR,app,atm,1
TXN00009892,CUST000099,2025-07-08 22:40:57.003505,491.1,EUR,IT,ES,app,pos,0
TXN00009893,CUST000103,2025-08-07 02:31:57.003505,5325.93,EUR,ES,FR,app,tablet,0
TXN00009894,CUST000102,2025-06-27 04:20:57.003505,3884.66,EUR,FR,GB,cajero,atm,0
TXN00009895,CUST000080,2025-12-08 01:26:57.003505,124.06,EUR,ES,FR,sucursal,tablet,0
TXN00009896,CUST000159,2025-09-07 19:14:57.003505,5291.16,USD,GB,IT,app,pos,0
TXN00009897,CUST000032,2025-03-18 22:54:57.003505,341.12,EUR,FR,ES,app,pos,0
TXN00009898,CUST000146,2025-06-02 23:37:57.003505,2350.73,EUR,IT,IT,cajero,atm,0
TXN00009899,CUST000124,2025-10-04 18:47:57.003505,1863.61,EUR,DE,ES,app,mobile,0
TXN00009900,CUST000074,2025-06-28 20:41:57.003505,4909.85,EUR,IT,GB,app,pos,0
TXN00009901,CUST000133,2025-04-01 22:40:57.003505,27.04,EUR,IT,IT,sucursal,atm,0
TXN00009902,CUST000028,2025-06-23 01:20:57.003505,107.98,EUR,ES,ES,sucursal,desktop,0
TXN00009903,CUST000058,2025-03-19 04:08:57.003505,1482.4,EUR,FR,ES,sucursal,mobile,0
TXN00009904,CUST000084,2025-06-02 02:58:57.003505,17.25,EUR,ES,FR,web,tablet,0
TXN00009905,CUST000098,2025-07-24 05:16:57.003505,266.45,EUR,IT,DE,sucursal,pos,0
TXN00009906,CUST000078,2025-03-26 18:52:57.003505,2411.74,EUR,DE,CH,sucursal,desktop,0
TXN00009907,CUST000123,2025-01-17 19:07:57.003505,1925.5,EUR,FR,DE,app,atm,0
TXN00009908,CUST000034,2025-05-19 15:20:57.107482,987.44,EUR,FR,ES,web,desktop,1
TXN00009909,CUST000050,2025-04-19 08:17:57.003505,2735.73,EUR,FR,DE,sucursal,pos,0
TXN00009910,CUST000171,2025-07-27 05:08:57.003505,2964.46,EUR,IT,FR,app,atm,0
TXN00009911,CUST000064,2025-11-02 21:23:57.003505,183.52,EUR,ES,IT,sucursal,tablet,0
TXN00009912,CUST000119,2025-04-03 09:48:57.003505,4066.8,GBP,US,IT,sucursal,mobile,0
TXN00009913,CUST000014,2025-11-12 01:02:57.003505,292.06,EUR,IT,DE,sucursal,tablet,0
TXN00009914,CUST000136,2025-12-13 03:22:57.003505,64.47,EUR,FR,ES,sucursal,atm,0
TXN00009915,CUST000049,2025-12-27 08:58:57.003505,642.17,EUR,ES,GB,web,desktop,0
TXN00009916,CUST000105,2025-06-14 21:10:57.003505,9856.99,CHF,US,ES,sucursal,pos,0
TXN00009917,CUST000162,2026-01-05 20:17:57.003505,14979.04,EUR,CH,ES,web,atm,0
TXN00009918,CUST000002,2025-07-28 00:49:57.003505,79.44,EUR,ES,FR,cajero,tablet,0
TXN00009919,CUST000169,2025-02-15 18:57:57.003505,700.63,EUR,DE,GB,cajero,desktop,0
TXN00009920,CUST000039,2025-07-30 17:51:57.003505,681.03,EUR,DE,US,cajero,pos,0
TXN00009921,CUST000110,2025-08-13 19:56:57.003505,150.75,EUR,ES,FR,app,atm,0
TXN00009922,CUST000153,2025-01-25 02:21:57.003505,733.21,EUR,ES,GB,web,tablet,0
TXN00009923,CUST000187,2025-11-15 04:33:57.003505,4072.53,USD,GB,FR,web,pos,0
TXN00009924,CUST000101,2025-09-08 02:45:57.003505,35.25,EUR,FR,FR,sucursal,tablet,0
TXN00009925,CUST000131,2025-03-22 19:54:57.003505,832.28,EUR,DE,GB,app,pos,0
TXN00009926,CUST000098,2025-07-06 21:32:57.003505,168.44,EUR,IT,GB,app,pos,0
TXN00009927,CUST000183,2025-10-12 19:37:57.003505,154.93,EUR,IT,IT,web,tablet,0
TXN00009928,CUST000022,2025-04-29 18:09:57.003505,2975.66,EUR,IT,GB,web,mobile,0
TXN00009929,CUST000102,2025-05-08 22:55:57.003505,6069.6,EUR,FR,FR,sucursal,mobile,0
TXN00009930,CUST000118,2025-05-31 04:10:57.003505,5988.21,EUR,DE,DE,sucursal,desktop,0
TXN00009931,CUST000164,2025-08-02 21:45:57.003505,3772.17,CHF,US,DE,web,pos,0
TXN00009932,CUST000162,2025-03-27 21:01:57.003505,6030.92,USD,CH,GB,app,tablet,0
TXN00009933,CUST000058,2025-12-05 21:37:57.003505,3439.97,EUR,FR,US,sucursal,tablet,0
TXN00009934,CUST000147,2025-09-27 18:52:57.003505,7339.0,GBP,US,US,cajero,mobile,0
TXN00009935,CUST000077,2025-06-09 22:27:57.003505,11945.46,EUR,CH,FR,app,desktop,0
TXN00009936,CUST000095,2025-02-26 23:49:57.003505,365.54,EUR,IT,ES,cajero,atm,0
TXN00009937,CUST000037,2025-07-25 02:25:57.003505,230.88,EUR,ES,FR,sucursal,pos,0
TXN00009938,CUST000001,2026-01-08 07:08:57.003505,2181.33,EUR,FR,FR,sucursal,tablet,0
TXN00009939,CUST000022,2025-02-07 14:54:57.107482,54590.22,EUR,IT,CN,cajero,desktop,1
TXN00009940,CUST000148,2025-03-15 04:45:57.003505,2386.83,EUR,ES,DE,web,tablet,0
TXN00009941,CUST000071,2025-11-08 19:45:57.003505,7247.79,EUR,FR,FR,sucursal,desktop,0
TXN00009942,CUST000054,2025-08-08 18:42:57.003505,381.33,EUR,GB,DE,sucursal,mobile,0
TXN00009943,CUST000141,2025-06-09 20:01:57.003505,252.24,GBP,GB,GB,sucursal,tablet,0
TXN00009944,CUST000037,2025-11-03 19:41:57.003505,299.05,EUR,ES,FR,cajero,desktop,0
TXN00009945,CUST000085,2025-04-18 06:39:57.003505,1149.96,EUR,FR,DE,cajero,tablet,0
TXN00009946,CUST000152,2025-03-28 00:10:57.003505,2454.35,USD,GB,IT,app,atm,0
TXN00009947,CUST000084,2025-06-04 20:33:57.003505,103.24,EUR,ES,IT,app,atm,0
TXN00009948,CUST000083,2025-11-05 03:13:57.003505,24.22,EUR,ES,ES,web,tablet,0
TXN00009949,CUST000092,2025-12-03 02:44:57.003505,3375.41,EUR,FR,IT,web,tablet,0
TXN00009950,CUST000037,2025-03-29 05:09:57.107482,870.27,EUR,ES,AF,web,mobile,1
TXN00009951,CUST000101,2025-12-14 06:59:57.003505,386.58,EUR,FR,IT,cajero,tablet,0
TXN00009952,CUST000081,2025-11-10 02:44:57.003505,4385.93,CHF,CH,ES,web,pos,0
TXN00009953,CUST000042,2025-05-01 21:14:57.003505,2755.15,EUR,ES,DE,cajero,pos,0
TXN00009954,CUST000021,2025-01-23 02:49:57.107482,311.17,EUR,FR,KP,cajero,tablet,1
TXN00009955,CUST000185,2025-09-04 18:07:57.003505,738.77,GBP,GB,GB,app,mobile,0
TXN00009956,CUST000135,2025-05-30 01:45:57.003505,871.9,EUR,ES,DE,app,atm,0
TXN00009957,CUST000189,2025-05-27 22:53:57.003505,8134.05,EUR,DE,CH,web,pos,0
TXN00009958,CUST000008,2025-10-19 01:12:57.003505,4959.11,EUR,IT,FR,sucursal,desktop,0
TXN00009959,CUST000116,2025-02-01 23:57:57.003505,10860.64,EUR,FR,ES,cajero,mobile,0
TXN00009960,CUST000010,2025-12-10 06:16:57.003505,640.72,EUR,FR,IT,sucursal,atm,0
TXN00009961,CUST000051,2025-03-14 01:00:57.003505,2337.13,EUR,DE,IT,web,atm,0
TXN00009962,CUST000017,2025-06-17 20:54:57.003505,3981.02,EUR,FR,DE,sucursal,tablet,0
TXN00009963,CUST000135,2025-01-30 00:44:57.003505,488.57,EUR,ES,FR,web,mobile,0
TXN00009964,CUST000172,2025-08-06 06:51:57.003505,236.06,EUR,FR,FR,app,pos,0
TXN00009965,CUST000029,2025-05-18 02:05:57.003505,1149.89,EUR,GB,GB,cajero,mobile,0
TXN00009966,CUST000180,2025-05-17 23:56:57.003505,322.05,GBP,GB,DE,cajero,atm,0
TXN00009967,CUST000135,2025-06-18 05:27:57.003505,533.51,EUR,ES,ES,web,tablet,0
TXN00009968,CUST000072,2025-08-18 01:42:57.003505,3730.44,EUR,GB,IT,app,desktop,0
TXN00009969,CUST000077,2025-08-11 17:42:57.003505,6093.25,EUR,CH,GB,app,atm,0
TXN00009970,CUST000043,2025-04-14 00:36:57.003505,19963.5,USD,CH,US,cajero,mobile,0
TXN00009971,CUST000042,2025-07-12 01:34:57.003505,4925.9,EUR,ES,DE,web,tablet,0
TXN00009972,CUST000091,2025-11-30 02:52:57.003505,4236.3,EUR,GB,CH,web,pos,0
TXN00009973,CUST000183,2025-03-15 23:59:57.003505,61.3,EUR,IT,IT,app,atm,0
TXN00009974,CUST000045,2025-08-03 01:31:57.003505,573.25,USD,GB,FR,web,pos,0
TXN00009975,CUST000015,2025-09-05 18:07:57.003505,2169.97,EUR,FR,DE,app,desktop,0
TXN00009976,CUST000005,2025-10-29 02:08:57.003505,469.59,CHF,GB,ES,cajero,desktop,0
TXN00009977,CUST000090,2025-01-28 01:27:57.003505,4848.72,EUR,GB,FR,cajero,mobile,0
TXN00009978,CUST000130,2025-01-18 20:31:57.003505,5152.5,EUR,IT,US,app,pos,0
TXN00009979,CUST000019,2025-01-20 00:07:57.003505,16081.88,EUR,DE,DE,web,desktop,0
TXN00009980,CUST000164,2025-12-24 09:01:57.003505,8058.54,CHF,US,DE,sucursal,atm,0
TXN00009981,CUST000126,2025-05-22 06:41:57.003505,2769.43,EUR,DE,GB,web,desktop,0
TXN00009982,CUST000061,2025-10-30 19:51:57.003505,5101.99,EUR,IT,IT,web,desktop,0
TXN00009983,CUST000113,2025-05-01 03:24:57.003505,4105.42,USD,CH,GB,sucursal,mobile,0
TXN00009984,CUST000121,2025-09-21 06:19:57.003505,102.11,EUR,ES,ES,cajero,atm,0
TXN00009985,CUST000126,2025-07-25 22:05:57.003505,904.77,EUR,DE,DE,sucursal,pos,0
TXN00009986,CUST000044,2025-05-26 00:16:57.003505,528.24,EUR,ES,FR,sucursal,mobile,0
TXN00009987,CUST000067,2025-06-04 19:55:57.003505,6356.15,EUR,DE,DE,sucursal,tablet,0
TXN00009988,CUST000035,2025-05-01 20:20:57.003505,1837.01,EUR,DE,IT,cajero,desktop,0
TXN00009989,CUST000010,2025-09-07 04:43:57.003505,965.73,EUR,FR,ES,cajero,pos,0
TXN00009990,CUST000177,2025-06-30 08:02:57.003505,862.98,EUR,FR,DE,web,mobile,0
TXN00009991,CUST000044,2025-08-11 19:04:57.003505,445.85,EUR,ES,FR,app,pos,0
TXN00009992,CUST000035,2025-04-10 06:05:57.003505,526.05,EUR,DE,DE,app,tablet,0
TXN00009993,CUST000092,2025-10-30 09:53:57.003505,4991.29,EUR,FR,US,web,desktop,0
TXN00009994,CUST000025,2025-10-27 06:14:57.003505,571.52,EUR,ES,IT,cajero,tablet,0
TXN00009995,CUST000127,2025-03-28 00:26:57.003505,3531.36,EUR,FR,GB,app,tablet,0
TXN00009996,CUST000079,2025-01-21 17:03:57.003505,540.85,EUR,FR,DE,web,desktop,0
TXN00009997,CUST000013,2025-08-30 18:02:57.003505,421.83,GBP,GB,GB,web,atm,0
TXN00009998,CUST000043,2025-12-21 02:38:57.003505,17926.5,EUR,CH,FR,app,atm,0
TXN00009999,CUST000161,2025-07-05 05:06:57.003505,320.39,EUR,ES,FR,cajero,mobile,0
